f-chi-0-all,f-chi-1-all,f-chi-2-all,f-chi-3-all,f-Z-0-all,f-Z-1-all,f-Z-2-all,f-Z-3-all,f-I-0-all,f-I-1-all,f-I-2-all,f-I-3-all,f-T-0-all,f-T-1-all,f-T-2-all,f-T-3-all,f-S-0-all,f-S-1-all,f-S-2-all,f-S-3-all,mc-chi-0-all,mc-chi-1-all,mc-chi-2-all,mc-chi-3-all,mc-Z-0-all,mc-Z-1-all,mc-Z-2-all,mc-Z-3-all,mc-I-0-all,mc-I-1-all,mc-I-2-all,mc-I-3-all,mc-T-0-all,mc-T-1-all,mc-T-2-all,mc-T-3-all,mc-S-0-all,mc-S-1-all,mc-S-2-all,mc-S-3-all,D_mc-chi-0-all,D_mc-chi-1-all,D_mc-chi-2-all,D_mc-chi-3-all,D_mc-Z-0-all,D_mc-Z-1-all,D_mc-Z-2-all,D_mc-Z-3-all,D_mc-I-0-all,D_mc-I-1-all,D_mc-I-2-all,D_mc-I-3-all,D_mc-T-0-all,D_mc-T-1-all,D_mc-T-2-all,D_mc-T-3-all,D_mc-S-0-all,D_mc-S-1-all,D_mc-S-2-all,D_mc-S-3-all,name
401.1435999999998,682.4959999999998,2361.3695999999986,2782.2719999999995,18482.0,31008.0,38784.0,39872.0,44.0,108.0,240.0,348.0,360.0,1048.0,1632.0,1920.0,32.66840000000002,97.14840000000001,169.7951999999999,223.52600000000007,1.4399999999999997,28.896000000000008,20.4,45.19199999999999,4096.0,3584.0,4384.0,5632.0,1.0,7.0,7.0,12.5,49.0,105.0,154.0,217.0,2.8560999999999996,8.6359,9.548499999999997,15.826849999999999,0.0,-15.680000000000003,-8.6,-22.660000000000004,0.0,392.0,379.5,712.0,0.0,0.0,0.0,0.0,0.0,34.0,27.0,56.5,0.0,6.72,6.18,11.76,FULQOT_clean_primitive
401.1435999999998,682.4959999999996,2361.3695999999986,2782.272,18482.0,31008.0,38784.0,39872.0,44.0,108.0,240.0,348.0,360.0,1048.0,1632.0,1920.0,32.66840000000002,97.14840000000001,169.7951999999999,223.52600000000018,1.4399999999999997,28.896000000000008,20.4,45.19199999999999,4096.0,3584.0,4384.0,5632.0,1.0,7.0,7.0,12.5,49.0,105.0,154.0,217.0,2.8560999999999996,8.6359,9.548499999999997,15.826849999999999,0.0,-15.680000000000003,-8.6,-22.660000000000004,0.0,392.0,379.5,712.0,0.0,0.0,0.0,0.0,0.0,34.0,27.0,56.5,0.0,6.72,6.18,11.76,FULQOT_clean_primitive
