f-chi-0-all,f-chi-1-all,f-chi-2-all,f-chi-3-all,f-Z-0-all,f-Z-1-all,f-Z-2-all,f-Z-3-all,f-I-0-all,f-I-1-all,f-I-2-all,f-I-3-all,f-T-0-all,f-T-1-all,f-T-2-all,f-T-3-all,f-S-0-all,f-S-1-all,f-S-2-all,f-S-3-all,mc-chi-0-all,mc-chi-1-all,mc-chi-2-all,mc-chi-3-all,mc-Z-0-all,mc-Z-1-all,mc-Z-2-all,mc-Z-3-all,mc-I-0-all,mc-I-1-all,mc-I-2-all,mc-I-3-all,mc-T-0-all,mc-T-1-all,mc-T-2-all,mc-T-3-all,mc-S-0-all,mc-S-1-all,mc-S-2-all,mc-S-3-all,D_mc-chi-0-all,D_mc-chi-1-all,D_mc-chi-2-all,D_mc-chi-3-all,D_mc-Z-0-all,D_mc-Z-1-all,D_mc-Z-2-all,D_mc-Z-3-all,D_mc-I-0-all,D_mc-I-1-all,D_mc-I-2-all,D_mc-I-3-all,D_mc-T-0-all,D_mc-T-1-all,D_mc-T-2-all,D_mc-T-3-all,D_mc-S-0-all,D_mc-S-1-all,D_mc-S-2-all,D_mc-S-3-all,name
399.0648000000001,868.2239999999997,1541.9328000000005,2653.864799999998,6414.0,12264.0,22392.0,29316.0,54.0,120.0,216.0,348.0,336.0,936.0,1560.0,1920.0,37.2552,86.57999999999997,160.14959999999996,230.51039999999986,3.5343999999999984,22.860799999999994,42.03679999999999,61.964799999999975,729.0,756.0,1404.0,2862.0,1.0,4.0,8.0,14.0,16.0,48.0,96.0,144.0,1.5876000000000001,3.7800000000000007,7.660799999999999,12.801600000000006,0.0,-4.640000000000001,-7.319999999999998,-6.640000000000001,0.0,80.0,164.0,272.0,0.0,0.0,0.0,0.0,0.0,4.0,8.0,20.0,0.0,2.0399999999999996,4.0,7.480000000000003,UTEXIB_clean_primitive
399.06480000000005,868.2239999999997,1541.9328000000005,2653.864799999998,6414.0,12264.0,22392.0,29316.0,54.0,120.0,216.0,348.0,336.0,936.0,1560.0,1920.0,37.2552,86.57999999999997,160.14959999999996,230.51039999999986,3.5343999999999984,22.860799999999994,42.03679999999999,61.964799999999975,729.0,756.0,1404.0,2862.0,1.0,4.0,8.0,14.0,16.0,48.0,96.0,144.0,1.5876000000000001,3.7800000000000007,7.660799999999999,12.801600000000006,0.0,-4.640000000000001,-7.319999999999998,-6.640000000000001,0.0,80.0,164.0,272.0,0.0,0.0,0.0,0.0,0.0,4.0,8.0,20.0,0.0,2.0399999999999996,4.0,7.480000000000003,UTEXIB_clean_primitive
