f-chi-0-all,f-chi-1-all,f-chi-2-all,f-chi-3-all,f-Z-0-all,f-Z-1-all,f-Z-2-all,f-Z-3-all,f-I-0-all,f-I-1-all,f-I-2-all,f-I-3-all,f-T-0-all,f-T-1-all,f-T-2-all,f-T-3-all,f-S-0-all,f-S-1-all,f-S-2-all,f-S-3-all,mc-chi-0-all,mc-chi-1-all,mc-chi-2-all,mc-chi-3-all,mc-Z-0-all,mc-Z-1-all,mc-Z-2-all,mc-Z-3-all,mc-I-0-all,mc-I-1-all,mc-I-2-all,mc-I-3-all,mc-T-0-all,mc-T-1-all,mc-T-2-all,mc-T-3-all,mc-S-0-all,mc-S-1-all,mc-S-2-all,mc-S-3-all,D_mc-chi-0-all,D_mc-chi-1-all,D_mc-chi-2-all,D_mc-chi-3-all,D_mc-Z-0-all,D_mc-Z-1-all,D_mc-Z-2-all,D_mc-Z-3-all,D_mc-I-0-all,D_mc-I-1-all,D_mc-I-2-all,D_mc-I-3-all,D_mc-T-0-all,D_mc-T-1-all,D_mc-T-2-all,D_mc-T-3-all,D_mc-S-0-all,D_mc-S-1-all,D_mc-S-2-all,D_mc-S-3-all,name
638.5502000000007,1376.6599999999996,3252.295000000002,4552.6832,37928.0,65512.0,133368.0,125992.0,92.0,236.0,464.0,704.0,776.0,2520.0,4020.0,5220.0,78.92839999999994,220.28800000000012,396.0352000000003,542.2716,2.784099999999999,17.09722222222222,23.39153333333333,54.21669999999999,1954.0,1838.4444444444443,5411.555555555556,4022.222222222222,1.0,4.111111111111111,6.666666666666667,11.88888888888889,20.555555555555557,61.333333333333336,91.11111111111111,136.77777777777777,2.2330999999999994,5.143466666666669,9.425466666666665,13.115977777777779,0.0,-6.492222222222221,-4.264444444444445,-14.408888888888892,0.0,132.0,169.55555555555554,434.6666666666667,0.0,0.0,0.0,0.0,0.0,8.11111111111111,8.0,15.11111111111111,0.0,3.1122222222222207,3.5466666666666664,8.298888888888891,OLONAG_clean_primitive
135.4888,205.7119999999999,490.24180000000007,530.448,3616.0,6848.0,8968.0,6336.0,16.0,36.0,56.0,68.0,104.0,296.0,380.0,304.0,14.6656,36.003600000000006,49.8872,47.68359999999999,2.784099999999999,17.09722222222222,23.39153333333333,54.21669999999999,1954.0,1838.4444444444443,5411.555555555556,4022.222222222222,1.0,4.111111111111111,6.666666666666667,11.88888888888889,20.555555555555557,61.333333333333336,91.11111111111111,136.77777777777777,2.2330999999999994,5.143466666666669,9.425466666666665,13.115977777777779,0.0,-6.492222222222221,-4.264444444444445,-14.408888888888892,0.0,132.0,169.55555555555554,434.6666666666667,0.0,0.0,0.0,0.0,0.0,8.11111111111111,8.0,15.11111111111111,0.0,3.1122222222222207,3.5466666666666664,8.298888888888891,OLONAG_clean_primitive
