f-chi-0-all,f-chi-1-all,f-chi-2-all,f-chi-3-all,f-Z-0-all,f-Z-1-all,f-Z-2-all,f-Z-3-all,f-I-0-all,f-I-1-all,f-I-2-all,f-I-3-all,f-T-0-all,f-T-1-all,f-T-2-all,f-T-3-all,f-S-0-all,f-S-1-all,f-S-2-all,f-S-3-all,mc-chi-0-all,mc-chi-1-all,mc-chi-2-all,mc-chi-3-all,mc-Z-0-all,mc-Z-1-all,mc-Z-2-all,mc-Z-3-all,mc-I-0-all,mc-I-1-all,mc-I-2-all,mc-I-3-all,mc-T-0-all,mc-T-1-all,mc-T-2-all,mc-T-3-all,mc-S-0-all,mc-S-1-all,mc-S-2-all,mc-S-3-all,D_mc-chi-0-all,D_mc-chi-1-all,D_mc-chi-2-all,D_mc-chi-3-all,D_mc-Z-0-all,D_mc-Z-1-all,D_mc-Z-2-all,D_mc-Z-3-all,D_mc-I-0-all,D_mc-I-1-all,D_mc-I-2-all,D_mc-I-3-all,D_mc-T-0-all,D_mc-T-1-all,D_mc-T-2-all,D_mc-T-3-all,D_mc-S-0-all,D_mc-S-1-all,D_mc-S-2-all,D_mc-S-3-all,name
367.79639999999984,701.7599999999998,3045.798399999999,3027.887999999999,17844.0,36576.0,65512.0,62784.0,40.0,116.0,300.0,396.0,484.0,1732.0,2968.0,3484.0,31.194000000000035,110.37599999999998,214.69959999999995,286.36439999999993,1.4399999999999997,35.088,21.239999999999995,67.89600000000002,3969.0,4284.0,10206.0,8316.0,1.0,8.5,8.0,18.0,72.5,187.5,297.0,449.5,2.822399999999999,10.424399999999999,13.406399999999994,22.478399999999993,0.0,-19.04,-8.1,-34.98000000000002,0.0,467.5,342.0,1002.0,0.0,0.0,0.0,0.0,0.0,50.5,33.0,99.5,0.0,8.075,5.46,16.859999999999996,DAHWAM_clean_primitive
367.79639999999984,701.7599999999996,3045.798399999998,3027.888,17844.0,36576.0,65512.0,62784.0,40.0,116.0,300.0,396.0,484.0,1732.0,2968.0,3484.0,31.194000000000013,110.37599999999999,214.69959999999995,286.36440000000005,1.4399999999999997,35.088,21.239999999999995,67.89600000000002,3969.0,4284.0,10206.0,8316.0,1.0,8.5,8.0,18.0,72.5,187.5,297.0,449.5,2.822399999999999,10.424399999999999,13.406399999999994,22.478399999999993,0.0,-19.04,-8.1,-34.98000000000002,0.0,467.5,342.0,1002.0,0.0,0.0,0.0,0.0,0.0,50.5,33.0,99.5,0.0,8.075,5.46,16.859999999999996,DAHWAM_clean_primitive
