f-chi-0-all,f-chi-1-all,f-chi-2-all,f-chi-3-all,f-Z-0-all,f-Z-1-all,f-Z-2-all,f-Z-3-all,f-I-0-all,f-I-1-all,f-I-2-all,f-I-3-all,f-T-0-all,f-T-1-all,f-T-2-all,f-T-3-all,f-S-0-all,f-S-1-all,f-S-2-all,f-S-3-all,mc-chi-0-all,mc-chi-1-all,mc-chi-2-all,mc-chi-3-all,mc-Z-0-all,mc-Z-1-all,mc-Z-2-all,mc-Z-3-all,mc-I-0-all,mc-I-1-all,mc-I-2-all,mc-I-3-all,mc-T-0-all,mc-T-1-all,mc-T-2-all,mc-T-3-all,mc-S-0-all,mc-S-1-all,mc-S-2-all,mc-S-3-all,D_mc-chi-0-all,D_mc-chi-1-all,D_mc-chi-2-all,D_mc-chi-3-all,D_mc-Z-0-all,D_mc-Z-1-all,D_mc-Z-2-all,D_mc-Z-3-all,D_mc-I-0-all,D_mc-I-1-all,D_mc-I-2-all,D_mc-I-3-all,D_mc-T-0-all,D_mc-T-1-all,D_mc-T-2-all,D_mc-T-3-all,D_mc-S-0-all,D_mc-S-1-all,D_mc-S-2-all,D_mc-S-3-all,name
209.43139999999994,376.6079999999998,919.9125999999998,908.544,7034.0,12840.0,19672.0,26208.0,24.0,56.0,100.0,128.0,160.0,440.0,708.0,808.0,19.415800000000008,47.817200000000014,78.22959999999999,103.99999999999999,2.7224999999999997,25.145999999999997,17.324999999999996,57.97275,900.0,1485.0,2700.0,3300.0,1.0,4.5,5.0,11.0,20.5,46.0,87.0,107.0,1.7161000000000004,4.5719,6.812000000000003,11.187400000000002,0.0,-7.815,-2.25,-16.985,0.0,85.5,60.0,220.0,0.0,0.0,0.0,0.0,0.0,10.5,4.0,27.0,0.0,2.4050000000000002,1.3500000000000003,5.870000000000001,MIQLII_clean_primitive
209.43139999999994,376.60799999999983,919.9125999999999,908.544,7034.0,12840.0,19672.0,26208.0,24.0,56.0,100.0,128.0,160.0,440.0,708.0,808.0,19.415800000000008,47.8172,78.2296,104.0,2.7224999999999997,25.145999999999997,17.324999999999996,57.97275,900.0,1485.0,2700.0,3300.0,1.0,4.5,5.0,11.0,20.5,46.0,87.0,107.0,1.7161000000000004,4.5719,6.812000000000003,11.187400000000002,0.0,-7.815,-2.25,-16.985,0.0,85.5,60.0,220.0,0.0,0.0,0.0,0.0,0.0,10.5,4.0,27.0,0.0,2.4050000000000002,1.3500000000000003,5.870000000000001,MIQLII_clean_primitive
