f-lig-chi-0,f-lig-chi-1,f-lig-chi-2,f-lig-chi-3,f-lig-Z-0,f-lig-Z-1,f-lig-Z-2,f-lig-Z-3,f-lig-I-0,f-lig-I-1,f-lig-I-2,f-lig-I-3,f-lig-T-0,f-lig-T-1,f-lig-T-2,f-lig-T-3,f-lig-S-0,f-lig-S-1,f-lig-S-2,f-lig-S-3,name
161.88909999999998,293.19899999999996,470.7806,540.2429999999999,784.0,1416.0,2138.0,2376.0,21.0,42.0,66.0,78.0,108.0,258.0,354.0,414.0,10.2669,22.068200000000004,32.5618,38.11500000000001,LAZXOB_clean_primitive
161.88909999999998,293.19899999999996,470.7806,540.2429999999999,784.0,1416.0,2138.0,2376.0,21.0,42.0,66.0,78.0,108.0,258.0,354.0,414.0,10.2669,22.068200000000004,32.5618,38.11500000000001,LAZXOB_clean_primitive
161.88909999999998,293.19899999999996,470.78059999999994,540.2429999999999,784.0,1416.0,2138.0,2376.0,21.0,42.0,66.0,78.0,108.0,258.0,354.0,414.0,10.266900000000001,22.0682,32.5618,38.115,LAZXOB_clean_primitive
161.88909999999998,293.19899999999996,470.78059999999994,540.2429999999999,784.0,1416.0,2138.0,2376.0,21.0,42.0,66.0,78.0,108.0,258.0,354.0,414.0,10.266900000000001,22.0682,32.5618,38.115,LAZXOB_clean_primitive
161.88909999999998,293.19899999999996,470.78059999999994,540.2429999999999,784.0,1416.0,2138.0,2376.0,21.0,42.0,66.0,78.0,108.0,258.0,354.0,414.0,10.266900000000001,22.0682,32.5618,38.11500000000001,LAZXOB_clean_primitive
161.88909999999998,293.19899999999996,470.78059999999994,540.2429999999999,784.0,1416.0,2138.0,2376.0,21.0,42.0,66.0,78.0,108.0,258.0,354.0,414.0,10.2669,22.068200000000004,32.561800000000005,38.115,LAZXOB_clean_primitive
161.88909999999998,293.19899999999996,470.78059999999994,540.2429999999999,784.0,1416.0,2138.0,2376.0,21.0,42.0,66.0,78.0,108.0,258.0,354.0,414.0,10.2669,22.068200000000004,32.5618,38.115,LAZXOB_clean_primitive
161.88909999999998,293.19899999999996,470.78059999999994,540.2429999999999,784.0,1416.0,2138.0,2376.0,21.0,42.0,66.0,78.0,108.0,258.0,354.0,414.0,10.266900000000001,22.0682,32.5618,38.11500000000001,LAZXOB_clean_primitive
