name,cif_file,Di,Df,Dif,rho,VSA,GSA,VPOV,GPOV,POAV_vol_frac,PONAV_vol_frac,GPOAV,GPONAV,POAV,PONAV
GAGQAI_clean,GAGQAI_clean.cif,15.6839,9.81587,15.64288,0.743275,1245.7,1675.96,0.6484000000000001,0.8723554539033334,0.5128,0.1356,0.68992,0.182436,3448.55,911.902
