f-chi-0-all,f-chi-1-all,f-chi-2-all,f-chi-3-all,f-Z-0-all,f-Z-1-all,f-Z-2-all,f-Z-3-all,f-I-0-all,f-I-1-all,f-I-2-all,f-I-3-all,f-T-0-all,f-T-1-all,f-T-2-all,f-T-3-all,f-S-0-all,f-S-1-all,f-S-2-all,f-S-3-all,mc-chi-0-all,mc-chi-1-all,mc-chi-2-all,mc-chi-3-all,mc-Z-0-all,mc-Z-1-all,mc-Z-2-all,mc-Z-3-all,mc-I-0-all,mc-I-1-all,mc-I-2-all,mc-I-3-all,mc-T-0-all,mc-T-1-all,mc-T-2-all,mc-T-3-all,mc-S-0-all,mc-S-1-all,mc-S-2-all,mc-S-3-all,D_mc-chi-0-all,D_mc-chi-1-all,D_mc-chi-2-all,D_mc-chi-3-all,D_mc-Z-0-all,D_mc-Z-1-all,D_mc-Z-2-all,D_mc-Z-3-all,D_mc-I-0-all,D_mc-I-1-all,D_mc-I-2-all,D_mc-I-3-all,D_mc-T-0-all,D_mc-T-1-all,D_mc-T-2-all,D_mc-T-3-all,D_mc-S-0-all,D_mc-S-1-all,D_mc-S-2-all,D_mc-S-3-all,name
132.7634,245.66119999999998,427.92,675.2468000000001,732.0,1428.0,2434.0,3764.0,18.0,40.0,64.0,90.0,108.0,292.0,426.0,470.0,12.723400000000002,29.377600000000005,49.25519999999999,57.97300000000001,0.9603999999999999,13.0928,15.954399999999996,39.2784,9.0,93.0,117.0,207.0,1.0,4.0,7.0,16.0,16.0,48.0,96.0,152.0,1.7689000000000001,3.9101999999999997,7.913499999999999,13.113800000000005,0.0,-9.440000000000001,-9.42,-24.400000000000002,0.0,-19.0,-18.0,-21.0,0.0,0.0,0.0,0.0,0.0,4.0,4.0,26.0,0.0,2.3800000000000003,3.3600000000000003,11.420000000000003,BUKYAJ_clean_primitive
132.7634,245.66119999999998,427.9200000000001,675.2467999999999,732.0,1428.0,2434.0,3764.0,18.0,40.0,64.0,90.0,108.0,292.0,426.0,470.0,12.723400000000002,29.377600000000005,49.25519999999999,57.97300000000003,0.9603999999999999,13.0928,15.954399999999996,39.2784,9.0,93.0,117.0,207.0,1.0,4.0,7.0,16.0,16.0,48.0,96.0,152.0,1.7689000000000001,3.9101999999999997,7.913499999999999,13.113800000000005,0.0,-9.440000000000001,-9.42,-24.400000000000002,0.0,-19.0,-18.0,-21.0,0.0,0.0,0.0,0.0,0.0,4.0,4.0,26.0,0.0,2.3800000000000003,3.3600000000000003,11.420000000000003,BUKYAJ_clean_primitive
