f-chi-0-all,f-chi-1-all,f-chi-2-all,f-chi-3-all,f-Z-0-all,f-Z-1-all,f-Z-2-all,f-Z-3-all,f-I-0-all,f-I-1-all,f-I-2-all,f-I-3-all,f-T-0-all,f-T-1-all,f-T-2-all,f-T-3-all,f-S-0-all,f-S-1-all,f-S-2-all,f-S-3-all,mc-chi-0-all,mc-chi-1-all,mc-chi-2-all,mc-chi-3-all,mc-Z-0-all,mc-Z-1-all,mc-Z-2-all,mc-Z-3-all,mc-I-0-all,mc-I-1-all,mc-I-2-all,mc-I-3-all,mc-T-0-all,mc-T-1-all,mc-T-2-all,mc-T-3-all,mc-S-0-all,mc-S-1-all,mc-S-2-all,mc-S-3-all,D_mc-chi-0-all,D_mc-chi-1-all,D_mc-chi-2-all,D_mc-chi-3-all,D_mc-Z-0-all,D_mc-Z-1-all,D_mc-Z-2-all,D_mc-Z-3-all,D_mc-I-0-all,D_mc-I-1-all,D_mc-I-2-all,D_mc-I-3-all,D_mc-T-0-all,D_mc-T-1-all,D_mc-T-2-all,D_mc-T-3-all,D_mc-S-0-all,D_mc-S-1-all,D_mc-S-2-all,D_mc-S-3-all,name
384.33360000000005,901.5775999999994,2345.2608,3442.816799999999,6704.0,17236.0,36942.0,49060.0,44.0,124.0,276.0,418.0,460.0,1652.0,3120.0,3966.0,30.709200000000006,94.22799999999995,192.84459999999984,286.9455999999999,3.5343999999999984,33.05039999999999,41.64826666666666,74.3853333333333,729.0,1116.0,3042.0,3474.0,1.0,5.666666666666667,8.333333333333334,13.333333333333334,33.0,103.66666666666667,181.0,231.33333333333334,1.5876000000000001,5.081999999999999,9.538200000000002,13.616400000000004,0.0,-6.92666666666667,-6.486666666666668,-14.5,0.0,111.66666666666667,112.33333333333333,231.33333333333334,0.0,0.0,0.0,0.0,0.0,15.333333333333334,18.0,35.333333333333336,0.0,3.106666666666667,2.93,5.993333333333335,BAKGAX_clean_primitive
384.33360000000005,901.5775999999996,2345.2607999999996,3442.8168000000005,6704.0,17236.0,36942.0,49060.0,44.0,124.0,276.0,418.0,460.0,1652.0,3120.0,3966.0,30.709200000000013,94.22799999999997,192.8445999999999,286.94559999999996,3.5343999999999984,33.05039999999999,41.64826666666666,74.3853333333333,729.0,1116.0,3042.0,3474.0,1.0,5.666666666666667,8.333333333333334,13.333333333333334,33.0,103.66666666666667,181.0,231.33333333333334,1.5876000000000001,5.081999999999999,9.538200000000002,13.616400000000004,0.0,-6.92666666666667,-6.486666666666668,-14.5,0.0,111.66666666666667,112.33333333333333,231.33333333333334,0.0,0.0,0.0,0.0,0.0,15.333333333333334,18.0,35.333333333333336,0.0,3.106666666666667,2.93,5.993333333333335,BAKGAX_clean_primitive
