f-chi-0-all,f-chi-1-all,f-chi-2-all,f-chi-3-all,f-Z-0-all,f-Z-1-all,f-Z-2-all,f-Z-3-all,f-I-0-all,f-I-1-all,f-I-2-all,f-I-3-all,f-T-0-all,f-T-1-all,f-T-2-all,f-T-3-all,f-S-0-all,f-S-1-all,f-S-2-all,f-S-3-all,mc-chi-0-all,mc-chi-1-all,mc-chi-2-all,mc-chi-3-all,mc-Z-0-all,mc-Z-1-all,mc-Z-2-all,mc-Z-3-all,mc-I-0-all,mc-I-1-all,mc-I-2-all,mc-I-3-all,mc-T-0-all,mc-T-1-all,mc-T-2-all,mc-T-3-all,mc-S-0-all,mc-S-1-all,mc-S-2-all,mc-S-3-all,D_mc-chi-0-all,D_mc-chi-1-all,D_mc-chi-2-all,D_mc-chi-3-all,D_mc-Z-0-all,D_mc-Z-1-all,D_mc-Z-2-all,D_mc-Z-3-all,D_mc-I-0-all,D_mc-I-1-all,D_mc-I-2-all,D_mc-I-3-all,D_mc-T-0-all,D_mc-T-1-all,D_mc-T-2-all,D_mc-T-3-all,D_mc-S-0-all,D_mc-S-1-all,D_mc-S-2-all,D_mc-S-3-all,name
156.676,289.7616,1012.4389999999999,581.6049999999999,8922.0,17808.0,22832.0,11866.0,18.0,52.0,108.0,76.0,208.0,724.0,908.0,562.0,15.864599999999996,54.474400000000024,80.99299999999998,58.478600000000014,1.3688999999999998,26.711099999999995,13.922999999999998,26.746199999999995,3844.0,3906.0,6014.0,2790.0,1.0,7.0,5.0,8.0,49.0,133.0,147.0,133.0,2.9583999999999997,9.3568,8.686,8.9784,0.0,-14.639999999999999,-6.05,-13.5,0.0,371.0,213.0,451.0,0.0,0.0,0.0,0.0,0.0,30.0,14.0,37.0,0.0,6.6000000000000005,3.55,8.54,GAJZIC_clean_primitive
156.67600000000002,289.7616,1012.4389999999999,581.6049999999999,8922.0,17808.0,22832.0,11866.0,18.0,52.0,108.0,76.0,208.0,724.0,908.0,562.0,15.864599999999996,54.474400000000024,80.99299999999998,58.478600000000014,1.3688999999999998,26.711099999999995,13.922999999999998,26.746199999999995,3844.0,3906.0,6014.0,2790.0,1.0,7.0,5.0,8.0,49.0,133.0,147.0,133.0,2.9583999999999997,9.3568,8.686,8.9784,0.0,-14.639999999999999,-6.05,-13.5,0.0,371.0,213.0,451.0,0.0,0.0,0.0,0.0,0.0,30.0,14.0,37.0,0.0,6.6000000000000005,3.55,8.54,GAJZIC_clean_primitive
