f-chi-0-all,f-chi-1-all,f-chi-2-all,f-chi-3-all,f-Z-0-all,f-Z-1-all,f-Z-2-all,f-Z-3-all,f-I-0-all,f-I-1-all,f-I-2-all,f-I-3-all,f-T-0-all,f-T-1-all,f-T-2-all,f-T-3-all,f-S-0-all,f-S-1-all,f-S-2-all,f-S-3-all,mc-chi-0-all,mc-chi-1-all,mc-chi-2-all,mc-chi-3-all,mc-Z-0-all,mc-Z-1-all,mc-Z-2-all,mc-Z-3-all,mc-I-0-all,mc-I-1-all,mc-I-2-all,mc-I-3-all,mc-T-0-all,mc-T-1-all,mc-T-2-all,mc-T-3-all,mc-S-0-all,mc-S-1-all,mc-S-2-all,mc-S-3-all,D_mc-chi-0-all,D_mc-chi-1-all,D_mc-chi-2-all,D_mc-chi-3-all,D_mc-Z-0-all,D_mc-Z-1-all,D_mc-Z-2-all,D_mc-Z-3-all,D_mc-I-0-all,D_mc-I-1-all,D_mc-I-2-all,D_mc-I-3-all,D_mc-T-0-all,D_mc-T-1-all,D_mc-T-2-all,D_mc-T-3-all,D_mc-S-0-all,D_mc-S-1-all,D_mc-S-2-all,D_mc-S-3-all,name
233.24919999999995,391.9935999999999,1403.4631999999997,1420.3252,8218.0,16120.0,15728.0,14992.0,26.0,64.0,144.0,176.0,236.0,728.0,864.0,872.0,19.584799999999998,59.505599999999994,97.29039999999999,111.1088,1.2768999999999997,30.0919,17.288999999999998,39.6065,3481.0,3658.0,2124.0,4838.0,1.0,8.0,6.0,12.0,64.0,144.0,144.0,240.0,3.0976,10.3488,8.1312,15.9104,0.0,-17.59,-8.52,-21.49,0.0,410.0,318.0,626.0,0.0,0.0,0.0,0.0,0.0,46.0,30.0,66.0,0.0,8.200000000000001,5.94,12.08,GARLET_clean_primitive
233.24919999999995,391.9935999999999,1403.4631999999997,1420.3252,8218.0,16120.0,15728.0,14992.0,26.0,64.0,144.0,176.0,236.0,728.0,864.0,872.0,19.584799999999998,59.505599999999994,97.29039999999999,111.1088,1.2768999999999997,30.0919,17.288999999999998,39.6065,3481.0,3658.0,2124.0,4838.0,1.0,8.0,6.0,12.0,64.0,144.0,144.0,240.0,3.0976,10.3488,8.1312,15.9104,0.0,-17.59,-8.52,-21.49,0.0,410.0,318.0,626.0,0.0,0.0,0.0,0.0,0.0,46.0,30.0,66.0,0.0,8.200000000000001,5.94,12.08,GARLET_clean_primitive
