f-lig-chi-0,f-lig-chi-1,f-lig-chi-2,f-lig-chi-3,f-lig-Z-0,f-lig-Z-1,f-lig-Z-2,f-lig-Z-3,f-lig-I-0,f-lig-I-1,f-lig-I-2,f-lig-I-3,f-lig-T-0,f-lig-T-1,f-lig-T-2,f-lig-T-3,f-lig-S-0,f-lig-S-1,f-lig-S-2,f-lig-S-3,name
395.15819999999985,774.3330000000004,1246.0512000000003,1583.856,1860.0,3672.0,5664.0,6336.0,54.0,114.0,180.0,240.0,294.0,738.0,1092.0,1296.0,25.824600000000007,59.45940000000003,90.4788,111.24960000000007,QUQFOY_clean_primitive
395.15819999999985,774.3330000000008,1246.0512000000012,1583.8560000000011,1860.0,3672.0,5664.0,6336.0,54.0,114.0,180.0,240.0,294.0,738.0,1092.0,1296.0,25.824600000000025,59.45940000000003,90.47880000000002,111.24960000000007,QUQFOY_clean_primitive
395.1581999999999,774.3330000000003,1246.0511999999999,1583.8560000000002,1860.0,3672.0,5664.0,6336.0,54.0,114.0,180.0,240.0,294.0,738.0,1092.0,1296.0,25.8246,59.45940000000003,90.47880000000002,111.24960000000006,QUQFOY_clean_primitive
395.15819999999985,774.3330000000008,1246.0512,1583.8560000000016,1860.0,3672.0,5664.0,6336.0,54.0,114.0,180.0,240.0,294.0,738.0,1092.0,1296.0,25.82460000000002,59.45940000000003,90.47880000000002,111.24960000000006,QUQFOY_clean_primitive
