f-lig-chi-0,f-lig-chi-1,f-lig-chi-2,f-lig-chi-3,f-lig-Z-0,f-lig-Z-1,f-lig-Z-2,f-lig-Z-3,f-lig-I-0,f-lig-I-1,f-lig-I-2,f-lig-I-3,f-lig-T-0,f-lig-T-1,f-lig-T-2,f-lig-T-3,f-lig-S-0,f-lig-S-1,f-lig-S-2,f-lig-S-3,name
300.20539999999994,595.7080000000001,942.2787999999998,1195.1649999999997,1364.0,2716.0,4138.0,4684.0,42.0,88.0,138.0,182.0,226.0,564.0,826.0,982.0,19.3754,44.84600000000002,67.55380000000001,82.79900000000004,GAFRUD_clean_primitive
300.20539999999994,595.708,942.2787999999998,1195.165,1364.0,2716.0,4138.0,4684.0,42.0,88.0,138.0,182.0,226.0,564.0,826.0,982.0,19.3754,44.84600000000002,67.55380000000001,82.79900000000004,GAFRUD_clean_primitive
300.20539999999994,595.7080000000001,942.2787999999999,1195.1650000000002,1364.0,2716.0,4138.0,4684.0,42.0,88.0,138.0,182.0,226.0,564.0,826.0,982.0,19.37540000000001,44.84600000000001,67.5538,82.79900000000002,GAFRUD_clean_primitive
300.20539999999994,595.7080000000005,942.2788,1195.1650000000009,1364.0,2716.0,4138.0,4684.0,42.0,88.0,138.0,182.0,226.0,564.0,826.0,982.0,19.37540000000002,44.846000000000025,67.55380000000001,82.79900000000005,GAFRUD_clean_primitive
300.2054,595.7080000000003,942.2788000000002,1195.1650000000004,1364.0,2716.0,4138.0,4684.0,42.0,88.0,138.0,182.0,226.0,564.0,826.0,982.0,19.375400000000017,44.84600000000002,67.55380000000002,82.79900000000002,GAFRUD_clean_primitive
300.2054,595.7080000000003,942.2788,1195.1650000000002,1364.0,2716.0,4138.0,4684.0,42.0,88.0,138.0,182.0,226.0,564.0,826.0,982.0,19.375400000000017,44.84600000000002,67.55380000000002,82.79900000000004,GAFRUD_clean_primitive
