f-chi-0-all,f-chi-1-all,f-chi-2-all,f-chi-3-all,f-Z-0-all,f-Z-1-all,f-Z-2-all,f-Z-3-all,f-I-0-all,f-I-1-all,f-I-2-all,f-I-3-all,f-T-0-all,f-T-1-all,f-T-2-all,f-T-3-all,f-S-0-all,f-S-1-all,f-S-2-all,f-S-3-all,mc-chi-0-all,mc-chi-1-all,mc-chi-2-all,mc-chi-3-all,mc-Z-0-all,mc-Z-1-all,mc-Z-2-all,mc-Z-3-all,mc-I-0-all,mc-I-1-all,mc-I-2-all,mc-I-3-all,mc-T-0-all,mc-T-1-all,mc-T-2-all,mc-T-3-all,mc-S-0-all,mc-S-1-all,mc-S-2-all,mc-S-3-all,D_mc-chi-0-all,D_mc-chi-1-all,D_mc-chi-2-all,D_mc-chi-3-all,D_mc-Z-0-all,D_mc-Z-1-all,D_mc-Z-2-all,D_mc-Z-3-all,D_mc-I-0-all,D_mc-I-1-all,D_mc-I-2-all,D_mc-I-3-all,D_mc-T-0-all,D_mc-T-1-all,D_mc-T-2-all,D_mc-T-3-all,D_mc-S-0-all,D_mc-S-1-all,D_mc-S-2-all,D_mc-S-3-all,name
245.4219999999999,432.61440000000005,972.4032000000001,1025.3952,5668.0,10944.0,16848.0,21312.0,28.0,64.0,104.0,144.0,168.0,416.0,608.0,864.0,22.256800000000013,53.6696,79.76479999999998,115.10640000000002,2.7224999999999997,22.704,15.048,56.562,900.0,960.0,1530.0,2400.0,1.0,4.0,4.0,11.0,16.0,32.0,60.0,100.0,1.7161000000000004,3.8251999999999997,5.174500000000001,10.7289,0.0,-7.159999999999998,-2.52,-16.13,0.0,88.0,69.0,250.0,0.0,0.0,0.0,0.0,0.0,8.0,1.0,19.0,0.0,2.3200000000000003,1.29,6.22,CAVVUS_clean_primitive
245.42199999999988,432.61440000000005,972.4032000000001,1025.3952000000002,5668.0,10944.0,16848.0,21312.0,28.0,64.0,104.0,144.0,168.0,416.0,608.0,864.0,22.256800000000013,53.6696,79.76479999999998,115.10640000000002,2.7224999999999997,22.704,15.048,56.562,900.0,960.0,1530.0,2400.0,1.0,4.0,4.0,11.0,16.0,32.0,60.0,100.0,1.7161000000000004,3.8251999999999997,5.174500000000001,10.7289,0.0,-7.159999999999998,-2.52,-16.13,0.0,88.0,69.0,250.0,0.0,0.0,0.0,0.0,0.0,8.0,1.0,19.0,0.0,2.3200000000000003,1.29,6.22,CAVVUS_clean_primitive
