f-link-chi-0,f-link-chi-1,f-link-chi-2,f-link-chi-3,f-link-Z-0,f-link-Z-1,f-link-Z-2,f-link-Z-3,f-link-I-0,f-link-I-1,f-link-I-2,f-link-I-3,f-link-T-0,f-link-T-1,f-link-T-2,f-link-T-3,f-link-S-0,f-link-S-1,f-link-S-2,f-link-S-3,name
99.35439999999998,174.21599999999995,247.56039999999996,231.38699999999994,544.0,960.0,1360.0,1272.0,12.0,24.0,32.0,30.0,56.0,124.0,140.0,114.0,6.8748,13.9832,18.486400000000003,17.294200000000004,JIZWAS
99.35439999999998,174.21599999999995,247.5603999999999,231.38699999999994,544.0,960.0,1360.0,1272.0,12.0,24.0,32.0,30.0,56.0,124.0,140.0,114.0,6.8748,13.9832,18.486400000000003,17.294200000000004,JIZWAS
