f-chi-0-all,f-chi-1-all,f-chi-2-all,f-chi-3-all,f-Z-0-all,f-Z-1-all,f-Z-2-all,f-Z-3-all,f-I-0-all,f-I-1-all,f-I-2-all,f-I-3-all,f-T-0-all,f-T-1-all,f-T-2-all,f-T-3-all,f-S-0-all,f-S-1-all,f-S-2-all,f-S-3-all,mc-chi-0-all,mc-chi-1-all,mc-chi-2-all,mc-chi-3-all,mc-Z-0-all,mc-Z-1-all,mc-Z-2-all,mc-Z-3-all,mc-I-0-all,mc-I-1-all,mc-I-2-all,mc-I-3-all,mc-T-0-all,mc-T-1-all,mc-T-2-all,mc-T-3-all,mc-S-0-all,mc-S-1-all,mc-S-2-all,mc-S-3-all,D_mc-chi-0-all,D_mc-chi-1-all,D_mc-chi-2-all,D_mc-chi-3-all,D_mc-Z-0-all,D_mc-Z-1-all,D_mc-Z-2-all,D_mc-Z-3-all,D_mc-I-0-all,D_mc-I-1-all,D_mc-I-2-all,D_mc-I-3-all,D_mc-T-0-all,D_mc-T-1-all,D_mc-T-2-all,D_mc-T-3-all,D_mc-S-0-all,D_mc-S-1-all,D_mc-S-2-all,D_mc-S-3-all,name
2480.986799999996,5193.563199999976,18261.00880000001,23277.756800000014,124312.0,217288.0,683984.0,761272.0,328.0,896.0,2168.0,3584.0,3248.0,10792.0,22096.0,39528.0,227.18920000000045,743.9639999999999,1599.0679999999993,2849.146399999999,2.860891666666664,26.639158333333327,25.412808333333327,118.80879166666665,2357.75,2147.0833333333335,11800.75,7598.833333333333,1.0,5.416666666666667,8.5,23.083333333333332,32.25,90.83333333333333,202.41666666666666,351.3333333333333,2.030058333333334,5.879066666666667,13.377525000000004,23.411175000000004,0.0,-9.924999999999988,-2.5933333333333315,-35.61000000000001,0.0,233.16666666666666,140.5,898.75,0.0,0.0,0.0,0.0,0.0,16.666666666666668,10.083333333333334,62.166666666666664,0.0,4.020833333333331,2.6991666666666645,16.005000000000006,INIRII_clean_primitive
