f-chi-0-all,f-chi-1-all,f-chi-2-all,f-chi-3-all,f-Z-0-all,f-Z-1-all,f-Z-2-all,f-Z-3-all,f-I-0-all,f-I-1-all,f-I-2-all,f-I-3-all,f-T-0-all,f-T-1-all,f-T-2-all,f-T-3-all,f-S-0-all,f-S-1-all,f-S-2-all,f-S-3-all,mc-chi-0-all,mc-chi-1-all,mc-chi-2-all,mc-chi-3-all,mc-Z-0-all,mc-Z-1-all,mc-Z-2-all,mc-Z-3-all,mc-I-0-all,mc-I-1-all,mc-I-2-all,mc-I-3-all,mc-T-0-all,mc-T-1-all,mc-T-2-all,mc-T-3-all,mc-S-0-all,mc-S-1-all,mc-S-2-all,mc-S-3-all,D_mc-chi-0-all,D_mc-chi-1-all,D_mc-chi-2-all,D_mc-chi-3-all,D_mc-Z-0-all,D_mc-Z-1-all,D_mc-Z-2-all,D_mc-Z-3-all,D_mc-I-0-all,D_mc-I-1-all,D_mc-I-2-all,D_mc-I-3-all,D_mc-T-0-all,D_mc-T-1-all,D_mc-T-2-all,D_mc-T-3-all,D_mc-S-0-all,D_mc-S-1-all,D_mc-S-2-all,D_mc-S-3-all,name
859.2988000000012,1800.8575999999969,7805.428799999996,7706.534399999992,25320.0,66752.0,122128.0,156672.0,92.0,304.0,792.0,1040.0,1400.0,5680.0,9536.0,12992.0,79.97039999999988,309.7695999999999,594.7559999999997,855.5488000000006,1.5536999999999999,30.728533333333328,18.292333333333335,73.35046666666666,1730.6666666666667,2541.3333333333335,5602.666666666667,5962.666666666667,1.0,8.0,7.333333333333333,19.333333333333332,66.0,200.0,282.0,454.0,3.0117999999999996,10.313133333333331,14.383133333333335,24.8048,0.0,-17.906666666666673,-7.666666666666663,-39.66666666666668,0.0,261.3333333333333,160.0,649.3333333333334,0.0,0.0,0.0,0.0,0.0,42.0,25.333333333333332,99.33333333333333,0.0,8.193333333333335,4.6000000000000005,19.24666666666667,EKOPIE_clean_primitive
