f-chi-0-all,f-chi-1-all,f-chi-2-all,f-chi-3-all,f-Z-0-all,f-Z-1-all,f-Z-2-all,f-Z-3-all,f-I-0-all,f-I-1-all,f-I-2-all,f-I-3-all,f-T-0-all,f-T-1-all,f-T-2-all,f-T-3-all,f-S-0-all,f-S-1-all,f-S-2-all,f-S-3-all,mc-chi-0-all,mc-chi-1-all,mc-chi-2-all,mc-chi-3-all,mc-Z-0-all,mc-Z-1-all,mc-Z-2-all,mc-Z-3-all,mc-I-0-all,mc-I-1-all,mc-I-2-all,mc-I-3-all,mc-T-0-all,mc-T-1-all,mc-T-2-all,mc-T-3-all,mc-S-0-all,mc-S-1-all,mc-S-2-all,mc-S-3-all,D_mc-chi-0-all,D_mc-chi-1-all,D_mc-chi-2-all,D_mc-chi-3-all,D_mc-Z-0-all,D_mc-Z-1-all,D_mc-Z-2-all,D_mc-Z-3-all,D_mc-I-0-all,D_mc-I-1-all,D_mc-I-2-all,D_mc-I-3-all,D_mc-T-0-all,D_mc-T-1-all,D_mc-T-2-all,D_mc-T-3-all,D_mc-S-0-all,D_mc-S-1-all,D_mc-S-2-all,D_mc-S-3-all,name
281.3156999999999,546.2351999999998,1413.0359999999998,2201.3568,8451.0,15066.0,28620.0,26892.0,36.0,78.0,168.0,288.0,246.0,726.0,1248.0,1584.0,20.69970000000001,56.02140000000001,106.78620000000004,153.1746,3.1684,36.0272,40.1568,82.50299999999999,2401.0,2303.0,6174.0,5292.0,1.0,6.0,10.0,15.0,36.0,96.0,168.0,234.0,2.0164000000000004,6.247999999999998,10.507999999999997,15.889799999999996,0.0,-9.56,-4.759999999999999,-19.650000000000002,0.0,247.0,364.0,627.0,0.0,0.0,0.0,0.0,0.0,20.0,32.0,51.0,0.0,4.119999999999998,6.8,10.11,QULMIU_clean_primitive
281.3156999999999,546.2352,1413.036,2201.3568,8451.0,15066.0,28620.0,26892.0,36.0,78.0,168.0,288.0,246.0,726.0,1248.0,1584.0,20.69970000000001,56.02140000000001,106.78620000000004,153.1746,3.1684,36.0272,40.1568,82.50299999999999,2401.0,2303.0,6174.0,5292.0,1.0,6.0,10.0,15.0,36.0,96.0,168.0,234.0,2.0164000000000004,6.247999999999998,10.507999999999997,15.889799999999996,0.0,-9.56,-4.759999999999999,-19.650000000000002,0.0,247.0,364.0,627.0,0.0,0.0,0.0,0.0,0.0,20.0,32.0,51.0,0.0,4.119999999999998,6.8,10.11,QULMIU_clean_primitive
