f-link-chi-0,f-link-chi-1,f-link-chi-2,f-link-chi-3,f-link-Z-0,f-link-Z-1,f-link-Z-2,f-link-Z-3,f-link-I-0,f-link-I-1,f-link-I-2,f-link-I-3,f-link-T-0,f-link-T-1,f-link-T-2,f-link-T-3,f-link-S-0,f-link-S-1,f-link-S-2,f-link-S-3,name
243.78379999999999,483.07200000000006,952.5307999999997,1541.0160000000005,1028.0,2064.0,3740.0,4896.0,34.0,72.0,144.0,240.0,216.0,624.0,1140.0,1392.0,14.206600000000003,34.80400000000001,64.1488,96.46560000000005,PUWCUF
243.78379999999999,483.07200000000006,952.5307999999997,1541.0160000000005,1028.0,2064.0,3740.0,4896.0,34.0,72.0,144.0,240.0,216.0,624.0,1140.0,1392.0,14.206600000000003,34.80400000000001,64.1488,96.46560000000005,PUWCUF
243.7838,483.0720000000001,952.5307999999998,1541.0160000000005,1028.0,2064.0,3740.0,4896.0,34.0,72.0,144.0,240.0,216.0,624.0,1140.0,1392.0,14.206600000000003,34.80400000000001,64.1488,96.46560000000005,PUWCUF
243.7838,483.0720000000001,952.5307999999998,1541.0160000000005,1028.0,2064.0,3740.0,4896.0,34.0,72.0,144.0,240.0,216.0,624.0,1140.0,1392.0,14.206600000000003,34.80400000000001,64.1488,96.46560000000005,PUWCUF
243.78379999999999,483.07200000000006,952.5307999999999,1541.016,1028.0,2064.0,3740.0,4896.0,34.0,72.0,144.0,240.0,216.0,624.0,1140.0,1392.0,14.2066,34.80400000000001,64.1488,96.46560000000002,PUWCUF
243.78379999999999,483.07200000000006,952.5307999999999,1541.016,1028.0,2064.0,3740.0,4896.0,34.0,72.0,144.0,240.0,216.0,624.0,1140.0,1392.0,14.2066,34.80400000000001,64.1488,96.46560000000002,PUWCUF
243.78379999999999,483.07200000000006,952.5307999999995,1541.0160000000005,1028.0,2064.0,3740.0,4896.0,34.0,72.0,144.0,240.0,216.0,624.0,1140.0,1392.0,14.206600000000005,34.80400000000001,64.1488,96.46560000000005,PUWCUF
243.78379999999999,483.07200000000006,952.5307999999995,1541.0160000000005,1028.0,2064.0,3740.0,4896.0,34.0,72.0,144.0,240.0,216.0,624.0,1140.0,1392.0,14.206600000000005,34.80400000000001,64.1488,96.46560000000005,PUWCUF
