f-chi-0-all,f-chi-1-all,f-chi-2-all,f-chi-3-all,f-Z-0-all,f-Z-1-all,f-Z-2-all,f-Z-3-all,f-I-0-all,f-I-1-all,f-I-2-all,f-I-3-all,f-T-0-all,f-T-1-all,f-T-2-all,f-T-3-all,f-S-0-all,f-S-1-all,f-S-2-all,f-S-3-all,mc-chi-0-all,mc-chi-1-all,mc-chi-2-all,mc-chi-3-all,mc-Z-0-all,mc-Z-1-all,mc-Z-2-all,mc-Z-3-all,mc-I-0-all,mc-I-1-all,mc-I-2-all,mc-I-3-all,mc-T-0-all,mc-T-1-all,mc-T-2-all,mc-T-3-all,mc-S-0-all,mc-S-1-all,mc-S-2-all,mc-S-3-all,D_mc-chi-0-all,D_mc-chi-1-all,D_mc-chi-2-all,D_mc-chi-3-all,D_mc-Z-0-all,D_mc-Z-1-all,D_mc-Z-2-all,D_mc-Z-3-all,D_mc-I-0-all,D_mc-I-1-all,D_mc-I-2-all,D_mc-I-3-all,D_mc-T-0-all,D_mc-T-1-all,D_mc-T-2-all,D_mc-T-3-all,D_mc-S-0-all,D_mc-S-1-all,D_mc-S-2-all,D_mc-S-3-all,name
1130.4656000000014,2637.9775999999997,8290.664000000008,8055.859199999986,139660.0,165840.0,619352.0,482976.0,120.0,336.0,800.0,1016.0,1232.0,3768.0,6800.0,10968.0,107.73239999999983,337.0463999999993,627.0472,1002.7535999999984,5.2788571428571425,42.67702857142859,25.63817142857144,129.753257142857,4797.857142857143,2937.4285714285716,20580.0,8634.0,1.0,5.428571428571429,4.857142857142857,17.0,29.714285714285715,65.57142857142857,138.0,202.14285714285714,2.0538857142857165,5.688685714285716,9.439542857142856,17.42631428571428,0.0,-6.0914285714285725,-0.3828571428571425,-18.517142857142854,0.0,325.0,12.0,973.2857142857143,0.0,0.0,0.0,0.0,0.0,17.714285714285715,1.1428571428571428,55.714285714285715,0.0,3.8142857142857145,0.2799999999999997,11.924285714285729,OQUXIJ_clean_primitive
1130.4656000000014,2637.9775999999997,8290.664000000008,8055.859199999986,139660.0,165840.0,619352.0,482976.0,120.0,336.0,800.0,1016.0,1232.0,3768.0,6800.0,10968.0,107.73239999999983,337.0463999999993,627.0472,1002.7535999999984,5.2788571428571425,42.67702857142859,25.63817142857144,129.753257142857,4797.857142857143,2937.4285714285716,20580.0,8634.0,1.0,5.428571428571429,4.857142857142857,17.0,29.714285714285715,65.57142857142857,138.0,202.14285714285714,2.0538857142857165,5.688685714285716,9.439542857142856,17.42631428571428,0.0,-6.0914285714285725,-0.3828571428571425,-18.517142857142854,0.0,325.0,12.0,973.2857142857143,0.0,0.0,0.0,0.0,0.0,17.714285714285715,1.1428571428571428,55.714285714285715,0.0,3.8142857142857145,0.2799999999999997,11.924285714285729,OQUXIJ_clean_primitive
