f-lig-chi-0,f-lig-chi-1,f-lig-chi-2,f-lig-chi-3,f-lig-Z-0,f-lig-Z-1,f-lig-Z-2,f-lig-Z-3,f-lig-I-0,f-lig-I-1,f-lig-I-2,f-lig-I-3,f-lig-T-0,f-lig-T-1,f-lig-T-2,f-lig-T-3,f-lig-S-0,f-lig-S-1,f-lig-S-2,f-lig-S-3,name
149.8059,317.37300000000005,478.1862,538.7570000000002,615.0,1344.0,1788.0,1700.0,23.0,48.0,72.0,84.0,120.0,288.0,380.0,368.0,9.837500000000002,23.284800000000004,32.40560000000001,33.37720000000001,EBELUU_clean_primitive
15.7441,15.504,0.0,0.0,85.0,84.0,0.0,0.0,2.0,2.0,0.0,0.0,2.0,2.0,0.0,0.0,1.1554,1.155,0.0,0.0,EBELUU_clean_primitive
15.7441,15.504,0.0,0.0,85.0,84.0,0.0,0.0,2.0,2.0,0.0,0.0,2.0,2.0,0.0,0.0,1.1554,1.155,0.0,0.0,EBELUU_clean_primitive
15.7441,15.504,0.0,0.0,85.0,84.0,0.0,0.0,2.0,2.0,0.0,0.0,2.0,2.0,0.0,0.0,1.1554,1.155,0.0,0.0,EBELUU_clean_primitive
15.7441,15.504,0.0,0.0,85.0,84.0,0.0,0.0,2.0,2.0,0.0,0.0,2.0,2.0,0.0,0.0,1.1554,1.155,0.0,0.0,EBELUU_clean_primitive
15.7441,15.504,0.0,0.0,85.0,84.0,0.0,0.0,2.0,2.0,0.0,0.0,2.0,2.0,0.0,0.0,1.1554,1.155,0.0,0.0,EBELUU_clean_primitive
15.7441,15.504,0.0,0.0,85.0,84.0,0.0,0.0,2.0,2.0,0.0,0.0,2.0,2.0,0.0,0.0,1.1554,1.155,0.0,0.0,EBELUU_clean_primitive
15.7441,15.504,0.0,0.0,85.0,84.0,0.0,0.0,2.0,2.0,0.0,0.0,2.0,2.0,0.0,0.0,1.1554,1.155,0.0,0.0,EBELUU_clean_primitive
15.7441,15.504,0.0,0.0,85.0,84.0,0.0,0.0,2.0,2.0,0.0,0.0,2.0,2.0,0.0,0.0,1.1554,1.155,0.0,0.0,EBELUU_clean_primitive
