f-chi-0-all,f-chi-1-all,f-chi-2-all,f-chi-3-all,f-Z-0-all,f-Z-1-all,f-Z-2-all,f-Z-3-all,f-I-0-all,f-I-1-all,f-I-2-all,f-I-3-all,f-T-0-all,f-T-1-all,f-T-2-all,f-T-3-all,f-S-0-all,f-S-1-all,f-S-2-all,f-S-3-all,mc-chi-0-all,mc-chi-1-all,mc-chi-2-all,mc-chi-3-all,mc-Z-0-all,mc-Z-1-all,mc-Z-2-all,mc-Z-3-all,mc-I-0-all,mc-I-1-all,mc-I-2-all,mc-I-3-all,mc-T-0-all,mc-T-1-all,mc-T-2-all,mc-T-3-all,mc-S-0-all,mc-S-1-all,mc-S-2-all,mc-S-3-all,D_mc-chi-0-all,D_mc-chi-1-all,D_mc-chi-2-all,D_mc-chi-3-all,D_mc-Z-0-all,D_mc-Z-1-all,D_mc-Z-2-all,D_mc-Z-3-all,D_mc-I-0-all,D_mc-I-1-all,D_mc-I-2-all,D_mc-I-3-all,D_mc-T-0-all,D_mc-T-1-all,D_mc-T-2-all,D_mc-T-3-all,D_mc-S-0-all,D_mc-S-1-all,D_mc-S-2-all,D_mc-S-3-all,name
210.15319999999994,391.248,1255.4163999999996,822.044,10650.0,18000.0,13168.0,8736.0,24.0,64.0,132.0,104.0,252.0,832.0,800.0,512.0,17.703000000000003,57.06880000000004,83.6628,64.27840000000002,1.5625,32.175,12.75,27.725,4761.0,4140.0,1656.0,3588.0,1.0,8.0,4.0,8.0,64.0,160.0,96.0,176.0,2.6895999999999995,9.7088,5.0512,9.9712,0.0,-15.739999999999998,-5.199999999999999,-12.179999999999996,0.0,492.0,252.0,500.0,0.0,0.0,0.0,0.0,0.0,44.0,20.0,42.0,0.0,7.2,3.4799999999999995,7.04,NIGGEQ_clean_primitive
210.15319999999994,391.248,1255.4163999999996,822.0440000000001,10650.0,18000.0,13168.0,8736.0,24.0,64.0,132.0,104.0,252.0,832.0,800.0,512.0,17.703000000000003,57.06880000000004,83.6628,64.27840000000002,1.5625,32.175,12.75,27.725,4761.0,4140.0,1656.0,3588.0,1.0,8.0,4.0,8.0,64.0,160.0,96.0,176.0,2.6895999999999995,9.7088,5.0512,9.9712,0.0,-15.739999999999998,-5.199999999999999,-12.179999999999996,0.0,492.0,252.0,500.0,0.0,0.0,0.0,0.0,0.0,44.0,20.0,42.0,0.0,7.2,3.4799999999999995,7.04,NIGGEQ_clean_primitive
