f-lig-chi-0,f-lig-chi-1,f-lig-chi-2,f-lig-chi-3,f-lig-Z-0,f-lig-Z-1,f-lig-Z-2,f-lig-Z-3,f-lig-I-0,f-lig-I-1,f-lig-I-2,f-lig-I-3,f-lig-T-0,f-lig-T-1,f-lig-T-2,f-lig-T-3,f-lig-S-0,f-lig-S-1,f-lig-S-2,f-lig-S-3,name
142.38160000000002,262.01599999999996,385.05639999999994,479.12299999999993,676.0,1208.0,1816.0,2000.0,18.0,36.0,52.0,66.0,88.0,212.0,292.0,314.0,8.488199999999999,18.451600000000006,26.402000000000008,30.817799999999995,CADZIT_clean_primitive
142.38160000000002,262.01599999999996,385.05639999999994,479.12299999999993,676.0,1208.0,1816.0,2000.0,18.0,36.0,52.0,66.0,88.0,212.0,292.0,314.0,8.488199999999999,18.451600000000006,26.402000000000008,30.817799999999995,CADZIT_clean_primitive
195.76140000000004,424.6472000000002,650.654,743.4250000000002,714.0,1634.0,2132.0,2188.0,32.0,66.0,104.0,118.0,170.0,404.0,528.0,566.0,12.46720000000001,30.26180000000001,42.2704,46.146199999999986,CADZIT_clean_primitive
195.76140000000004,424.6472000000002,650.654,743.4250000000002,714.0,1634.0,2132.0,2188.0,32.0,66.0,104.0,118.0,170.0,404.0,528.0,566.0,12.46720000000001,30.26180000000001,42.2704,46.146199999999986,CADZIT_clean_primitive
