f-chi-0-all,f-chi-1-all,f-chi-2-all,f-chi-3-all,f-Z-0-all,f-Z-1-all,f-Z-2-all,f-Z-3-all,f-I-0-all,f-I-1-all,f-I-2-all,f-I-3-all,f-T-0-all,f-T-1-all,f-T-2-all,f-T-3-all,f-S-0-all,f-S-1-all,f-S-2-all,f-S-3-all,mc-chi-0-all,mc-chi-1-all,mc-chi-2-all,mc-chi-3-all,mc-Z-0-all,mc-Z-1-all,mc-Z-2-all,mc-Z-3-all,mc-I-0-all,mc-I-1-all,mc-I-2-all,mc-I-3-all,mc-T-0-all,mc-T-1-all,mc-T-2-all,mc-T-3-all,mc-S-0-all,mc-S-1-all,mc-S-2-all,mc-S-3-all,D_mc-chi-0-all,D_mc-chi-1-all,D_mc-chi-2-all,D_mc-chi-3-all,D_mc-Z-0-all,D_mc-Z-1-all,D_mc-Z-2-all,D_mc-Z-3-all,D_mc-I-0-all,D_mc-I-1-all,D_mc-I-2-all,D_mc-I-3-all,D_mc-T-0-all,D_mc-T-1-all,D_mc-T-2-all,D_mc-T-3-all,D_mc-S-0-all,D_mc-S-1-all,D_mc-S-2-all,D_mc-S-3-all,name
950.7660000000014,1810.5480000000034,4014.100000000002,5304.204799999993,15792.0,33312.0,48928.0,65792.0,104.0,248.0,432.0,664.0,704.0,1912.0,2832.0,3784.0,71.53999999999989,183.79760000000044,301.04799999999966,442.37999999999994,2.7224999999999997,26.488,24.254999999999995,58.454,900.0,1120.0,1560.0,2480.0,1.0,4.666666666666667,6.0,11.333333333333334,22.666666666666668,50.666666666666664,86.66666666666667,121.33333333333333,1.7161000000000006,4.462733333333334,6.5238000000000005,11.04766666666667,0.0,-8.35333333333333,-4.8,-16.72666666666667,0.0,102.66666666666667,128.0,257.3333333333333,0.0,0.0,0.0,0.0,0.0,12.0,9.333333333333334,28.0,0.0,2.706666666666667,2.8800000000000003,6.413333333333333,PIBPAS01_clean_primitive
