f-chi-0-all,f-chi-1-all,f-chi-2-all,f-chi-3-all,f-Z-0-all,f-Z-1-all,f-Z-2-all,f-Z-3-all,f-I-0-all,f-I-1-all,f-I-2-all,f-I-3-all,f-T-0-all,f-T-1-all,f-T-2-all,f-T-3-all,f-S-0-all,f-S-1-all,f-S-2-all,f-S-3-all,mc-chi-0-all,mc-chi-1-all,mc-chi-2-all,mc-chi-3-all,mc-Z-0-all,mc-Z-1-all,mc-Z-2-all,mc-Z-3-all,mc-I-0-all,mc-I-1-all,mc-I-2-all,mc-I-3-all,mc-T-0-all,mc-T-1-all,mc-T-2-all,mc-T-3-all,mc-S-0-all,mc-S-1-all,mc-S-2-all,mc-S-3-all,D_mc-chi-0-all,D_mc-chi-1-all,D_mc-chi-2-all,D_mc-chi-3-all,D_mc-Z-0-all,D_mc-Z-1-all,D_mc-Z-2-all,D_mc-Z-3-all,D_mc-I-0-all,D_mc-I-1-all,D_mc-I-2-all,D_mc-I-3-all,D_mc-T-0-all,D_mc-T-1-all,D_mc-T-2-all,D_mc-T-3-all,D_mc-S-0-all,D_mc-S-1-all,D_mc-S-2-all,D_mc-S-3-all,name
250.1617999999999,458.75839999999977,1274.7776000000001,1602.0767999999998,9266.0,16000.0,23488.0,26336.0,28.0,72.0,140.0,208.0,220.0,640.0,1028.0,1312.0,24.761600000000023,68.4448,115.20000000000005,153.7088,2.20105,22.256800000000002,18.1895,50.0901,1988.5,1808.0,2980.0,3736.0,1.0,5.0,6.0,12.0,26.0,62.0,102.0,154.0,2.8729999999999993,6.307200000000001,9.3576,15.1865,0.0,-10.729999999999999,-6.280000000000001,-20.595,0.0,186.0,196.0,437.5,0.0,0.0,0.0,0.0,0.0,14.0,11.0,31.0,0.0,4.990000000000001,4.789999999999999,11.369999999999997,DUJRAD_clean_primitive
250.1617999999999,458.75839999999977,1274.7776000000001,1602.0767999999998,9266.0,16000.0,23488.0,26336.0,28.0,72.0,140.0,208.0,220.0,640.0,1028.0,1312.0,24.761600000000023,68.44480000000001,115.20000000000005,153.70880000000002,2.20105,22.256800000000002,18.1895,50.0901,1988.5,1808.0,2980.0,3736.0,1.0,5.0,6.0,12.0,26.0,62.0,102.0,154.0,2.8729999999999993,6.307200000000001,9.3576,15.1865,0.0,-10.729999999999999,-6.280000000000001,-20.595,0.0,186.0,196.0,437.5,0.0,0.0,0.0,0.0,0.0,14.0,11.0,31.0,0.0,4.990000000000001,4.789999999999999,11.369999999999997,DUJRAD_clean_primitive
