f-sbu-chi-0,f-sbu-chi-1,f-sbu-chi-2,f-sbu-chi-3,f-sbu-Z-0,f-sbu-Z-1,f-sbu-Z-2,f-sbu-Z-3,f-sbu-I-0,f-sbu-I-1,f-sbu-I-2,f-sbu-I-3,f-sbu-T-0,f-sbu-T-1,f-sbu-T-2,f-sbu-T-3,f-sbu-S-0,f-sbu-S-1,f-sbu-S-2,f-sbu-S-3,mc-chi-0,mc-chi-1,mc-chi-2,mc-chi-3,mc-Z-0,mc-Z-1,mc-Z-2,mc-Z-3,mc-I-0,mc-I-1,mc-I-2,mc-I-3,mc-T-0,mc-T-1,mc-T-2,mc-T-3,mc-S-0,mc-S-1,mc-S-2,mc-S-3,D_mc-chi-0,D_mc-chi-1,D_mc-chi-2,D_mc-chi-3,D_mc-Z-0,D_mc-Z-1,D_mc-Z-2,D_mc-Z-3,D_mc-I-0,D_mc-I-1,D_mc-I-2,D_mc-I-3,D_mc-T-0,D_mc-T-1,D_mc-T-2,D_mc-T-3,D_mc-S-0,D_mc-S-1,D_mc-S-2,D_mc-S-3,name
372.4313999999998,829.5716000000004,1651.7644,2267.5392000000006,3156.0,8080.0,11284.0,13792.0,54.0,124.0,220.0,328.0,352.0,964.0,1540.0,2040.0,25.861400000000014,70.08760000000001,116.59319999999995,164.1416000000001,3.6481,37.89439999999999,34.0935,64.04229999999998,784.0,1288.0,1176.0,1736.0,1.0,6.0,7.0,13.0,36.0,84.0,126.0,174.0,1.4641,5.3482,6.5219000000000005,10.0793,0.0,-8.38,-4.479999999999999,-8.7,0.0,122.0,154.0,302.0,0.0,0.0,0.0,0.0,0.0,22.0,21.0,49.0,0.0,2.84,3.0799999999999996,7.399999999999999,YAHPED
294.6964,622.7666000000002,1271.5544,1736.1471999999994,2932.0,7336.0,10028.0,10936.0,40.0,90.0,160.0,236.0,258.0,706.0,1064.0,1292.0,21.208800000000007,54.85700000000001,91.0576,124.13480000000001,3.6481,37.89439999999999,34.0935,64.04229999999998,784.0,1288.0,1176.0,1736.0,1.0,6.0,7.0,13.0,36.0,84.0,126.0,174.0,1.4641,5.3482,6.5219000000000005,10.0793,0.0,-8.38,-4.479999999999999,-8.7,0.0,122.0,154.0,302.0,0.0,0.0,0.0,0.0,0.0,22.0,21.0,49.0,0.0,2.84,3.0799999999999996,7.399999999999999,YAHPED
