f-lig-chi-0,f-lig-chi-1,f-lig-chi-2,f-lig-chi-3,f-lig-Z-0,f-lig-Z-1,f-lig-Z-2,f-lig-Z-3,f-lig-I-0,f-lig-I-1,f-lig-I-2,f-lig-I-3,f-lig-T-0,f-lig-T-1,f-lig-T-2,f-lig-T-3,f-lig-S-0,f-lig-S-1,f-lig-S-2,f-lig-S-3,name
199.77439999999999,403.4610000000001,628.0204000000001,772.4469999999999,842.0,1728.0,2464.0,2506.0,30.0,62.0,96.0,124.0,158.0,390.0,544.0,580.0,12.987000000000004,30.35340000000001,44.11200000000001,49.986799999999995,CUQRIR_clean_primitive
199.77439999999999,403.4610000000001,628.0204000000001,772.4469999999999,842.0,1728.0,2464.0,2506.0,30.0,62.0,96.0,124.0,158.0,390.0,544.0,580.0,12.987000000000004,30.35340000000001,44.11200000000001,49.986799999999995,CUQRIR_clean_primitive
82.77480000000001,173.8292,268.3954,217.53000000000003,297.0,650.0,856.0,480.0,13.0,26.0,42.0,32.0,68.0,152.0,170.0,128.0,4.8805,11.5354,15.427399999999999,11.341599999999998,CUQRIR_clean_primitive
82.77480000000001,173.82920000000004,268.3954,217.53000000000003,297.0,650.0,856.0,480.0,13.0,26.0,42.0,32.0,68.0,152.0,170.0,128.0,4.8805,11.5354,15.427399999999999,11.341599999999998,CUQRIR_clean_primitive
82.7748,173.8292,268.3954,217.53000000000003,297.0,650.0,856.0,480.0,13.0,26.0,42.0,32.0,68.0,152.0,170.0,128.0,4.8805000000000005,11.5354,15.4274,11.3416,CUQRIR_clean_primitive
82.77480000000001,173.8292,268.3954,217.53000000000006,297.0,650.0,856.0,480.0,13.0,26.0,42.0,32.0,68.0,152.0,170.0,128.0,4.8805000000000005,11.5354,15.4274,11.3416,CUQRIR_clean_primitive
