f-chi-0-all,f-chi-1-all,f-chi-2-all,f-chi-3-all,f-Z-0-all,f-Z-1-all,f-Z-2-all,f-Z-3-all,f-I-0-all,f-I-1-all,f-I-2-all,f-I-3-all,f-T-0-all,f-T-1-all,f-T-2-all,f-T-3-all,f-S-0-all,f-S-1-all,f-S-2-all,f-S-3-all,mc-chi-0-all,mc-chi-1-all,mc-chi-2-all,mc-chi-3-all,mc-Z-0-all,mc-Z-1-all,mc-Z-2-all,mc-Z-3-all,mc-I-0-all,mc-I-1-all,mc-I-2-all,mc-I-3-all,mc-T-0-all,mc-T-1-all,mc-T-2-all,mc-T-3-all,mc-S-0-all,mc-S-1-all,mc-S-2-all,mc-S-3-all,D_mc-chi-0-all,D_mc-chi-1-all,D_mc-chi-2-all,D_mc-chi-3-all,D_mc-Z-0-all,D_mc-Z-1-all,D_mc-Z-2-all,D_mc-Z-3-all,D_mc-I-0-all,D_mc-I-1-all,D_mc-I-2-all,D_mc-I-3-all,D_mc-T-0-all,D_mc-T-1-all,D_mc-T-2-all,D_mc-T-3-all,D_mc-S-0-all,D_mc-S-1-all,D_mc-S-2-all,D_mc-S-3-all,name
385.1931999999998,719.5807999999997,3446.3636000000006,2124.1952000000006,15628.0,31232.0,47420.0,46896.0,46.0,140.0,388.0,332.0,656.0,2388.0,3248.0,3264.0,36.0412,130.81759999999994,208.84959999999995,235.2428000000002,0.7921,27.30519999999999,9.638700000000002,35.217299999999994,3136.0,3304.0,5880.0,4704.0,1.0,10.0,5.0,13.0,100.0,250.0,230.0,330.0,3.8415999999999997,12.191199999999997,10.564400000000001,17.424399999999995,0.0,-21.78,-6.379999999999999,-28.0,0.0,501.0,175.0,644.0,0.0,0.0,0.0,0.0,0.0,75.0,27.0,97.0,0.0,13.379999999999999,4.41,16.590000000000003,OGAQES_clean_primitive
385.1932,719.5807999999996,3446.3636000000006,2124.1952000000006,15628.0,31232.0,47420.0,46896.0,46.0,140.0,388.0,332.0,656.0,2388.0,3248.0,3264.0,36.0412,130.81759999999994,208.84959999999998,235.24280000000013,0.7921,27.30519999999999,9.638700000000002,35.217299999999994,3136.0,3304.0,5880.0,4704.0,1.0,10.0,5.0,13.0,100.0,250.0,230.0,330.0,3.8415999999999997,12.191199999999997,10.564400000000001,17.424399999999995,0.0,-21.78,-6.379999999999999,-28.0,0.0,501.0,175.0,644.0,0.0,0.0,0.0,0.0,0.0,75.0,27.0,97.0,0.0,13.379999999999999,4.41,16.590000000000003,OGAQES_clean_primitive
