f-lig-chi-0,f-lig-chi-1,f-lig-chi-2,f-lig-chi-3,f-lig-Z-0,f-lig-Z-1,f-lig-Z-2,f-lig-Z-3,f-lig-I-0,f-lig-I-1,f-lig-I-2,f-lig-I-3,f-lig-T-0,f-lig-T-1,f-lig-T-2,f-lig-T-3,f-lig-S-0,f-lig-S-1,f-lig-S-2,f-lig-S-3,name
756.5684000000012,1555.1940000000009,2612.4422000000013,3391.9619999999995,3128.0,6576.0,9704.0,11064.0,111.0,232.0,386.0,516.0,618.0,1556.0,2276.0,2628.0,46.431900000000034,111.3112,169.1186000000001,207.16520000000003,PEKCUF_clean_primitive
756.5684000000009,1555.194000000001,2612.442200000001,3391.962,3128.0,6576.0,9704.0,11064.0,111.0,232.0,386.0,516.0,618.0,1556.0,2276.0,2628.0,46.43190000000001,111.3111999999999,169.1186,207.16520000000003,PEKCUF_clean_primitive
756.568400000001,1555.1940000000009,2612.4422000000022,3391.962,3128.0,6576.0,9704.0,11064.0,111.0,232.0,386.0,516.0,618.0,1556.0,2276.0,2628.0,46.43190000000006,111.3112,169.11860000000007,207.16520000000003,PEKCUF_clean_primitive
756.5684000000003,1555.1939999999981,2612.4422,3391.9620000000004,3128.0,6576.0,9704.0,11064.0,111.0,232.0,386.0,516.0,618.0,1556.0,2276.0,2628.0,46.431899999999985,111.31119999999977,169.11859999999996,207.16519999999997,PEKCUF_clean_primitive
