f-chi-0-all,f-chi-1-all,f-chi-2-all,f-chi-3-all,f-Z-0-all,f-Z-1-all,f-Z-2-all,f-Z-3-all,f-I-0-all,f-I-1-all,f-I-2-all,f-I-3-all,f-T-0-all,f-T-1-all,f-T-2-all,f-T-3-all,f-S-0-all,f-S-1-all,f-S-2-all,f-S-3-all,mc-chi-0-all,mc-chi-1-all,mc-chi-2-all,mc-chi-3-all,mc-Z-0-all,mc-Z-1-all,mc-Z-2-all,mc-Z-3-all,mc-I-0-all,mc-I-1-all,mc-I-2-all,mc-I-3-all,mc-T-0-all,mc-T-1-all,mc-T-2-all,mc-T-3-all,mc-S-0-all,mc-S-1-all,mc-S-2-all,mc-S-3-all,D_mc-chi-0-all,D_mc-chi-1-all,D_mc-chi-2-all,D_mc-chi-3-all,D_mc-Z-0-all,D_mc-Z-1-all,D_mc-Z-2-all,D_mc-Z-3-all,D_mc-I-0-all,D_mc-I-1-all,D_mc-I-2-all,D_mc-I-3-all,D_mc-T-0-all,D_mc-T-1-all,D_mc-T-2-all,D_mc-T-3-all,D_mc-S-0-all,D_mc-S-1-all,D_mc-S-2-all,D_mc-S-3-all,name
644.9514000000004,1509.786000000001,5790.266799999999,5634.5556,30495.0,64788.0,176902.0,157788.0,78.0,252.0,634.0,816.0,1062.0,4248.0,8448.0,10848.0,61.775099999999945,227.45400000000026,471.32379999999984,659.6652000000005,2.163333333333333,32.656,22.649999999999995,72.172,3011.0,3319.3333333333335,15025.333333333334,7488.666666666667,1.0,7.333333333333333,8.0,18.0,59.333333333333336,187.33333333333334,366.0,390.0,2.538866666666666,8.786333333333335,15.11566666666667,21.187799999999992,0.0,-14.960000000000004,-4.8999999999999995,-32.500000000000014,0.0,365.3333333333333,200.66666666666666,934.0,0.0,0.0,0.0,0.0,0.0,36.666666666666664,18.0,102.0,0.0,6.6000000000000005,3.673333333333333,16.733333333333334,FEWQOP_clean_primitive
