f-chi-0-all,f-chi-1-all,f-chi-2-all,f-chi-3-all,f-Z-0-all,f-Z-1-all,f-Z-2-all,f-Z-3-all,f-I-0-all,f-I-1-all,f-I-2-all,f-I-3-all,f-T-0-all,f-T-1-all,f-T-2-all,f-T-3-all,f-S-0-all,f-S-1-all,f-S-2-all,f-S-3-all,mc-chi-0-all,mc-chi-1-all,mc-chi-2-all,mc-chi-3-all,mc-Z-0-all,mc-Z-1-all,mc-Z-2-all,mc-Z-3-all,mc-I-0-all,mc-I-1-all,mc-I-2-all,mc-I-3-all,mc-T-0-all,mc-T-1-all,mc-T-2-all,mc-T-3-all,mc-S-0-all,mc-S-1-all,mc-S-2-all,mc-S-3-all,D_mc-chi-0-all,D_mc-chi-1-all,D_mc-chi-2-all,D_mc-chi-3-all,D_mc-Z-0-all,D_mc-Z-1-all,D_mc-Z-2-all,D_mc-Z-3-all,D_mc-I-0-all,D_mc-I-1-all,D_mc-I-2-all,D_mc-I-3-all,D_mc-T-0-all,D_mc-T-1-all,D_mc-T-2-all,D_mc-T-3-all,D_mc-S-0-all,D_mc-S-1-all,D_mc-S-2-all,D_mc-S-3-all,name
369.33540000000005,656.3519999999995,2512.2528,2945.3280000000004,20552.0,34176.0,82816.0,80576.0,40.0,104.0,256.0,384.0,372.0,1160.0,2170.0,2904.0,35.80380000000001,103.36800000000004,207.21840000000003,320.46999999999997,1.4399999999999997,28.896,22.229999999999997,86.52000000000001,4096.0,3584.0,11840.0,10336.0,1.0,7.0,8.0,21.5,50.0,115.0,253.0,303.0,2.8560999999999996,8.6359,14.855099999999997,25.611949999999993,0.0,-15.680000000000001,-8.925,-46.30000000000002,0.0,392.0,327.0,1214.5,0.0,0.0,0.0,0.0,0.0,34.0,21.5,109.0,0.0,6.72,4.729999999999999,21.180000000000007,QUHMOX_clean_primitive
369.33540000000005,656.3519999999995,2512.2528,2945.3280000000004,20552.0,34176.0,82816.0,80576.0,40.0,104.0,256.0,384.0,372.0,1160.0,2170.0,2904.0,35.80380000000001,103.36800000000004,207.21840000000003,320.4699999999999,1.4399999999999997,28.896,22.229999999999997,86.52000000000001,4096.0,3584.0,11840.0,10336.0,1.0,7.0,8.0,21.5,50.0,115.0,253.0,303.0,2.8560999999999996,8.6359,14.855099999999997,25.611949999999993,0.0,-15.680000000000001,-8.925,-46.30000000000002,0.0,392.0,327.0,1214.5,0.0,0.0,0.0,0.0,0.0,34.0,21.5,109.0,0.0,6.72,4.729999999999999,21.180000000000007,QUHMOX_clean_primitive
