f-lig-chi-0,f-lig-chi-1,f-lig-chi-2,f-lig-chi-3,f-lig-Z-0,f-lig-Z-1,f-lig-Z-2,f-lig-Z-3,f-lig-I-0,f-lig-I-1,f-lig-I-2,f-lig-I-3,f-lig-T-0,f-lig-T-1,f-lig-T-2,f-lig-T-3,f-lig-S-0,f-lig-S-1,f-lig-S-2,f-lig-S-3,name
500.3123999999997,1048.9680000000008,1762.7526000000003,2146.870200000001,1905.0,4140.0,6138.0,7032.0,78.0,162.0,276.0,330.0,438.0,1068.0,1488.0,1866.0,30.658200000000022,74.98260000000002,113.45880000000005,138.59459999999999,TAWYUO_clean_primitive
500.31239999999985,1048.9680000000008,1762.7526000000007,2146.870200000001,1905.0,4140.0,6138.0,7032.0,78.0,162.0,276.0,330.0,438.0,1068.0,1488.0,1866.0,30.658200000000008,74.98260000000003,113.45880000000005,138.59459999999996,TAWYUO_clean_primitive
500.31239999999946,1048.968000000001,1762.7526,2146.870200000001,1905.0,4140.0,6138.0,7032.0,78.0,162.0,276.0,330.0,438.0,1068.0,1488.0,1866.0,30.658200000000022,74.98260000000003,113.45880000000005,138.59459999999999,TAWYUO_clean_primitive
500.3123999999998,1048.9680000000008,1762.752600000001,2146.870200000001,1905.0,4140.0,6138.0,7032.0,78.0,162.0,276.0,330.0,438.0,1068.0,1488.0,1866.0,30.658200000000008,74.98260000000002,113.45880000000004,138.59459999999996,TAWYUO_clean_primitive
