f-lig-chi-0,f-lig-chi-1,f-lig-chi-2,f-lig-chi-3,f-lig-Z-0,f-lig-Z-1,f-lig-Z-2,f-lig-Z-3,f-lig-I-0,f-lig-I-1,f-lig-I-2,f-lig-I-3,f-lig-T-0,f-lig-T-1,f-lig-T-2,f-lig-T-3,f-lig-S-0,f-lig-S-1,f-lig-S-2,f-lig-S-3,name
165.54960000000003,365.66140000000007,609.8667999999999,636.681,594.0,1396.0,1816.0,1272.0,26.0,54.0,92.0,106.0,146.0,364.0,492.0,452.0,9.761,24.195000000000007,35.44760000000001,33.061,EXALAR_clean_primitive
165.54960000000003,365.66140000000007,609.8667999999998,636.681,594.0,1396.0,1816.0,1272.0,26.0,54.0,92.0,106.0,146.0,364.0,492.0,452.0,9.761,24.195000000000007,35.447599999999994,33.061,EXALAR_clean_primitive
165.5496,365.6614,609.8667999999999,636.681,594.0,1396.0,1816.0,1272.0,26.0,54.0,92.0,106.0,146.0,364.0,492.0,452.0,9.761,24.195000000000007,35.4476,33.061,EXALAR_clean_primitive
165.54960000000003,365.66140000000007,609.8667999999999,636.6810000000002,594.0,1396.0,1816.0,1272.0,26.0,54.0,92.0,106.0,146.0,364.0,492.0,452.0,9.761,24.195000000000007,35.447599999999994,33.06100000000001,EXALAR_clean_primitive
165.54960000000003,365.6614000000002,609.8668,636.681,594.0,1396.0,1816.0,1272.0,26.0,54.0,92.0,106.0,146.0,364.0,492.0,452.0,9.761000000000001,24.195000000000007,35.44760000000001,33.061,EXALAR_clean_primitive
165.54960000000005,365.6614000000001,609.8667999999998,636.681,594.0,1396.0,1816.0,1272.0,26.0,54.0,92.0,106.0,146.0,364.0,492.0,452.0,9.761000000000001,24.195000000000007,35.4476,33.061,EXALAR_clean_primitive
165.54960000000003,365.6614000000002,609.8667999999999,636.681,594.0,1396.0,1816.0,1272.0,26.0,54.0,92.0,106.0,146.0,364.0,492.0,452.0,9.761,24.19500000000001,35.447600000000016,33.061,EXALAR_clean_primitive
165.54960000000003,365.66140000000024,609.8667999999999,636.681,594.0,1396.0,1816.0,1272.0,26.0,54.0,92.0,106.0,146.0,364.0,492.0,452.0,9.761,24.195000000000007,35.447599999999994,33.061,EXALAR_clean_primitive
