f-chi-0-all,f-chi-1-all,f-chi-2-all,f-chi-3-all,f-Z-0-all,f-Z-1-all,f-Z-2-all,f-Z-3-all,f-I-0-all,f-I-1-all,f-I-2-all,f-I-3-all,f-T-0-all,f-T-1-all,f-T-2-all,f-T-3-all,f-S-0-all,f-S-1-all,f-S-2-all,f-S-3-all,mc-chi-0-all,mc-chi-1-all,mc-chi-2-all,mc-chi-3-all,mc-Z-0-all,mc-Z-1-all,mc-Z-2-all,mc-Z-3-all,mc-I-0-all,mc-I-1-all,mc-I-2-all,mc-I-3-all,mc-T-0-all,mc-T-1-all,mc-T-2-all,mc-T-3-all,mc-S-0-all,mc-S-1-all,mc-S-2-all,mc-S-3-all,D_mc-chi-0-all,D_mc-chi-1-all,D_mc-chi-2-all,D_mc-chi-3-all,D_mc-Z-0-all,D_mc-Z-1-all,D_mc-Z-2-all,D_mc-Z-3-all,D_mc-I-0-all,D_mc-I-1-all,D_mc-I-2-all,D_mc-I-3-all,D_mc-T-0-all,D_mc-T-1-all,D_mc-T-2-all,D_mc-T-3-all,D_mc-S-0-all,D_mc-S-1-all,D_mc-S-2-all,D_mc-S-3-all,name
419.47859999999974,745.1039999999999,1788.6451999999997,2192.6559999999995,5850.0,13376.0,18348.0,21728.0,48.0,108.0,192.0,280.0,300.0,796.0,1232.0,1512.0,33.110400000000034,83.71640000000002,133.56000000000006,175.84240000000003,2.4025000000000003,24.88266666666667,19.685,46.02466666666667,625.0,933.3333333333334,1033.3333333333333,1733.3333333333333,1.0,4.666666666666667,5.333333333333333,9.666666666666666,23.333333333333332,50.333333333333336,82.66666666666667,117.33333333333333,1.9320999999999995,4.735266666666665,5.912133333333333,10.031166666666662,0.0,-8.820000000000002,-4.433333333333333,-14.709999999999999,0.0,79.33333333333333,92.0,172.33333333333334,0.0,0.0,0.0,0.0,0.0,13.333333333333334,10.666666666666666,25.0,0.0,3.08,3.1599999999999997,6.2200000000000015,YINDOQ_clean_primitive
419.47859999999974,745.1039999999999,1788.6451999999997,2192.6559999999995,5850.0,13376.0,18348.0,21728.0,48.0,108.0,192.0,280.0,300.0,796.0,1232.0,1512.0,33.110400000000034,83.71640000000002,133.56000000000006,175.84240000000003,2.4025000000000003,24.88266666666667,19.685,46.02466666666667,625.0,933.3333333333334,1033.3333333333333,1733.3333333333333,1.0,4.666666666666667,5.333333333333333,9.666666666666666,23.333333333333332,50.333333333333336,82.66666666666667,117.33333333333333,1.9320999999999995,4.735266666666665,5.912133333333333,10.031166666666662,0.0,-8.820000000000002,-4.433333333333333,-14.709999999999999,0.0,79.33333333333333,92.0,172.33333333333334,0.0,0.0,0.0,0.0,0.0,13.333333333333334,10.666666666666666,25.0,0.0,3.08,3.1599999999999997,6.2200000000000015,YINDOQ_clean_primitive
