f-chi-0-all,f-chi-1-all,f-chi-2-all,f-chi-3-all,f-Z-0-all,f-Z-1-all,f-Z-2-all,f-Z-3-all,f-I-0-all,f-I-1-all,f-I-2-all,f-I-3-all,f-T-0-all,f-T-1-all,f-T-2-all,f-T-3-all,f-S-0-all,f-S-1-all,f-S-2-all,f-S-3-all,mc-chi-0-all,mc-chi-1-all,mc-chi-2-all,mc-chi-3-all,mc-Z-0-all,mc-Z-1-all,mc-Z-2-all,mc-Z-3-all,mc-I-0-all,mc-I-1-all,mc-I-2-all,mc-I-3-all,mc-T-0-all,mc-T-1-all,mc-T-2-all,mc-T-3-all,mc-S-0-all,mc-S-1-all,mc-S-2-all,mc-S-3-all,D_mc-chi-0-all,D_mc-chi-1-all,D_mc-chi-2-all,D_mc-chi-3-all,D_mc-Z-0-all,D_mc-Z-1-all,D_mc-Z-2-all,D_mc-Z-3-all,D_mc-I-0-all,D_mc-I-1-all,D_mc-I-2-all,D_mc-I-3-all,D_mc-T-0-all,D_mc-T-1-all,D_mc-T-2-all,D_mc-T-3-all,D_mc-S-0-all,D_mc-S-1-all,D_mc-S-2-all,D_mc-S-3-all,name
411.38250000000005,927.2,1307.9441999999997,1377.0804000000005,21921.0,18088.0,43152.0,28332.0,57.0,128.0,196.0,192.0,334.0,840.0,1184.0,1224.0,42.47520000000001,90.57000000000002,154.72059999999993,138.36719999999985,3.724899999999999,14.081279999999996,26.425559999999997,50.728120000000004,2209.0,789.6,2707.2,2049.2,1.0,2.4,5.4,10.0,6.0,21.2,40.2,55.8,1.6384000000000003,2.304,5.69856,7.58784,0.0,-2.664,-3.2700000000000005,-6.984000000000002,0.0,96.0,196.2,426.4,0.0,0.0,0.0,0.0,0.0,-2.4,-2.4,3.2,0.0,1.2720000000000002,2.4599999999999995,6.872000000000002,NIVZOJ_clean_primitive
48.21809999999999,85.4848,83.8652,62.016,2451.0,1652.0,2498.0,336.0,7.0,12.0,14.0,8.0,26.0,48.0,38.0,24.0,5.135000000000001,8.46,11.381400000000001,4.62,3.724899999999999,14.081279999999996,26.425559999999997,50.728120000000004,2209.0,789.6,2707.2,2049.2,1.0,2.4,5.4,10.0,6.0,21.2,40.2,55.8,1.6384000000000003,2.304,5.69856,7.58784,0.0,-2.664,-3.2700000000000005,-6.984000000000002,0.0,96.0,196.2,426.4,0.0,0.0,0.0,0.0,0.0,-2.4,-2.4,3.2,0.0,1.2720000000000002,2.4599999999999995,6.872000000000002,NIVZOJ_clean_primitive
