f-lig-chi-0,f-lig-chi-1,f-lig-chi-2,f-lig-chi-3,f-lig-Z-0,f-lig-Z-1,f-lig-Z-2,f-lig-Z-3,f-lig-I-0,f-lig-I-1,f-lig-I-2,f-lig-I-3,f-lig-T-0,f-lig-T-1,f-lig-T-2,f-lig-T-3,f-lig-S-0,f-lig-S-1,f-lig-S-2,f-lig-S-3,name
588.5776000000002,1197.9389999999996,1966.3816000000015,2566.197999999998,2770.0,5712.0,9040.0,10660.0,82.0,178.0,288.0,392.0,466.0,1194.0,1840.0,2296.0,39.44979999999998,93.46260000000001,146.63359999999997,186.73359999999994,FIZPOV_clean_primitive
588.5776000000002,1197.9389999999996,1966.3816000000015,2566.197999999998,2770.0,5712.0,9040.0,10660.0,82.0,178.0,288.0,392.0,466.0,1194.0,1840.0,2296.0,39.44979999999998,93.46260000000001,146.63359999999997,186.73359999999994,FIZPOV_clean_primitive
