f-lig-chi-0,f-lig-chi-1,f-lig-chi-2,f-lig-chi-3,f-lig-Z-0,f-lig-Z-1,f-lig-Z-2,f-lig-Z-3,f-lig-I-0,f-lig-I-1,f-lig-I-2,f-lig-I-3,f-lig-T-0,f-lig-T-1,f-lig-T-2,f-lig-T-3,f-lig-S-0,f-lig-S-1,f-lig-S-2,f-lig-S-3,name
158.4254,266.38860000000005,497.9301999999999,567.3083999999999,908.0,1752.0,2104.0,1800.0,20.0,38.0,66.0,78.0,104.0,248.0,304.0,326.0,9.202299999999997,20.0274,28.655199999999994,30.07339999999999,GUHGOH_clean_primitive
158.4254,266.38860000000005,497.9301999999999,567.3083999999999,908.0,1752.0,2104.0,1800.0,20.0,38.0,66.0,78.0,104.0,248.0,304.0,326.0,9.202299999999997,20.0274,28.655199999999994,30.07339999999999,GUHGOH_clean_primitive
158.4254,266.38860000000005,497.9301999999999,567.3083999999999,908.0,1752.0,2104.0,1800.0,20.0,38.0,66.0,78.0,104.0,248.0,304.0,326.0,9.202299999999997,20.027400000000004,28.655199999999997,30.07339999999999,GUHGOH_clean_primitive
158.4254,266.38860000000005,497.9301999999999,567.3083999999999,908.0,1752.0,2104.0,1800.0,20.0,38.0,66.0,78.0,104.0,248.0,304.0,326.0,9.202299999999997,20.027400000000004,28.655199999999997,30.07339999999999,GUHGOH_clean_primitive
