f-chi-0-all,f-chi-1-all,f-chi-2-all,f-chi-3-all,f-Z-0-all,f-Z-1-all,f-Z-2-all,f-Z-3-all,f-I-0-all,f-I-1-all,f-I-2-all,f-I-3-all,f-T-0-all,f-T-1-all,f-T-2-all,f-T-3-all,f-S-0-all,f-S-1-all,f-S-2-all,f-S-3-all,mc-chi-0-all,mc-chi-1-all,mc-chi-2-all,mc-chi-3-all,mc-Z-0-all,mc-Z-1-all,mc-Z-2-all,mc-Z-3-all,mc-I-0-all,mc-I-1-all,mc-I-2-all,mc-I-3-all,mc-T-0-all,mc-T-1-all,mc-T-2-all,mc-T-3-all,mc-S-0-all,mc-S-1-all,mc-S-2-all,mc-S-3-all,D_mc-chi-0-all,D_mc-chi-1-all,D_mc-chi-2-all,D_mc-chi-3-all,D_mc-Z-0-all,D_mc-Z-1-all,D_mc-Z-2-all,D_mc-Z-3-all,D_mc-I-0-all,D_mc-I-1-all,D_mc-I-2-all,D_mc-I-3-all,D_mc-T-0-all,D_mc-T-1-all,D_mc-T-2-all,D_mc-T-3-all,D_mc-S-0-all,D_mc-S-1-all,D_mc-S-2-all,D_mc-S-3-all,name
587.9078000000001,1285.4815999999996,2947.376000000001,3264.9904000000024,7784.0,18688.0,27272.0,26112.0,70.0,176.0,336.0,400.0,512.0,1408.0,2360.0,2288.0,45.046999999999954,121.35200000000017,215.91839999999993,242.76960000000005,3.6481,34.02346666666666,32.47,45.7636,784.0,1157.3333333333333,1120.0,1568.0,1.0,5.333333333333333,6.666666666666667,8.0,29.333333333333332,66.66666666666667,112.0,98.66666666666667,1.4641,4.743199999999999,6.211333333333333,7.260000000000001,0.0,-7.626666666666668,-4.266666666666665,-8.68,0.0,108.0,146.66666666666666,168.0,0.0,0.0,0.0,0.0,0.0,17.333333333333332,17.333333333333332,24.0,0.0,2.533333333333333,2.933333333333333,3.6799999999999997,KOFVOS_clean_primitive
