f-link-chi-0,f-link-chi-1,f-link-chi-2,f-link-chi-3,f-link-Z-0,f-link-Z-1,f-link-Z-2,f-link-Z-3,f-link-I-0,f-link-I-1,f-link-I-2,f-link-I-3,f-link-T-0,f-link-T-1,f-link-T-2,f-link-T-3,f-link-S-0,f-link-S-1,f-link-S-2,f-link-S-3,name
231.5118,450.5850000000001,781.9587999999999,1010.0503999999999,1011.0,1980.0,3064.0,3320.0,32.0,66.0,114.0,154.0,180.0,464.0,680.0,694.0,13.962400000000004,32.44780000000001,50.868999999999986,60.63460000000001,HUXHOZ
231.5118,450.58500000000004,781.9588,1010.0504,1011.0,1980.0,3064.0,3320.0,32.0,66.0,114.0,154.0,180.0,464.0,680.0,694.0,13.9624,32.44780000000001,50.869000000000014,60.6346,HUXHOZ
231.5118,450.585,781.9588000000001,1010.0504000000001,1011.0,1980.0,3064.0,3320.0,32.0,66.0,114.0,154.0,180.0,464.0,680.0,694.0,13.962400000000002,32.44780000000001,50.869000000000014,60.634600000000006,HUXHOZ
144.91320000000002,317.27100000000013,477.1100000000001,548.817,540.0,1248.0,1592.0,1434.0,24.0,50.0,76.0,92.0,126.0,306.0,412.0,416.0,9.608800000000004,23.361800000000006,32.55800000000001,33.85,HUXHOZ
144.91320000000002,317.27100000000013,477.1100000000001,548.8170000000001,540.0,1248.0,1592.0,1434.0,24.0,50.0,76.0,92.0,126.0,306.0,412.0,416.0,9.608800000000002,23.361800000000006,32.558,33.85,HUXHOZ
231.5118,450.5850000000001,781.9587999999999,1010.0503999999999,1011.0,1980.0,3064.0,3320.0,32.0,66.0,114.0,154.0,180.0,464.0,680.0,694.0,13.962400000000004,32.44780000000001,50.86899999999999,60.634600000000006,HUXHOZ
144.91320000000002,317.27100000000013,477.1100000000001,548.817,540.0,1248.0,1592.0,1434.0,24.0,50.0,76.0,92.0,126.0,306.0,412.0,416.0,9.608800000000004,23.361800000000006,32.55800000000001,33.85,HUXHOZ
144.91320000000002,317.27100000000013,477.1100000000001,548.8170000000001,540.0,1248.0,1592.0,1434.0,24.0,50.0,76.0,92.0,126.0,306.0,412.0,416.0,9.608800000000002,23.361800000000006,32.558,33.85,HUXHOZ
