f-lig-chi-0,f-lig-chi-1,f-lig-chi-2,f-lig-chi-3,f-lig-Z-0,f-lig-Z-1,f-lig-Z-2,f-lig-Z-3,f-lig-I-0,f-lig-I-1,f-lig-I-2,f-lig-I-3,f-lig-T-0,f-lig-T-1,f-lig-T-2,f-lig-T-3,f-lig-S-0,f-lig-S-1,f-lig-S-2,f-lig-S-3,name
139.68710000000002,302.77840000000015,478.9558000000002,443.5719999999999,554.0,1252.0,1750.0,1240.0,21.0,44.0,72.0,64.0,116.0,272.0,336.0,288.0,8.620500000000003,20.791600000000003,29.532000000000018,25.083199999999998,COXCUP_clean_primitive
139.68710000000002,302.77840000000015,478.9558000000002,443.5719999999999,554.0,1252.0,1750.0,1240.0,21.0,44.0,72.0,64.0,116.0,272.0,336.0,288.0,8.620500000000003,20.791600000000003,29.532000000000018,25.083199999999998,COXCUP_clean_primitive
139.68710000000002,302.77840000000015,478.9558000000002,443.5719999999999,554.0,1252.0,1750.0,1240.0,21.0,44.0,72.0,64.0,116.0,272.0,336.0,288.0,8.620500000000003,20.791600000000003,29.532000000000018,25.083199999999998,COXCUP_clean_primitive
139.68710000000002,302.77840000000015,478.9558000000002,443.5719999999999,554.0,1252.0,1750.0,1240.0,21.0,44.0,72.0,64.0,116.0,272.0,336.0,288.0,8.620500000000003,20.791600000000003,29.532000000000018,25.083199999999998,COXCUP_clean_primitive
139.68710000000002,302.77840000000003,478.9558000000001,443.5719999999999,554.0,1252.0,1750.0,1240.0,21.0,44.0,72.0,64.0,116.0,272.0,336.0,288.0,8.620500000000003,20.791600000000003,29.53200000000001,25.083199999999994,COXCUP_clean_primitive
139.68710000000002,302.77840000000003,478.9558000000001,443.5719999999999,554.0,1252.0,1750.0,1240.0,21.0,44.0,72.0,64.0,116.0,272.0,336.0,288.0,8.620500000000003,20.791600000000003,29.53200000000001,25.083199999999998,COXCUP_clean_primitive
139.68710000000002,302.77840000000003,478.9558000000001,443.5719999999999,554.0,1252.0,1750.0,1240.0,21.0,44.0,72.0,64.0,116.0,272.0,336.0,288.0,8.620500000000003,20.7916,29.53200000000001,25.083199999999998,COXCUP_clean_primitive
139.68710000000002,302.77840000000003,478.9558000000001,443.5719999999999,554.0,1252.0,1750.0,1240.0,21.0,44.0,72.0,64.0,116.0,272.0,336.0,288.0,8.620500000000003,20.7916,29.53200000000001,25.083199999999998,COXCUP_clean_primitive
