name,cif_file,Di,Df,Dif,rho,VSA,GSA,VPOV,GPOV,POAV_vol_frac,PONAV_vol_frac,GPOAV,GPONAV,POAV,PONAV
TOZFOF_clean,TOZFOF_clean.cif,13.77234,9.32974,13.77234,0.843356,1832.52,2172.89,0.6020000000000001,0.713814806558559,0.557,0.045,0.660456,0.0533582,7736.12,625.0
