f-sbu-chi-0,f-sbu-chi-1,f-sbu-chi-2,f-sbu-chi-3,f-sbu-Z-0,f-sbu-Z-1,f-sbu-Z-2,f-sbu-Z-3,f-sbu-I-0,f-sbu-I-1,f-sbu-I-2,f-sbu-I-3,f-sbu-T-0,f-sbu-T-1,f-sbu-T-2,f-sbu-T-3,f-sbu-S-0,f-sbu-S-1,f-sbu-S-2,f-sbu-S-3,mc-chi-0,mc-chi-1,mc-chi-2,mc-chi-3,mc-Z-0,mc-Z-1,mc-Z-2,mc-Z-3,mc-I-0,mc-I-1,mc-I-2,mc-I-3,mc-T-0,mc-T-1,mc-T-2,mc-T-3,mc-S-0,mc-S-1,mc-S-2,mc-S-3,D_mc-chi-0,D_mc-chi-1,D_mc-chi-2,D_mc-chi-3,D_mc-Z-0,D_mc-Z-1,D_mc-Z-2,D_mc-Z-3,D_mc-I-0,D_mc-I-1,D_mc-I-2,D_mc-I-3,D_mc-T-0,D_mc-T-1,D_mc-T-2,D_mc-T-3,D_mc-S-0,D_mc-S-1,D_mc-S-2,D_mc-S-3,name
174.742,326.61,716.9552,856.3183999999998,3190.0,6840.0,8804.0,8360.0,22.0,48.0,88.0,108.0,136.0,352.0,504.0,480.0,15.703000000000001,36.806400000000004,62.75359999999999,70.94760000000001,2.7224999999999997,26.598,25.245,50.5395,900.0,1410.0,1080.0,1530.0,1.0,5.0,6.0,12.0,25.0,55.0,100.0,130.0,1.7161000000000002,5.1745,6.0522,9.379600000000002,0.0,-7.870000000000002,-5.3999999999999995,-10.830000000000004,0.0,103.0,144.0,309.0,0.0,0.0,0.0,0.0,0.0,14.0,10.0,34.0,0.0,2.6,3.2400000000000007,8.560000000000002,ValZnCl
174.742,326.61,716.9552,856.3184000000001,3190.0,6840.0,8804.0,8360.0,22.0,48.0,88.0,108.0,136.0,352.0,504.0,480.0,15.703000000000001,36.806400000000004,62.75359999999999,70.94760000000001,2.7224999999999997,26.598,25.245,50.5395,900.0,1410.0,1080.0,1530.0,1.0,5.0,6.0,12.0,25.0,55.0,100.0,130.0,1.7161000000000002,5.1745,6.0522,9.379600000000002,0.0,-7.870000000000002,-5.3999999999999995,-10.830000000000004,0.0,103.0,144.0,309.0,0.0,0.0,0.0,0.0,0.0,14.0,10.0,34.0,0.0,2.6,3.2400000000000007,8.560000000000002,ValZnCl
174.742,326.61,716.9552,856.3184,3190.0,6840.0,8804.0,8360.0,22.0,48.0,88.0,108.0,136.0,352.0,504.0,480.0,15.703000000000001,36.806400000000004,62.75359999999999,70.94760000000002,2.7224999999999997,26.598,25.245,50.5395,900.0,1410.0,1080.0,1530.0,1.0,5.0,6.0,12.0,25.0,55.0,100.0,130.0,1.7161000000000002,5.1745,6.0522,9.379600000000002,0.0,-7.870000000000002,-5.3999999999999995,-10.830000000000004,0.0,103.0,144.0,309.0,0.0,0.0,0.0,0.0,0.0,14.0,10.0,34.0,0.0,2.6,3.2400000000000007,8.560000000000002,ValZnCl
