f-chi-0-all,f-chi-1-all,f-chi-2-all,f-chi-3-all,f-Z-0-all,f-Z-1-all,f-Z-2-all,f-Z-3-all,f-I-0-all,f-I-1-all,f-I-2-all,f-I-3-all,f-T-0-all,f-T-1-all,f-T-2-all,f-T-3-all,f-S-0-all,f-S-1-all,f-S-2-all,f-S-3-all,mc-chi-0-all,mc-chi-1-all,mc-chi-2-all,mc-chi-3-all,mc-Z-0-all,mc-Z-1-all,mc-Z-2-all,mc-Z-3-all,mc-I-0-all,mc-I-1-all,mc-I-2-all,mc-I-3-all,mc-T-0-all,mc-T-1-all,mc-T-2-all,mc-T-3-all,mc-S-0-all,mc-S-1-all,mc-S-2-all,mc-S-3-all,D_mc-chi-0-all,D_mc-chi-1-all,D_mc-chi-2-all,D_mc-chi-3-all,D_mc-Z-0-all,D_mc-Z-1-all,D_mc-Z-2-all,D_mc-Z-3-all,D_mc-I-0-all,D_mc-I-1-all,D_mc-I-2-all,D_mc-I-3-all,D_mc-T-0-all,D_mc-T-1-all,D_mc-T-2-all,D_mc-T-3-all,D_mc-S-0-all,D_mc-S-1-all,D_mc-S-2-all,D_mc-S-3-all,name
321.3647999999999,635.0219999999998,2383.7091999999993,2204.0999999999995,13635.0,27552.0,41788.0,34224.0,37.0,104.0,250.0,288.0,438.0,1584.0,2216.0,2044.0,27.545800000000014,93.9092,171.87699999999998,195.5408,1.4399999999999997,34.352000000000004,20.279999999999998,54.191999999999986,3969.0,4200.0,7560.0,6300.0,1.0,8.666666666666666,7.333333333333333,15.333333333333334,78.66666666666667,212.0,253.33333333333334,324.0,2.8223999999999996,10.718399999999997,11.524799999999997,18.446399999999993,0.0,-18.22666666666667,-8.1,-26.76000000000001,0.0,479.3333333333333,342.0,866.0,0.0,0.0,0.0,0.0,0.0,55.333333333333336,32.0,87.33333333333333,0.0,8.180000000000001,5.46,14.78,ATUXIY_clean_primitive
321.3647999999999,635.0219999999998,2383.7092,2204.0999999999995,13635.0,27552.0,41788.0,34224.0,37.0,104.0,250.0,288.0,438.0,1584.0,2216.0,2044.0,27.545800000000014,93.90919999999998,171.87699999999998,195.5408,1.4399999999999997,34.352000000000004,20.279999999999998,54.191999999999986,3969.0,4200.0,7560.0,6300.0,1.0,8.666666666666666,7.333333333333333,15.333333333333334,78.66666666666667,212.0,253.33333333333334,324.0,2.8223999999999996,10.718399999999997,11.524799999999997,18.446399999999993,0.0,-18.22666666666667,-8.1,-26.76000000000001,0.0,479.3333333333333,342.0,866.0,0.0,0.0,0.0,0.0,0.0,55.333333333333336,32.0,87.33333333333333,0.0,8.180000000000001,5.46,14.78,ATUXIY_clean_primitive
