f-chi-0-all,f-chi-1-all,f-chi-2-all,f-chi-3-all,f-Z-0-all,f-Z-1-all,f-Z-2-all,f-Z-3-all,f-I-0-all,f-I-1-all,f-I-2-all,f-I-3-all,f-T-0-all,f-T-1-all,f-T-2-all,f-T-3-all,f-S-0-all,f-S-1-all,f-S-2-all,f-S-3-all,mc-chi-0-all,mc-chi-1-all,mc-chi-2-all,mc-chi-3-all,mc-Z-0-all,mc-Z-1-all,mc-Z-2-all,mc-Z-3-all,mc-I-0-all,mc-I-1-all,mc-I-2-all,mc-I-3-all,mc-T-0-all,mc-T-1-all,mc-T-2-all,mc-T-3-all,mc-S-0-all,mc-S-1-all,mc-S-2-all,mc-S-3-all,D_mc-chi-0-all,D_mc-chi-1-all,D_mc-chi-2-all,D_mc-chi-3-all,D_mc-Z-0-all,D_mc-Z-1-all,D_mc-Z-2-all,D_mc-Z-3-all,D_mc-I-0-all,D_mc-I-1-all,D_mc-I-2-all,D_mc-I-3-all,D_mc-T-0-all,D_mc-T-1-all,D_mc-T-2-all,D_mc-T-3-all,D_mc-S-0-all,D_mc-S-1-all,D_mc-S-2-all,D_mc-S-3-all,name
439.1932999999998,875.1360000000002,2293.502000000001,2659.8079999999995,6671.0,17088.0,27980.0,32320.0,49.0,128.0,246.0,344.0,398.0,1188.0,2006.0,2384.0,36.746500000000026,104.53600000000007,182.2774,240.4328,2.4025000000000003,27.421714285714284,22.187142857142863,57.67771428571428,625.0,1028.5714285714287,1757.142857142857,2171.4285714285716,1.0,5.142857142857143,6.285714285714286,12.0,27.142857142857142,66.57142857142857,121.71428571428571,162.28571428571428,1.9321,5.218457142857142,8.204971428571428,12.430571428571426,0.0,-9.72,-4.571428571428571,-18.611428571428572,0.0,87.42857142857143,86.85714285714286,213.14285714285714,0.0,0.0,0.0,0.0,0.0,14.571428571428571,10.857142857142858,33.142857142857146,0.0,3.3942857142857146,2.8342857142857136,7.737142857142857,UKUPIB_clean_primitive
