f-lig-chi-0,f-lig-chi-1,f-lig-chi-2,f-lig-chi-3,f-lig-Z-0,f-lig-Z-1,f-lig-Z-2,f-lig-Z-3,f-lig-I-0,f-lig-I-1,f-lig-I-2,f-lig-I-3,f-lig-T-0,f-lig-T-1,f-lig-T-2,f-lig-T-3,f-lig-S-0,f-lig-S-1,f-lig-S-2,f-lig-S-3,name
47.6707,97.46100000000001,124.69320000000002,58.87200000000001,208.0,432.0,462.0,54.0,7.0,14.0,18.0,10.0,32.0,70.0,76.0,18.0,3.1775,6.945399999999999,8.0562,2.5233999999999996,EMIHEO_charged_primitive
47.6707,97.46100000000001,124.6932,58.87200000000001,208.0,432.0,462.0,54.0,7.0,14.0,18.0,10.0,32.0,70.0,76.0,18.0,3.1775,6.9454,8.0562,2.5233999999999996,EMIHEO_charged_primitive
47.6707,97.461,124.69319999999999,58.872,208.0,432.0,462.0,54.0,7.0,14.0,18.0,10.0,32.0,70.0,76.0,18.0,3.1775,6.9454,8.0562,2.5233999999999996,EMIHEO_charged_primitive
47.6707,97.461,124.69319999999999,58.872,208.0,432.0,462.0,54.0,7.0,14.0,18.0,10.0,32.0,70.0,76.0,18.0,3.1775,6.9454,8.0562,2.5233999999999996,EMIHEO_charged_primitive
