f-sbu-chi-0,f-sbu-chi-1,f-sbu-chi-2,f-sbu-chi-3,f-sbu-Z-0,f-sbu-Z-1,f-sbu-Z-2,f-sbu-Z-3,f-sbu-I-0,f-sbu-I-1,f-sbu-I-2,f-sbu-I-3,f-sbu-T-0,f-sbu-T-1,f-sbu-T-2,f-sbu-T-3,f-sbu-S-0,f-sbu-S-1,f-sbu-S-2,f-sbu-S-3,mc-chi-0,mc-chi-1,mc-chi-2,mc-chi-3,mc-Z-0,mc-Z-1,mc-Z-2,mc-Z-3,mc-I-0,mc-I-1,mc-I-2,mc-I-3,mc-T-0,mc-T-1,mc-T-2,mc-T-3,mc-S-0,mc-S-1,mc-S-2,mc-S-3,D_mc-chi-0,D_mc-chi-1,D_mc-chi-2,D_mc-chi-3,D_mc-Z-0,D_mc-Z-1,D_mc-Z-2,D_mc-Z-3,D_mc-I-0,D_mc-I-1,D_mc-I-2,D_mc-I-3,D_mc-T-0,D_mc-T-1,D_mc-T-2,D_mc-T-3,D_mc-S-0,D_mc-S-1,D_mc-S-2,D_mc-S-3,name
264.18489999999997,475.5599999999999,964.8952000000004,1404.4319999999998,4042.0,8136.0,14146.0,15792.0,33.0,68.0,118.0,184.0,186.0,500.0,804.0,1040.0,21.301700000000007,48.60760000000001,83.58939999999998,119.44400000000006,2.7224999999999997,25.607999999999993,28.874999999999996,74.459,900.0,1080.0,2280.0,2660.0,1.0,4.666666666666667,7.333333333333333,16.0,22.666666666666668,58.666666666666664,120.0,160.0,1.7161000000000002,4.497666666666667,8.340333333333334,13.711333333333336,0.0,-7.82,-5.400000000000001,-18.72666666666667,0.0,104.0,144.0,391.3333333333333,0.0,0.0,0.0,0.0,0.0,10.666666666666666,11.333333333333334,44.0,0.0,2.68,3.24,10.493333333333334,VOFSOA
264.1848999999999,475.55999999999995,964.8952,1404.432,4042.0,8136.0,14146.0,15792.0,33.0,68.0,118.0,184.0,186.0,500.0,804.0,1040.0,21.301700000000004,48.60760000000001,83.58939999999998,119.44400000000006,2.7224999999999997,25.607999999999993,28.874999999999996,74.459,900.0,1080.0,2280.0,2660.0,1.0,4.666666666666667,7.333333333333333,16.0,22.666666666666668,58.666666666666664,120.0,160.0,1.7161000000000002,4.497666666666667,8.340333333333334,13.711333333333336,0.0,-7.82,-5.400000000000001,-18.72666666666667,0.0,104.0,144.0,391.3333333333333,0.0,0.0,0.0,0.0,0.0,10.666666666666666,11.333333333333334,44.0,0.0,2.68,3.24,10.493333333333334,VOFSOA
