f-lig-chi-0,f-lig-chi-1,f-lig-chi-2,f-lig-chi-3,f-lig-Z-0,f-lig-Z-1,f-lig-Z-2,f-lig-Z-3,f-lig-I-0,f-lig-I-1,f-lig-I-2,f-lig-I-3,f-lig-T-0,f-lig-T-1,f-lig-T-2,f-lig-T-3,f-lig-S-0,f-lig-S-1,f-lig-S-2,f-lig-S-3,name
114.5126,206.65199999999993,311.7464,326.98,572.0,1032.0,1484.0,1462.0,14.0,28.0,40.0,42.0,68.0,156.0,192.0,176.0,7.0878,14.999600000000001,20.551199999999998,20.4442,IKETUO_clean_primitive
114.5126,206.65199999999996,311.74639999999994,326.98,572.0,1032.0,1484.0,1462.0,14.0,28.0,40.0,42.0,68.0,156.0,192.0,176.0,7.0878,14.999600000000001,20.551199999999998,20.444200000000002,IKETUO_clean_primitive
60.33939999999999,83.18099999999998,117.51039999999998,94.66879999999999,328.0,456.0,640.0,512.0,6.0,10.0,12.0,8.0,22.0,42.0,28.0,8.0,3.3173999999999992,5.682600000000001,6.628399999999999,4.263199999999999,IKETUO_clean_primitive
