f-chi-0-all,f-chi-1-all,f-chi-2-all,f-chi-3-all,f-Z-0-all,f-Z-1-all,f-Z-2-all,f-Z-3-all,f-I-0-all,f-I-1-all,f-I-2-all,f-I-3-all,f-T-0-all,f-T-1-all,f-T-2-all,f-T-3-all,f-S-0-all,f-S-1-all,f-S-2-all,f-S-3-all,mc-chi-0-all,mc-chi-1-all,mc-chi-2-all,mc-chi-3-all,mc-Z-0-all,mc-Z-1-all,mc-Z-2-all,mc-Z-3-all,mc-I-0-all,mc-I-1-all,mc-I-2-all,mc-I-3-all,mc-T-0-all,mc-T-1-all,mc-T-2-all,mc-T-3-all,mc-S-0-all,mc-S-1-all,mc-S-2-all,mc-S-3-all,D_mc-chi-0-all,D_mc-chi-1-all,D_mc-chi-2-all,D_mc-chi-3-all,D_mc-Z-0-all,D_mc-Z-1-all,D_mc-Z-2-all,D_mc-Z-3-all,D_mc-I-0-all,D_mc-I-1-all,D_mc-I-2-all,D_mc-I-3-all,D_mc-T-0-all,D_mc-T-1-all,D_mc-T-2-all,D_mc-T-3-all,D_mc-S-0-all,D_mc-S-1-all,D_mc-S-2-all,D_mc-S-3-all,name
220.11060000000006,418.4256,737.1240000000003,1394.5116000000005,2826.0,5684.0,10340.0,10302.0,28.0,56.0,100.0,170.0,156.0,432.0,676.0,730.0,18.7378,41.25,76.00199999999995,103.63120000000002,3.61,28.88,53.10499999999999,77.615,841.0,1015.0,1885.0,2871.0,1.0,5.0,10.0,16.0,25.0,75.0,135.0,200.0,1.9043999999999996,5.175,10.488,14.9454,0.0,-5.700000000000001,-8.950000000000003,-10.450000000000005,0.0,110.0,225.0,365.0,0.0,0.0,0.0,0.0,0.0,10.0,23.0,40.0,0.0,3.1499999999999995,6.1999999999999975,11.249999999999996,AGUTUS_clean_primitive
220.11060000000006,418.4255999999999,737.1240000000004,1394.5116000000005,2826.0,5684.0,10340.0,10302.0,28.0,56.0,100.0,170.0,156.0,432.0,676.0,730.0,18.7378,41.24999999999999,76.00199999999997,103.63120000000002,3.61,28.88,53.10499999999999,77.615,841.0,1015.0,1885.0,2871.0,1.0,5.0,10.0,16.0,25.0,75.0,135.0,200.0,1.9043999999999996,5.175,10.488,14.9454,0.0,-5.700000000000001,-8.950000000000003,-10.450000000000005,0.0,110.0,225.0,365.0,0.0,0.0,0.0,0.0,0.0,10.0,23.0,40.0,0.0,3.1499999999999995,6.1999999999999975,11.249999999999996,AGUTUS_clean_primitive
