f-lig-chi-0,f-lig-chi-1,f-lig-chi-2,f-lig-chi-3,f-lig-Z-0,f-lig-Z-1,f-lig-Z-2,f-lig-Z-3,f-lig-I-0,f-lig-I-1,f-lig-I-2,f-lig-I-3,f-lig-T-0,f-lig-T-1,f-lig-T-2,f-lig-T-3,f-lig-S-0,f-lig-S-1,f-lig-S-2,f-lig-S-3,name
556.1897999999999,1175.2950000000003,1961.9543999999999,2620.6321999999996,2034.0,4488.0,6660.0,7700.0,90.0,186.0,316.0,426.0,502.0,1268.0,1856.0,2220.0,34.70020000000002,85.14659999999996,130.5396,166.1354,VICLAW_clean_primitive
561.0297999999999,1190.4309999999998,1973.1744000000003,2646.9882000000002,2035.0,4504.0,6672.0,7728.0,91.0,188.0,318.0,430.0,506.0,1278.0,1870.0,2236.0,34.837100000000014,85.68679999999989,131.10939999999997,167.24540000000002,VICLAW_clean_primitive
556.1898,1175.2950000000005,1961.9544,2620.632199999999,2034.0,4488.0,6660.0,7700.0,90.0,186.0,316.0,426.0,502.0,1268.0,1856.0,2220.0,34.70020000000002,85.14659999999994,130.53960000000004,166.13539999999992,VICLAW_clean_primitive
556.1898,1175.2949999999998,1961.9544000000005,2620.6322000000005,2034.0,4488.0,6660.0,7700.0,90.0,186.0,316.0,426.0,502.0,1268.0,1856.0,2220.0,34.70020000000001,85.14659999999992,130.53959999999995,166.13540000000003,VICLAW_clean_primitive
556.1897999999999,1175.295,1961.9544000000005,2620.6322000000014,2034.0,4488.0,6660.0,7700.0,90.0,186.0,316.0,426.0,502.0,1268.0,1856.0,2220.0,34.70020000000001,85.14659999999992,130.5396,166.13540000000003,VICLAW_clean_primitive
556.1898,1175.2949999999996,1961.9544000000005,2620.632200000001,2034.0,4488.0,6660.0,7700.0,90.0,186.0,316.0,426.0,502.0,1268.0,1856.0,2220.0,34.7002,85.14659999999992,130.53959999999992,166.1354,VICLAW_clean_primitive
561.0298000000001,1190.4310000000003,1973.1744000000008,2646.9882000000002,2035.0,4504.0,6672.0,7728.0,91.0,188.0,318.0,430.0,506.0,1278.0,1870.0,2236.0,34.837100000000014,85.68679999999998,131.10939999999997,167.24540000000007,VICLAW_clean_primitive
556.1898000000001,1175.2950000000003,1961.954400000001,2620.6322,2034.0,4488.0,6660.0,7700.0,90.0,186.0,316.0,426.0,502.0,1268.0,1856.0,2220.0,34.70020000000002,85.14659999999998,130.53959999999998,166.13540000000003,VICLAW_clean_primitive
