f-lig-chi-0,f-lig-chi-1,f-lig-chi-2,f-lig-chi-3,f-lig-Z-0,f-lig-Z-1,f-lig-Z-2,f-lig-Z-3,f-lig-I-0,f-lig-I-1,f-lig-I-2,f-lig-I-3,f-lig-T-0,f-lig-T-1,f-lig-T-2,f-lig-T-3,f-lig-S-0,f-lig-S-1,f-lig-S-2,f-lig-S-3,name
197.73299999999998,394.38779999999997,671.7305999999999,824.4549999999999,1150.0,2432.0,3576.0,3956.0,27.0,58.0,96.0,122.0,154.0,394.0,600.0,662.0,13.359800000000002,31.8226,50.2136,59.11420000000001,TOWNOK_clean_primitive
197.73299999999998,394.38779999999997,671.7305999999999,824.4549999999999,1150.0,2432.0,3576.0,3956.0,27.0,58.0,96.0,122.0,154.0,394.0,600.0,662.0,13.359800000000002,31.8226,50.2136,59.11420000000001,TOWNOK_clean_primitive
197.73299999999998,394.3878,671.7306,824.455,1150.0,2432.0,3576.0,3956.0,27.0,58.0,96.0,122.0,154.0,394.0,600.0,662.0,13.3598,31.822600000000005,50.213600000000014,59.11420000000001,TOWNOK_clean_primitive
197.73299999999998,394.3878,671.7306,824.455,1150.0,2432.0,3576.0,3956.0,27.0,58.0,96.0,122.0,154.0,394.0,600.0,662.0,13.3598,31.822600000000005,50.213600000000014,59.11420000000001,TOWNOK_clean_primitive
197.733,394.38779999999997,671.7305999999996,824.4549999999998,1150.0,2432.0,3576.0,3956.0,27.0,58.0,96.0,122.0,154.0,394.0,600.0,662.0,13.3598,31.822600000000005,50.213600000000014,59.114200000000025,TOWNOK_clean_primitive
197.733,394.38779999999997,671.7305999999996,824.4549999999998,1150.0,2432.0,3576.0,3956.0,27.0,58.0,96.0,122.0,154.0,394.0,600.0,662.0,13.3598,31.822600000000005,50.213600000000014,59.114200000000025,TOWNOK_clean_primitive
