f-chi-0-all,f-chi-1-all,f-chi-2-all,f-chi-3-all,f-Z-0-all,f-Z-1-all,f-Z-2-all,f-Z-3-all,f-I-0-all,f-I-1-all,f-I-2-all,f-I-3-all,f-T-0-all,f-T-1-all,f-T-2-all,f-T-3-all,f-S-0-all,f-S-1-all,f-S-2-all,f-S-3-all,mc-chi-0-all,mc-chi-1-all,mc-chi-2-all,mc-chi-3-all,mc-Z-0-all,mc-Z-1-all,mc-Z-2-all,mc-Z-3-all,mc-I-0-all,mc-I-1-all,mc-I-2-all,mc-I-3-all,mc-T-0-all,mc-T-1-all,mc-T-2-all,mc-T-3-all,mc-S-0-all,mc-S-1-all,mc-S-2-all,mc-S-3-all,D_mc-chi-0-all,D_mc-chi-1-all,D_mc-chi-2-all,D_mc-chi-3-all,D_mc-Z-0-all,D_mc-Z-1-all,D_mc-Z-2-all,D_mc-Z-3-all,D_mc-I-0-all,D_mc-I-1-all,D_mc-I-2-all,D_mc-I-3-all,D_mc-T-0-all,D_mc-T-1-all,D_mc-T-2-all,D_mc-T-3-all,D_mc-S-0-all,D_mc-S-1-all,D_mc-S-2-all,D_mc-S-3-all,name
122.263,213.83039999999994,653.2433999999998,445.54879999999986,6928.0,11520.0,14976.0,5888.0,14.0,40.0,70.0,56.0,140.0,464.0,596.0,336.0,14.317999999999998,43.33279999999999,59.541199999999996,38.4272,0.7921,18.3696,9.870099999999999,15.2012,3136.0,2688.0,4480.0,2240.0,1.0,6.0,5.0,6.0,36.0,96.0,108.0,96.0,3.8415999999999997,8.5848,9.8784,8.8984,0.0,-15.3,-6.639999999999999,-11.739999999999998,0.0,288.0,200.0,296.0,0.0,0.0,0.0,0.0,0.0,20.0,12.0,20.0,0.0,7.380000000000001,4.76,7.219999999999999,KIYMEM_clean_primitive
122.263,213.83039999999994,653.2434000000001,445.54879999999986,6928.0,11520.0,14976.0,5888.0,14.0,40.0,70.0,56.0,140.0,464.0,596.0,336.0,14.317999999999998,43.33279999999999,59.5412,38.4272,0.7921,18.3696,9.870099999999999,15.2012,3136.0,2688.0,4480.0,2240.0,1.0,6.0,5.0,6.0,36.0,96.0,108.0,96.0,3.8415999999999997,8.5848,9.8784,8.8984,0.0,-15.3,-6.639999999999999,-11.739999999999998,0.0,288.0,200.0,296.0,0.0,0.0,0.0,0.0,0.0,20.0,12.0,20.0,0.0,7.380000000000001,4.76,7.219999999999999,KIYMEM_clean_primitive
