f-sbu-chi-0,f-sbu-chi-1,f-sbu-chi-2,f-sbu-chi-3,f-sbu-Z-0,f-sbu-Z-1,f-sbu-Z-2,f-sbu-Z-3,f-sbu-I-0,f-sbu-I-1,f-sbu-I-2,f-sbu-I-3,f-sbu-T-0,f-sbu-T-1,f-sbu-T-2,f-sbu-T-3,f-sbu-S-0,f-sbu-S-1,f-sbu-S-2,f-sbu-S-3,mc-chi-0,mc-chi-1,mc-chi-2,mc-chi-3,mc-Z-0,mc-Z-1,mc-Z-2,mc-Z-3,mc-I-0,mc-I-1,mc-I-2,mc-I-3,mc-T-0,mc-T-1,mc-T-2,mc-T-3,mc-S-0,mc-S-1,mc-S-2,mc-S-3,D_mc-chi-0,D_mc-chi-1,D_mc-chi-2,D_mc-chi-3,D_mc-Z-0,D_mc-Z-1,D_mc-Z-2,D_mc-Z-3,D_mc-I-0,D_mc-I-1,D_mc-I-2,D_mc-I-3,D_mc-T-0,D_mc-T-1,D_mc-T-2,D_mc-T-3,D_mc-S-0,D_mc-S-1,D_mc-S-2,D_mc-S-3,name
127.98819999999999,278.0038,586.531,732.4619999999998,1462.0,3680.0,5722.0,4008.0,16.0,38.0,72.0,88.0,114.0,336.0,544.0,344.0,10.0568,25.680600000000005,47.0952,50.0192,3.6481,37.89439999999999,43.8345,78.17629999999998,784.0,1288.0,1512.0,1288.0,1.0,6.0,9.0,17.0,36.0,96.0,198.0,138.0,1.4641,5.348199999999999,8.3853,9.9341,0.0,-8.38,-5.759999999999998,-8.46,0.0,122.0,198.0,430.0,0.0,0.0,0.0,0.0,0.0,20.0,21.0,79.0,0.0,2.84,3.9599999999999995,12.36,MIXYEZ
127.9882,278.00379999999996,586.531,732.462,1462.0,3680.0,5722.0,4008.0,16.0,38.0,72.0,88.0,114.0,336.0,544.0,344.0,10.056799999999999,25.680600000000002,47.0952,50.019200000000005,3.6481,37.89439999999999,43.8345,78.17629999999998,784.0,1288.0,1512.0,1288.0,1.0,6.0,9.0,17.0,36.0,96.0,198.0,138.0,1.4641,5.348199999999999,8.3853,9.9341,0.0,-8.38,-5.759999999999998,-8.46,0.0,122.0,198.0,430.0,0.0,0.0,0.0,0.0,0.0,20.0,21.0,79.0,0.0,2.84,3.9599999999999995,12.36,MIXYEZ
127.9882,278.0038,586.531,732.462,1462.0,3680.0,5722.0,4008.0,16.0,38.0,72.0,88.0,114.0,336.0,544.0,344.0,10.0568,25.680600000000002,47.0952,50.01920000000001,3.6481,37.89439999999999,43.8345,78.17629999999998,784.0,1288.0,1512.0,1288.0,1.0,6.0,9.0,17.0,36.0,96.0,198.0,138.0,1.4641,5.348199999999999,8.3853,9.9341,0.0,-8.38,-5.759999999999998,-8.46,0.0,122.0,198.0,430.0,0.0,0.0,0.0,0.0,0.0,20.0,21.0,79.0,0.0,2.84,3.9599999999999995,12.36,MIXYEZ
