f-link-chi-0,f-link-chi-1,f-link-chi-2,f-link-chi-3,f-link-Z-0,f-link-Z-1,f-link-Z-2,f-link-Z-3,f-link-I-0,f-link-I-1,f-link-I-2,f-link-I-3,f-link-T-0,f-link-T-1,f-link-T-2,f-link-T-3,f-link-S-0,f-link-S-1,f-link-S-2,f-link-S-3,name
118.7144,219.096,337.32039999999995,385.387,548.0,1008.0,1456.0,1420.0,16.0,32.0,48.0,58.0,80.0,192.0,256.0,250.0,7.4224,16.262400000000003,23.044800000000002,24.679399999999998,MOTRUK
181.4379,466.9264,714.1940000000001,956.6869999999999,636.0,1612.0,2204.0,2312.0,29.0,74.0,112.0,154.0,234.0,724.0,900.0,1014.0,10.629300000000002,30.68180000000001,44.96600000000001,53.1794,MOTRUK
181.4379,466.92639999999994,714.1940000000001,956.6869999999998,636.0,1612.0,2204.0,2312.0,29.0,74.0,112.0,154.0,234.0,724.0,900.0,1014.0,10.6293,30.681800000000006,44.96600000000001,53.179400000000015,MOTRUK
186.27790000000002,478.14639999999997,746.3140000000001,1011.863,637.0,1624.0,2230.0,2354.0,30.0,76.0,118.0,164.0,242.0,748.0,946.0,1086.0,10.766200000000003,31.25160000000001,46.3794,55.421600000000005,MOTRUK
118.7144,219.096,337.32039999999995,385.387,548.0,1008.0,1456.0,1420.0,16.0,32.0,48.0,58.0,80.0,192.0,256.0,250.0,7.4224,16.2624,23.044800000000006,24.6794,MOTRUK
186.27790000000002,478.14639999999997,746.314,1011.8629999999999,637.0,1624.0,2230.0,2354.0,30.0,76.0,118.0,164.0,242.0,748.0,946.0,1086.0,10.766200000000001,31.251600000000007,46.379400000000004,55.42159999999999,MOTRUK
118.7144,219.09599999999998,337.3204,385.387,548.0,1008.0,1456.0,1420.0,16.0,32.0,48.0,58.0,80.0,192.0,256.0,250.0,7.4224,16.262400000000007,23.044800000000006,24.679399999999998,MOTRUK
118.71440000000001,219.096,337.3204,385.387,548.0,1008.0,1456.0,1420.0,16.0,32.0,48.0,58.0,80.0,192.0,256.0,250.0,7.4224,16.262400000000007,23.044800000000002,24.679399999999998,MOTRUK
