f-chi-0-all,f-chi-1-all,f-chi-2-all,f-chi-3-all,f-Z-0-all,f-Z-1-all,f-Z-2-all,f-Z-3-all,f-I-0-all,f-I-1-all,f-I-2-all,f-I-3-all,f-T-0-all,f-T-1-all,f-T-2-all,f-T-3-all,f-S-0-all,f-S-1-all,f-S-2-all,f-S-3-all,mc-chi-0-all,mc-chi-1-all,mc-chi-2-all,mc-chi-3-all,mc-Z-0-all,mc-Z-1-all,mc-Z-2-all,mc-Z-3-all,mc-I-0-all,mc-I-1-all,mc-I-2-all,mc-I-3-all,mc-T-0-all,mc-T-1-all,mc-T-2-all,mc-T-3-all,mc-S-0-all,mc-S-1-all,mc-S-2-all,mc-S-3-all,D_mc-chi-0-all,D_mc-chi-1-all,D_mc-chi-2-all,D_mc-chi-3-all,D_mc-Z-0-all,D_mc-Z-1-all,D_mc-Z-2-all,D_mc-Z-3-all,D_mc-I-0-all,D_mc-I-1-all,D_mc-I-2-all,D_mc-I-3-all,D_mc-T-0-all,D_mc-T-1-all,D_mc-T-2-all,D_mc-T-3-all,D_mc-S-0-all,D_mc-S-1-all,D_mc-S-2-all,D_mc-S-3-all,name
210.4124999999999,420.7871999999999,935.2652,1071.9584000000002,8010.0,13392.0,21616.0,14136.0,25.0,60.0,104.0,132.0,188.0,564.0,760.0,672.0,18.954200000000004,50.55320000000001,79.5712,86.93960000000003,2.8560999999999996,28.617333333333335,23.91913333333333,58.902133333333346,2304.0,1888.0,4416.0,3904.0,1.0,5.0,6.0,11.666666666666666,25.666666666666668,64.66666666666667,100.33333333333333,150.66666666666666,2.1904,5.421733333333333,8.238666666666665,12.959866666666665,0.0,-8.483333333333334,-4.013333333333332,-15.136666666666661,0.0,200.66666666666666,196.0,478.6666666666667,0.0,0.0,0.0,0.0,0.0,13.0,9.666666666666666,26.666666666666668,0.0,3.736666666666667,3.313333333333333,8.51,XOGXAU_clean_primitive
210.41249999999994,397.5328,798.766,989.9488000000002,8010.0,11856.0,20880.0,15096.0,25.0,56.0,92.0,124.0,156.0,420.0,590.0,604.0,18.954200000000007,46.2316,73.11800000000001,84.516,2.8560999999999996,28.617333333333335,23.91913333333333,58.902133333333346,2304.0,1888.0,4416.0,3904.0,1.0,5.0,6.0,11.666666666666666,25.666666666666668,64.66666666666667,100.33333333333333,150.66666666666666,2.1904,5.421733333333333,8.238666666666665,12.959866666666665,0.0,-8.483333333333334,-4.013333333333332,-15.136666666666661,0.0,200.66666666666666,196.0,478.6666666666667,0.0,0.0,0.0,0.0,0.0,13.0,9.666666666666666,26.666666666666668,0.0,3.736666666666667,3.313333333333333,8.51,XOGXAU_clean_primitive
