f-chi-0-all,f-chi-1-all,f-chi-2-all,f-chi-3-all,f-Z-0-all,f-Z-1-all,f-Z-2-all,f-Z-3-all,f-I-0-all,f-I-1-all,f-I-2-all,f-I-3-all,f-T-0-all,f-T-1-all,f-T-2-all,f-T-3-all,f-S-0-all,f-S-1-all,f-S-2-all,f-S-3-all,mc-chi-0-all,mc-chi-1-all,mc-chi-2-all,mc-chi-3-all,mc-Z-0-all,mc-Z-1-all,mc-Z-2-all,mc-Z-3-all,mc-I-0-all,mc-I-1-all,mc-I-2-all,mc-I-3-all,mc-T-0-all,mc-T-1-all,mc-T-2-all,mc-T-3-all,mc-S-0-all,mc-S-1-all,mc-S-2-all,mc-S-3-all,D_mc-chi-0-all,D_mc-chi-1-all,D_mc-chi-2-all,D_mc-chi-3-all,D_mc-Z-0-all,D_mc-Z-1-all,D_mc-Z-2-all,D_mc-Z-3-all,D_mc-I-0-all,D_mc-I-1-all,D_mc-I-2-all,D_mc-I-3-all,D_mc-T-0-all,D_mc-T-1-all,D_mc-T-2-all,D_mc-T-3-all,D_mc-S-0-all,D_mc-S-1-all,D_mc-S-2-all,D_mc-S-3-all,name
184.68899999999996,385.70980000000014,622.4560000000002,871.7807999999997,6904.0,16872.0,27944.0,25630.0,27.0,62.0,100.0,138.0,178.0,512.0,772.0,940.0,24.112599999999993,63.1286,102.29360000000001,127.80080000000004,3.8211199999999996,21.17064,24.342799999999997,52.99248,1025.6,1593.2,3723.6,2820.0,1.0,4.0,5.6,10.4,16.0,44.8,76.8,105.6,1.9043999999999994,5.04528,8.633279999999997,11.29392,0.0,-3.0520000000000005,-1.7560000000000002,-7.0760000000000005,0.0,77.2,54.8,230.0,0.0,0.0,0.0,0.0,0.0,4.8,3.2,15.2,0.0,1.8639999999999994,1.472,6.1679999999999975,GIYSOX_clean_primitive
184.68899999999996,385.70980000000014,622.4560000000002,871.7807999999997,6904.0,16872.0,27944.0,25630.0,27.0,62.0,100.0,138.0,178.0,512.0,772.0,940.0,24.112599999999993,63.1286,102.29360000000001,127.80080000000004,3.8211199999999996,21.17064,24.342799999999997,52.99248,1025.6,1593.2,3723.6,2820.0,1.0,4.0,5.6,10.4,16.0,44.8,76.8,105.6,1.9043999999999994,5.04528,8.633279999999997,11.29392,0.0,-3.0520000000000005,-1.7560000000000002,-7.0760000000000005,0.0,77.2,54.8,230.0,0.0,0.0,0.0,0.0,0.0,4.8,3.2,15.2,0.0,1.8639999999999994,1.472,6.1679999999999975,GIYSOX_clean_primitive
