f-link-chi-0,f-link-chi-1,f-link-chi-2,f-link-chi-3,f-link-Z-0,f-link-Z-1,f-link-Z-2,f-link-Z-3,f-link-I-0,f-link-I-1,f-link-I-2,f-link-I-3,f-link-T-0,f-link-T-1,f-link-T-2,f-link-T-3,f-link-S-0,f-link-S-1,f-link-S-2,f-link-S-3,name
176.25390000000002,386.1124000000001,634.4629999999999,665.004,606.0,1420.0,2018.0,1944.0,29.0,60.0,104.0,104.0,164.0,392.0,528.0,592.0,10.688500000000005,26.70520000000001,39.580000000000005,41.52559999999998,DUKXAK
176.25390000000002,386.1124000000001,634.4629999999999,665.004,606.0,1420.0,2018.0,1944.0,29.0,60.0,104.0,104.0,164.0,392.0,528.0,592.0,10.688500000000005,26.70520000000001,39.580000000000005,41.52559999999998,DUKXAK
176.25390000000002,386.11240000000004,634.4629999999999,665.0039999999999,606.0,1420.0,2018.0,1944.0,29.0,60.0,104.0,104.0,164.0,392.0,528.0,592.0,10.688500000000003,26.70520000000001,39.580000000000005,41.52559999999999,DUKXAK
176.25390000000002,386.11240000000004,634.4629999999999,665.0039999999999,606.0,1420.0,2018.0,1944.0,29.0,60.0,104.0,104.0,164.0,392.0,528.0,592.0,10.688500000000003,26.70520000000001,39.580000000000005,41.52559999999999,DUKXAK
