f-sbu-chi-0,f-sbu-chi-1,f-sbu-chi-2,f-sbu-chi-3,f-sbu-Z-0,f-sbu-Z-1,f-sbu-Z-2,f-sbu-Z-3,f-sbu-I-0,f-sbu-I-1,f-sbu-I-2,f-sbu-I-3,f-sbu-T-0,f-sbu-T-1,f-sbu-T-2,f-sbu-T-3,f-sbu-S-0,f-sbu-S-1,f-sbu-S-2,f-sbu-S-3,mc-chi-0,mc-chi-1,mc-chi-2,mc-chi-3,mc-Z-0,mc-Z-1,mc-Z-2,mc-Z-3,mc-I-0,mc-I-1,mc-I-2,mc-I-3,mc-T-0,mc-T-1,mc-T-2,mc-T-3,mc-S-0,mc-S-1,mc-S-2,mc-S-3,D_mc-chi-0,D_mc-chi-1,D_mc-chi-2,D_mc-chi-3,D_mc-Z-0,D_mc-Z-1,D_mc-Z-2,D_mc-Z-3,D_mc-I-0,D_mc-I-1,D_mc-I-2,D_mc-I-3,D_mc-T-0,D_mc-T-1,D_mc-T-2,D_mc-T-3,D_mc-S-0,D_mc-S-1,D_mc-S-2,D_mc-S-3,name
537.0360999999999,1074.6224000000002,5877.899200000001,4855.980799999998,24849.0,57984.0,114174.0,112988.0,61.0,208.0,612.0,728.0,1046.0,4412.0,7798.0,9064.0,53.99829999999998,216.7232,430.1511999999999,559.0315999999998,0.8517999999999999,28.95257142857142,14.659371428571427,60.09662857142856,3152.1428571428573,3899.4285714285716,10692.285714285714,8301.714285714286,1.0,9.428571428571429,8.142857142857142,21.0,92.57142857142857,275.14285714285717,418.85714285714283,572.8571428571429,3.700814285714285,12.60402857142857,18.278299999999994,29.02850000000001,0.0,-22.680000000000003,-8.524285714285712,-46.87857142857142,0.0,460.0,266.42857142857144,1030.142857142857,0.0,0.0,0.0,0.0,0.0,64.57142857142857,33.57142857142857,136.14285714285714,0.0,11.520000000000001,6.211428571428572,25.56571428571429,ILEPEW
537.0360999999998,1074.6223999999997,5877.8992000000035,4855.980799999999,24849.0,57984.0,114174.0,112988.0,61.0,208.0,612.0,728.0,1046.0,4412.0,7798.0,9064.0,53.99829999999997,216.72319999999993,430.1511999999999,559.0316000000001,0.8517999999999999,28.95257142857142,14.659371428571427,60.09662857142856,3152.1428571428573,3899.4285714285716,10692.285714285714,8301.714285714286,1.0,9.428571428571429,8.142857142857142,21.0,92.57142857142857,275.14285714285717,418.85714285714283,572.8571428571429,3.700814285714285,12.60402857142857,18.278299999999994,29.02850000000001,0.0,-22.680000000000003,-8.524285714285712,-46.87857142857142,0.0,460.0,266.42857142857144,1030.142857142857,0.0,0.0,0.0,0.0,0.0,64.57142857142857,33.57142857142857,136.14285714285714,0.0,11.520000000000001,6.211428571428572,25.56571428571429,ILEPEW
