name,cif_file,Di,Df,Dif,rho,VSA,GSA,VPOV,GPOV,POAV_vol_frac,PONAV_vol_frac,GPOAV,GPONAV,POAV,PONAV
KOFVOS_clean,KOFVOS_clean.cif,5.24433,4.30764,5.23825,1.25499,750.753,598.213,0.35009999999999997,0.2789663662658666,0.2583,0.0918,0.205818,0.0731478,569.02,202.23
