name,cif_file,Di,Df,Dif,rho,VSA,GSA,VPOV,GPOV,POAV_vol_frac,PONAV_vol_frac,GPOAV,GPONAV,POAV,PONAV
HIFGOU,HIFGOU.cif,5.83051,4.72281,5.83051,1.10411,559.122,506.401,0.24120000000000003,0.2184564943710319,0.1962,0.045,0.1777,0.0407569,321.008,73.6257
