name,cif_file,Di,Df,Dif,rho,VSA,GSA,VPOV,GPOV,POAV_vol_frac,PONAV_vol_frac,GPOAV,GPONAV,POAV,PONAV
WECJIZ_clean,WECJIZ_clean.cif,5.92737,4.9743,5.92737,1.01088,679.704,672.388,0.18989999999999999,0.18785612535612534,0.1787,0.0112,0.176777,0.0110795,2130.41,133.523
