f-lig-chi-0,f-lig-chi-1,f-lig-chi-2,f-lig-chi-3,f-lig-Z-0,f-lig-Z-1,f-lig-Z-2,f-lig-Z-3,f-lig-I-0,f-lig-I-1,f-lig-I-2,f-lig-I-3,f-lig-T-0,f-lig-T-1,f-lig-T-2,f-lig-T-3,f-lig-S-0,f-lig-S-1,f-lig-S-2,f-lig-S-3,name
172.4631,303.29120000000006,601.1469999999999,701.1389999999999,1182.0,2534.0,3526.0,3948.0,22.0,44.0,78.0,96.0,122.0,306.0,420.0,388.0,10.888399999999999,25.225200000000008,39.2272,44.385200000000005,VEHYUE_clean_primitive
172.4631,303.29120000000006,601.1470000000002,701.1389999999998,1182.0,2534.0,3526.0,3948.0,22.0,44.0,78.0,96.0,122.0,306.0,420.0,388.0,10.888400000000003,25.225200000000008,39.22719999999999,44.38519999999999,VEHYUE_clean_primitive
172.4631,303.29120000000006,601.1469999999999,701.139,1182.0,2534.0,3526.0,3948.0,22.0,44.0,78.0,96.0,122.0,306.0,420.0,388.0,10.888399999999997,25.225200000000008,39.22720000000001,44.385200000000005,VEHYUE_clean_primitive
172.46310000000003,303.2912,601.1469999999999,701.139,1182.0,2534.0,3526.0,3948.0,22.0,44.0,78.0,96.0,122.0,306.0,420.0,388.0,10.888399999999997,25.225200000000008,39.2272,44.385200000000005,VEHYUE_clean_primitive
172.4631,303.29119999999995,601.1469999999999,701.1389999999999,1182.0,2534.0,3526.0,3948.0,22.0,44.0,78.0,96.0,122.0,306.0,420.0,388.0,10.888399999999999,25.22520000000001,39.227199999999996,44.385200000000005,VEHYUE_clean_primitive
172.4631,303.2912,601.1469999999998,701.1389999999999,1182.0,2534.0,3526.0,3948.0,22.0,44.0,78.0,96.0,122.0,306.0,420.0,388.0,10.888399999999997,25.22520000000001,39.227199999999996,44.38520000000001,VEHYUE_clean_primitive
172.4631,303.29119999999995,601.1469999999999,701.1389999999998,1182.0,2534.0,3526.0,3948.0,22.0,44.0,78.0,96.0,122.0,306.0,420.0,388.0,10.888399999999997,25.22520000000001,39.22719999999999,44.38520000000001,VEHYUE_clean_primitive
172.4631,303.29119999999995,601.147,701.1389999999999,1182.0,2534.0,3526.0,3948.0,22.0,44.0,78.0,96.0,122.0,306.0,420.0,388.0,10.888399999999997,25.22520000000001,39.227199999999996,44.38520000000001,VEHYUE_clean_primitive
