f-lig-chi-0,f-lig-chi-1,f-lig-chi-2,f-lig-chi-3,f-lig-Z-0,f-lig-Z-1,f-lig-Z-2,f-lig-Z-3,f-lig-I-0,f-lig-I-1,f-lig-I-2,f-lig-I-3,f-lig-T-0,f-lig-T-1,f-lig-T-2,f-lig-T-3,f-lig-S-0,f-lig-S-1,f-lig-S-2,f-lig-S-3,name
298.25199999999995,664.8360000000004,1070.9108,1238.7092000000014,1480.0,3360.0,5288.0,5618.0,40.0,96.0,152.0,182.0,280.0,816.0,1208.0,1254.0,20.43920000000002,52.544800000000016,81.44800000000002,91.83100000000003,SERLEI_clean_primitive
298.25199999999995,664.8360000000005,1070.9108000000003,1238.7092000000014,1480.0,3360.0,5288.0,5618.0,40.0,96.0,152.0,182.0,280.0,816.0,1208.0,1254.0,20.43920000000002,52.54480000000003,81.44800000000002,91.83100000000003,SERLEI_clean_primitive
298.25199999999995,664.8360000000005,1070.9108000000003,1238.7092000000014,1480.0,3360.0,5288.0,5618.0,40.0,96.0,152.0,182.0,280.0,816.0,1208.0,1254.0,20.43920000000002,52.54480000000003,81.44800000000001,91.83100000000003,SERLEI_clean_primitive
