f-link-chi-0,f-link-chi-1,f-link-chi-2,f-link-chi-3,f-link-Z-0,f-link-Z-1,f-link-Z-2,f-link-Z-3,f-link-I-0,f-link-I-1,f-link-I-2,f-link-I-3,f-link-T-0,f-link-T-1,f-link-T-2,f-link-T-3,f-link-S-0,f-link-S-1,f-link-S-2,f-link-S-3,name
86.5382,251.37900000000005,382.38,308.27920000000006,320.0,1080.0,1044.0,580.0,14.0,38.0,60.0,52.0,142.0,526.0,444.0,252.0,5.5038,18.6494,22.980400000000003,15.6732,CIKCIK
181.63849999999996,490.9769999999999,610.9864,667.641,920.0,2556.0,3064.0,3084.0,25.0,72.0,88.0,100.0,248.0,888.0,944.0,898.0,13.1841,40.47120000000001,47.869600000000005,51.37440000000001,CIKCIK
181.63849999999996,490.9769999999999,610.9863999999999,667.6409999999998,920.0,2556.0,3064.0,3084.0,25.0,72.0,88.0,100.0,248.0,888.0,944.0,898.0,13.184100000000003,40.47120000000001,47.869600000000005,51.37440000000002,CIKCIK
