f-sbu-chi-0,f-sbu-chi-1,f-sbu-chi-2,f-sbu-chi-3,f-sbu-Z-0,f-sbu-Z-1,f-sbu-Z-2,f-sbu-Z-3,f-sbu-I-0,f-sbu-I-1,f-sbu-I-2,f-sbu-I-3,f-sbu-T-0,f-sbu-T-1,f-sbu-T-2,f-sbu-T-3,f-sbu-S-0,f-sbu-S-1,f-sbu-S-2,f-sbu-S-3,mc-chi-0,mc-chi-1,mc-chi-2,mc-chi-3,mc-Z-0,mc-Z-1,mc-Z-2,mc-Z-3,mc-I-0,mc-I-1,mc-I-2,mc-I-3,mc-T-0,mc-T-1,mc-T-2,mc-T-3,mc-S-0,mc-S-1,mc-S-2,mc-S-3,D_mc-chi-0,D_mc-chi-1,D_mc-chi-2,D_mc-chi-3,D_mc-Z-0,D_mc-Z-1,D_mc-Z-2,D_mc-Z-3,D_mc-I-0,D_mc-I-1,D_mc-I-2,D_mc-I-3,D_mc-T-0,D_mc-T-1,D_mc-T-2,D_mc-T-3,D_mc-S-0,D_mc-S-1,D_mc-S-2,D_mc-S-3,name
132.2781,361.25300000000004,505.1,748.0679999999999,3011.0,5232.0,9086.0,4080.0,18.0,52.0,72.0,92.0,180.0,634.0,780.0,676.0,12.0585,35.452200000000005,54.77759999999999,52.57560000000001,2.8560999999999996,27.04,51.714,59.7922,2304.0,1776.0,3456.0,2784.0,1.0,5.0,12.0,14.0,25.0,85.0,240.0,150.0,2.1904,5.4908,13.675199999999998,12.284,0.0,-7.550000000000001,-10.319999999999995,-11.719999999999999,0.0,203.0,504.0,614.0,0.0,0.0,0.0,0.0,0.0,8.0,12.0,40.0,0.0,3.69,8.52,12.42,CIKCIK
161.31810000000002,428.57300000000015,742.436,1030.46,3017.0,5304.0,9338.0,4850.0,24.0,64.0,112.0,146.0,232.0,852.0,1124.0,1026.0,12.879900000000005,38.87100000000001,66.08479999999997,68.9518,2.8560999999999996,27.04,51.714,59.7922,2304.0,1776.0,3456.0,2784.0,1.0,5.0,12.0,14.0,25.0,85.0,240.0,150.0,2.1904,5.4908,13.675199999999998,12.284,0.0,-7.550000000000001,-10.319999999999995,-11.719999999999999,0.0,203.0,504.0,614.0,0.0,0.0,0.0,0.0,0.0,8.0,12.0,40.0,0.0,3.69,8.52,12.42,CIKCIK
