f-lig-chi-0,f-lig-chi-1,f-lig-chi-2,f-lig-chi-3,f-lig-Z-0,f-lig-Z-1,f-lig-Z-2,f-lig-Z-3,f-lig-I-0,f-lig-I-1,f-lig-I-2,f-lig-I-3,f-lig-T-0,f-lig-T-1,f-lig-T-2,f-lig-T-3,f-lig-S-0,f-lig-S-1,f-lig-S-2,f-lig-S-3,name
319.1691,663.7140000000003,1059.0755999999997,1353.3780000000002,1371.0,2916.0,4344.0,4764.0,48.0,102.0,162.0,216.0,264.0,666.0,978.0,1128.0,21.259200000000007,50.86620000000002,76.84020000000001,92.28719999999998,ZEDZAL01_clean_primitive
319.16909999999996,663.7140000000003,1059.0755999999997,1353.3780000000002,1371.0,2916.0,4344.0,4764.0,48.0,102.0,162.0,216.0,264.0,666.0,978.0,1128.0,21.259200000000007,50.86620000000002,76.84020000000001,92.28719999999998,ZEDZAL01_clean_primitive
319.16909999999996,663.7140000000004,1059.0756000000001,1353.3779999999997,1371.0,2916.0,4344.0,4764.0,48.0,102.0,162.0,216.0,264.0,666.0,978.0,1128.0,21.25920000000001,50.86620000000003,76.84020000000001,92.28719999999998,ZEDZAL01_clean_primitive
319.16909999999996,663.7140000000003,1059.0756000000001,1353.3779999999997,1371.0,2916.0,4344.0,4764.0,48.0,102.0,162.0,216.0,264.0,666.0,978.0,1128.0,21.25920000000001,50.86620000000003,76.84020000000001,92.28720000000003,ZEDZAL01_clean_primitive
319.1691,663.7140000000004,1059.0756000000001,1353.3779999999997,1371.0,2916.0,4344.0,4764.0,48.0,102.0,162.0,216.0,264.0,666.0,978.0,1128.0,21.25920000000001,50.86620000000002,76.84020000000002,92.28719999999997,ZEDZAL01_clean_primitive
319.1691,663.7140000000004,1059.0756000000001,1353.3779999999997,1371.0,2916.0,4344.0,4764.0,48.0,102.0,162.0,216.0,264.0,666.0,978.0,1128.0,21.25920000000001,50.86620000000002,76.84020000000002,92.28719999999998,ZEDZAL01_clean_primitive
