f-lig-chi-0,f-lig-chi-1,f-lig-chi-2,f-lig-chi-3,f-lig-Z-0,f-lig-Z-1,f-lig-Z-2,f-lig-Z-3,f-lig-I-0,f-lig-I-1,f-lig-I-2,f-lig-I-3,f-lig-T-0,f-lig-T-1,f-lig-T-2,f-lig-T-3,f-lig-S-0,f-lig-S-1,f-lig-S-2,f-lig-S-3,name
641.6588000000005,1412.9993999999988,2327.9523999999983,3139.5760000000014,2960.0,6936.0,10480.0,12928.0,104.0,226.0,372.0,516.0,598.0,1546.0,2356.0,2892.0,45.034999999999975,113.74419999999972,178.2459999999998,227.79079999999996,CISXEJ_clean_primitive
641.6588000000005,1412.9993999999995,2327.952399999999,3139.576000000002,2960.0,6936.0,10480.0,12928.0,104.0,226.0,372.0,516.0,598.0,1546.0,2356.0,2892.0,45.03499999999997,113.74419999999976,178.24599999999978,227.79080000000005,CISXEJ_clean_primitive
641.6588000000005,1412.9993999999997,2327.9523999999988,3139.5760000000023,2960.0,6936.0,10480.0,12928.0,104.0,226.0,372.0,516.0,598.0,1546.0,2356.0,2892.0,45.03499999999999,113.74419999999978,178.2459999999998,227.79080000000005,CISXEJ_clean_primitive
641.6588000000005,1412.9993999999997,2327.952399999999,3139.5760000000023,2960.0,6936.0,10480.0,12928.0,104.0,226.0,372.0,516.0,598.0,1546.0,2356.0,2892.0,45.035,113.74419999999982,178.24599999999984,227.79079999999996,CISXEJ_clean_primitive
641.6588000000004,1412.9993999999992,2327.9524000000006,3139.5760000000037,2960.0,6936.0,10480.0,12928.0,104.0,226.0,372.0,516.0,598.0,1546.0,2356.0,2892.0,45.03499999999999,113.7441999999998,178.24599999999987,227.7908,CISXEJ_clean_primitive
641.6588000000005,1412.9994,2327.952400000001,3139.5760000000028,2960.0,6936.0,10480.0,12928.0,104.0,226.0,372.0,516.0,598.0,1546.0,2356.0,2892.0,45.03499999999999,113.74419999999975,178.24599999999978,227.79079999999988,CISXEJ_clean_primitive
