f-chi-0-all,f-chi-1-all,f-chi-2-all,f-chi-3-all,f-Z-0-all,f-Z-1-all,f-Z-2-all,f-Z-3-all,f-I-0-all,f-I-1-all,f-I-2-all,f-I-3-all,f-T-0-all,f-T-1-all,f-T-2-all,f-T-3-all,f-S-0-all,f-S-1-all,f-S-2-all,f-S-3-all,mc-chi-0-all,mc-chi-1-all,mc-chi-2-all,mc-chi-3-all,mc-Z-0-all,mc-Z-1-all,mc-Z-2-all,mc-Z-3-all,mc-I-0-all,mc-I-1-all,mc-I-2-all,mc-I-3-all,mc-T-0-all,mc-T-1-all,mc-T-2-all,mc-T-3-all,mc-S-0-all,mc-S-1-all,mc-S-2-all,mc-S-3-all,D_mc-chi-0-all,D_mc-chi-1-all,D_mc-chi-2-all,D_mc-chi-3-all,D_mc-Z-0-all,D_mc-Z-1-all,D_mc-Z-2-all,D_mc-Z-3-all,D_mc-I-0-all,D_mc-I-1-all,D_mc-I-2-all,D_mc-I-3-all,D_mc-T-0-all,D_mc-T-1-all,D_mc-T-2-all,D_mc-T-3-all,D_mc-S-0-all,D_mc-S-1-all,D_mc-S-2-all,D_mc-S-3-all,name
140.84249999999997,239.6304,503.9364,651.1232,7694.0,6112.0,8116.0,9024.0,17.0,38.0,60.0,80.0,108.0,306.0,386.0,332.0,14.6992,33.40480000000001,49.39720000000001,53.436,2.3862333333333337,16.546400000000002,13.710100000000002,36.827099999999994,2322.0,890.6666666666666,1269.3333333333333,2214.6666666666665,1.0,3.6666666666666665,4.333333333333333,8.333333333333334,16.333333333333332,41.666666666666664,61.0,78.33333333333333,2.292866666666667,4.068533333333334,5.779466666666667,9.4112,0.0,-7.803333333333332,-4.539999999999998,-13.453333333333328,0.0,82.0,89.33333333333333,245.33333333333334,0.0,0.0,0.0,0.0,0.0,7.0,5.333333333333333,17.0,0.0,2.8966666666666665,2.7500000000000004,6.3566666666666665,CISXEJ_clean_primitive
140.84249999999997,239.63039999999998,503.9364,651.1232000000001,7694.0,6112.0,8116.0,9024.0,17.0,38.0,60.0,80.0,108.0,306.0,386.0,332.0,14.699200000000001,33.404799999999994,49.397200000000005,53.435999999999986,2.3862333333333337,16.546400000000002,13.710100000000002,36.827099999999994,2322.0,890.6666666666666,1269.3333333333333,2214.6666666666665,1.0,3.6666666666666665,4.333333333333333,8.333333333333334,16.333333333333332,41.666666666666664,61.0,78.33333333333333,2.292866666666667,4.068533333333334,5.779466666666667,9.4112,0.0,-7.803333333333332,-4.539999999999998,-13.453333333333328,0.0,82.0,89.33333333333333,245.33333333333334,0.0,0.0,0.0,0.0,0.0,7.0,5.333333333333333,17.0,0.0,2.8966666666666665,2.7500000000000004,6.3566666666666665,CISXEJ_clean_primitive
