f-chi-0-all,f-chi-1-all,f-chi-2-all,f-chi-3-all,f-Z-0-all,f-Z-1-all,f-Z-2-all,f-Z-3-all,f-I-0-all,f-I-1-all,f-I-2-all,f-I-3-all,f-T-0-all,f-T-1-all,f-T-2-all,f-T-3-all,f-S-0-all,f-S-1-all,f-S-2-all,f-S-3-all,mc-chi-0-all,mc-chi-1-all,mc-chi-2-all,mc-chi-3-all,mc-Z-0-all,mc-Z-1-all,mc-Z-2-all,mc-Z-3-all,mc-I-0-all,mc-I-1-all,mc-I-2-all,mc-I-3-all,mc-T-0-all,mc-T-1-all,mc-T-2-all,mc-T-3-all,mc-S-0-all,mc-S-1-all,mc-S-2-all,mc-S-3-all,D_mc-chi-0-all,D_mc-chi-1-all,D_mc-chi-2-all,D_mc-chi-3-all,D_mc-Z-0-all,D_mc-Z-1-all,D_mc-Z-2-all,D_mc-Z-3-all,D_mc-I-0-all,D_mc-I-1-all,D_mc-I-2-all,D_mc-I-3-all,D_mc-T-0-all,D_mc-T-1-all,D_mc-T-2-all,D_mc-T-3-all,D_mc-S-0-all,D_mc-S-1-all,D_mc-S-2-all,D_mc-S-3-all,name
528.3439999999997,967.2544000000003,3166.0303999999996,3474.5872000000004,23918.0,36000.0,52664.0,63680.0,62.0,160.0,348.0,448.0,508.0,1408.0,2456.0,3176.0,52.66459999999993,142.55760000000006,256.64519999999976,335.19120000000004,1.2100000000000002,20.18133333333333,14.168000000000001,31.526,3249.0,2432.0,2850.0,4560.0,1.0,5.333333333333333,5.333333333333333,9.333333333333334,34.0,68.0,112.66666666666667,123.33333333333333,2.8560999999999996,6.5797333333333325,7.920466666666665,12.393333333333333,0.0,-12.479999999999999,-7.013333333333332,-18.393333333333327,0.0,261.3333333333333,254.0,452.0,0.0,0.0,0.0,0.0,0.0,23.333333333333332,16.0,35.333333333333336,0.0,5.12,4.326666666666665,8.44,NEZWOG01_clean_primitive
