f-sbu-chi-0,f-sbu-chi-1,f-sbu-chi-2,f-sbu-chi-3,f-sbu-Z-0,f-sbu-Z-1,f-sbu-Z-2,f-sbu-Z-3,f-sbu-I-0,f-sbu-I-1,f-sbu-I-2,f-sbu-I-3,f-sbu-T-0,f-sbu-T-1,f-sbu-T-2,f-sbu-T-3,f-sbu-S-0,f-sbu-S-1,f-sbu-S-2,f-sbu-S-3,mc-chi-0,mc-chi-1,mc-chi-2,mc-chi-3,mc-Z-0,mc-Z-1,mc-Z-2,mc-Z-3,mc-I-0,mc-I-1,mc-I-2,mc-I-3,mc-T-0,mc-T-1,mc-T-2,mc-T-3,mc-S-0,mc-S-1,mc-S-2,mc-S-3,D_mc-chi-0,D_mc-chi-1,D_mc-chi-2,D_mc-chi-3,D_mc-Z-0,D_mc-Z-1,D_mc-Z-2,D_mc-Z-3,D_mc-I-0,D_mc-I-1,D_mc-I-2,D_mc-I-3,D_mc-T-0,D_mc-T-1,D_mc-T-2,D_mc-T-3,D_mc-S-0,D_mc-S-1,D_mc-S-2,D_mc-S-3,name
140.2143,253.3664000000001,477.8599999999999,958.7199999999999,1542.0,3404.0,5168.0,3988.0,19.0,36.0,66.0,120.0,102.0,288.0,426.0,360.0,10.2619,23.026,41.717000000000006,56.45120000000001,2.7224999999999997,31.415999999999997,49.797,59.63099999999999,900.0,1320.0,1620.0,2640.0,1.0,6.0,12.0,14.0,36.0,108.0,156.0,168.0,1.7161000000000002,5.8426,9.956000000000001,12.576000000000004,0.0,-9.14,-10.380000000000003,-13.040000000000003,0.0,136.0,306.0,332.0,0.0,0.0,0.0,0.0,0.0,18.0,46.0,56.0,0.0,3.4000000000000004,8.120000000000001,8.740000000000002,MEKDIQ
140.2143,253.36640000000006,477.85999999999996,958.72,1542.0,3404.0,5168.0,3988.0,19.0,36.0,66.0,120.0,102.0,288.0,426.0,360.0,10.2619,23.026,41.717,56.451200000000014,2.7224999999999997,31.415999999999997,49.797,59.63099999999999,900.0,1320.0,1620.0,2640.0,1.0,6.0,12.0,14.0,36.0,108.0,156.0,168.0,1.7161000000000002,5.8426,9.956000000000001,12.576000000000004,0.0,-9.14,-10.380000000000003,-13.040000000000003,0.0,136.0,306.0,332.0,0.0,0.0,0.0,0.0,0.0,18.0,46.0,56.0,0.0,3.4000000000000004,8.120000000000001,8.740000000000002,MEKDIQ
