f-sbu-chi-0,f-sbu-chi-1,f-sbu-chi-2,f-sbu-chi-3,f-sbu-Z-0,f-sbu-Z-1,f-sbu-Z-2,f-sbu-Z-3,f-sbu-I-0,f-sbu-I-1,f-sbu-I-2,f-sbu-I-3,f-sbu-T-0,f-sbu-T-1,f-sbu-T-2,f-sbu-T-3,f-sbu-S-0,f-sbu-S-1,f-sbu-S-2,f-sbu-S-3,mc-chi-0,mc-chi-1,mc-chi-2,mc-chi-3,mc-Z-0,mc-Z-1,mc-Z-2,mc-Z-3,mc-I-0,mc-I-1,mc-I-2,mc-I-3,mc-T-0,mc-T-1,mc-T-2,mc-T-3,mc-S-0,mc-S-1,mc-S-2,mc-S-3,D_mc-chi-0,D_mc-chi-1,D_mc-chi-2,D_mc-chi-3,D_mc-Z-0,D_mc-Z-1,D_mc-Z-2,D_mc-Z-3,D_mc-I-0,D_mc-I-1,D_mc-I-2,D_mc-I-3,D_mc-T-0,D_mc-T-1,D_mc-T-2,D_mc-T-3,D_mc-S-0,D_mc-S-1,D_mc-S-2,D_mc-S-3,name
123.28259999999999,249.684,356.5171999999999,475.54479999999995,2442.0,3768.0,4448.0,5104.0,16.0,36.0,48.0,64.0,84.0,196.0,256.0,320.0,11.432,25.440399999999997,34.1392,43.3728,2.7224999999999997,16.368,16.83,36.596999999999994,900.0,690.0,720.0,1560.0,1.0,3.0,4.0,8.0,9.0,21.0,36.0,60.0,1.7161000000000002,2.8951000000000002,4.034800000000001,7.964800000000001,0.0,-4.970000000000001,-3.5999999999999996,-8.98,0.0,67.0,96.0,188.0,0.0,0.0,0.0,0.0,0.0,2.0,0.0,4.0,0.0,1.7200000000000002,2.16,4.4,HESVOR
123.28259999999999,249.68399999999997,356.5171999999999,475.5447999999999,2442.0,3768.0,4448.0,5104.0,16.0,36.0,48.0,64.0,84.0,196.0,256.0,320.0,11.432,25.440400000000007,34.1392,43.3728,2.7224999999999997,16.368,16.83,36.596999999999994,900.0,690.0,720.0,1560.0,1.0,3.0,4.0,8.0,9.0,21.0,36.0,60.0,1.7161000000000002,2.8951000000000002,4.034800000000001,7.964800000000001,0.0,-4.970000000000001,-3.5999999999999996,-8.98,0.0,67.0,96.0,188.0,0.0,0.0,0.0,0.0,0.0,2.0,0.0,4.0,0.0,1.7200000000000002,2.16,4.4,HESVOR
