f-chi-0-all,f-chi-1-all,f-chi-2-all,f-chi-3-all,f-Z-0-all,f-Z-1-all,f-Z-2-all,f-Z-3-all,f-I-0-all,f-I-1-all,f-I-2-all,f-I-3-all,f-T-0-all,f-T-1-all,f-T-2-all,f-T-3-all,f-S-0-all,f-S-1-all,f-S-2-all,f-S-3-all,mc-chi-0-all,mc-chi-1-all,mc-chi-2-all,mc-chi-3-all,mc-Z-0-all,mc-Z-1-all,mc-Z-2-all,mc-Z-3-all,mc-I-0-all,mc-I-1-all,mc-I-2-all,mc-I-3-all,mc-T-0-all,mc-T-1-all,mc-T-2-all,mc-T-3-all,mc-S-0-all,mc-S-1-all,mc-S-2-all,mc-S-3-all,D_mc-chi-0-all,D_mc-chi-1-all,D_mc-chi-2-all,D_mc-chi-3-all,D_mc-Z-0-all,D_mc-Z-1-all,D_mc-Z-2-all,D_mc-Z-3-all,D_mc-I-0-all,D_mc-I-1-all,D_mc-I-2-all,D_mc-I-3-all,D_mc-T-0-all,D_mc-T-1-all,D_mc-T-2-all,D_mc-T-3-all,D_mc-S-0-all,D_mc-S-1-all,D_mc-S-2-all,D_mc-S-3-all,name
169.49699999999996,323.6447999999999,1243.4042,674.5077999999999,8268.0,18612.0,23198.0,13618.0,20.0,60.0,136.0,92.0,264.0,976.0,1202.0,786.0,17.3288,63.13719999999999,98.55939999999998,72.25779999999999,1.2768999999999997,28.679399999999998,13.401799999999998,34.080799999999996,3481.0,4071.0,5546.0,3422.0,1.0,8.0,5.0,11.0,64.0,184.0,184.0,224.0,3.0976,10.9296,8.958400000000001,12.5488,0.0,-16.34,-6.21,-17.73,0.0,403.0,201.0,591.0,0.0,0.0,0.0,0.0,0.0,41.0,17.0,60.0,0.0,7.870000000000001,3.71,12.23,GAJZAU_clean_primitive
169.49699999999996,323.6447999999999,1243.4042,674.5077999999999,8268.0,18612.0,23198.0,13618.0,20.0,60.0,136.0,92.0,264.0,976.0,1202.0,786.0,17.3288,63.13719999999999,98.55939999999998,72.25779999999999,1.2768999999999997,28.679399999999998,13.401799999999998,34.080799999999996,3481.0,4071.0,5546.0,3422.0,1.0,8.0,5.0,11.0,64.0,184.0,184.0,224.0,3.0976,10.9296,8.958400000000001,12.5488,0.0,-16.34,-6.21,-17.73,0.0,403.0,201.0,591.0,0.0,0.0,0.0,0.0,0.0,41.0,17.0,60.0,0.0,7.870000000000001,3.71,12.23,GAJZAU_clean_primitive
