f-chi-0-all,f-chi-1-all,f-chi-2-all,f-chi-3-all,f-Z-0-all,f-Z-1-all,f-Z-2-all,f-Z-3-all,f-I-0-all,f-I-1-all,f-I-2-all,f-I-3-all,f-T-0-all,f-T-1-all,f-T-2-all,f-T-3-all,f-S-0-all,f-S-1-all,f-S-2-all,f-S-3-all,mc-chi-0-all,mc-chi-1-all,mc-chi-2-all,mc-chi-3-all,mc-Z-0-all,mc-Z-1-all,mc-Z-2-all,mc-Z-3-all,mc-I-0-all,mc-I-1-all,mc-I-2-all,mc-I-3-all,mc-T-0-all,mc-T-1-all,mc-T-2-all,mc-T-3-all,mc-S-0-all,mc-S-1-all,mc-S-2-all,mc-S-3-all,D_mc-chi-0-all,D_mc-chi-1-all,D_mc-chi-2-all,D_mc-chi-3-all,D_mc-Z-0-all,D_mc-Z-1-all,D_mc-Z-2-all,D_mc-Z-3-all,D_mc-I-0-all,D_mc-I-1-all,D_mc-I-2-all,D_mc-I-3-all,D_mc-T-0-all,D_mc-T-1-all,D_mc-T-2-all,D_mc-T-3-all,D_mc-S-0-all,D_mc-S-1-all,D_mc-S-2-all,D_mc-S-3-all,name
636.1257999999996,1692.0068,3240.0579999999995,4870.139600000001,17221.0,33160.0,74192.0,97872.0,87.0,240.0,460.0,684.0,716.0,2140.0,4040.0,5792.0,71.59990000000002,190.44880000000003,388.06839999999994,557.2947999999999,3.61,18.743499999999994,34.185750000000006,58.367999999999995,841.0,855.5,2816.625,3385.75,1.0,3.25,7.125,11.5,10.75,35.625,68.5,108.875,1.9043999999999992,3.5465999999999998,9.392624999999999,13.251449999999998,0.0,-3.6900000000000004,-4.455,-8.870000000000003,0.0,64.75,109.5,216.75,0.0,0.0,0.0,0.0,0.0,-0.125,2.375,3.5,0.0,1.9149999999999991,3.0262499999999997,6.267499999999999,DAWWAB_clean_primitive
