f-link-chi-0,f-link-chi-1,f-link-chi-2,f-link-chi-3,f-link-Z-0,f-link-Z-1,f-link-Z-2,f-link-Z-3,f-link-I-0,f-link-I-1,f-link-I-2,f-link-I-3,f-link-T-0,f-link-T-1,f-link-T-2,f-link-T-3,f-link-S-0,f-link-S-1,f-link-S-2,f-link-S-3,name
256.70539999999994,1332.8021999999996,1669.7976,1139.8055999999995,1400.0,7320.0,9120.0,6240.0,28.0,170.0,184.0,136.0,1250.0,9170.0,5316.0,6828.0,15.761199999999999,97.85540000000002,103.11440000000005,77.61200000000002,PUWCAL
256.70539999999994,1332.8021999999996,1669.7976,1139.8055999999995,1400.0,7320.0,9120.0,6240.0,28.0,170.0,184.0,136.0,1250.0,9170.0,5316.0,6828.0,15.761199999999999,97.85540000000002,103.11440000000005,77.61200000000002,PUWCAL
256.70539999999994,1332.8021999999999,1669.7975999999999,1139.8056,1400.0,7320.0,9120.0,6240.0,28.0,170.0,184.0,136.0,1250.0,9170.0,5316.0,6828.0,15.761199999999999,97.85540000000002,103.11440000000003,77.61200000000001,PUWCAL
256.70539999999994,1332.8021999999999,1669.7976,1139.8056,1400.0,7320.0,9120.0,6240.0,28.0,170.0,184.0,136.0,1250.0,9170.0,5316.0,6828.0,15.761199999999999,97.85540000000002,103.11440000000005,77.61200000000002,PUWCAL
