f-chi-0-all,f-chi-1-all,f-chi-2-all,f-chi-3-all,f-Z-0-all,f-Z-1-all,f-Z-2-all,f-Z-3-all,f-I-0-all,f-I-1-all,f-I-2-all,f-I-3-all,f-T-0-all,f-T-1-all,f-T-2-all,f-T-3-all,f-S-0-all,f-S-1-all,f-S-2-all,f-S-3-all,mc-chi-0-all,mc-chi-1-all,mc-chi-2-all,mc-chi-3-all,mc-Z-0-all,mc-Z-1-all,mc-Z-2-all,mc-Z-3-all,mc-I-0-all,mc-I-1-all,mc-I-2-all,mc-I-3-all,mc-T-0-all,mc-T-1-all,mc-T-2-all,mc-T-3-all,mc-S-0-all,mc-S-1-all,mc-S-2-all,mc-S-3-all,D_mc-chi-0-all,D_mc-chi-1-all,D_mc-chi-2-all,D_mc-chi-3-all,D_mc-Z-0-all,D_mc-Z-1-all,D_mc-Z-2-all,D_mc-Z-3-all,D_mc-I-0-all,D_mc-I-1-all,D_mc-I-2-all,D_mc-I-3-all,D_mc-T-0-all,D_mc-T-1-all,D_mc-T-2-all,D_mc-T-3-all,D_mc-S-0-all,D_mc-S-1-all,D_mc-S-2-all,D_mc-S-3-all,name
367.23479999999984,609.2927999999995,1843.5744000000004,2293.516799999999,16368.0,25344.0,26496.0,34560.0,40.0,96.0,192.0,288.0,288.0,768.0,1152.0,1536.0,32.014800000000015,87.95040000000009,141.04799999999992,195.87360000000012,1.2995999999999999,23.52959999999999,17.441999999999997,40.97159999999999,3600.0,2880.0,2160.0,5040.0,1.0,6.0,6.0,12.0,36.0,72.0,108.0,180.0,3.0276,7.621200000000001,8.0388,15.659999999999998,0.0,-13.799999999999999,-8.459999999999999,-22.259999999999998,0.0,312.0,324.0,636.0,0.0,0.0,0.0,0.0,0.0,24.0,18.0,42.0,0.0,6.0600000000000005,5.819999999999999,11.879999999999999,VUWRUC_clean_primitive
367.23479999999984,609.2927999999996,1843.5744000000009,2293.5168,16368.0,25344.0,26496.0,34560.0,40.0,96.0,192.0,288.0,288.0,768.0,1152.0,1536.0,32.01480000000002,87.95040000000009,141.04799999999994,195.87360000000012,1.2995999999999999,23.52959999999999,17.441999999999997,40.97159999999999,3600.0,2880.0,2160.0,5040.0,1.0,6.0,6.0,12.0,36.0,72.0,108.0,180.0,3.0276,7.621200000000001,8.0388,15.659999999999998,0.0,-13.799999999999999,-8.459999999999999,-22.259999999999998,0.0,312.0,324.0,636.0,0.0,0.0,0.0,0.0,0.0,24.0,18.0,42.0,0.0,6.0600000000000005,5.819999999999999,11.879999999999999,VUWRUC_clean_primitive
