f-lig-chi-0,f-lig-chi-1,f-lig-chi-2,f-lig-chi-3,f-lig-Z-0,f-lig-Z-1,f-lig-Z-2,f-lig-Z-3,f-lig-I-0,f-lig-I-1,f-lig-I-2,f-lig-I-3,f-lig-T-0,f-lig-T-1,f-lig-T-2,f-lig-T-3,f-lig-S-0,f-lig-S-1,f-lig-S-2,f-lig-S-3,name
429.49939999999964,910.5830000000009,1425.2624000000005,1758.7932000000021,2778.0,5048.0,8472.0,9848.0,64.0,138.0,216.0,276.0,354.0,890.0,1300.0,1444.0,31.047600000000024,73.26020000000004,112.55959999999997,131.46760000000012,GUFBUG_clean_primitive
429.49939999999964,910.5830000000009,1425.2624000000005,1758.7932000000021,2778.0,5048.0,8472.0,9848.0,64.0,138.0,216.0,276.0,354.0,890.0,1300.0,1444.0,31.047600000000024,73.26020000000004,112.55959999999997,131.46760000000012,GUFBUG_clean_primitive
429.49939999999964,910.5830000000009,1425.2624000000005,1758.7932000000021,2778.0,5048.0,8472.0,9848.0,64.0,138.0,216.0,276.0,354.0,890.0,1300.0,1444.0,31.047600000000024,73.26020000000004,112.55959999999997,131.46760000000012,GUFBUG_clean_primitive
429.49939999999964,910.5830000000009,1425.2624000000005,1758.7932000000021,2778.0,5048.0,8472.0,9848.0,64.0,138.0,216.0,276.0,354.0,890.0,1300.0,1444.0,31.047600000000024,73.26020000000004,112.55959999999997,131.46760000000012,GUFBUG_clean_primitive
