f-chi-0-all,f-chi-1-all,f-chi-2-all,f-chi-3-all,f-Z-0-all,f-Z-1-all,f-Z-2-all,f-Z-3-all,f-I-0-all,f-I-1-all,f-I-2-all,f-I-3-all,f-T-0-all,f-T-1-all,f-T-2-all,f-T-3-all,f-S-0-all,f-S-1-all,f-S-2-all,f-S-3-all,mc-chi-0-all,mc-chi-1-all,mc-chi-2-all,mc-chi-3-all,mc-Z-0-all,mc-Z-1-all,mc-Z-2-all,mc-Z-3-all,mc-I-0-all,mc-I-1-all,mc-I-2-all,mc-I-3-all,mc-T-0-all,mc-T-1-all,mc-T-2-all,mc-T-3-all,mc-S-0-all,mc-S-1-all,mc-S-2-all,mc-S-3-all,D_mc-chi-0-all,D_mc-chi-1-all,D_mc-chi-2-all,D_mc-chi-3-all,D_mc-Z-0-all,D_mc-Z-1-all,D_mc-Z-2-all,D_mc-Z-3-all,D_mc-I-0-all,D_mc-I-1-all,D_mc-I-2-all,D_mc-I-3-all,D_mc-T-0-all,D_mc-T-1-all,D_mc-T-2-all,D_mc-T-3-all,D_mc-S-0-all,D_mc-S-1-all,D_mc-S-2-all,D_mc-S-3-all,name
195.60739999999996,308.4991999999998,1239.4121999999998,1241.9776,7328.0,15488.0,20736.0,13696.0,22.0,56.0,126.0,152.0,216.0,736.0,1036.0,768.0,18.821200000000005,59.27599999999999,97.19399999999997,99.3384,0.7921,24.492799999999995,14.409099999999999,31.9866,3136.0,3584.0,5152.0,4704.0,1.0,8.0,7.0,12.0,64.0,160.0,208.0,240.0,3.8415999999999997,11.446399999999999,12.896799999999999,17.64,0.0,-20.400000000000002,-9.959999999999999,-25.26,0.0,384.0,300.0,588.0,0.0,0.0,0.0,0.0,0.0,44.0,30.0,66.0,0.0,9.840000000000002,7.139999999999999,14.52,GUFBUG_clean_primitive
195.60739999999996,308.4991999999998,1239.4121999999998,1241.9776,7328.0,15488.0,20736.0,13696.0,22.0,56.0,126.0,152.0,216.0,736.0,1036.0,768.0,18.821200000000005,59.27599999999999,97.19399999999997,99.3384,0.7921,24.492799999999995,14.409099999999999,31.9866,3136.0,3584.0,5152.0,4704.0,1.0,8.0,7.0,12.0,64.0,160.0,208.0,240.0,3.8415999999999997,11.446399999999999,12.896799999999999,17.64,0.0,-20.400000000000002,-9.959999999999999,-25.26,0.0,384.0,300.0,588.0,0.0,0.0,0.0,0.0,0.0,44.0,30.0,66.0,0.0,9.840000000000002,7.139999999999999,14.52,GUFBUG_clean_primitive
