f-lig-chi-0,f-lig-chi-1,f-lig-chi-2,f-lig-chi-3,f-lig-Z-0,f-lig-Z-1,f-lig-Z-2,f-lig-Z-3,f-lig-I-0,f-lig-I-1,f-lig-I-2,f-lig-I-3,f-lig-T-0,f-lig-T-1,f-lig-T-2,f-lig-T-3,f-lig-S-0,f-lig-S-1,f-lig-S-2,f-lig-S-3,name
166.04879999999997,304.9359999999999,432.79239999999993,579.0093999999998,804.0,1408.0,2176.0,2776.0,20.0,40.0,56.0,74.0,96.0,232.0,328.0,382.0,9.553999999999998,20.640800000000002,29.759200000000007,37.47460000000001,VAGTAA01_clean_primitive
166.04879999999997,304.9359999999999,432.79239999999993,579.0093999999998,804.0,1408.0,2176.0,2776.0,20.0,40.0,56.0,74.0,96.0,232.0,328.0,382.0,9.553999999999998,20.640800000000002,29.759200000000007,37.47460000000001,VAGTAA01_clean_primitive
