f-lig-chi-0,f-lig-chi-1,f-lig-chi-2,f-lig-chi-3,f-lig-Z-0,f-lig-Z-1,f-lig-Z-2,f-lig-Z-3,f-lig-I-0,f-lig-I-1,f-lig-I-2,f-lig-I-3,f-lig-T-0,f-lig-T-1,f-lig-T-2,f-lig-T-3,f-lig-S-0,f-lig-S-1,f-lig-S-2,f-lig-S-3,name
186.20039999999997,369.1908000000001,558.5432000000001,629.6197999999998,1304.0,2408.0,3204.0,3472.0,26.0,54.0,80.0,94.0,134.0,320.0,424.0,414.0,13.273600000000004,29.616000000000007,41.6292,45.54340000000002,RUBGUS_clean_primitive
186.20039999999997,369.1908000000001,558.5432000000001,629.6197999999998,1304.0,2408.0,3204.0,3472.0,26.0,54.0,80.0,94.0,134.0,320.0,424.0,414.0,13.273600000000004,29.616000000000007,41.6292,45.54340000000002,RUBGUS_clean_primitive
186.2004,369.1908,558.5432000000001,629.6197999999999,1304.0,2408.0,3204.0,3472.0,26.0,54.0,80.0,94.0,134.0,320.0,424.0,414.0,13.273600000000002,29.61600000000001,41.62919999999999,45.54340000000001,RUBGUS_clean_primitive
186.2004,369.1908000000001,558.5432000000001,629.6197999999999,1304.0,2408.0,3204.0,3472.0,26.0,54.0,80.0,94.0,134.0,320.0,424.0,414.0,13.273600000000002,29.616000000000007,41.62919999999999,45.54340000000001,RUBGUS_clean_primitive
