f-chi-0-all,f-chi-1-all,f-chi-2-all,f-chi-3-all,f-Z-0-all,f-Z-1-all,f-Z-2-all,f-Z-3-all,f-I-0-all,f-I-1-all,f-I-2-all,f-I-3-all,f-T-0-all,f-T-1-all,f-T-2-all,f-T-3-all,f-S-0-all,f-S-1-all,f-S-2-all,f-S-3-all,mc-chi-0-all,mc-chi-1-all,mc-chi-2-all,mc-chi-3-all,mc-Z-0-all,mc-Z-1-all,mc-Z-2-all,mc-Z-3-all,mc-I-0-all,mc-I-1-all,mc-I-2-all,mc-I-3-all,mc-T-0-all,mc-T-1-all,mc-T-2-all,mc-T-3-all,mc-S-0-all,mc-S-1-all,mc-S-2-all,mc-S-3-all,D_mc-chi-0-all,D_mc-chi-1-all,D_mc-chi-2-all,D_mc-chi-3-all,D_mc-Z-0-all,D_mc-Z-1-all,D_mc-Z-2-all,D_mc-Z-3-all,D_mc-I-0-all,D_mc-I-1-all,D_mc-I-2-all,D_mc-I-3-all,D_mc-T-0-all,D_mc-T-1-all,D_mc-T-2-all,D_mc-T-3-all,D_mc-S-0-all,D_mc-S-1-all,D_mc-S-2-all,D_mc-S-3-all,name
265.4775999999999,554.0479999999998,1391.3119999999997,1649.4559999999994,4678.0,10772.0,19402.0,21824.0,30.0,76.0,152.0,216.0,244.0,752.0,1266.0,1480.0,21.161000000000012,59.157599999999974,105.16420000000002,140.86399999999995,3.61,34.77,30.162499999999994,79.04950000000001,841.0,1174.5,2740.5,2813.0,1.0,5.5,7.0,13.0,30.5,77.0,141.0,164.5,1.9043999999999994,5.292299999999998,8.990699999999999,13.2894,0.0,-7.8500000000000005,-2.575,-16.904999999999998,0.0,119.0,108.5,280.0,0.0,0.0,0.0,0.0,0.0,16.5,12.0,41.0,0.0,3.755,3.1449999999999987,8.31,PORVID_clean_primitive
265.4775999999999,554.0479999999998,1391.3119999999997,1649.4559999999997,4678.0,10772.0,19402.0,21824.0,30.0,76.0,152.0,216.0,244.0,752.0,1266.0,1480.0,21.161000000000012,59.157599999999974,105.16420000000002,140.86399999999995,3.61,34.77,30.162499999999994,79.04950000000001,841.0,1174.5,2740.5,2813.0,1.0,5.5,7.0,13.0,30.5,77.0,141.0,164.5,1.9043999999999994,5.292299999999998,8.990699999999999,13.2894,0.0,-7.8500000000000005,-2.575,-16.904999999999998,0.0,119.0,108.5,280.0,0.0,0.0,0.0,0.0,0.0,16.5,12.0,41.0,0.0,3.755,3.1449999999999987,8.31,PORVID_clean_primitive
