f-chi-0-all,f-chi-1-all,f-chi-2-all,f-chi-3-all,f-Z-0-all,f-Z-1-all,f-Z-2-all,f-Z-3-all,f-I-0-all,f-I-1-all,f-I-2-all,f-I-3-all,f-T-0-all,f-T-1-all,f-T-2-all,f-T-3-all,f-S-0-all,f-S-1-all,f-S-2-all,f-S-3-all,mc-chi-0-all,mc-chi-1-all,mc-chi-2-all,mc-chi-3-all,mc-Z-0-all,mc-Z-1-all,mc-Z-2-all,mc-Z-3-all,mc-I-0-all,mc-I-1-all,mc-I-2-all,mc-I-3-all,mc-T-0-all,mc-T-1-all,mc-T-2-all,mc-T-3-all,mc-S-0-all,mc-S-1-all,mc-S-2-all,mc-S-3-all,D_mc-chi-0-all,D_mc-chi-1-all,D_mc-chi-2-all,D_mc-chi-3-all,D_mc-Z-0-all,D_mc-Z-1-all,D_mc-Z-2-all,D_mc-Z-3-all,D_mc-I-0-all,D_mc-I-1-all,D_mc-I-2-all,D_mc-I-3-all,D_mc-T-0-all,D_mc-T-1-all,D_mc-T-2-all,D_mc-T-3-all,D_mc-S-0-all,D_mc-S-1-all,D_mc-S-2-all,D_mc-S-3-all,name
137.13630000000003,248.11440000000005,453.97079999999994,794.0856,1842.0,3408.0,5326.0,5864.0,19.0,36.0,62.0,104.0,98.0,264.0,372.0,344.0,12.947300000000002,25.941600000000005,43.9282,62.84999999999998,3.3489000000000004,33.379200000000004,46.665,78.98280000000003,676.0,1092.0,1560.0,2288.0,1.0,6.0,10.0,18.0,36.0,96.0,168.0,204.0,1.5625,5.625,9.625000000000002,13.950000000000005,0.0,-7.26,-7.1999999999999975,-10.219999999999995,0.0,114.0,200.0,380.0,0.0,0.0,0.0,0.0,0.0,20.0,32.0,74.0,0.0,3.0,4.800000000000001,11.340000000000003,WEFCAN_clean_primitive
137.13630000000003,248.11440000000005,453.97079999999994,794.0855999999999,1842.0,3408.0,5326.0,5864.0,19.0,36.0,62.0,104.0,98.0,264.0,372.0,344.0,12.947300000000002,25.941600000000005,43.928200000000004,62.84999999999998,3.3489000000000004,33.379200000000004,46.665,78.98280000000003,676.0,1092.0,1560.0,2288.0,1.0,6.0,10.0,18.0,36.0,96.0,168.0,204.0,1.5625,5.625,9.625000000000002,13.950000000000005,0.0,-7.26,-7.1999999999999975,-10.219999999999995,0.0,114.0,200.0,380.0,0.0,0.0,0.0,0.0,0.0,20.0,32.0,74.0,0.0,3.0,4.800000000000001,11.340000000000003,WEFCAN_clean_primitive
