f-chi-0-all,f-chi-1-all,f-chi-2-all,f-chi-3-all,f-Z-0-all,f-Z-1-all,f-Z-2-all,f-Z-3-all,f-I-0-all,f-I-1-all,f-I-2-all,f-I-3-all,f-T-0-all,f-T-1-all,f-T-2-all,f-T-3-all,f-S-0-all,f-S-1-all,f-S-2-all,f-S-3-all,mc-chi-0-all,mc-chi-1-all,mc-chi-2-all,mc-chi-3-all,mc-Z-0-all,mc-Z-1-all,mc-Z-2-all,mc-Z-3-all,mc-I-0-all,mc-I-1-all,mc-I-2-all,mc-I-3-all,mc-T-0-all,mc-T-1-all,mc-T-2-all,mc-T-3-all,mc-S-0-all,mc-S-1-all,mc-S-2-all,mc-S-3-all,D_mc-chi-0-all,D_mc-chi-1-all,D_mc-chi-2-all,D_mc-chi-3-all,D_mc-Z-0-all,D_mc-Z-1-all,D_mc-Z-2-all,D_mc-Z-3-all,D_mc-I-0-all,D_mc-I-1-all,D_mc-I-2-all,D_mc-I-3-all,D_mc-T-0-all,D_mc-T-1-all,D_mc-T-2-all,D_mc-T-3-all,D_mc-S-0-all,D_mc-S-1-all,D_mc-S-2-all,D_mc-S-3-all,name
196.57699999999994,356.90559999999994,1323.4894000000002,1070.5099999999998,8018.0,15928.0,20890.0,16232.0,22.0,60.0,136.0,140.0,236.0,792.0,1058.0,968.0,17.3332,57.25719999999999,94.8674,96.81319999999995,1.2768999999999997,30.0919,15.684399999999997,39.6065,3481.0,3658.0,5251.0,4838.0,1.0,8.0,6.0,12.0,64.0,160.0,184.0,256.0,3.0976,10.348799999999999,9.8736,15.910400000000001,0.0,-17.59,-7.1,-21.49,0.0,410.0,265.0,626.0,0.0,0.0,0.0,0.0,0.0,44.0,25.0,64.0,0.0,8.200000000000001,4.95,12.08,BETFEN_clean_primitive
196.57699999999994,356.90559999999994,1323.4893999999997,1070.5099999999998,8018.0,15928.0,20890.0,16232.0,22.0,60.0,136.0,140.0,236.0,792.0,1058.0,968.0,17.3332,57.25719999999998,94.8674,96.81319999999997,1.2768999999999997,30.0919,15.684399999999997,39.6065,3481.0,3658.0,5251.0,4838.0,1.0,8.0,6.0,12.0,64.0,160.0,184.0,256.0,3.0976,10.348799999999999,9.8736,15.910400000000001,0.0,-17.59,-7.1,-21.49,0.0,410.0,265.0,626.0,0.0,0.0,0.0,0.0,0.0,44.0,25.0,64.0,0.0,8.200000000000001,4.95,12.08,BETFEN_clean_primitive
