name,cif_file,Di,Df,Dif,rho,VSA,GSA,VPOV,GPOV,POAV_vol_frac,PONAV_vol_frac,GPOAV,GPONAV,POAV,PONAV
LUJPUC_clean,LUJPUC_clean.cif,7.06321,4.67137,6.77967,1.16372,925.865,795.607,0.35459999999999997,0.30471247379094624,0.3167,0.0379,0.272144,0.0325679,305.631,36.5753
