f-lig-chi-0,f-lig-chi-1,f-lig-chi-2,f-lig-chi-3,f-lig-Z-0,f-lig-Z-1,f-lig-Z-2,f-lig-Z-3,f-lig-I-0,f-lig-I-1,f-lig-I-2,f-lig-I-3,f-lig-T-0,f-lig-T-1,f-lig-T-2,f-lig-T-3,f-lig-S-0,f-lig-S-1,f-lig-S-2,f-lig-S-3,name
91.2838,176.00099999999998,261.8652,273.572,397.0,768.0,1020.0,884.0,13.0,26.0,38.0,42.0,64.0,150.0,190.0,168.0,5.7333,12.766600000000002,17.2678,16.610999999999997,FAQVEA_clean_primitive
64.4914,133.1226,180.16559999999998,111.26400000000001,271.0,570.0,672.0,252.0,9.0,18.0,26.0,16.0,44.0,96.0,104.0,56.0,3.8465,8.580200000000001,10.5258,5.639999999999999,FAQVEA_clean_primitive
91.28380000000001,176.00100000000003,261.8652,273.57199999999995,397.0,768.0,1020.0,884.0,13.0,26.0,38.0,42.0,64.0,150.0,190.0,168.0,5.733299999999999,12.7666,17.2678,16.611,FAQVEA_clean_primitive
91.2838,176.00100000000003,261.86519999999996,273.57199999999995,397.0,768.0,1020.0,884.0,13.0,26.0,38.0,42.0,64.0,150.0,190.0,168.0,5.733299999999999,12.7666,17.267799999999998,16.610999999999997,FAQVEA_clean_primitive
64.4914,133.1226,180.16559999999998,111.26400000000001,271.0,570.0,672.0,252.0,9.0,18.0,26.0,16.0,44.0,96.0,104.0,56.0,3.8465,8.580200000000001,10.5258,5.64,FAQVEA_clean_primitive
91.2838,176.00099999999998,261.86519999999996,273.572,397.0,768.0,1020.0,884.0,13.0,26.0,38.0,42.0,64.0,150.0,190.0,168.0,5.733299999999999,12.7666,17.2678,16.610999999999997,FAQVEA_clean_primitive
64.4914,133.1226,180.16559999999998,111.26400000000001,271.0,570.0,672.0,252.0,9.0,18.0,26.0,16.0,44.0,96.0,104.0,56.0,3.8465,8.580200000000001,10.5258,5.639999999999999,FAQVEA_clean_primitive
64.4914,133.1226,180.16559999999998,111.26400000000001,271.0,570.0,672.0,252.0,9.0,18.0,26.0,16.0,44.0,96.0,104.0,56.0,3.8465,8.580200000000001,10.5258,5.64,FAQVEA_clean_primitive
