f-lig-chi-0,f-lig-chi-1,f-lig-chi-2,f-lig-chi-3,f-lig-Z-0,f-lig-Z-1,f-lig-Z-2,f-lig-Z-3,f-lig-I-0,f-lig-I-1,f-lig-I-2,f-lig-I-3,f-lig-T-0,f-lig-T-1,f-lig-T-2,f-lig-T-3,f-lig-S-0,f-lig-S-1,f-lig-S-2,f-lig-S-3,name
240.75379999999998,454.76699999999994,707.7907999999999,849.099,1166.0,2208.0,3296.0,3480.0,32.0,66.0,100.0,126.0,166.0,404.0,560.0,598.0,15.7568,34.9426,50.92520000000002,58.935800000000015,SOTXEG_neutral_primitive
240.75379999999998,454.76699999999994,707.7907999999999,849.0990000000002,1166.0,2208.0,3296.0,3480.0,32.0,66.0,100.0,126.0,166.0,404.0,560.0,598.0,15.7568,34.942600000000006,50.92520000000002,58.935800000000015,SOTXEG_neutral_primitive
