f-chi-0-all,f-chi-1-all,f-chi-2-all,f-chi-3-all,f-Z-0-all,f-Z-1-all,f-Z-2-all,f-Z-3-all,f-I-0-all,f-I-1-all,f-I-2-all,f-I-3-all,f-T-0-all,f-T-1-all,f-T-2-all,f-T-3-all,f-S-0-all,f-S-1-all,f-S-2-all,f-S-3-all,mc-chi-0-all,mc-chi-1-all,mc-chi-2-all,mc-chi-3-all,mc-Z-0-all,mc-Z-1-all,mc-Z-2-all,mc-Z-3-all,mc-I-0-all,mc-I-1-all,mc-I-2-all,mc-I-3-all,mc-T-0-all,mc-T-1-all,mc-T-2-all,mc-T-3-all,mc-S-0-all,mc-S-1-all,mc-S-2-all,mc-S-3-all,D_mc-chi-0-all,D_mc-chi-1-all,D_mc-chi-2-all,D_mc-chi-3-all,D_mc-Z-0-all,D_mc-Z-1-all,D_mc-Z-2-all,D_mc-Z-3-all,D_mc-I-0-all,D_mc-I-1-all,D_mc-I-2-all,D_mc-I-3-all,D_mc-T-0-all,D_mc-T-1-all,D_mc-T-2-all,D_mc-T-3-all,D_mc-S-0-all,D_mc-S-1-all,D_mc-S-2-all,D_mc-S-3-all,name
523.4393999999996,994.5452000000005,2724.6592000000005,2439.2144000000008,11922.0,22912.0,21648.0,21256.0,72.0,156.0,324.0,336.0,516.0,1420.0,1792.0,1956.0,33.25260000000003,97.19439999999986,158.22839999999994,172.40840000000003,1.2100000000000002,33.077,17.369,34.1,4900.0,4900.0,2590.0,4480.0,1.0,9.0,6.0,11.0,81.0,180.0,162.0,225.0,2.8899999999999997,11.236999999999998,7.82,12.766999999999996,0.0,-20.169999999999998,-9.189999999999998,-18.9,0.0,560.0,383.0,706.0,0.0,0.0,0.0,0.0,0.0,61.0,36.0,74.0,0.0,8.69,5.599999999999999,11.190000000000001,SOTXEG_neutral_primitive
523.4393999999996,994.5452000000001,2724.6592000000005,2439.2144000000008,11922.0,22912.0,21648.0,21256.0,72.0,156.0,324.0,336.0,516.0,1420.0,1792.0,1956.0,33.25260000000003,97.19439999999987,158.22839999999997,172.40840000000003,1.2100000000000002,33.077,17.369,34.1,4900.0,4900.0,2590.0,4480.0,1.0,9.0,6.0,11.0,81.0,180.0,162.0,225.0,2.8899999999999997,11.236999999999998,7.82,12.766999999999996,0.0,-20.169999999999998,-9.189999999999998,-18.9,0.0,560.0,383.0,706.0,0.0,0.0,0.0,0.0,0.0,61.0,36.0,74.0,0.0,8.69,5.599999999999999,11.190000000000001,SOTXEG_neutral_primitive
