f-lig-chi-0,f-lig-chi-1,f-lig-chi-2,f-lig-chi-3,f-lig-Z-0,f-lig-Z-1,f-lig-Z-2,f-lig-Z-3,f-lig-I-0,f-lig-I-1,f-lig-I-2,f-lig-I-3,f-lig-T-0,f-lig-T-1,f-lig-T-2,f-lig-T-3,f-lig-S-0,f-lig-S-1,f-lig-S-2,f-lig-S-3,name
450.00069999999994,967.2660000000006,1549.1346000000005,2020.788,1861.0,4140.0,6144.0,6876.0,70.0,150.0,240.0,324.0,390.0,990.0,1464.0,1716.0,30.168600000000012,73.68900000000001,111.81359999999997,135.79079999999996,PATWOY_clean_primitive
450.00069999999994,967.2660000000006,1549.134600000001,2020.7880000000002,1861.0,4140.0,6144.0,6876.0,70.0,150.0,240.0,324.0,390.0,990.0,1464.0,1716.0,30.168600000000012,73.68900000000002,111.81359999999997,135.79079999999996,PATWOY_clean_primitive
122.22820000000002,268.821,406.2200000000001,458.812,466.0,1080.0,1400.0,1288.0,20.0,42.0,64.0,76.0,106.0,258.0,352.0,360.0,8.1492,19.8506,27.907200000000007,28.971600000000006,PATWOY_clean_primitive
122.2282,268.821,406.2200000000001,458.812,466.0,1080.0,1400.0,1288.0,20.0,42.0,64.0,76.0,106.0,258.0,352.0,360.0,8.1492,19.8506,27.907200000000003,28.971600000000006,PATWOY_clean_primitive
