f-chi-0-all,f-chi-1-all,f-chi-2-all,f-chi-3-all,f-Z-0-all,f-Z-1-all,f-Z-2-all,f-Z-3-all,f-I-0-all,f-I-1-all,f-I-2-all,f-I-3-all,f-T-0-all,f-T-1-all,f-T-2-all,f-T-3-all,f-S-0-all,f-S-1-all,f-S-2-all,f-S-3-all,mc-chi-0-all,mc-chi-1-all,mc-chi-2-all,mc-chi-3-all,mc-Z-0-all,mc-Z-1-all,mc-Z-2-all,mc-Z-3-all,mc-I-0-all,mc-I-1-all,mc-I-2-all,mc-I-3-all,mc-T-0-all,mc-T-1-all,mc-T-2-all,mc-T-3-all,mc-S-0-all,mc-S-1-all,mc-S-2-all,mc-S-3-all,D_mc-chi-0-all,D_mc-chi-1-all,D_mc-chi-2-all,D_mc-chi-3-all,D_mc-Z-0-all,D_mc-Z-1-all,D_mc-Z-2-all,D_mc-Z-3-all,D_mc-I-0-all,D_mc-I-1-all,D_mc-I-2-all,D_mc-I-3-all,D_mc-T-0-all,D_mc-T-1-all,D_mc-T-2-all,D_mc-T-3-all,D_mc-S-0-all,D_mc-S-1-all,D_mc-S-2-all,D_mc-S-3-all,name
83.88789999999999,139.87199999999999,202.3112,299.4719999999999,1342.0,2328.0,2978.0,1632.0,11.0,20.0,28.0,36.0,48.0,112.0,126.0,88.0,7.464300000000001,14.623600000000003,21.046800000000005,20.482,2.7224999999999997,25.608,25.244999999999994,53.84499999999999,900.0,1080.0,1080.0,1960.0,1.0,4.666666666666667,6.0,12.0,22.0,50.0,84.0,125.33333333333333,1.7161000000000002,4.497666666666667,6.052200000000002,10.5324,0.0,-7.82,-5.400000000000001,-12.833333333333336,0.0,104.0,144.0,294.6666666666667,0.0,0.0,0.0,0.0,0.0,11.333333333333334,10.0,29.333333333333332,0.0,2.68,3.24,7.680000000000002,PATWOY_clean_primitive
170.617,313.24800000000005,672.9867999999999,916.6079999999996,2698.0,5784.0,7408.0,8352.0,20.0,44.0,76.0,112.0,120.0,308.0,428.0,512.0,13.5636,32.8444,52.393199999999986,69.50880000000002,2.7224999999999997,25.608,25.244999999999994,53.84499999999999,900.0,1080.0,1080.0,1960.0,1.0,4.666666666666667,6.0,12.0,22.0,50.0,84.0,125.33333333333333,1.7161000000000002,4.497666666666667,6.052200000000002,10.5324,0.0,-7.82,-5.400000000000001,-12.833333333333336,0.0,104.0,144.0,294.6666666666667,0.0,0.0,0.0,0.0,0.0,11.333333333333334,10.0,29.333333333333332,0.0,2.68,3.24,7.680000000000002,PATWOY_clean_primitive
