f-chi-0-all,f-chi-1-all,f-chi-2-all,f-chi-3-all,f-Z-0-all,f-Z-1-all,f-Z-2-all,f-Z-3-all,f-I-0-all,f-I-1-all,f-I-2-all,f-I-3-all,f-T-0-all,f-T-1-all,f-T-2-all,f-T-3-all,f-S-0-all,f-S-1-all,f-S-2-all,f-S-3-all,mc-chi-0-all,mc-chi-1-all,mc-chi-2-all,mc-chi-3-all,mc-Z-0-all,mc-Z-1-all,mc-Z-2-all,mc-Z-3-all,mc-I-0-all,mc-I-1-all,mc-I-2-all,mc-I-3-all,mc-T-0-all,mc-T-1-all,mc-T-2-all,mc-T-3-all,mc-S-0-all,mc-S-1-all,mc-S-2-all,mc-S-3-all,D_mc-chi-0-all,D_mc-chi-1-all,D_mc-chi-2-all,D_mc-chi-3-all,D_mc-Z-0-all,D_mc-Z-1-all,D_mc-Z-2-all,D_mc-Z-3-all,D_mc-I-0-all,D_mc-I-1-all,D_mc-I-2-all,D_mc-I-3-all,D_mc-T-0-all,D_mc-T-1-all,D_mc-T-2-all,D_mc-T-3-all,D_mc-S-0-all,D_mc-S-1-all,D_mc-S-2-all,D_mc-S-3-all,name
123.8472,238.32319999999993,698.9935999999999,421.0559999999999,3057.0,7040.0,5936.0,2304.0,13.0,32.0,64.0,48.0,112.0,320.0,352.0,192.0,8.651199999999998,25.579200000000007,38.5896,26.9808,3.1684,48.9856,18.156,18.156,2401.0,3136.0,1176.0,1176.0,1.0,8.0,4.0,4.0,64.0,128.0,96.0,96.0,2.0164,8.2928,4.3736,4.3736,0.0,-13.28,-3.0799999999999996,-3.0799999999999996,0.0,328.0,172.0,172.0,0.0,0.0,0.0,0.0,0.0,48.0,20.0,20.0,0.0,5.52,2.5999999999999996,2.5999999999999996,LOSXIC_clean_primitive
123.8472,238.32319999999993,698.9935999999999,421.0559999999999,3057.0,7040.0,5936.0,2304.0,13.0,32.0,64.0,48.0,112.0,320.0,352.0,192.0,8.6512,25.579200000000007,38.5896,26.980799999999995,3.1684,48.9856,18.156,18.156,2401.0,3136.0,1176.0,1176.0,1.0,8.0,4.0,4.0,64.0,128.0,96.0,96.0,2.0164,8.2928,4.3736,4.3736,0.0,-13.28,-3.0799999999999996,-3.0799999999999996,0.0,328.0,172.0,172.0,0.0,0.0,0.0,0.0,0.0,48.0,20.0,20.0,0.0,5.52,2.5999999999999996,2.5999999999999996,LOSXIC_clean_primitive
123.8472,238.32319999999993,698.9935999999999,421.05599999999987,3057.0,7040.0,5936.0,2304.0,13.0,32.0,64.0,48.0,112.0,320.0,352.0,192.0,8.6512,25.579200000000007,38.5896,26.980800000000002,3.1684,48.9856,18.156,18.156,2401.0,3136.0,1176.0,1176.0,1.0,8.0,4.0,4.0,64.0,128.0,96.0,96.0,2.0164,8.2928,4.3736,4.3736,0.0,-13.28,-3.0799999999999996,-3.0799999999999996,0.0,328.0,172.0,172.0,0.0,0.0,0.0,0.0,0.0,48.0,20.0,20.0,0.0,5.52,2.5999999999999996,2.5999999999999996,LOSXIC_clean_primitive
