f-lig-chi-0,f-lig-chi-1,f-lig-chi-2,f-lig-chi-3,f-lig-Z-0,f-lig-Z-1,f-lig-Z-2,f-lig-Z-3,f-lig-I-0,f-lig-I-1,f-lig-I-2,f-lig-I-3,f-lig-T-0,f-lig-T-1,f-lig-T-2,f-lig-T-3,f-lig-S-0,f-lig-S-1,f-lig-S-2,f-lig-S-3,name
177.8824,311.3549999999999,564.7137999999998,772.3698,868.0,1512.0,2464.0,2814.0,21.0,42.0,74.0,104.0,116.0,304.0,448.0,448.0,10.086899999999998,21.821800000000003,35.2042,43.73520000000002,BONWIL_clean_primitive
122.2282,268.821,406.2200000000001,458.81200000000007,466.0,1080.0,1400.0,1288.0,20.0,42.0,64.0,76.0,106.0,258.0,352.0,360.0,8.1492,19.850600000000007,27.907200000000003,28.971600000000002,BONWIL_clean_primitive
177.8824,311.35499999999996,564.7137999999999,772.3698000000002,868.0,1512.0,2464.0,2814.0,21.0,42.0,74.0,104.0,116.0,304.0,448.0,448.0,10.086899999999998,21.821800000000003,35.20420000000001,43.735200000000006,BONWIL_clean_primitive
122.2282,268.82099999999997,406.2200000000001,458.81200000000007,466.0,1080.0,1400.0,1288.0,20.0,42.0,64.0,76.0,106.0,258.0,352.0,360.0,8.1492,19.850600000000004,27.907200000000003,28.9716,BONWIL_clean_primitive
122.2282,268.821,406.2200000000001,458.81200000000007,466.0,1080.0,1400.0,1288.0,20.0,42.0,64.0,76.0,106.0,258.0,352.0,360.0,8.1492,19.850600000000004,27.907200000000003,28.971600000000002,BONWIL_clean_primitive
177.8824,311.35499999999996,564.7137999999999,772.3697999999999,868.0,1512.0,2464.0,2814.0,21.0,42.0,74.0,104.0,116.0,304.0,448.0,448.0,10.086899999999998,21.821800000000003,35.2042,43.735200000000006,BONWIL_clean_primitive
122.2282,268.821,406.2200000000001,458.81200000000007,466.0,1080.0,1400.0,1288.0,20.0,42.0,64.0,76.0,106.0,258.0,352.0,360.0,8.1492,19.850600000000004,27.907200000000003,28.971600000000002,BONWIL_clean_primitive
177.88240000000002,311.3549999999999,564.7137999999999,772.3698,868.0,1512.0,2464.0,2814.0,21.0,42.0,74.0,104.0,116.0,304.0,448.0,448.0,10.0869,21.8218,35.20420000000001,43.7352,BONWIL_clean_primitive
