f-chi-0-all,f-chi-1-all,f-chi-2-all,f-chi-3-all,f-Z-0-all,f-Z-1-all,f-Z-2-all,f-Z-3-all,f-I-0-all,f-I-1-all,f-I-2-all,f-I-3-all,f-T-0-all,f-T-1-all,f-T-2-all,f-T-3-all,f-S-0-all,f-S-1-all,f-S-2-all,f-S-3-all,mc-chi-0-all,mc-chi-1-all,mc-chi-2-all,mc-chi-3-all,mc-Z-0-all,mc-Z-1-all,mc-Z-2-all,mc-Z-3-all,mc-I-0-all,mc-I-1-all,mc-I-2-all,mc-I-3-all,mc-T-0-all,mc-T-1-all,mc-T-2-all,mc-T-3-all,mc-S-0-all,mc-S-1-all,mc-S-2-all,mc-S-3-all,D_mc-chi-0-all,D_mc-chi-1-all,D_mc-chi-2-all,D_mc-chi-3-all,D_mc-Z-0-all,D_mc-Z-1-all,D_mc-Z-2-all,D_mc-Z-3-all,D_mc-I-0-all,D_mc-I-1-all,D_mc-I-2-all,D_mc-I-3-all,D_mc-T-0-all,D_mc-T-1-all,D_mc-T-2-all,D_mc-T-3-all,D_mc-S-0-all,D_mc-S-1-all,D_mc-S-2-all,D_mc-S-3-all,name
336.9267999999999,608.6799999999995,1185.2592,1524.1840000000002,5272.0,10408.0,12120.0,10660.0,42.0,88.0,144.0,192.0,244.0,644.0,772.0,712.0,26.60900000000001,61.46640000000001,90.70640000000004,104.41360000000003,2.7224999999999997,26.697,22.852499999999996,45.32549999999999,900.0,1065.0,915.0,1680.0,1.0,5.0,5.5,10.0,26.0,60.0,78.0,125.0,1.7161000000000004,4.5719,5.285850000000001,8.8818,0.0,-7.930000000000001,-4.775,-10.97,0.0,114.5,134.5,244.0,0.0,0.0,0.0,0.0,0.0,14.5,12.5,25.0,0.0,3.0600000000000005,3.17,6.32,BONWIL_clean_primitive
336.9267999999999,608.6799999999995,1185.2592,1524.1840000000002,5272.0,10408.0,12120.0,10660.0,42.0,88.0,144.0,192.0,244.0,644.0,772.0,712.0,26.60900000000001,61.46640000000001,90.70640000000002,104.41360000000002,2.7224999999999997,26.697,22.852499999999996,45.32549999999999,900.0,1065.0,915.0,1680.0,1.0,5.0,5.5,10.0,26.0,60.0,78.0,125.0,1.7161000000000004,4.5719,5.285850000000001,8.8818,0.0,-7.930000000000001,-4.775,-10.97,0.0,114.5,134.5,244.0,0.0,0.0,0.0,0.0,0.0,14.5,12.5,25.0,0.0,3.0600000000000005,3.17,6.32,BONWIL_clean_primitive
