f-link-chi-0,f-link-chi-1,f-link-chi-2,f-link-chi-3,f-link-Z-0,f-link-Z-1,f-link-Z-2,f-link-Z-3,f-link-I-0,f-link-I-1,f-link-I-2,f-link-I-3,f-link-T-0,f-link-T-1,f-link-T-2,f-link-T-3,f-link-S-0,f-link-S-1,f-link-S-2,f-link-S-3,name
257.31390000000005,587.5200000000001,1004.3513999999998,1215.368,900.0,2232.0,3318.0,3380.0,43.0,92.0,160.0,196.0,252.0,640.0,926.0,1040.0,16.253100000000007,41.918800000000026,65.10000000000004,73.20680000000002,SUTJEY
348.5109999999998,685.5930000000004,1156.0787999999998,1448.5710000000004,1450.0,2880.0,4188.0,4416.0,50.0,102.0,172.0,226.0,274.0,684.0,932.0,1012.0,20.83700000000001,48.64860000000002,72.87,84.59540000000001,SUTJEY
257.31390000000005,587.5200000000003,1004.3514,1215.368,900.0,2232.0,3318.0,3380.0,43.0,92.0,160.0,196.0,252.0,640.0,926.0,1040.0,16.25310000000001,41.91880000000002,65.10000000000004,73.20679999999999,SUTJEY
