f-link-chi-0,f-link-chi-1,f-link-chi-2,f-link-chi-3,f-link-Z-0,f-link-Z-1,f-link-Z-2,f-link-Z-3,f-link-I-0,f-link-I-1,f-link-I-2,f-link-I-3,f-link-T-0,f-link-T-1,f-link-T-2,f-link-T-3,f-link-S-0,f-link-S-1,f-link-S-2,f-link-S-3,name
186.20039999999997,369.1908,558.5432,629.6197999999999,1304.0,2408.0,3204.0,3472.0,26.0,54.0,80.0,94.0,134.0,320.0,424.0,414.0,13.2736,29.616000000000007,41.6292,45.543400000000005,OVICUS
186.20039999999997,369.1908,558.5432,629.6197999999999,1304.0,2408.0,3204.0,3472.0,26.0,54.0,80.0,94.0,134.0,320.0,424.0,414.0,13.2736,29.616000000000007,41.62920000000001,45.543400000000005,OVICUS
186.20039999999997,369.1908,558.5432,629.6197999999999,1304.0,2408.0,3204.0,3472.0,26.0,54.0,80.0,94.0,134.0,320.0,424.0,414.0,13.2736,29.616000000000003,41.629200000000004,45.54340000000001,OVICUS
186.2004,369.19079999999997,558.5432000000001,629.6197999999998,1304.0,2408.0,3204.0,3472.0,26.0,54.0,80.0,94.0,134.0,320.0,424.0,414.0,13.2736,29.616,41.62920000000001,45.543400000000005,OVICUS
