f-link-chi-0,f-link-chi-1,f-link-chi-2,f-link-chi-3,f-link-Z-0,f-link-Z-1,f-link-Z-2,f-link-Z-3,f-link-I-0,f-link-I-1,f-link-I-2,f-link-I-3,f-link-T-0,f-link-T-1,f-link-T-2,f-link-T-3,f-link-S-0,f-link-S-1,f-link-S-2,f-link-S-3,name
276.82140000000004,622.4974000000001,1006.5179999999998,1169.3539999999996,1008.0,2428.0,3528.0,3728.0,46.0,98.0,164.0,188.0,262.0,646.0,916.0,1044.0,18.031800000000008,45.53940000000002,68.67400000000004,77.82519999999998,DUKYOZ
276.82140000000004,622.4974000000001,1006.5179999999998,1169.3539999999996,1008.0,2428.0,3528.0,3728.0,46.0,98.0,164.0,188.0,262.0,646.0,916.0,1044.0,18.031800000000008,45.53940000000002,68.67400000000004,77.82519999999998,DUKYOZ
