f-chi-0-all,f-chi-1-all,f-chi-2-all,f-chi-3-all,f-Z-0-all,f-Z-1-all,f-Z-2-all,f-Z-3-all,f-I-0-all,f-I-1-all,f-I-2-all,f-I-3-all,f-T-0-all,f-T-1-all,f-T-2-all,f-T-3-all,f-S-0-all,f-S-1-all,f-S-2-all,f-S-3-all,mc-chi-0-all,mc-chi-1-all,mc-chi-2-all,mc-chi-3-all,mc-Z-0-all,mc-Z-1-all,mc-Z-2-all,mc-Z-3-all,mc-I-0-all,mc-I-1-all,mc-I-2-all,mc-I-3-all,mc-T-0-all,mc-T-1-all,mc-T-2-all,mc-T-3-all,mc-S-0-all,mc-S-1-all,mc-S-2-all,mc-S-3-all,D_mc-chi-0-all,D_mc-chi-1-all,D_mc-chi-2-all,D_mc-chi-3-all,D_mc-Z-0-all,D_mc-Z-1-all,D_mc-Z-2-all,D_mc-Z-3-all,D_mc-I-0-all,D_mc-I-1-all,D_mc-I-2-all,D_mc-I-3-all,D_mc-T-0-all,D_mc-T-1-all,D_mc-T-2-all,D_mc-T-3-all,D_mc-S-0-all,D_mc-S-1-all,D_mc-S-2-all,D_mc-S-3-all,name
192.61679999999996,390.76160000000016,914.4707999999999,910.1888000000002,3969.0,8676.0,13570.0,13920.0,23.0,56.0,98.0,120.0,174.0,512.0,710.0,700.0,18.082800000000002,45.95120000000003,71.2072,88.83119999999998,3.5343999999999998,29.67893333333333,19.72746666666667,60.41066666666666,729.0,990.0,1782.0,1872.0,1.0,4.666666666666667,4.666666666666667,10.666666666666666,25.333333333333332,62.666666666666664,101.33333333333333,134.66666666666666,1.5876000000000001,4.309200000000001,5.9136000000000015,9.374400000000001,0.0,-7.0133333333333345,-1.72,-12.080000000000004,0.0,89.33333333333333,60.0,218.66666666666666,0.0,0.0,0.0,0.0,0.0,14.0,6.666666666666667,30.0,0.0,2.4600000000000004,1.1866666666666665,6.0,OXAMIK_clean_primitive
