f-link-chi-0,f-link-chi-1,f-link-chi-2,f-link-chi-3,f-link-Z-0,f-link-Z-1,f-link-Z-2,f-link-Z-3,f-link-I-0,f-link-I-1,f-link-I-2,f-link-I-3,f-link-T-0,f-link-T-1,f-link-T-2,f-link-T-3,f-link-S-0,f-link-S-1,f-link-S-2,f-link-S-3,name
451.7648999999995,942.6330000000008,1563.9426000000005,1895.6970000000003,1791.0,3852.0,5652.0,6444.0,69.0,144.0,240.0,294.0,384.0,942.0,1332.0,1650.0,28.058100000000024,68.00640000000001,102.17040000000003,122.83259999999997,FOJLUN
451.7648999999996,942.6330000000005,1563.9425999999999,1895.6970000000015,1791.0,3852.0,5652.0,6444.0,69.0,144.0,240.0,294.0,384.0,942.0,1332.0,1650.0,28.058100000000017,68.00640000000001,102.1704,122.83260000000003,FOJLUN
451.7648999999995,942.6330000000005,1563.9425999999994,1895.6970000000008,1791.0,3852.0,5652.0,6444.0,69.0,144.0,240.0,294.0,384.0,942.0,1332.0,1650.0,28.058100000000017,68.00639999999997,102.17040000000001,122.83260000000001,FOJLUN
451.7648999999998,942.6330000000008,1563.9426,1895.6970000000001,1791.0,3852.0,5652.0,6444.0,69.0,144.0,240.0,294.0,384.0,942.0,1332.0,1650.0,28.058100000000014,68.00640000000001,102.17040000000004,122.83260000000001,FOJLUN
