f-lig-chi-0,f-lig-chi-1,f-lig-chi-2,f-lig-chi-3,f-lig-Z-0,f-lig-Z-1,f-lig-Z-2,f-lig-Z-3,f-lig-I-0,f-lig-I-1,f-lig-I-2,f-lig-I-3,f-lig-T-0,f-lig-T-1,f-lig-T-2,f-lig-T-3,f-lig-S-0,f-lig-S-1,f-lig-S-2,f-lig-S-3,name
288.3190999999998,608.306,970.2714000000001,1281.7740000000008,1226.0,2624.0,4002.0,4764.0,43.0,92.0,148.0,200.0,240.0,612.0,924.0,1124.0,18.750700000000013,45.494000000000014,70.08840000000001,87.48240000000001,YARBAW_clean_primitive
288.3190999999998,608.306,970.2714000000001,1281.7740000000008,1226.0,2624.0,4002.0,4764.0,43.0,92.0,148.0,200.0,240.0,612.0,924.0,1124.0,18.750700000000013,45.494000000000014,70.08840000000001,87.48240000000001,YARBAW_clean_primitive
154.59320000000002,339.7110000000002,541.3500000000001,645.1770000000001,542.0,1272.0,1644.0,1512.0,26.0,54.0,88.0,110.0,142.0,352.0,484.0,514.0,9.8826,24.501400000000007,35.384800000000006,38.0902,YARBAW_clean_primitive
154.59320000000002,339.7110000000001,541.3500000000001,645.1770000000001,542.0,1272.0,1644.0,1512.0,26.0,54.0,88.0,110.0,142.0,352.0,484.0,514.0,9.882600000000002,24.501400000000007,35.384800000000006,38.0902,YARBAW_clean_primitive
