f-chi-0-all,f-chi-1-all,f-chi-2-all,f-chi-3-all,f-Z-0-all,f-Z-1-all,f-Z-2-all,f-Z-3-all,f-I-0-all,f-I-1-all,f-I-2-all,f-I-3-all,f-T-0-all,f-T-1-all,f-T-2-all,f-T-3-all,f-S-0-all,f-S-1-all,f-S-2-all,f-S-3-all,mc-chi-0-all,mc-chi-1-all,mc-chi-2-all,mc-chi-3-all,mc-Z-0-all,mc-Z-1-all,mc-Z-2-all,mc-Z-3-all,mc-I-0-all,mc-I-1-all,mc-I-2-all,mc-I-3-all,mc-T-0-all,mc-T-1-all,mc-T-2-all,mc-T-3-all,mc-S-0-all,mc-S-1-all,mc-S-2-all,mc-S-3-all,D_mc-chi-0-all,D_mc-chi-1-all,D_mc-chi-2-all,D_mc-chi-3-all,D_mc-Z-0-all,D_mc-Z-1-all,D_mc-Z-2-all,D_mc-Z-3-all,D_mc-I-0-all,D_mc-I-1-all,D_mc-I-2-all,D_mc-I-3-all,D_mc-T-0-all,D_mc-T-1-all,D_mc-T-2-all,D_mc-T-3-all,D_mc-S-0-all,D_mc-S-1-all,D_mc-S-2-all,D_mc-S-3-all,name
258.36119999999994,493.05599999999976,982.567,1217.3151999999995,3534.0,7974.0,9658.0,9540.0,30.0,66.0,108.0,146.0,182.0,474.0,608.0,604.0,19.959899999999998,48.16560000000002,72.31639999999997,88.19020000000003,3.5343999999999993,31.583999999999993,25.567999999999998,51.085866666666654,729.0,1053.0,864.0,1494.0,1.0,5.0,5.333333333333333,10.0,25.666666666666668,57.0,83.0,119.66666666666667,1.5876000000000001,4.624200000000001,5.1743999999999994,8.559600000000001,0.0,-7.400000000000001,-3.573333333333333,-8.373333333333335,0.0,96.0,112.0,214.66666666666666,0.0,0.0,0.0,0.0,0.0,14.666666666666666,11.666666666666666,28.333333333333332,0.0,2.6300000000000003,2.6133333333333333,5.8066666666666675,BAKJOO_clean_primitive
258.36119999999994,493.05599999999976,982.5669999999998,1217.3151999999995,3534.0,7974.0,9658.0,9540.0,30.0,66.0,108.0,146.0,182.0,474.0,608.0,604.0,19.959899999999998,48.165600000000026,72.31639999999999,88.19020000000003,3.5343999999999993,31.583999999999993,25.567999999999998,51.085866666666654,729.0,1053.0,864.0,1494.0,1.0,5.0,5.333333333333333,10.0,25.666666666666668,57.0,83.0,119.66666666666667,1.5876000000000001,4.624200000000001,5.1743999999999994,8.559600000000001,0.0,-7.400000000000001,-3.573333333333333,-8.373333333333335,0.0,96.0,112.0,214.66666666666666,0.0,0.0,0.0,0.0,0.0,14.666666666666666,11.666666666666666,28.333333333333332,0.0,2.6300000000000003,2.6133333333333333,5.8066666666666675,BAKJOO_clean_primitive
