f-chi-0-all,f-chi-1-all,f-chi-2-all,f-chi-3-all,f-Z-0-all,f-Z-1-all,f-Z-2-all,f-Z-3-all,f-I-0-all,f-I-1-all,f-I-2-all,f-I-3-all,f-T-0-all,f-T-1-all,f-T-2-all,f-T-3-all,f-S-0-all,f-S-1-all,f-S-2-all,f-S-3-all,mc-chi-0-all,mc-chi-1-all,mc-chi-2-all,mc-chi-3-all,mc-Z-0-all,mc-Z-1-all,mc-Z-2-all,mc-Z-3-all,mc-I-0-all,mc-I-1-all,mc-I-2-all,mc-I-3-all,mc-T-0-all,mc-T-1-all,mc-T-2-all,mc-T-3-all,mc-S-0-all,mc-S-1-all,mc-S-2-all,mc-S-3-all,D_mc-chi-0-all,D_mc-chi-1-all,D_mc-chi-2-all,D_mc-chi-3-all,D_mc-Z-0-all,D_mc-Z-1-all,D_mc-Z-2-all,D_mc-Z-3-all,D_mc-I-0-all,D_mc-I-1-all,D_mc-I-2-all,D_mc-I-3-all,D_mc-T-0-all,D_mc-T-1-all,D_mc-T-2-all,D_mc-T-3-all,D_mc-S-0-all,D_mc-S-1-all,D_mc-S-2-all,D_mc-S-3-all,name
1138.5458000000012,2748.608000000001,8802.3632,9275.27040000001,141708.0,169936.0,734552.0,542112.0,122.0,352.0,872.0,1184.0,1320.0,4288.0,8576.0,13632.0,110.66059999999983,351.1791999999991,724.6335999999998,1159.9079999999997,5.196273333333332,41.675733333333355,31.518719999999963,141.42656000000002,4546.266666666666,2809.866666666667,22996.8,9044.0,1.0,5.333333333333333,6.133333333333334,18.666666666666668,28.8,69.86666666666666,164.0,233.06666666666666,2.014566666666669,5.544986666666667,11.636800000000012,18.88379999999999,0.0,-6.066666666666667,-0.3573333333333334,-21.006666666666685,0.0,309.73333333333335,11.2,1009.2,0.0,0.0,0.0,0.0,0.0,15.733333333333333,1.0666666666666667,55.2,0.0,3.688,0.2613333333333332,12.673333333333343,OQUXAB_clean_primitive
1138.5458000000012,2748.608000000001,8802.3632,9275.27040000001,141708.0,169936.0,734552.0,542112.0,122.0,352.0,872.0,1184.0,1320.0,4288.0,8576.0,13632.0,110.66059999999983,351.1791999999991,724.6335999999998,1159.9079999999997,5.196273333333332,41.675733333333355,31.518719999999963,141.42656000000002,4546.266666666666,2809.866666666667,22996.8,9044.0,1.0,5.333333333333333,6.133333333333334,18.666666666666668,28.8,69.86666666666666,164.0,233.06666666666666,2.014566666666669,5.544986666666667,11.636800000000012,18.88379999999999,0.0,-6.066666666666667,-0.3573333333333334,-21.006666666666685,0.0,309.73333333333335,11.2,1009.2,0.0,0.0,0.0,0.0,0.0,15.733333333333333,1.0666666666666667,55.2,0.0,3.688,0.2613333333333332,12.673333333333343,OQUXAB_clean_primitive
