name,cif_file,Di,Df,Dif,rho,VSA,GSA,VPOV,GPOV,POAV_vol_frac,PONAV_vol_frac,GPOAV,GPONAV,POAV,PONAV
WIRMOB_clean,WIRMOB_clean.cif,8.09669,7.0815,8.09669,0.92351,1033.96,1119.6,0.33330000000000004,0.36090567508743815,0.2936,0.0397,0.317917,0.0429881,2601.52,351.772
