f-sbu-chi-0,f-sbu-chi-1,f-sbu-chi-2,f-sbu-chi-3,f-sbu-Z-0,f-sbu-Z-1,f-sbu-Z-2,f-sbu-Z-3,f-sbu-I-0,f-sbu-I-1,f-sbu-I-2,f-sbu-I-3,f-sbu-T-0,f-sbu-T-1,f-sbu-T-2,f-sbu-T-3,f-sbu-S-0,f-sbu-S-1,f-sbu-S-2,f-sbu-S-3,mc-chi-0,mc-chi-1,mc-chi-2,mc-chi-3,mc-Z-0,mc-Z-1,mc-Z-2,mc-Z-3,mc-I-0,mc-I-1,mc-I-2,mc-I-3,mc-T-0,mc-T-1,mc-T-2,mc-T-3,mc-S-0,mc-S-1,mc-S-2,mc-S-3,D_mc-chi-0,D_mc-chi-1,D_mc-chi-2,D_mc-chi-3,D_mc-Z-0,D_mc-Z-1,D_mc-Z-2,D_mc-Z-3,D_mc-I-0,D_mc-I-1,D_mc-I-2,D_mc-I-3,D_mc-T-0,D_mc-T-1,D_mc-T-2,D_mc-T-3,D_mc-S-0,D_mc-S-1,D_mc-S-2,D_mc-S-3,name
744.6660000000007,1527.0847999999992,5458.724799999999,7234.457600000004,5664.0,19200.0,41600.0,64128.0,84.0,248.0,592.0,992.0,912.0,3160.0,6224.0,9288.0,62.99399999999996,208.19599999999994,437.6367999999998,713.2976000000008,1.7161000000000006,28.54053333333334,24.619266666666665,84.63473333333333,144.0,608.0,816.0,1808.0,1.0,6.333333333333333,8.666666666666666,20.333333333333332,40.333333333333336,111.0,226.0,393.6666666666667,1.9320999999999995,6.426433333333333,11.574066666666667,20.96583333333333,0.0,-13.489999999999997,-7.439999999999999,-37.97,0.0,25.333333333333332,36.0,93.33333333333333,0.0,0.0,0.0,0.0,0.0,23.0,20.0,67.66666666666667,0.0,4.180000000000001,3.7199999999999993,13.179999999999998,ZZZSDW03
