f-chi-0-all,f-chi-1-all,f-chi-2-all,f-chi-3-all,f-Z-0-all,f-Z-1-all,f-Z-2-all,f-Z-3-all,f-I-0-all,f-I-1-all,f-I-2-all,f-I-3-all,f-T-0-all,f-T-1-all,f-T-2-all,f-T-3-all,f-S-0-all,f-S-1-all,f-S-2-all,f-S-3-all,mc-chi-0-all,mc-chi-1-all,mc-chi-2-all,mc-chi-3-all,mc-Z-0-all,mc-Z-1-all,mc-Z-2-all,mc-Z-3-all,mc-I-0-all,mc-I-1-all,mc-I-2-all,mc-I-3-all,mc-T-0-all,mc-T-1-all,mc-T-2-all,mc-T-3-all,mc-S-0-all,mc-S-1-all,mc-S-2-all,mc-S-3-all,D_mc-chi-0-all,D_mc-chi-1-all,D_mc-chi-2-all,D_mc-chi-3-all,D_mc-Z-0-all,D_mc-Z-1-all,D_mc-Z-2-all,D_mc-Z-3-all,D_mc-I-0-all,D_mc-I-1-all,D_mc-I-2-all,D_mc-I-3-all,D_mc-T-0-all,D_mc-T-1-all,D_mc-T-2-all,D_mc-T-3-all,D_mc-S-0-all,D_mc-S-1-all,D_mc-S-2-all,D_mc-S-3-all,name
205.22849999999994,424.51239999999996,712.3083999999999,799.3656,7980.0,10416.0,11254.0,11760.0,25.0,60.0,88.0,104.0,156.0,400.0,550.0,592.0,19.013400000000008,46.77159999999999,65.18920000000001,71.97760000000002,2.8560999999999996,22.353066666666667,20.111,39.66993333333333,2304.0,1472.0,1344.0,2368.0,1.0,4.0,4.666666666666667,8.666666666666666,16.0,37.333333333333336,56.0,88.0,2.1904,4.361066666666667,5.318133333333333,8.9688,0.0,-6.466666666666668,-4.013333333333332,-8.826666666666664,0.0,161.33333333333334,196.0,366.6666666666667,0.0,0.0,0.0,0.0,0.0,6.666666666666667,4.666666666666667,12.666666666666666,0.0,2.973333333333333,3.313333333333333,6.766666666666666,QUJFUX_clean_primitive
205.22849999999994,424.51239999999996,712.3084000000001,799.3656,7980.0,10416.0,11254.0,11760.0,25.0,60.0,88.0,104.0,156.0,400.0,550.0,592.0,19.013400000000008,46.7716,65.18920000000001,71.97760000000002,2.8560999999999996,22.353066666666667,20.111,39.66993333333333,2304.0,1472.0,1344.0,2368.0,1.0,4.0,4.666666666666667,8.666666666666666,16.0,37.333333333333336,56.0,88.0,2.1904,4.361066666666667,5.318133333333333,8.9688,0.0,-6.466666666666668,-4.013333333333332,-8.826666666666664,0.0,161.33333333333334,196.0,366.6666666666667,0.0,0.0,0.0,0.0,0.0,6.666666666666667,4.666666666666667,12.666666666666666,0.0,2.973333333333333,3.313333333333333,6.766666666666666,QUJFUX_clean_primitive
