f-chi-0-all,f-chi-1-all,f-chi-2-all,f-chi-3-all,f-Z-0-all,f-Z-1-all,f-Z-2-all,f-Z-3-all,f-I-0-all,f-I-1-all,f-I-2-all,f-I-3-all,f-T-0-all,f-T-1-all,f-T-2-all,f-T-3-all,f-S-0-all,f-S-1-all,f-S-2-all,f-S-3-all,mc-chi-0-all,mc-chi-1-all,mc-chi-2-all,mc-chi-3-all,mc-Z-0-all,mc-Z-1-all,mc-Z-2-all,mc-Z-3-all,mc-I-0-all,mc-I-1-all,mc-I-2-all,mc-I-3-all,mc-T-0-all,mc-T-1-all,mc-T-2-all,mc-T-3-all,mc-S-0-all,mc-S-1-all,mc-S-2-all,mc-S-3-all,D_mc-chi-0-all,D_mc-chi-1-all,D_mc-chi-2-all,D_mc-chi-3-all,D_mc-Z-0-all,D_mc-Z-1-all,D_mc-Z-2-all,D_mc-Z-3-all,D_mc-I-0-all,D_mc-I-1-all,D_mc-I-2-all,D_mc-I-3-all,D_mc-T-0-all,D_mc-T-1-all,D_mc-T-2-all,D_mc-T-3-all,D_mc-S-0-all,D_mc-S-1-all,D_mc-S-2-all,D_mc-S-3-all,name
270.3275999999999,554.4079999999999,1588.0343999999998,1865.368,3816.0,10308.0,16920.0,19300.0,32.0,84.0,180.0,252.0,292.0,948.0,1520.0,1748.0,21.545600000000015,64.60359999999997,117.2492,153.14119999999997,2.4025000000000003,31.031,25.730000000000004,65.503,625.0,1112.5,1887.5,2412.5,1.0,6.0,7.5,13.5,37.0,98.0,153.0,201.0,1.9321,5.837999999999999,8.91685,13.670649999999995,0.0,-10.719999999999999,-4.975,-21.335000000000004,0.0,105.5,112.0,241.0,0.0,0.0,0.0,0.0,0.0,21.0,18.5,45.5,0.0,4.140000000000001,4.01,8.93,OCUMOR_clean_primitive
270.32759999999985,554.4079999999999,1588.0343999999998,1865.3679999999997,3816.0,10308.0,16920.0,19300.0,32.0,84.0,180.0,252.0,292.0,948.0,1520.0,1748.0,21.545599999999997,64.60359999999999,117.24920000000003,153.1412,2.4025000000000003,31.031,25.730000000000004,65.503,625.0,1112.5,1887.5,2412.5,1.0,6.0,7.5,13.5,37.0,98.0,153.0,201.0,1.9321,5.837999999999999,8.91685,13.670649999999995,0.0,-10.719999999999999,-4.975,-21.335000000000004,0.0,105.5,112.0,241.0,0.0,0.0,0.0,0.0,0.0,21.0,18.5,45.5,0.0,4.140000000000001,4.01,8.93,OCUMOR_clean_primitive
