f-lig-chi-0,f-lig-chi-1,f-lig-chi-2,f-lig-chi-3,f-lig-Z-0,f-lig-Z-1,f-lig-Z-2,f-lig-Z-3,f-lig-I-0,f-lig-I-1,f-lig-I-2,f-lig-I-3,f-lig-T-0,f-lig-T-1,f-lig-T-2,f-lig-T-3,f-lig-S-0,f-lig-S-1,f-lig-S-2,f-lig-S-3,name
223.5469999999999,416.31299999999993,656.8927999999999,786.9256,1118.0,2088.0,3200.0,3472.0,28.0,58.0,88.0,108.0,146.0,354.0,488.0,552.0,14.2364,31.30820000000001,46.028,52.8372,HENYUV_clean_primitive
223.5469999999999,416.31299999999993,656.8927999999999,786.9255999999999,1118.0,2088.0,3200.0,3472.0,28.0,58.0,88.0,108.0,146.0,354.0,488.0,552.0,14.2364,31.30820000000001,46.02799999999999,52.8372,HENYUV_clean_primitive
