f-chi-0-all,f-chi-1-all,f-chi-2-all,f-chi-3-all,f-Z-0-all,f-Z-1-all,f-Z-2-all,f-Z-3-all,f-I-0-all,f-I-1-all,f-I-2-all,f-I-3-all,f-T-0-all,f-T-1-all,f-T-2-all,f-T-3-all,f-S-0-all,f-S-1-all,f-S-2-all,f-S-3-all,mc-chi-0-all,mc-chi-1-all,mc-chi-2-all,mc-chi-3-all,mc-Z-0-all,mc-Z-1-all,mc-Z-2-all,mc-Z-3-all,mc-I-0-all,mc-I-1-all,mc-I-2-all,mc-I-3-all,mc-T-0-all,mc-T-1-all,mc-T-2-all,mc-T-3-all,mc-S-0-all,mc-S-1-all,mc-S-2-all,mc-S-3-all,D_mc-chi-0-all,D_mc-chi-1-all,D_mc-chi-2-all,D_mc-chi-3-all,D_mc-Z-0-all,D_mc-Z-1-all,D_mc-Z-2-all,D_mc-Z-3-all,D_mc-I-0-all,D_mc-I-1-all,D_mc-I-2-all,D_mc-I-3-all,D_mc-T-0-all,D_mc-T-1-all,D_mc-T-2-all,D_mc-T-3-all,D_mc-S-0-all,D_mc-S-1-all,D_mc-S-2-all,D_mc-S-3-all,name
170.61699999999996,365.2679999999998,875.3547999999997,953.7568,2698.0,6072.0,8512.0,9808.0,20.0,52.0,100.0,120.0,152.0,412.0,696.0,792.0,13.5636,37.5876,66.0068,77.58480000000002,2.7224999999999997,27.719999999999995,25.244999999999997,39.53399999999999,900.0,1170.0,1080.0,1680.0,1.0,5.0,6.0,8.0,25.0,55.0,90.0,100.0,1.7161000000000002,4.8077000000000005,6.052200000000001,7.86,0.0,-8.55,-5.4,-10.760000000000002,0.0,111.0,144.0,184.0,0.0,0.0,0.0,0.0,0.0,14.0,12.0,20.0,0.0,2.8800000000000003,3.24,4.48,HENYUV_clean_primitive
170.61699999999996,365.2679999999998,875.3547999999997,953.7568,2698.0,6072.0,8512.0,9808.0,20.0,52.0,100.0,120.0,152.0,412.0,696.0,792.0,13.5636,37.5876,66.0068,77.58480000000002,2.7224999999999997,27.719999999999995,25.244999999999997,39.53399999999999,900.0,1170.0,1080.0,1680.0,1.0,5.0,6.0,8.0,25.0,55.0,90.0,100.0,1.7161000000000002,4.8077000000000005,6.052200000000001,7.86,0.0,-8.55,-5.4,-10.760000000000002,0.0,111.0,144.0,184.0,0.0,0.0,0.0,0.0,0.0,14.0,12.0,20.0,0.0,2.8800000000000003,3.24,4.48,HENYUV_clean_primitive
