f-lig-chi-0,f-lig-chi-1,f-lig-chi-2,f-lig-chi-3,f-lig-Z-0,f-lig-Z-1,f-lig-Z-2,f-lig-Z-3,f-lig-I-0,f-lig-I-1,f-lig-I-2,f-lig-I-3,f-lig-T-0,f-lig-T-1,f-lig-T-2,f-lig-T-3,f-lig-S-0,f-lig-S-1,f-lig-S-2,f-lig-S-3,name
520.3109999999997,1067.6850000000009,1818.636800000001,2404.956,2040.0,4296.0,6800.0,8376.0,80.0,166.0,288.0,380.0,454.0,1146.0,1724.0,2180.0,32.24000000000003,78.09339999999995,123.00800000000005,163.45559999999995,WOLYON_clean_primitive
520.3109999999996,1067.6850000000004,1818.6368000000007,2404.9559999999988,2040.0,4296.0,6800.0,8376.0,80.0,166.0,288.0,380.0,454.0,1146.0,1724.0,2180.0,32.24000000000003,78.09339999999997,123.00800000000004,163.4556,WOLYON_clean_primitive
520.3109999999997,1067.6850000000009,1818.6368000000011,2404.956,2040.0,4296.0,6800.0,8376.0,80.0,166.0,288.0,380.0,454.0,1146.0,1724.0,2180.0,32.24000000000002,78.09339999999999,123.00800000000005,163.45559999999998,WOLYON_clean_primitive
520.3109999999996,1067.6850000000004,1818.636799999999,2404.9559999999983,2040.0,4296.0,6800.0,8376.0,80.0,166.0,288.0,380.0,454.0,1146.0,1724.0,2180.0,32.240000000000016,78.09339999999999,123.00800000000004,163.4555999999999,WOLYON_clean_primitive
520.3109999999996,1067.6850000000006,1818.636799999999,2404.955999999999,2040.0,4296.0,6800.0,8376.0,80.0,166.0,288.0,380.0,454.0,1146.0,1724.0,2180.0,32.240000000000016,78.09340000000002,123.00800000000005,163.45559999999992,WOLYON_clean_primitive
520.3109999999998,1067.6850000000009,1818.6368000000002,2404.956,2040.0,4296.0,6800.0,8376.0,80.0,166.0,288.0,380.0,454.0,1146.0,1724.0,2180.0,32.240000000000016,78.09340000000002,123.00800000000005,163.4556,WOLYON_clean_primitive
520.3109999999992,1067.6850000000009,1818.6368000000007,2404.955999999999,2040.0,4296.0,6800.0,8376.0,80.0,166.0,288.0,380.0,454.0,1146.0,1724.0,2180.0,32.24000000000004,78.09339999999996,123.00800000000005,163.4556000000001,WOLYON_clean_primitive
520.3109999999997,1067.6850000000006,1818.6367999999993,2404.9559999999997,2040.0,4296.0,6800.0,8376.0,80.0,166.0,288.0,380.0,454.0,1146.0,1724.0,2180.0,32.240000000000016,78.09340000000002,123.00800000000004,163.45559999999992,WOLYON_clean_primitive
