f-chi-0-all,f-chi-1-all,f-chi-2-all,f-chi-3-all,f-Z-0-all,f-Z-1-all,f-Z-2-all,f-Z-3-all,f-I-0-all,f-I-1-all,f-I-2-all,f-I-3-all,f-T-0-all,f-T-1-all,f-T-2-all,f-T-3-all,f-S-0-all,f-S-1-all,f-S-2-all,f-S-3-all,mc-chi-0-all,mc-chi-1-all,mc-chi-2-all,mc-chi-3-all,mc-Z-0-all,mc-Z-1-all,mc-Z-2-all,mc-Z-3-all,mc-I-0-all,mc-I-1-all,mc-I-2-all,mc-I-3-all,mc-T-0-all,mc-T-1-all,mc-T-2-all,mc-T-3-all,mc-S-0-all,mc-S-1-all,mc-S-2-all,mc-S-3-all,D_mc-chi-0-all,D_mc-chi-1-all,D_mc-chi-2-all,D_mc-chi-3-all,D_mc-Z-0-all,D_mc-Z-1-all,D_mc-Z-2-all,D_mc-Z-3-all,D_mc-I-0-all,D_mc-I-1-all,D_mc-I-2-all,D_mc-I-3-all,D_mc-T-0-all,D_mc-T-1-all,D_mc-T-2-all,D_mc-T-3-all,D_mc-S-0-all,D_mc-S-1-all,D_mc-S-2-all,D_mc-S-3-all,name
237.16889999999992,644.4496,1418.9702,1591.8943999999992,5391.0,15568.0,34586.0,28544.0,27.0,92.0,170.0,212.0,370.0,1464.0,2514.0,2448.0,21.00120000000001,75.7886,142.66219999999998,158.81879999999995,3.4416500000000005,36.16013333333333,36.125499999999995,78.47886666666666,702.5,1201.3333333333333,4147.0,2614.6666666666665,1.0,5.666666666666667,9.0,13.333333333333334,32.333333333333336,110.0,228.33333333333334,218.66666666666666,1.57505,5.191516666666668,11.740499999999999,12.416133333333335,0.0,-8.981666666666666,-2.7799999999999994,-17.573333333333327,0.0,104.83333333333333,82.0,254.66666666666666,0.0,0.0,0.0,0.0,0.0,13.0,10.666666666666666,36.666666666666664,0.0,2.975,1.9400000000000002,6.84,TOWLIC_clean_primitive
