f-sbu-chi-0,f-sbu-chi-1,f-sbu-chi-2,f-sbu-chi-3,f-sbu-Z-0,f-sbu-Z-1,f-sbu-Z-2,f-sbu-Z-3,f-sbu-I-0,f-sbu-I-1,f-sbu-I-2,f-sbu-I-3,f-sbu-T-0,f-sbu-T-1,f-sbu-T-2,f-sbu-T-3,f-sbu-S-0,f-sbu-S-1,f-sbu-S-2,f-sbu-S-3,mc-chi-0,mc-chi-1,mc-chi-2,mc-chi-3,mc-Z-0,mc-Z-1,mc-Z-2,mc-Z-3,mc-I-0,mc-I-1,mc-I-2,mc-I-3,mc-T-0,mc-T-1,mc-T-2,mc-T-3,mc-S-0,mc-S-1,mc-S-2,mc-S-3,D_mc-chi-0,D_mc-chi-1,D_mc-chi-2,D_mc-chi-3,D_mc-Z-0,D_mc-Z-1,D_mc-Z-2,D_mc-Z-3,D_mc-I-0,D_mc-I-1,D_mc-I-2,D_mc-I-3,D_mc-T-0,D_mc-T-1,D_mc-T-2,D_mc-T-3,D_mc-S-0,D_mc-S-1,D_mc-S-2,D_mc-S-3,name
172.24079999999998,354.5728,854.2979999999999,996.4351999999999,2356.0,6180.0,9298.0,8244.0,20.0,48.0,92.0,120.0,152.0,456.0,686.0,624.0,13.3066,35.78960000000001,62.16339999999998,73.52240000000002,3.5343999999999998,38.051199999999994,32.2984,63.73199999999999,729.0,1269.0,1701.0,2025.0,1.0,6.0,7.0,12.0,36.0,90.0,144.0,210.0,1.5876000000000001,5.5440000000000005,7.408800000000001,10.936800000000002,0.0,-8.96,-4.02,-11.340000000000002,0.0,115.0,126.0,249.0,0.0,0.0,0.0,0.0,0.0,21.0,18.0,37.0,0.0,3.16,2.9400000000000004,6.440000000000001,HEBHON
172.24079999999998,354.5727999999999,854.2979999999999,996.4351999999998,2356.0,6180.0,9298.0,8244.0,20.0,48.0,92.0,120.0,152.0,456.0,686.0,624.0,13.3066,35.789600000000014,62.163399999999974,73.5224,3.5343999999999998,38.051199999999994,32.2984,63.73199999999999,729.0,1269.0,1701.0,2025.0,1.0,6.0,7.0,12.0,36.0,90.0,144.0,210.0,1.5876000000000001,5.5440000000000005,7.408800000000001,10.936800000000002,0.0,-8.96,-4.02,-11.340000000000002,0.0,115.0,126.0,249.0,0.0,0.0,0.0,0.0,0.0,21.0,18.0,37.0,0.0,3.16,2.9400000000000004,6.440000000000001,HEBHON
