f-chi-0-all,f-chi-1-all,f-chi-2-all,f-chi-3-all,f-Z-0-all,f-Z-1-all,f-Z-2-all,f-Z-3-all,f-I-0-all,f-I-1-all,f-I-2-all,f-I-3-all,f-T-0-all,f-T-1-all,f-T-2-all,f-T-3-all,f-S-0-all,f-S-1-all,f-S-2-all,f-S-3-all,mc-chi-0-all,mc-chi-1-all,mc-chi-2-all,mc-chi-3-all,mc-Z-0-all,mc-Z-1-all,mc-Z-2-all,mc-Z-3-all,mc-I-0-all,mc-I-1-all,mc-I-2-all,mc-I-3-all,mc-T-0-all,mc-T-1-all,mc-T-2-all,mc-T-3-all,mc-S-0-all,mc-S-1-all,mc-S-2-all,mc-S-3-all,D_mc-chi-0-all,D_mc-chi-1-all,D_mc-chi-2-all,D_mc-chi-3-all,D_mc-Z-0-all,D_mc-Z-1-all,D_mc-Z-2-all,D_mc-Z-3-all,D_mc-I-0-all,D_mc-I-1-all,D_mc-I-2-all,D_mc-I-3-all,D_mc-T-0-all,D_mc-T-1-all,D_mc-T-2-all,D_mc-T-3-all,D_mc-S-0-all,D_mc-S-1-all,D_mc-S-2-all,D_mc-S-3-all,name
215.27559999999994,366.8224,1140.3416,676.9728000000002,5064.0,10880.0,15400.0,16256.0,20.0,48.0,88.0,80.0,152.0,416.0,528.0,544.0,16.182399999999994,40.5144,58.33599999999999,64.7984,3.6481,40.2628,14.687899999999999,73.1148,784.0,1344.0,2240.0,2464.0,1.0,5.5,3.5,10.5,30.5,61.0,95.0,108.5,1.4641,4.761349999999999,4.7795,9.177850000000001,0.0,-10.575000000000001,-1.0050000000000001,-18.224999999999998,0.0,106.0,18.0,206.0,0.0,0.0,0.0,0.0,0.0,19.5,2.5,39.0,0.0,2.72,0.2849999999999999,5.120000000000001,AYUPOZ_clean_primitive
262.60999999999996,490.38720000000006,1807.2199999999998,1088.3967999999993,5320.0,13696.0,22312.0,24192.0,24.0,64.0,144.0,128.0,224.0,640.0,960.0,1024.0,18.314,53.53760000000001,93.3216,102.432,3.6481,40.2628,14.687899999999999,73.1148,784.0,1344.0,2240.0,2464.0,1.0,5.5,3.5,10.5,30.5,61.0,95.0,108.5,1.4641,4.761349999999999,4.7795,9.177850000000001,0.0,-10.575000000000001,-1.0050000000000001,-18.224999999999998,0.0,106.0,18.0,206.0,0.0,0.0,0.0,0.0,0.0,19.5,2.5,39.0,0.0,2.72,0.2849999999999999,5.120000000000001,AYUPOZ_clean_primitive
