f-chi-0-all,f-chi-1-all,f-chi-2-all,f-chi-3-all,f-Z-0-all,f-Z-1-all,f-Z-2-all,f-Z-3-all,f-I-0-all,f-I-1-all,f-I-2-all,f-I-3-all,f-T-0-all,f-T-1-all,f-T-2-all,f-T-3-all,f-S-0-all,f-S-1-all,f-S-2-all,f-S-3-all,mc-chi-0-all,mc-chi-1-all,mc-chi-2-all,mc-chi-3-all,mc-Z-0-all,mc-Z-1-all,mc-Z-2-all,mc-Z-3-all,mc-I-0-all,mc-I-1-all,mc-I-2-all,mc-I-3-all,mc-T-0-all,mc-T-1-all,mc-T-2-all,mc-T-3-all,mc-S-0-all,mc-S-1-all,mc-S-2-all,mc-S-3-all,D_mc-chi-0-all,D_mc-chi-1-all,D_mc-chi-2-all,D_mc-chi-3-all,D_mc-Z-0-all,D_mc-Z-1-all,D_mc-Z-2-all,D_mc-Z-3-all,D_mc-I-0-all,D_mc-I-1-all,D_mc-I-2-all,D_mc-I-3-all,D_mc-T-0-all,D_mc-T-1-all,D_mc-T-2-all,D_mc-T-3-all,D_mc-S-0-all,D_mc-S-1-all,D_mc-S-2-all,D_mc-S-3-all,name
498.23919999999987,1093.0187999999991,2517.5607999999984,3269.560799999999,6970.0,17352.0,29096.0,33964.0,58.0,148.0,284.0,412.0,448.0,1304.0,2212.0,2696.0,38.79479999999999,107.02439999999999,194.24440000000004,268.4460000000002,3.5343999999999993,33.9904,33.47653333333333,83.60986666666666,729.0,1134.0,1944.0,2358.0,1.0,5.333333333333333,7.333333333333333,16.0,28.666666666666668,71.33333333333333,146.0,202.66666666666666,1.5876000000000001,4.9224000000000006,7.938,13.2216,0.0,-8.053333333333333,-4.02,-14.393333333333336,0.0,102.0,126.0,344.6666666666667,0.0,0.0,0.0,0.0,0.0,15.333333333333334,12.0,46.666666666666664,0.0,2.813333333333333,2.940000000000001,9.666666666666666,GOBSUM_clean_primitive
