f-link-chi-0,f-link-chi-1,f-link-chi-2,f-link-chi-3,f-link-Z-0,f-link-Z-1,f-link-Z-2,f-link-Z-3,f-link-I-0,f-link-I-1,f-link-I-2,f-link-I-3,f-link-T-0,f-link-T-1,f-link-T-2,f-link-T-3,f-link-S-0,f-link-S-1,f-link-S-2,f-link-S-3,name
231.5118,450.58500000000015,781.9587999999998,1010.0503999999999,1011.0,1980.0,3064.0,3320.0,32.0,66.0,114.0,154.0,180.0,464.0,680.0,694.0,13.962400000000002,32.44780000000001,50.868999999999986,60.63460000000003,HUXHUF01
231.5118,450.58500000000004,781.9587999999998,1010.0503999999999,1011.0,1980.0,3064.0,3320.0,32.0,66.0,114.0,154.0,180.0,464.0,680.0,694.0,13.962400000000002,32.447800000000015,50.86900000000001,60.63460000000002,HUXHUF01
231.51179999999997,450.585,781.9588,1010.0504,1011.0,1980.0,3064.0,3320.0,32.0,66.0,114.0,154.0,180.0,464.0,680.0,694.0,13.962400000000002,32.447800000000015,50.869000000000014,60.63460000000001,HUXHUF01
154.5932,339.7110000000001,541.3500000000001,645.1769999999999,542.0,1272.0,1644.0,1512.0,26.0,54.0,88.0,110.0,142.0,352.0,484.0,514.0,9.882600000000005,24.501400000000004,35.38479999999999,38.0902,HUXHUF01
154.59320000000002,339.7110000000001,541.3500000000001,645.1770000000001,542.0,1272.0,1644.0,1512.0,26.0,54.0,88.0,110.0,142.0,352.0,484.0,514.0,9.882600000000004,24.501400000000004,35.3848,38.0902,HUXHUF01
231.51179999999997,450.5850000000001,781.9587999999999,1010.0503999999999,1011.0,1980.0,3064.0,3320.0,32.0,66.0,114.0,154.0,180.0,464.0,680.0,694.0,13.962400000000002,32.447800000000015,50.869,60.63460000000002,HUXHUF01
