f-link-chi-0,f-link-chi-1,f-link-chi-2,f-link-chi-3,f-link-Z-0,f-link-Z-1,f-link-Z-2,f-link-Z-3,f-link-I-0,f-link-I-1,f-link-I-2,f-link-I-3,f-link-T-0,f-link-T-1,f-link-T-2,f-link-T-3,f-link-S-0,f-link-S-1,f-link-S-2,f-link-S-3,name
220.55829999999997,455.6692000000001,711.5917999999999,812.299,1000.0,2092.0,3074.0,3082.0,31.0,66.0,102.0,122.0,168.0,414.0,588.0,616.0,14.370300000000002,33.69660000000001,49.721000000000004,54.233800000000016,MAKFEM
220.55829999999997,455.66920000000005,711.5918,812.299,1000.0,2092.0,3074.0,3082.0,31.0,66.0,102.0,122.0,168.0,414.0,588.0,616.0,14.370300000000004,33.69660000000001,49.72100000000001,54.233800000000016,MAKFEM
30.1697,35.087999999999994,23.667199999999998,0.0,164.0,192.0,128.0,0.0,3.0,4.0,2.0,0.0,6.0,8.0,2.0,0.0,1.6586999999999998,2.2484,1.0657999999999999,0.0,MAKFEM
220.5583,455.66920000000005,711.5917999999999,812.299,1000.0,2092.0,3074.0,3082.0,31.0,66.0,102.0,122.0,168.0,414.0,588.0,616.0,14.370300000000004,33.69660000000001,49.721,54.23380000000001,MAKFEM
220.5583,455.6692000000001,711.5918,812.2990000000001,1000.0,2092.0,3074.0,3082.0,31.0,66.0,102.0,122.0,168.0,414.0,588.0,616.0,14.370300000000004,33.69660000000001,49.72100000000001,54.2338,MAKFEM
30.1697,35.087999999999994,23.667199999999998,0.0,164.0,192.0,128.0,0.0,3.0,4.0,2.0,0.0,6.0,8.0,2.0,0.0,1.6586999999999998,2.2484,1.0657999999999999,0.0,MAKFEM
30.1697,35.087999999999994,23.667199999999998,0.0,164.0,192.0,128.0,0.0,3.0,4.0,2.0,0.0,6.0,8.0,2.0,0.0,1.6586999999999998,2.2484,1.0657999999999999,0.0,MAKFEM
30.1697,35.087999999999994,23.667199999999998,0.0,164.0,192.0,128.0,0.0,3.0,4.0,2.0,0.0,6.0,8.0,2.0,0.0,1.6586999999999998,2.2484,1.0657999999999999,0.0,MAKFEM
