f-lig-chi-0,f-lig-chi-1,f-lig-chi-2,f-lig-chi-3,f-lig-Z-0,f-lig-Z-1,f-lig-Z-2,f-lig-Z-3,f-lig-I-0,f-lig-I-1,f-lig-I-2,f-lig-I-3,f-lig-T-0,f-lig-T-1,f-lig-T-2,f-lig-T-3,f-lig-S-0,f-lig-S-1,f-lig-S-2,f-lig-S-3,name
169.3738,292.84199999999987,461.9707999999998,539.5289999999999,874.0,1512.0,2336.0,2568.0,20.0,40.0,60.0,74.0,100.0,240.0,332.0,378.0,10.466,21.991200000000006,32.13719999999999,37.961000000000006,LASWEJ_clean_primitive
122.22820000000002,268.821,406.2200000000001,458.812,466.0,1080.0,1400.0,1288.0,20.0,42.0,64.0,76.0,106.0,258.0,352.0,360.0,8.149199999999999,19.850600000000004,27.90720000000001,28.971600000000002,LASWEJ_clean_primitive
122.22819999999999,268.821,406.2200000000001,458.81200000000007,466.0,1080.0,1400.0,1288.0,20.0,42.0,64.0,76.0,106.0,258.0,352.0,360.0,8.149200000000002,19.850600000000004,27.907200000000003,28.971600000000002,LASWEJ_clean_primitive
122.22820000000002,268.8210000000001,406.22,458.812,466.0,1080.0,1400.0,1288.0,20.0,42.0,64.0,76.0,106.0,258.0,352.0,360.0,8.149199999999999,19.850600000000004,27.907200000000003,28.971600000000013,LASWEJ_clean_primitive
122.22820000000002,268.8210000000001,406.22,458.812,466.0,1080.0,1400.0,1288.0,20.0,42.0,64.0,76.0,106.0,258.0,352.0,360.0,8.1492,19.850600000000007,27.907200000000007,28.97160000000001,LASWEJ_clean_primitive
169.37379999999996,292.8419999999999,461.9707999999998,539.5289999999999,874.0,1512.0,2336.0,2568.0,20.0,40.0,60.0,74.0,100.0,240.0,332.0,378.0,10.466,21.99120000000001,32.13719999999999,37.96100000000002,LASWEJ_clean_primitive
