f-chi-0-all,f-chi-1-all,f-chi-2-all,f-chi-3-all,f-Z-0-all,f-Z-1-all,f-Z-2-all,f-Z-3-all,f-I-0-all,f-I-1-all,f-I-2-all,f-I-3-all,f-T-0-all,f-T-1-all,f-T-2-all,f-T-3-all,f-S-0-all,f-S-1-all,f-S-2-all,f-S-3-all,mc-chi-0-all,mc-chi-1-all,mc-chi-2-all,mc-chi-3-all,mc-Z-0-all,mc-Z-1-all,mc-Z-2-all,mc-Z-3-all,mc-I-0-all,mc-I-1-all,mc-I-2-all,mc-I-3-all,mc-T-0-all,mc-T-1-all,mc-T-2-all,mc-T-3-all,mc-S-0-all,mc-S-1-all,mc-S-2-all,mc-S-3-all,D_mc-chi-0-all,D_mc-chi-1-all,D_mc-chi-2-all,D_mc-chi-3-all,D_mc-Z-0-all,D_mc-Z-1-all,D_mc-Z-2-all,D_mc-Z-3-all,D_mc-I-0-all,D_mc-I-1-all,D_mc-I-2-all,D_mc-I-3-all,D_mc-T-0-all,D_mc-T-1-all,D_mc-T-2-all,D_mc-T-3-all,D_mc-S-0-all,D_mc-S-1-all,D_mc-S-2-all,D_mc-S-3-all,name
239.15800000000002,494.73800000000006,872.2927999999994,1177.1920000000002,4384.0,7568.0,15962.0,14064.0,34.0,72.0,124.0,160.0,200.0,524.0,768.0,940.0,21.275000000000002,49.0356,85.51740000000001,99.1132,3.61,22.116,29.829999999999995,56.943000000000005,841.0,783.0,2668.0,1783.5,1.0,3.5,7.0,10.5,12.5,39.5,69.0,93.0,1.9043999999999994,3.5534999999999988,8.714699999999999,9.818699999999998,0.0,-4.99,-2.4000000000000004,-10.020000000000003,0.0,74.5,111.0,243.0,0.0,0.0,0.0,0.0,0.0,1.5,5.5,10.5,0.0,2.255,3.3449999999999993,7.374999999999998,IBOZIK_clean_primitive
197.113,401.408,676.7167999999998,956.8000000000001,4306.0,7352.0,15494.0,12480.0,26.0,56.0,92.0,128.0,152.0,412.0,628.0,724.0,19.267799999999998,43.245200000000004,75.95900000000002,84.13000000000001,3.61,22.116,29.829999999999995,56.943000000000005,841.0,783.0,2668.0,1783.5,1.0,3.5,7.0,10.5,12.5,39.5,69.0,93.0,1.9043999999999994,3.5534999999999988,8.714699999999999,9.818699999999998,0.0,-4.99,-2.4000000000000004,-10.020000000000003,0.0,74.5,111.0,243.0,0.0,0.0,0.0,0.0,0.0,1.5,5.5,10.5,0.0,2.255,3.3449999999999993,7.374999999999998,IBOZIK_clean_primitive
