f-lig-chi-0,f-lig-chi-1,f-lig-chi-2,f-lig-chi-3,f-lig-Z-0,f-lig-Z-1,f-lig-Z-2,f-lig-Z-3,f-lig-I-0,f-lig-I-1,f-lig-I-2,f-lig-I-3,f-lig-T-0,f-lig-T-1,f-lig-T-2,f-lig-T-3,f-lig-S-0,f-lig-S-1,f-lig-S-2,f-lig-S-3,name
52.13049999999999,60.2688,142.0032,0.0,481.0,960.0,768.0,0.0,5.0,8.0,12.0,0.0,20.0,32.0,12.0,0.0,3.2551999999999994,6.1904,6.394799999999999,0.0,EMAGAB_clean_primitive
52.13049999999999,60.2688,142.0032,0.0,481.0,960.0,768.0,0.0,5.0,8.0,12.0,0.0,20.0,32.0,12.0,0.0,3.2551999999999994,6.1904,6.394799999999999,0.0,EMAGAB_clean_primitive
163.39640000000003,371.2800000000001,584.7164000000001,632.2169999999999,638.0,1536.0,2132.0,1800.0,26.0,56.0,88.0,102.0,144.0,360.0,520.0,502.0,10.7338,26.734400000000008,39.36880000000001,39.27660000000001,EMAGAB_clean_primitive
163.39640000000003,371.28000000000014,584.7163999999998,632.217,638.0,1536.0,2132.0,1800.0,26.0,56.0,88.0,102.0,144.0,360.0,520.0,502.0,10.733800000000002,26.734400000000008,39.36880000000001,39.27660000000001,EMAGAB_clean_primitive
163.39640000000003,371.28000000000003,584.7164,632.217,638.0,1536.0,2132.0,1800.0,26.0,56.0,88.0,102.0,144.0,360.0,520.0,502.0,10.733799999999999,26.734400000000008,39.36880000000001,39.2766,EMAGAB_clean_primitive
163.39640000000003,371.2800000000002,584.7164,632.217,638.0,1536.0,2132.0,1800.0,26.0,56.0,88.0,102.0,144.0,360.0,520.0,502.0,10.733800000000002,26.734400000000008,39.36880000000001,39.27660000000001,EMAGAB_clean_primitive
