f-lig-chi-0,f-lig-chi-1,f-lig-chi-2,f-lig-chi-3,f-lig-Z-0,f-lig-Z-1,f-lig-Z-2,f-lig-Z-3,f-lig-I-0,f-lig-I-1,f-lig-I-2,f-lig-I-3,f-lig-T-0,f-lig-T-1,f-lig-T-2,f-lig-T-3,f-lig-S-0,f-lig-S-1,f-lig-S-2,f-lig-S-3,name
207.40619999999996,410.717,638.4066,776.1939999999998,930.0,1850.0,2688.0,2812.0,29.0,60.0,92.0,116.0,152.0,372.0,516.0,554.0,13.185300000000002,30.200000000000006,43.8684,50.01600000000002,UWELIS_clean_primitive
207.40619999999996,410.71700000000004,638.4066000000001,776.1940000000002,930.0,1850.0,2688.0,2812.0,29.0,60.0,92.0,116.0,152.0,372.0,516.0,554.0,13.185300000000002,30.20000000000001,43.8684,50.01600000000002,UWELIS_clean_primitive
207.40619999999998,410.71700000000004,638.4065999999999,776.1940000000001,930.0,1850.0,2688.0,2812.0,29.0,60.0,92.0,116.0,152.0,372.0,516.0,554.0,13.185300000000002,30.20000000000001,43.868400000000015,50.016000000000005,UWELIS_clean_primitive
207.40619999999996,410.71700000000004,638.4066000000001,776.1940000000003,930.0,1850.0,2688.0,2812.0,29.0,60.0,92.0,116.0,152.0,372.0,516.0,554.0,13.185300000000003,30.20000000000001,43.8684,50.01600000000001,UWELIS_clean_primitive
