f-lig-chi-0,f-lig-chi-1,f-lig-chi-2,f-lig-chi-3,f-lig-Z-0,f-lig-Z-1,f-lig-Z-2,f-lig-Z-3,f-lig-I-0,f-lig-I-1,f-lig-I-2,f-lig-I-3,f-lig-T-0,f-lig-T-1,f-lig-T-2,f-lig-T-3,f-lig-S-0,f-lig-S-1,f-lig-S-2,f-lig-S-3,name
205.25259999999994,415.61300000000006,658.8194,795.1060000000002,868.0,1778.0,2534.0,2584.0,30.0,62.0,98.0,124.0,160.0,394.0,550.0,602.0,12.926200000000001,30.21540000000001,44.172599999999996,50.069600000000015,LUFNAC01_clean_primitive
205.25259999999997,415.61300000000006,658.8194,795.1060000000002,868.0,1778.0,2534.0,2584.0,30.0,62.0,98.0,124.0,160.0,394.0,550.0,602.0,12.926199999999998,30.21540000000001,44.17260000000001,50.069600000000015,LUFNAC01_clean_primitive
205.25259999999997,415.613,658.8194,795.1060000000001,868.0,1778.0,2534.0,2584.0,30.0,62.0,98.0,124.0,160.0,394.0,550.0,602.0,12.9262,30.215400000000006,44.17260000000001,50.06960000000001,LUFNAC01_clean_primitive
205.25259999999997,415.61300000000017,658.8194000000001,795.1060000000001,868.0,1778.0,2534.0,2584.0,30.0,62.0,98.0,124.0,160.0,394.0,550.0,602.0,12.926200000000001,30.215400000000013,44.1726,50.069600000000015,LUFNAC01_clean_primitive
