f-chi-0-all,f-chi-1-all,f-chi-2-all,f-chi-3-all,f-Z-0-all,f-Z-1-all,f-Z-2-all,f-Z-3-all,f-I-0-all,f-I-1-all,f-I-2-all,f-I-3-all,f-T-0-all,f-T-1-all,f-T-2-all,f-T-3-all,f-S-0-all,f-S-1-all,f-S-2-all,f-S-3-all,mc-chi-0-all,mc-chi-1-all,mc-chi-2-all,mc-chi-3-all,mc-Z-0-all,mc-Z-1-all,mc-Z-2-all,mc-Z-3-all,mc-I-0-all,mc-I-1-all,mc-I-2-all,mc-I-3-all,mc-T-0-all,mc-T-1-all,mc-T-2-all,mc-T-3-all,mc-S-0-all,mc-S-1-all,mc-S-2-all,mc-S-3-all,D_mc-chi-0-all,D_mc-chi-1-all,D_mc-chi-2-all,D_mc-chi-3-all,D_mc-Z-0-all,D_mc-Z-1-all,D_mc-Z-2-all,D_mc-Z-3-all,D_mc-I-0-all,D_mc-I-1-all,D_mc-I-2-all,D_mc-I-3-all,D_mc-T-0-all,D_mc-T-1-all,D_mc-T-2-all,D_mc-T-3-all,D_mc-S-0-all,D_mc-S-1-all,D_mc-S-2-all,D_mc-S-3-all,name
364.8624,857.9071999999996,2131.9156000000003,3341.603200000001,6470.0,14964.0,31898.0,37440.0,46.0,120.0,264.0,448.0,396.0,1320.0,2708.0,3628.0,29.405400000000014,85.74399999999999,178.0814000000001,261.8268,3.5343999999999984,31.33333333333333,41.44146666666666,85.0324,729.0,1044.0,3015.0,2835.0,1.0,5.0,9.666666666666666,14.333333333333334,25.666666666666668,81.66666666666667,157.33333333333334,200.66666666666666,1.5876000000000001,4.632600000000001,9.975000000000001,13.427400000000004,0.0,-7.266666666666669,-3.8700000000000014,-18.283333333333335,0.0,96.33333333333333,149.33333333333334,282.0,0.0,0.0,0.0,0.0,0.0,10.0,19.666666666666668,32.0,0.0,2.6233333333333335,4.263333333333333,7.403333333333335,LEVYOC_clean_primitive
364.8623999999999,857.9071999999996,2131.9156000000003,3341.603200000001,6470.0,14964.0,31898.0,37440.0,46.0,120.0,264.0,448.0,396.0,1320.0,2708.0,3628.0,29.40540000000001,85.74399999999999,178.08140000000006,261.8268,3.5343999999999984,31.33333333333333,41.44146666666666,85.0324,729.0,1044.0,3015.0,2835.0,1.0,5.0,9.666666666666666,14.333333333333334,25.666666666666668,81.66666666666667,157.33333333333334,200.66666666666666,1.5876000000000001,4.632600000000001,9.975000000000001,13.427400000000004,0.0,-7.266666666666669,-3.8700000000000014,-18.283333333333335,0.0,96.33333333333333,149.33333333333334,282.0,0.0,0.0,0.0,0.0,0.0,10.0,19.666666666666668,32.0,0.0,2.6233333333333335,4.263333333333333,7.403333333333335,LEVYOC_clean_primitive
