f-chi-0-all,f-chi-1-all,f-chi-2-all,f-chi-3-all,f-Z-0-all,f-Z-1-all,f-Z-2-all,f-Z-3-all,f-I-0-all,f-I-1-all,f-I-2-all,f-I-3-all,f-T-0-all,f-T-1-all,f-T-2-all,f-T-3-all,f-S-0-all,f-S-1-all,f-S-2-all,f-S-3-all,mc-chi-0-all,mc-chi-1-all,mc-chi-2-all,mc-chi-3-all,mc-Z-0-all,mc-Z-1-all,mc-Z-2-all,mc-Z-3-all,mc-I-0-all,mc-I-1-all,mc-I-2-all,mc-I-3-all,mc-T-0-all,mc-T-1-all,mc-T-2-all,mc-T-3-all,mc-S-0-all,mc-S-1-all,mc-S-2-all,mc-S-3-all,D_mc-chi-0-all,D_mc-chi-1-all,D_mc-chi-2-all,D_mc-chi-3-all,D_mc-Z-0-all,D_mc-Z-1-all,D_mc-Z-2-all,D_mc-Z-3-all,D_mc-I-0-all,D_mc-I-1-all,D_mc-I-2-all,D_mc-I-3-all,D_mc-T-0-all,D_mc-T-1-all,D_mc-T-2-all,D_mc-T-3-all,D_mc-S-0-all,D_mc-S-1-all,D_mc-S-2-all,D_mc-S-3-all,name
202.59149999999994,373.30879999999996,865.7736,1063.2351999999998,7968.0,11904.0,21248.0,17088.0,23.0,52.0,94.0,132.0,146.0,396.0,626.0,672.0,17.709200000000003,43.7416,73.7102,90.78280000000001,2.8560999999999996,27.130133333333333,23.91913333333333,62.74406666666666,2304.0,1792.0,4416.0,4160.0,1.0,4.666666666666667,6.0,12.0,22.666666666666668,52.0,100.0,130.66666666666666,2.1904,5.0418666666666665,8.238666666666665,13.241066666666667,0.0,-8.166666666666666,-4.013333333333333,-16.846666666666664,0.0,186.66666666666666,196.0,489.3333333333333,0.0,0.0,0.0,0.0,0.0,12.0,8.666666666666666,30.0,0.0,3.5,3.313333333333333,8.813333333333334,XOPLUL_clean_primitive
