f-lig-chi-0,f-lig-chi-1,f-lig-chi-2,f-lig-chi-3,f-lig-Z-0,f-lig-Z-1,f-lig-Z-2,f-lig-Z-3,f-lig-I-0,f-lig-I-1,f-lig-I-2,f-lig-I-3,f-lig-T-0,f-lig-T-1,f-lig-T-2,f-lig-T-3,f-lig-S-0,f-lig-S-1,f-lig-S-2,f-lig-S-3,name
64.49140000000001,133.1226,180.16559999999998,111.264,271.0,570.0,672.0,252.0,9.0,18.0,26.0,16.0,44.0,96.0,104.0,56.0,3.8464999999999994,8.580200000000001,10.5258,5.639999999999999,SIVGOV_clean_primitive
64.49140000000001,133.1226,180.16559999999998,111.264,271.0,570.0,672.0,252.0,9.0,18.0,26.0,16.0,44.0,96.0,104.0,56.0,3.8464999999999994,8.580200000000001,10.5258,5.639999999999999,SIVGOV_clean_primitive
64.4914,133.1226,180.16560000000004,111.26399999999998,271.0,570.0,672.0,252.0,9.0,18.0,26.0,16.0,44.0,96.0,104.0,56.0,3.8465,8.580200000000001,10.525800000000002,5.639999999999999,SIVGOV_clean_primitive
64.4914,133.1226,180.16560000000004,111.26399999999998,271.0,570.0,672.0,252.0,9.0,18.0,26.0,16.0,44.0,96.0,104.0,56.0,3.8465,8.580200000000001,10.525800000000002,5.639999999999999,SIVGOV_clean_primitive
