f-lig-chi-0,f-lig-chi-1,f-lig-chi-2,f-lig-chi-3,f-lig-Z-0,f-lig-Z-1,f-lig-Z-2,f-lig-Z-3,f-lig-I-0,f-lig-I-1,f-lig-I-2,f-lig-I-3,f-lig-T-0,f-lig-T-1,f-lig-T-2,f-lig-T-3,f-lig-S-0,f-lig-S-1,f-lig-S-2,f-lig-S-3,name
212.4354,470.118,759.5444000000001,931.1129999999998,885.0,2040.0,3062.0,3186.0,33.0,72.0,116.0,148.0,188.0,480.0,720.0,788.0,14.368900000000002,35.63560000000001,54.706000000000024,62.34000000000002,IFEQIV_SL_primitive
212.4354,470.11800000000005,759.5443999999999,931.1129999999999,885.0,2040.0,3062.0,3186.0,33.0,72.0,116.0,148.0,188.0,480.0,720.0,788.0,14.368900000000002,35.63560000000001,54.706000000000024,62.34000000000002,IFEQIV_SL_primitive
212.43540000000002,470.11800000000005,759.5443999999999,931.1129999999999,885.0,2040.0,3062.0,3186.0,33.0,72.0,116.0,148.0,188.0,480.0,720.0,788.0,14.368900000000002,35.63560000000001,54.70600000000001,62.34000000000002,IFEQIV_SL_primitive
212.4354,470.11800000000005,759.5443999999999,931.1129999999998,885.0,2040.0,3062.0,3186.0,33.0,72.0,116.0,148.0,188.0,480.0,720.0,788.0,14.368900000000002,35.635600000000004,54.70600000000001,62.34000000000002,IFEQIV_SL_primitive
