f-chi-0-all,f-chi-1-all,f-chi-2-all,f-chi-3-all,f-Z-0-all,f-Z-1-all,f-Z-2-all,f-Z-3-all,f-I-0-all,f-I-1-all,f-I-2-all,f-I-3-all,f-T-0-all,f-T-1-all,f-T-2-all,f-T-3-all,f-S-0-all,f-S-1-all,f-S-2-all,f-S-3-all,mc-chi-0-all,mc-chi-1-all,mc-chi-2-all,mc-chi-3-all,mc-Z-0-all,mc-Z-1-all,mc-Z-2-all,mc-Z-3-all,mc-I-0-all,mc-I-1-all,mc-I-2-all,mc-I-3-all,mc-T-0-all,mc-T-1-all,mc-T-2-all,mc-T-3-all,mc-S-0-all,mc-S-1-all,mc-S-2-all,mc-S-3-all,D_mc-chi-0-all,D_mc-chi-1-all,D_mc-chi-2-all,D_mc-chi-3-all,D_mc-Z-0-all,D_mc-Z-1-all,D_mc-Z-2-all,D_mc-Z-3-all,D_mc-I-0-all,D_mc-I-1-all,D_mc-I-2-all,D_mc-I-3-all,D_mc-T-0-all,D_mc-T-1-all,D_mc-T-2-all,D_mc-T-3-all,D_mc-S-0-all,D_mc-S-1-all,D_mc-S-2-all,D_mc-S-3-all,name
1758.3015999999977,4144.8976000000075,16253.684799999992,15665.601599999982,167440.0,249056.0,828064.0,807712.0,186.0,576.0,1584.0,2064.0,2448.0,8832.0,18080.0,28000.0,158.26240000000058,565.8847999999998,1185.7439999999997,1918.379199999998,4.490799999999998,47.2224,26.999000000000006,157.2752000000001,4948.0,3757.5,22019.0,12347.0,1.0,6.75,6.25,22.5,45.75,113.25,253.5,389.5,2.262925,7.419475,11.927450000000004,24.604299999999984,0.0,-9.360000000000001,-1.8,-29.619999999999997,0.0,417.75,123.0,1401.5,0.0,0.0,0.0,0.0,0.0,29.0,5.0,95.0,0.0,5.220000000000001,1.5150000000000003,17.395000000000003,BIXYEO_clean_primitive
