f-lig-chi-0,f-lig-chi-1,f-lig-chi-2,f-lig-chi-3,f-lig-Z-0,f-lig-Z-1,f-lig-Z-2,f-lig-Z-3,f-lig-I-0,f-lig-I-1,f-lig-I-2,f-lig-I-3,f-lig-T-0,f-lig-T-1,f-lig-T-2,f-lig-T-3,f-lig-S-0,f-lig-S-1,f-lig-S-2,f-lig-S-3,name
124.79240000000001,192.08620000000008,400.7958,471.38640000000004,974.0,2020.0,2784.0,3084.0,15.0,28.0,50.0,60.0,78.0,188.0,242.0,204.0,7.710899999999997,17.110000000000003,25.97200000000001,30.8912,GIQXOU_clean_primitive
124.79240000000001,192.08620000000002,400.7957999999999,471.3864,974.0,2020.0,2784.0,3084.0,15.0,28.0,50.0,60.0,78.0,188.0,242.0,204.0,7.710899999999999,17.11,25.972,30.891199999999998,GIQXOU_clean_primitive
124.79240000000003,192.08620000000005,400.7957999999999,471.38640000000004,974.0,2020.0,2784.0,3084.0,15.0,28.0,50.0,60.0,78.0,188.0,242.0,204.0,7.710899999999998,17.110000000000003,25.972,30.891200000000005,GIQXOU_clean_primitive
124.79240000000003,192.08620000000005,400.79579999999993,471.38640000000004,974.0,2020.0,2784.0,3084.0,15.0,28.0,50.0,60.0,78.0,188.0,242.0,204.0,7.710899999999998,17.110000000000003,25.972000000000005,30.891200000000005,GIQXOU_clean_primitive
