f-lig-chi-0,f-lig-chi-1,f-lig-chi-2,f-lig-chi-3,f-lig-Z-0,f-lig-Z-1,f-lig-Z-2,f-lig-Z-3,f-lig-I-0,f-lig-I-1,f-lig-I-2,f-lig-I-3,f-lig-T-0,f-lig-T-1,f-lig-T-2,f-lig-T-3,f-lig-S-0,f-lig-S-1,f-lig-S-2,f-lig-S-3,name
311.4534999999999,601.5450000000004,963.9159999999996,1210.4650000000008,1477.0,2868.0,4408.0,4972.0,42.0,88.0,138.0,182.0,226.0,564.0,826.0,982.0,20.197800000000015,46.015200000000014,69.51620000000001,85.13980000000002,SAHXAD_clean_primitive
311.4534999999999,601.5450000000004,963.9159999999996,1210.4650000000008,1477.0,2868.0,4408.0,4972.0,42.0,88.0,138.0,182.0,226.0,564.0,826.0,982.0,20.197800000000015,46.015200000000014,69.51620000000001,85.13980000000002,SAHXAD_clean_primitive
