f-lig-chi-0,f-lig-chi-1,f-lig-chi-2,f-lig-chi-3,f-lig-Z-0,f-lig-Z-1,f-lig-Z-2,f-lig-Z-3,f-lig-I-0,f-lig-I-1,f-lig-I-2,f-lig-I-3,f-lig-T-0,f-lig-T-1,f-lig-T-2,f-lig-T-3,f-lig-S-0,f-lig-S-1,f-lig-S-2,f-lig-S-3,name
183.44440000000003,360.87600000000003,602.4004,682.7370000000002,700.0,1392.0,2104.0,2568.0,28.0,56.0,96.0,106.0,152.0,360.0,496.0,670.0,10.889199999999999,25.564000000000007,38.09600000000002,47.57060000000001,KINDOC_clean_primitive
183.44440000000003,360.876,602.4004,682.7369999999999,700.0,1392.0,2104.0,2568.0,28.0,56.0,96.0,106.0,152.0,360.0,496.0,670.0,10.889199999999999,25.564000000000004,38.096000000000004,47.57060000000001,KINDOC_clean_primitive
183.44440000000003,360.876,602.4004,682.7369999999999,700.0,1392.0,2104.0,2568.0,28.0,56.0,96.0,106.0,152.0,360.0,496.0,670.0,10.889199999999999,25.564000000000004,38.096000000000004,47.57060000000001,KINDOC_clean_primitive
