name,cif_file,Di,Df,Dif,rho,VSA,GSA,VPOV,GPOV,POAV_vol_frac,PONAV_vol_frac,GPOAV,GPONAV,POAV,PONAV
MUWQEB_clean,MUWQEB_clean.cif,15.66484,9.57746,15.66484,0.72296,1245.01,1722.1,0.6484000000000001,0.8968684297886468,0.5168,0.1316,0.714839,0.18203,3446.86,877.722
