f-lig-chi-0,f-lig-chi-1,f-lig-chi-2,f-lig-chi-3,f-lig-Z-0,f-lig-Z-1,f-lig-Z-2,f-lig-Z-3,f-lig-I-0,f-lig-I-1,f-lig-I-2,f-lig-I-3,f-lig-T-0,f-lig-T-1,f-lig-T-2,f-lig-T-3,f-lig-S-0,f-lig-S-1,f-lig-S-2,f-lig-S-3,name
738.379800000001,1527.2460000000008,2517.595200000001,3114.3689999999992,3132.0,6624.0,9756.0,10944.0,108.0,228.0,372.0,474.0,600.0,1488.0,2124.0,2550.0,46.53720000000003,111.52679999999998,167.8116,200.25059999999982,ADUWIH_clean_primitive
738.379800000001,1527.2460000000008,2517.5952000000007,3114.3689999999992,3132.0,6624.0,9756.0,10944.0,108.0,228.0,372.0,474.0,600.0,1488.0,2124.0,2550.0,46.53720000000003,111.52679999999998,167.8116,200.25059999999985,ADUWIH_clean_primitive
738.3798000000008,1527.2460000000008,2517.5952000000025,3114.368999999999,3132.0,6624.0,9756.0,10944.0,108.0,228.0,372.0,474.0,600.0,1488.0,2124.0,2550.0,46.537200000000055,111.52679999999998,167.81160000000006,200.25059999999976,ADUWIH_clean_primitive
738.3798000000008,1527.2460000000008,2517.5952000000025,3114.368999999999,3132.0,6624.0,9756.0,10944.0,108.0,228.0,372.0,474.0,600.0,1488.0,2124.0,2550.0,46.537200000000055,111.52679999999998,167.81160000000006,200.25059999999976,ADUWIH_clean_primitive
