f-lig-chi-0,f-lig-chi-1,f-lig-chi-2,f-lig-chi-3,f-lig-Z-0,f-lig-Z-1,f-lig-Z-2,f-lig-Z-3,f-lig-I-0,f-lig-I-1,f-lig-I-2,f-lig-I-3,f-lig-T-0,f-lig-T-1,f-lig-T-2,f-lig-T-3,f-lig-S-0,f-lig-S-1,f-lig-S-2,f-lig-S-3,name
122.22820000000002,268.821,406.2200000000001,458.812,466.0,1080.0,1400.0,1288.0,20.0,42.0,64.0,76.0,106.0,258.0,352.0,360.0,8.1492,19.850600000000004,27.90720000000001,28.971600000000006,LEVPAF_clean_primitive
127.9033,252.1330000000001,369.7532000000002,444.18800000000005,523.0,1024.0,1388.0,1292.0,19.0,38.0,56.0,70.0,94.0,226.0,296.0,298.0,7.893099999999999,18.003800000000002,24.82800000000001,26.370200000000008,LEVPAF_clean_primitive
127.90330000000002,252.13300000000007,369.7532000000001,444.18800000000005,523.0,1024.0,1388.0,1292.0,19.0,38.0,56.0,70.0,94.0,226.0,296.0,298.0,7.893099999999999,18.003800000000005,24.828000000000003,26.370199999999997,LEVPAF_clean_primitive
127.9033,252.13300000000007,369.75320000000016,444.188,523.0,1024.0,1388.0,1292.0,19.0,38.0,56.0,70.0,94.0,226.0,296.0,298.0,7.893099999999999,18.003800000000002,24.828000000000007,26.370199999999997,LEVPAF_clean_primitive
122.2282,268.821,406.2200000000001,458.812,466.0,1080.0,1400.0,1288.0,20.0,42.0,64.0,76.0,106.0,258.0,352.0,360.0,8.149200000000002,19.850600000000007,27.90720000000001,28.97160000000001,LEVPAF_clean_primitive
127.90329999999999,252.13300000000007,369.75320000000016,444.18800000000005,523.0,1024.0,1388.0,1292.0,19.0,38.0,56.0,70.0,94.0,226.0,296.0,298.0,7.8931000000000004,18.003800000000002,24.828000000000003,26.3702,LEVPAF_clean_primitive
127.90329999999999,252.13300000000004,369.75320000000005,444.18799999999993,523.0,1024.0,1388.0,1292.0,19.0,38.0,56.0,70.0,94.0,226.0,296.0,298.0,7.893100000000001,18.0038,24.828000000000003,26.3702,LEVPAF_clean_primitive
127.90329999999999,252.13300000000007,369.7532000000001,444.188,523.0,1024.0,1388.0,1292.0,19.0,38.0,56.0,70.0,94.0,226.0,296.0,298.0,7.8931,18.003800000000002,24.828,26.370199999999997,LEVPAF_clean_primitive
122.2282,268.8210000000001,406.22000000000014,458.812,466.0,1080.0,1400.0,1288.0,20.0,42.0,64.0,76.0,106.0,258.0,352.0,360.0,8.149200000000002,19.850600000000007,27.907200000000007,28.97160000000001,LEVPAF_clean_primitive
