f-sbu-chi-0,f-sbu-chi-1,f-sbu-chi-2,f-sbu-chi-3,f-sbu-Z-0,f-sbu-Z-1,f-sbu-Z-2,f-sbu-Z-3,f-sbu-I-0,f-sbu-I-1,f-sbu-I-2,f-sbu-I-3,f-sbu-T-0,f-sbu-T-1,f-sbu-T-2,f-sbu-T-3,f-sbu-S-0,f-sbu-S-1,f-sbu-S-2,f-sbu-S-3,mc-chi-0,mc-chi-1,mc-chi-2,mc-chi-3,mc-Z-0,mc-Z-1,mc-Z-2,mc-Z-3,mc-I-0,mc-I-1,mc-I-2,mc-I-3,mc-T-0,mc-T-1,mc-T-2,mc-T-3,mc-S-0,mc-S-1,mc-S-2,mc-S-3,D_mc-chi-0,D_mc-chi-1,D_mc-chi-2,D_mc-chi-3,D_mc-Z-0,D_mc-Z-1,D_mc-Z-2,D_mc-Z-3,D_mc-I-0,D_mc-I-1,D_mc-I-2,D_mc-I-3,D_mc-T-0,D_mc-T-1,D_mc-T-2,D_mc-T-3,D_mc-S-0,D_mc-S-1,D_mc-S-2,D_mc-S-3,name
366.8763999999998,678.368,3031.7184,2994.8639999999987,14964.0,33312.0,58024.0,58176.0,40.0,116.0,300.0,396.0,484.0,1732.0,2968.0,3484.0,31.328800000000008,110.87240000000001,215.33879999999996,287.0652,1.2100000000000002,32.163999999999994,19.25,62.23799999999999,3249.0,3876.0,8550.0,7524.0,1.0,8.5,8.0,18.0,72.5,187.5,297.0,449.5,2.8560999999999996,10.486450000000001,13.519999999999996,22.6122,0.0,-19.89,-8.699999999999998,-36.78,0.0,416.5,306.0,894.0,0.0,0.0,0.0,0.0,0.0,50.5,33.0,99.5,0.0,8.16,5.52,17.04,TUTZOX
366.8763999999998,678.3679999999999,3031.7183999999993,2994.8639999999987,14964.0,33312.0,58024.0,58176.0,40.0,116.0,300.0,396.0,484.0,1732.0,2968.0,3484.0,31.328800000000008,110.87240000000001,215.33879999999996,287.0652,1.2100000000000002,32.163999999999994,19.25,62.23799999999999,3249.0,3876.0,8550.0,7524.0,1.0,8.5,8.0,18.0,72.5,187.5,297.0,449.5,2.8560999999999996,10.486450000000001,13.519999999999996,22.6122,0.0,-19.89,-8.699999999999998,-36.78,0.0,416.5,306.0,894.0,0.0,0.0,0.0,0.0,0.0,50.5,33.0,99.5,0.0,8.16,5.52,17.04,TUTZOX
