f-chi-0-all,f-chi-1-all,f-chi-2-all,f-chi-3-all,f-Z-0-all,f-Z-1-all,f-Z-2-all,f-Z-3-all,f-I-0-all,f-I-1-all,f-I-2-all,f-I-3-all,f-T-0-all,f-T-1-all,f-T-2-all,f-T-3-all,f-S-0-all,f-S-1-all,f-S-2-all,f-S-3-all,mc-chi-0-all,mc-chi-1-all,mc-chi-2-all,mc-chi-3-all,mc-Z-0-all,mc-Z-1-all,mc-Z-2-all,mc-Z-3-all,mc-I-0-all,mc-I-1-all,mc-I-2-all,mc-I-3-all,mc-T-0-all,mc-T-1-all,mc-T-2-all,mc-T-3-all,mc-S-0-all,mc-S-1-all,mc-S-2-all,mc-S-3-all,D_mc-chi-0-all,D_mc-chi-1-all,D_mc-chi-2-all,D_mc-chi-3-all,D_mc-Z-0-all,D_mc-Z-1-all,D_mc-Z-2-all,D_mc-Z-3-all,D_mc-I-0-all,D_mc-I-1-all,D_mc-I-2-all,D_mc-I-3-all,D_mc-T-0-all,D_mc-T-1-all,D_mc-T-2-all,D_mc-T-3-all,D_mc-S-0-all,D_mc-S-1-all,D_mc-S-2-all,D_mc-S-3-all,name
1445.8648000000026,3075.422399999994,6062.143600000006,8204.408799999994,17248.0,34608.0,62188.0,75344.0,228.0,504.0,900.0,1352.0,1404.0,3728.0,5892.0,8088.0,112.43599999999984,288.71519999999896,475.9236000000001,684.7887999999994,2.678766666666666,19.457066666666666,14.60853333333333,49.00124444444443,652.6666666666666,714.6666666666666,1945.3333333333333,1592.888888888889,1.0,3.5555555555555554,4.444444444444445,10.0,13.555555555555555,31.555555555555557,57.333333333333336,84.0,1.5643000000000002,3.292066666666667,5.908711111111113,8.525333333333334,0.0,-6.0488888888888885,-1.5999999999999999,-13.504444444444447,0.0,65.11111111111111,42.666666666666664,202.0,0.0,0.0,0.0,0.0,0.0,5.555555555555555,3.5555555555555554,17.555555555555557,0.0,1.8644444444444446,0.9600000000000001,5.873333333333333,HUNFON_clean_primitive
