f-lig-chi-0,f-lig-chi-1,f-lig-chi-2,f-lig-chi-3,f-lig-Z-0,f-lig-Z-1,f-lig-Z-2,f-lig-Z-3,f-lig-I-0,f-lig-I-1,f-lig-I-2,f-lig-I-3,f-lig-T-0,f-lig-T-1,f-lig-T-2,f-lig-T-3,f-lig-S-0,f-lig-S-1,f-lig-S-2,f-lig-S-3,name
247.98889999999997,498.7642,784.8910000000001,937.49,1151.0,2332.0,3508.0,3632.0,34.0,72.0,112.0,140.0,184.0,458.0,660.0,708.0,16.0594,37.19240000000001,55.51280000000001,62.85720000000001,MUNLUE_clean_primitive
247.98889999999994,498.7642,784.891,937.4899999999999,1151.0,2332.0,3508.0,3632.0,34.0,72.0,112.0,140.0,184.0,458.0,660.0,708.0,16.0594,37.19240000000001,55.51280000000001,62.857200000000034,MUNLUE_clean_primitive
247.98889999999997,498.7642,784.8910000000002,937.4899999999998,1151.0,2332.0,3508.0,3632.0,34.0,72.0,112.0,140.0,184.0,458.0,660.0,708.0,16.0594,37.19240000000001,55.51280000000001,62.85720000000001,MUNLUE_clean_primitive
247.98889999999994,498.7642,784.891,937.49,1151.0,2332.0,3508.0,3632.0,34.0,72.0,112.0,140.0,184.0,458.0,660.0,708.0,16.0594,37.19240000000002,55.51280000000001,62.857200000000034,MUNLUE_clean_primitive
247.98889999999997,498.76419999999996,784.8909999999997,937.49,1151.0,2332.0,3508.0,3632.0,34.0,72.0,112.0,140.0,184.0,458.0,660.0,708.0,16.0594,37.19240000000001,55.51280000000002,62.85720000000002,MUNLUE_clean_primitive
35.009699999999995,46.30799999999999,53.9392,0.0,165.0,204.0,160.0,0.0,4.0,6.0,6.0,0.0,12.0,18.0,6.0,0.0,1.7955999999999999,2.8182,2.1462,0.0,MUNLUE_clean_primitive
247.98889999999997,498.76419999999996,784.891,937.4899999999999,1151.0,2332.0,3508.0,3632.0,34.0,72.0,112.0,140.0,184.0,458.0,660.0,708.0,16.0594,37.192400000000006,55.51280000000002,62.85720000000002,MUNLUE_clean_primitive
35.009699999999995,46.30799999999999,53.9392,0.0,165.0,204.0,160.0,0.0,4.0,6.0,6.0,0.0,12.0,18.0,6.0,0.0,1.7955999999999999,2.8182,2.1462,0.0,MUNLUE_clean_primitive
