f-chi-0-all,f-chi-1-all,f-chi-2-all,f-chi-3-all,f-Z-0-all,f-Z-1-all,f-Z-2-all,f-Z-3-all,f-I-0-all,f-I-1-all,f-I-2-all,f-I-3-all,f-T-0-all,f-T-1-all,f-T-2-all,f-T-3-all,f-S-0-all,f-S-1-all,f-S-2-all,f-S-3-all,mc-chi-0-all,mc-chi-1-all,mc-chi-2-all,mc-chi-3-all,mc-Z-0-all,mc-Z-1-all,mc-Z-2-all,mc-Z-3-all,mc-I-0-all,mc-I-1-all,mc-I-2-all,mc-I-3-all,mc-T-0-all,mc-T-1-all,mc-T-2-all,mc-T-3-all,mc-S-0-all,mc-S-1-all,mc-S-2-all,mc-S-3-all,D_mc-chi-0-all,D_mc-chi-1-all,D_mc-chi-2-all,D_mc-chi-3-all,D_mc-Z-0-all,D_mc-Z-1-all,D_mc-Z-2-all,D_mc-Z-3-all,D_mc-I-0-all,D_mc-I-1-all,D_mc-I-2-all,D_mc-I-3-all,D_mc-T-0-all,D_mc-T-1-all,D_mc-T-2-all,D_mc-T-3-all,D_mc-S-0-all,D_mc-S-1-all,D_mc-S-2-all,D_mc-S-3-all,name
623.6590000000006,1132.526000000001,5300.398399999996,5459.721999999996,28702.0,59624.0,109292.0,112768.0,68.0,192.0,528.0,724.0,812.0,2872.0,5072.0,6296.0,51.2942,180.05960000000002,370.6355999999996,519.7163999999999,1.2100000000000002,33.72966666666667,21.12,70.76666666666667,4225.0,4636.666666666667,11050.0,9576.666666666666,1.0,9.0,8.666666666666666,20.666666666666668,81.0,204.0,345.0,465.0,2.8223999999999996,11.06,14.268799999999999,25.390400000000003,0.0,-20.763333333333332,-9.666666666666664,-41.60000000000001,0.0,513.6666666666666,393.3333333333333,1196.0,0.0,0.0,0.0,0.0,0.0,58.333333333333336,39.666666666666664,134.33333333333334,0.0,8.536666666666667,6.066666666666666,19.606666666666662,MUNLUE_clean_primitive
