f-lig-chi-0,f-lig-chi-1,f-lig-chi-2,f-lig-chi-3,f-lig-Z-0,f-lig-Z-1,f-lig-Z-2,f-lig-Z-3,f-lig-I-0,f-lig-I-1,f-lig-I-2,f-lig-I-3,f-lig-T-0,f-lig-T-1,f-lig-T-2,f-lig-T-3,f-lig-S-0,f-lig-S-1,f-lig-S-2,f-lig-S-3,name
63.853199999999994,132.906,186.40999999999997,162.2372,246.0,528.0,584.0,350.0,10.0,20.0,28.0,26.0,48.0,108.0,124.0,88.0,4.0442,9.2708,11.4908,8.543399999999998,LUFQUZ_clean_primitive
15.7441,15.504,0.0,0.0,85.0,84.0,0.0,0.0,2.0,2.0,0.0,0.0,2.0,2.0,0.0,0.0,1.1554,1.155,0.0,0.0,LUFQUZ_clean_primitive
15.7441,15.504,0.0,0.0,85.0,84.0,0.0,0.0,2.0,2.0,0.0,0.0,2.0,2.0,0.0,0.0,1.1554,1.155,0.0,0.0,LUFQUZ_clean_primitive
15.7441,15.504,0.0,0.0,85.0,84.0,0.0,0.0,2.0,2.0,0.0,0.0,2.0,2.0,0.0,0.0,1.1554,1.155,0.0,0.0,LUFQUZ_clean_primitive
15.7441,15.504,0.0,0.0,85.0,84.0,0.0,0.0,2.0,2.0,0.0,0.0,2.0,2.0,0.0,0.0,1.1554,1.155,0.0,0.0,LUFQUZ_clean_primitive
