f-lig-chi-0,f-lig-chi-1,f-lig-chi-2,f-lig-chi-3,f-lig-Z-0,f-lig-Z-1,f-lig-Z-2,f-lig-Z-3,f-lig-I-0,f-lig-I-1,f-lig-I-2,f-lig-I-3,f-lig-T-0,f-lig-T-1,f-lig-T-2,f-lig-T-3,f-lig-S-0,f-lig-S-1,f-lig-S-2,f-lig-S-3,name
472.74569999999994,966.1440000000009,1600.3668000000007,2054.112000000001,1980.0,4128.0,6072.0,6768.0,69.0,144.0,236.0,312.0,380.0,952.0,1376.0,1560.0,29.24610000000001,69.60800000000003,104.7596,125.95440000000002,CUYWUP_clean_primitive
472.74569999999994,966.1440000000009,1600.3668000000007,2054.112000000001,1980.0,4128.0,6072.0,6768.0,69.0,144.0,236.0,312.0,380.0,952.0,1376.0,1560.0,29.24610000000001,69.60800000000003,104.7596,125.95440000000002,CUYWUP_clean_primitive
472.74569999999994,966.1440000000006,1600.3668000000005,2054.112,1980.0,4128.0,6072.0,6768.0,69.0,144.0,236.0,312.0,380.0,952.0,1376.0,1560.0,29.246100000000006,69.60800000000003,104.75959999999999,125.95439999999999,CUYWUP_clean_primitive
472.74569999999994,966.1440000000006,1600.3668000000005,2054.112,1980.0,4128.0,6072.0,6768.0,69.0,144.0,236.0,312.0,380.0,952.0,1376.0,1560.0,29.246100000000006,69.60800000000003,104.75959999999999,125.95439999999999,CUYWUP_clean_primitive
