f-chi-0-all,f-chi-1-all,f-chi-2-all,f-chi-3-all,f-Z-0-all,f-Z-1-all,f-Z-2-all,f-Z-3-all,f-I-0-all,f-I-1-all,f-I-2-all,f-I-3-all,f-T-0-all,f-T-1-all,f-T-2-all,f-T-3-all,f-S-0-all,f-S-1-all,f-S-2-all,f-S-3-all,mc-chi-0-all,mc-chi-1-all,mc-chi-2-all,mc-chi-3-all,mc-Z-0-all,mc-Z-1-all,mc-Z-2-all,mc-Z-3-all,mc-I-0-all,mc-I-1-all,mc-I-2-all,mc-I-3-all,mc-T-0-all,mc-T-1-all,mc-T-2-all,mc-T-3-all,mc-S-0-all,mc-S-1-all,mc-S-2-all,mc-S-3-all,D_mc-chi-0-all,D_mc-chi-1-all,D_mc-chi-2-all,D_mc-chi-3-all,D_mc-Z-0-all,D_mc-Z-1-all,D_mc-Z-2-all,D_mc-Z-3-all,D_mc-I-0-all,D_mc-I-1-all,D_mc-I-2-all,D_mc-I-3-all,D_mc-T-0-all,D_mc-T-1-all,D_mc-T-2-all,D_mc-T-3-all,D_mc-S-0-all,D_mc-S-1-all,D_mc-S-2-all,D_mc-S-3-all,name
772.1148000000004,1717.6359999999959,3614.0103999999983,4989.221599999999,22504.0,35424.0,53392.0,53248.0,100.0,248.0,472.0,648.0,720.0,2040.0,3528.0,4128.0,70.38039999999998,184.99600000000007,340.23440000000016,418.4704000000001,2.8560999999999988,27.040000000000006,34.476,59.504900000000006,2304.0,1776.0,2304.0,3552.0,1.0,5.0,8.0,13.0,25.0,65.0,120.0,170.0,2.1904,5.4908,9.1168,13.453199999999997,0.0,-7.549999999999998,-6.879999999999996,-13.239999999999995,0.0,203.0,336.0,550.0,0.0,0.0,0.0,0.0,0.0,12.0,16.0,31.0,0.0,3.689999999999999,5.6800000000000015,10.149999999999999,SAXFII_clean_primitive
772.1148000000004,1717.6359999999959,3614.0103999999983,4989.221599999999,22504.0,35424.0,53392.0,53248.0,100.0,248.0,472.0,648.0,720.0,2040.0,3528.0,4128.0,70.38039999999998,184.99600000000007,340.23440000000016,418.4704000000001,2.8560999999999988,27.040000000000006,34.476,59.504900000000006,2304.0,1776.0,2304.0,3552.0,1.0,5.0,8.0,13.0,25.0,65.0,120.0,170.0,2.1904,5.4908,9.1168,13.453199999999997,0.0,-7.549999999999998,-6.879999999999996,-13.239999999999995,0.0,203.0,336.0,550.0,0.0,0.0,0.0,0.0,0.0,12.0,16.0,31.0,0.0,3.689999999999999,5.6800000000000015,10.149999999999999,SAXFII_clean_primitive
