f-sbu-chi-0,f-sbu-chi-1,f-sbu-chi-2,f-sbu-chi-3,f-sbu-Z-0,f-sbu-Z-1,f-sbu-Z-2,f-sbu-Z-3,f-sbu-I-0,f-sbu-I-1,f-sbu-I-2,f-sbu-I-3,f-sbu-T-0,f-sbu-T-1,f-sbu-T-2,f-sbu-T-3,f-sbu-S-0,f-sbu-S-1,f-sbu-S-2,f-sbu-S-3,mc-chi-0,mc-chi-1,mc-chi-2,mc-chi-3,mc-Z-0,mc-Z-1,mc-Z-2,mc-Z-3,mc-I-0,mc-I-1,mc-I-2,mc-I-3,mc-T-0,mc-T-1,mc-T-2,mc-T-3,mc-S-0,mc-S-1,mc-S-2,mc-S-3,D_mc-chi-0,D_mc-chi-1,D_mc-chi-2,D_mc-chi-3,D_mc-Z-0,D_mc-Z-1,D_mc-Z-2,D_mc-Z-3,D_mc-I-0,D_mc-I-1,D_mc-I-2,D_mc-I-3,D_mc-T-0,D_mc-T-1,D_mc-T-2,D_mc-T-3,D_mc-S-0,D_mc-S-1,D_mc-S-2,D_mc-S-3,name
367.0539999999998,605.9903999999999,1841.1264000000006,2290.214399999999,15424.0,24576.0,25920.0,33792.0,40.0,96.0,192.0,288.0,288.0,768.0,1152.0,1536.0,30.532000000000018,84.096,136.98239999999998,192.0192000000001,1.2544000000000002,23.11680000000001,17.136,40.252800000000015,3364.0,2784.0,2088.0,4872.0,1.0,6.0,6.0,12.0,36.0,72.0,108.0,180.0,2.6569,7.1394,7.530599999999999,14.670000000000002,0.0,-13.92,-8.579999999999998,-22.5,0.0,300.0,312.0,612.0,0.0,0.0,0.0,0.0,0.0,24.0,18.0,42.0,0.0,5.3999999999999995,5.1599999999999975,10.559999999999999,SANGEW
367.0539999999997,605.9904,1841.1264000000006,2290.2143999999994,15424.0,24576.0,25920.0,33792.0,40.0,96.0,192.0,288.0,288.0,768.0,1152.0,1536.0,30.53200000000001,84.096,136.98239999999996,192.01920000000007,1.2544000000000002,23.11680000000001,17.136,40.252800000000015,3364.0,2784.0,2088.0,4872.0,1.0,6.0,6.0,12.0,36.0,72.0,108.0,180.0,2.6569,7.1394,7.530599999999999,14.670000000000002,0.0,-13.92,-8.579999999999998,-22.5,0.0,300.0,312.0,612.0,0.0,0.0,0.0,0.0,0.0,24.0,18.0,42.0,0.0,5.3999999999999995,5.1599999999999975,10.559999999999999,SANGEW
