f-chi-0-all,f-chi-1-all,f-chi-2-all,f-chi-3-all,f-Z-0-all,f-Z-1-all,f-Z-2-all,f-Z-3-all,f-I-0-all,f-I-1-all,f-I-2-all,f-I-3-all,f-T-0-all,f-T-1-all,f-T-2-all,f-T-3-all,f-S-0-all,f-S-1-all,f-S-2-all,f-S-3-all,mc-chi-0-all,mc-chi-1-all,mc-chi-2-all,mc-chi-3-all,mc-Z-0-all,mc-Z-1-all,mc-Z-2-all,mc-Z-3-all,mc-I-0-all,mc-I-1-all,mc-I-2-all,mc-I-3-all,mc-T-0-all,mc-T-1-all,mc-T-2-all,mc-T-3-all,mc-S-0-all,mc-S-1-all,mc-S-2-all,mc-S-3-all,D_mc-chi-0-all,D_mc-chi-1-all,D_mc-chi-2-all,D_mc-chi-3-all,D_mc-Z-0-all,D_mc-Z-1-all,D_mc-Z-2-all,D_mc-Z-3-all,D_mc-I-0-all,D_mc-I-1-all,D_mc-I-2-all,D_mc-I-3-all,D_mc-T-0-all,D_mc-T-1-all,D_mc-T-2-all,D_mc-T-3-all,D_mc-S-0-all,D_mc-S-1-all,D_mc-S-2-all,D_mc-S-3-all,name
110.81850000000001,216.80040000000002,439.938,584.154,1258.0,3000.0,4446.0,3168.0,15.0,32.0,58.0,76.0,90.0,248.0,370.0,240.0,9.680700000000002,22.861600000000006,39.2666,43.95160000000001,4.27365,28.3176,32.5284,15.481800000000002,3380.0,1482.0,1716.0,2288.0,1.0,5.0,6.0,3.0,26.0,58.0,76.0,36.0,1.5377,4.7067,5.695,2.8875,0.0,-4.17,-4.3999999999999995,-2.5200000000000005,0.0,201.0,222.0,42.0,0.0,0.0,0.0,0.0,0.0,15.0,18.0,10.0,0.0,2.42,2.88,1.4200000000000002,HADPOU_clean_primitive
68.17479999999999,108.52799999999998,133.4796,186.048,6424.0,4080.0,4800.0,1008.0,9.0,16.0,20.0,24.0,36.0,80.0,80.0,48.0,6.1345,12.196800000000001,14.494799999999998,13.86,4.27365,28.3176,32.5284,15.481800000000002,3380.0,1482.0,1716.0,2288.0,1.0,5.0,6.0,3.0,26.0,58.0,76.0,36.0,1.5377,4.7067,5.695,2.8875,0.0,-4.17,-4.3999999999999995,-2.5200000000000005,0.0,201.0,222.0,42.0,0.0,0.0,0.0,0.0,0.0,15.0,18.0,10.0,0.0,2.42,2.88,1.4200000000000002,HADPOU_clean_primitive
