f-chi-0-all,f-chi-1-all,f-chi-2-all,f-chi-3-all,f-Z-0-all,f-Z-1-all,f-Z-2-all,f-Z-3-all,f-I-0-all,f-I-1-all,f-I-2-all,f-I-3-all,f-T-0-all,f-T-1-all,f-T-2-all,f-T-3-all,f-S-0-all,f-S-1-all,f-S-2-all,f-S-3-all,mc-chi-0-all,mc-chi-1-all,mc-chi-2-all,mc-chi-3-all,mc-Z-0-all,mc-Z-1-all,mc-Z-2-all,mc-Z-3-all,mc-I-0-all,mc-I-1-all,mc-I-2-all,mc-I-3-all,mc-T-0-all,mc-T-1-all,mc-T-2-all,mc-T-3-all,mc-S-0-all,mc-S-1-all,mc-S-2-all,mc-S-3-all,D_mc-chi-0-all,D_mc-chi-1-all,D_mc-chi-2-all,D_mc-chi-3-all,D_mc-Z-0-all,D_mc-Z-1-all,D_mc-Z-2-all,D_mc-Z-3-all,D_mc-I-0-all,D_mc-I-1-all,D_mc-I-2-all,D_mc-I-3-all,D_mc-T-0-all,D_mc-T-1-all,D_mc-T-2-all,D_mc-T-3-all,D_mc-S-0-all,D_mc-S-1-all,D_mc-S-2-all,D_mc-S-3-all,name
317.5667999999999,568.7039999999996,1033.8111999999999,1259.328,5268.0,10416.0,11872.0,10224.0,38.0,80.0,120.0,152.0,208.0,516.0,624.0,596.0,26.061400000000013,59.61520000000001,83.86880000000002,92.11600000000008,2.7224999999999997,24.881999999999998,21.037499999999998,42.4875,900.0,1050.0,900.0,1560.0,1.0,4.5,5.0,9.5,20.5,45.5,67.5,96.5,1.7161000000000004,4.32955,5.043500000000001,8.40365,0.0,-7.655,-4.5,-10.075000000000001,0.0,100.0,120.0,233.0,0.0,0.0,0.0,0.0,0.0,10.5,7.5,21.0,0.0,2.5900000000000003,2.6999999999999997,6.030000000000001,UBACOR_clean_primitive
317.5667999999999,568.7039999999996,1033.8111999999999,1259.328,5268.0,10416.0,11872.0,10224.0,38.0,80.0,120.0,152.0,208.0,516.0,624.0,596.0,26.06140000000001,59.61520000000001,83.86880000000001,92.11600000000007,2.7224999999999997,24.881999999999998,21.037499999999998,42.4875,900.0,1050.0,900.0,1560.0,1.0,4.5,5.0,9.5,20.5,45.5,67.5,96.5,1.7161000000000004,4.32955,5.043500000000001,8.40365,0.0,-7.655,-4.5,-10.075000000000001,0.0,100.0,120.0,233.0,0.0,0.0,0.0,0.0,0.0,10.5,7.5,21.0,0.0,2.5900000000000003,2.6999999999999997,6.030000000000001,UBACOR_clean_primitive
