f-sbu-chi-0,f-sbu-chi-1,f-sbu-chi-2,f-sbu-chi-3,f-sbu-Z-0,f-sbu-Z-1,f-sbu-Z-2,f-sbu-Z-3,f-sbu-I-0,f-sbu-I-1,f-sbu-I-2,f-sbu-I-3,f-sbu-T-0,f-sbu-T-1,f-sbu-T-2,f-sbu-T-3,f-sbu-S-0,f-sbu-S-1,f-sbu-S-2,f-sbu-S-3,mc-chi-0,mc-chi-1,mc-chi-2,mc-chi-3,mc-Z-0,mc-Z-1,mc-Z-2,mc-Z-3,mc-I-0,mc-I-1,mc-I-2,mc-I-3,mc-T-0,mc-T-1,mc-T-2,mc-T-3,mc-S-0,mc-S-1,mc-S-2,mc-S-3,D_mc-chi-0,D_mc-chi-1,D_mc-chi-2,D_mc-chi-3,D_mc-Z-0,D_mc-Z-1,D_mc-Z-2,D_mc-Z-3,D_mc-I-0,D_mc-I-1,D_mc-I-2,D_mc-I-3,D_mc-T-0,D_mc-T-1,D_mc-T-2,D_mc-T-3,D_mc-S-0,D_mc-S-1,D_mc-S-2,D_mc-S-3,name
204.91319999999993,346.75199999999984,526.9895999999999,582.0479999999998,4656.0,6912.0,6624.0,6528.0,24.0,48.0,60.0,72.0,108.0,240.0,272.0,272.0,18.0024,36.44160000000001,43.39320000000001,46.778400000000005,2.7224999999999997,17.028,12.622499999999999,29.650499999999994,900.0,720.0,540.0,1260.0,1.0,3.0,3.0,6.0,10.0,20.0,30.0,46.0,1.7161000000000004,2.8689000000000004,3.0261000000000005,5.8950000000000005,0.0,-5.369999999999999,-2.7,-8.070000000000002,0.0,66.0,72.0,138.0,0.0,0.0,0.0,0.0,0.0,4.0,1.0,6.0,0.0,1.7400000000000002,1.62,3.3600000000000003,MOYNEU
204.91319999999993,346.75199999999984,526.9895999999999,582.0479999999998,4656.0,6912.0,6624.0,6528.0,24.0,48.0,60.0,72.0,108.0,240.0,272.0,272.0,18.0024,36.44160000000001,43.39320000000001,46.778400000000005,2.7224999999999997,17.028,12.622499999999999,29.650499999999994,900.0,720.0,540.0,1260.0,1.0,3.0,3.0,6.0,10.0,20.0,30.0,46.0,1.7161000000000004,2.8689000000000004,3.0261000000000005,5.8950000000000005,0.0,-5.369999999999999,-2.7,-8.070000000000002,0.0,66.0,72.0,138.0,0.0,0.0,0.0,0.0,0.0,4.0,1.0,6.0,0.0,1.7400000000000002,1.62,3.3600000000000003,MOYNEU
