f-lig-chi-0,f-lig-chi-1,f-lig-chi-2,f-lig-chi-3,f-lig-Z-0,f-lig-Z-1,f-lig-Z-2,f-lig-Z-3,f-lig-I-0,f-lig-I-1,f-lig-I-2,f-lig-I-3,f-lig-T-0,f-lig-T-1,f-lig-T-2,f-lig-T-3,f-lig-S-0,f-lig-S-1,f-lig-S-2,f-lig-S-3,name
89.1829,169.77899999999997,249.21539999999996,234.95699999999997,409.0,780.0,1026.0,888.0,12.0,24.0,34.0,34.0,58.0,132.0,164.0,138.0,5.566,12.135199999999998,16.0378,14.860999999999997,AMAFOK_clean_primitive
89.1829,169.77899999999997,249.21539999999996,234.95699999999997,409.0,780.0,1026.0,888.0,12.0,24.0,34.0,34.0,58.0,132.0,164.0,138.0,5.566000000000001,12.1352,16.0378,14.860999999999999,AMAFOK_clean_primitive
89.1829,169.77899999999997,249.2154,234.95699999999997,409.0,780.0,1026.0,888.0,12.0,24.0,34.0,34.0,58.0,132.0,164.0,138.0,5.566,12.1352,16.0378,14.861,AMAFOK_clean_primitive
89.1829,169.779,249.2154,234.95699999999994,409.0,780.0,1026.0,888.0,12.0,24.0,34.0,34.0,58.0,132.0,164.0,138.0,5.565999999999999,12.135200000000001,16.0378,14.861,AMAFOK_clean_primitive
89.18290000000002,169.77899999999997,249.2154,234.95700000000002,409.0,780.0,1026.0,888.0,12.0,24.0,34.0,34.0,58.0,132.0,164.0,138.0,5.565999999999999,12.135200000000001,16.0378,14.860999999999999,AMAFOK_clean_primitive
89.1829,169.77899999999994,249.21539999999996,234.95699999999997,409.0,780.0,1026.0,888.0,12.0,24.0,34.0,34.0,58.0,132.0,164.0,138.0,5.566,12.1352,16.0378,14.860999999999997,AMAFOK_clean_primitive
