f-chi-0-all,f-chi-1-all,f-chi-2-all,f-chi-3-all,f-Z-0-all,f-Z-1-all,f-Z-2-all,f-Z-3-all,f-I-0-all,f-I-1-all,f-I-2-all,f-I-3-all,f-T-0-all,f-T-1-all,f-T-2-all,f-T-3-all,f-S-0-all,f-S-1-all,f-S-2-all,f-S-3-all,mc-chi-0-all,mc-chi-1-all,mc-chi-2-all,mc-chi-3-all,mc-Z-0-all,mc-Z-1-all,mc-Z-2-all,mc-Z-3-all,mc-I-0-all,mc-I-1-all,mc-I-2-all,mc-I-3-all,mc-T-0-all,mc-T-1-all,mc-T-2-all,mc-T-3-all,mc-S-0-all,mc-S-1-all,mc-S-2-all,mc-S-3-all,D_mc-chi-0-all,D_mc-chi-1-all,D_mc-chi-2-all,D_mc-chi-3-all,D_mc-Z-0-all,D_mc-Z-1-all,D_mc-Z-2-all,D_mc-Z-3-all,D_mc-I-0-all,D_mc-I-1-all,D_mc-I-2-all,D_mc-I-3-all,D_mc-T-0-all,D_mc-T-1-all,D_mc-T-2-all,D_mc-T-3-all,D_mc-S-0-all,D_mc-S-1-all,D_mc-S-2-all,D_mc-S-3-all,name
84.77539999999999,146.35199999999998,209.9612,299.4719999999999,1283.0,2268.0,2906.0,1632.0,11.0,20.0,28.0,36.0,48.0,112.0,126.0,88.0,7.6526000000000005,15.037999999999998,21.693599999999996,20.482,3.61,24.624,29.069999999999997,60.72399999999999,841.0,870.0,1044.0,1682.0,1.0,4.0,6.0,12.0,16.0,40.0,72.0,88.0,1.9043999999999996,4.0847999999999995,6.3755999999999995,10.3776,0.0,-5.36,-3.9,-9.160000000000004,0.0,86.0,138.0,290.0,0.0,0.0,0.0,0.0,0.0,6.0,6.0,26.0,0.0,2.5599999999999996,3.659999999999999,9.04,AMAFOK_clean_primitive
84.77539999999999,146.35199999999998,209.9612,299.472,1283.0,2268.0,2906.0,1632.0,11.0,20.0,28.0,36.0,48.0,112.0,126.0,88.0,7.6526000000000005,15.038,21.693599999999996,20.482,3.61,24.624,29.069999999999997,60.72399999999999,841.0,870.0,1044.0,1682.0,1.0,4.0,6.0,12.0,16.0,40.0,72.0,88.0,1.9043999999999996,4.0847999999999995,6.3755999999999995,10.3776,0.0,-5.36,-3.9,-9.160000000000004,0.0,86.0,138.0,290.0,0.0,0.0,0.0,0.0,0.0,6.0,6.0,26.0,0.0,2.5599999999999996,3.659999999999999,9.04,AMAFOK_clean_primitive
84.77539999999999,146.35199999999998,209.9612,299.472,1283.0,2268.0,2906.0,1632.0,11.0,20.0,28.0,36.0,48.0,112.0,126.0,88.0,7.6526,15.038,21.693599999999996,20.482,3.61,24.624,29.069999999999997,60.72399999999999,841.0,870.0,1044.0,1682.0,1.0,4.0,6.0,12.0,16.0,40.0,72.0,88.0,1.9043999999999996,4.0847999999999995,6.3755999999999995,10.3776,0.0,-5.36,-3.9,-9.160000000000004,0.0,86.0,138.0,290.0,0.0,0.0,0.0,0.0,0.0,6.0,6.0,26.0,0.0,2.5599999999999996,3.659999999999999,9.04,AMAFOK_clean_primitive
