f-lig-chi-0,f-lig-chi-1,f-lig-chi-2,f-lig-chi-3,f-lig-Z-0,f-lig-Z-1,f-lig-Z-2,f-lig-Z-3,f-lig-I-0,f-lig-I-1,f-lig-I-2,f-lig-I-3,f-lig-T-0,f-lig-T-1,f-lig-T-2,f-lig-T-3,f-lig-S-0,f-lig-S-1,f-lig-S-2,f-lig-S-3,name
227.7487999999999,428.757,681.7807999999999,836.0940000000003,1094.0,2064.0,3152.0,3408.0,30.0,62.0,96.0,124.0,158.0,390.0,560.0,636.0,14.571000000000003,32.57100000000001,48.553599999999996,57.75000000000003,ODIVUU_clean_primitive
227.7487999999999,428.757,681.7807999999999,836.0940000000003,1094.0,2064.0,3152.0,3408.0,30.0,62.0,96.0,124.0,158.0,390.0,560.0,636.0,14.571000000000003,32.57100000000001,48.553599999999996,57.75000000000003,ODIVUU_clean_primitive
78.57300000000001,165.0112,219.1522,174.98240000000004,321.0,658.0,880.0,476.0,11.0,22.0,30.0,24.0,52.0,116.0,134.0,92.0,4.5459,10.275,13.072600000000001,9.0,ODIVUU_clean_primitive
78.57300000000001,165.01120000000003,219.1522,174.98240000000004,321.0,658.0,880.0,476.0,11.0,22.0,30.0,24.0,52.0,116.0,134.0,92.0,4.5459,10.275,13.0726,9.0,ODIVUU_clean_primitive
