f-lig-chi-0,f-lig-chi-1,f-lig-chi-2,f-lig-chi-3,f-lig-Z-0,f-lig-Z-1,f-lig-Z-2,f-lig-Z-3,f-lig-I-0,f-lig-I-1,f-lig-I-2,f-lig-I-3,f-lig-T-0,f-lig-T-1,f-lig-T-2,f-lig-T-3,f-lig-S-0,f-lig-S-1,f-lig-S-2,f-lig-S-3,name
211.06710000000004,484.24500000000006,770.7396000000001,832.4580000000004,846.0,2052.0,2910.0,2514.0,33.0,72.0,114.0,132.0,186.0,468.0,690.0,684.0,13.911300000000006,34.834800000000016,52.077,52.895999999999994,TUKDAG_clean_primitive
211.06710000000004,484.24500000000006,770.7396000000001,832.4580000000004,846.0,2052.0,2910.0,2514.0,33.0,72.0,114.0,132.0,186.0,468.0,690.0,684.0,13.911300000000006,34.834800000000016,52.077,52.895999999999994,TUKDAG_clean_primitive
211.0671,484.2450000000001,770.7396000000001,832.4579999999999,846.0,2052.0,2910.0,2514.0,33.0,72.0,114.0,132.0,186.0,468.0,690.0,684.0,13.9113,34.83480000000001,52.07700000000002,52.89600000000002,TUKDAG_clean_primitive
211.0671,484.2450000000001,770.7396000000001,832.4579999999999,846.0,2052.0,2910.0,2514.0,33.0,72.0,114.0,132.0,186.0,468.0,690.0,684.0,13.9113,34.834800000000016,52.07700000000002,52.89600000000002,TUKDAG_clean_primitive
134.89690000000002,254.54100000000003,403.5903999999999,459.3569999999999,586.0,1104.0,1618.0,1632.0,19.0,38.0,60.0,70.0,98.0,234.0,316.0,334.0,8.289099999999998,18.587800000000005,26.807599999999997,29.922200000000014,TUKDAG_clean_primitive
134.8969,254.54099999999994,403.59039999999993,459.3569999999999,586.0,1104.0,1618.0,1632.0,19.0,38.0,60.0,70.0,98.0,234.0,316.0,334.0,8.289100000000001,18.5878,26.807599999999997,29.922200000000004,TUKDAG_clean_primitive
134.8969,254.54099999999994,403.59039999999993,459.3569999999999,586.0,1104.0,1618.0,1632.0,19.0,38.0,60.0,70.0,98.0,234.0,316.0,334.0,8.289100000000001,18.5878,26.807599999999997,29.922200000000004,TUKDAG_clean_primitive
