f-link-chi-0,f-link-chi-1,f-link-chi-2,f-link-chi-3,f-link-Z-0,f-link-Z-1,f-link-Z-2,f-link-Z-3,f-link-I-0,f-link-I-1,f-link-I-2,f-link-I-3,f-link-T-0,f-link-T-1,f-link-T-2,f-link-T-3,f-link-S-0,f-link-S-1,f-link-S-2,f-link-S-3,name
173.0841,323.28900000000004,596.9855999999999,871.149,717.0,1332.0,2082.0,2280.0,24.0,48.0,90.0,138.0,138.0,372.0,558.0,588.0,9.7656,22.545600000000007,36.9594,47.783400000000015,GIYSUD
173.08409999999998,323.289,596.9856,871.149,717.0,1332.0,2082.0,2280.0,24.0,48.0,90.0,138.0,138.0,372.0,558.0,588.0,9.7656,22.545600000000004,36.959399999999995,47.78340000000001,GIYSUD
122.2282,268.8210000000001,406.22000000000014,458.812,466.0,1080.0,1400.0,1288.0,20.0,42.0,64.0,76.0,106.0,258.0,352.0,360.0,8.1492,19.8506,27.90720000000001,28.971600000000006,GIYSUD
