f-sbu-chi-0,f-sbu-chi-1,f-sbu-chi-2,f-sbu-chi-3,f-sbu-Z-0,f-sbu-Z-1,f-sbu-Z-2,f-sbu-Z-3,f-sbu-I-0,f-sbu-I-1,f-sbu-I-2,f-sbu-I-3,f-sbu-T-0,f-sbu-T-1,f-sbu-T-2,f-sbu-T-3,f-sbu-S-0,f-sbu-S-1,f-sbu-S-2,f-sbu-S-3,mc-chi-0,mc-chi-1,mc-chi-2,mc-chi-3,mc-Z-0,mc-Z-1,mc-Z-2,mc-Z-3,mc-I-0,mc-I-1,mc-I-2,mc-I-3,mc-T-0,mc-T-1,mc-T-2,mc-T-3,mc-S-0,mc-S-1,mc-S-2,mc-S-3,D_mc-chi-0,D_mc-chi-1,D_mc-chi-2,D_mc-chi-3,D_mc-Z-0,D_mc-Z-1,D_mc-Z-2,D_mc-Z-3,D_mc-I-0,D_mc-I-1,D_mc-I-2,D_mc-I-3,D_mc-T-0,D_mc-T-1,D_mc-T-2,D_mc-T-3,D_mc-S-0,D_mc-S-1,D_mc-S-2,D_mc-S-3,name
210.41249999999997,397.53279999999995,892.5096,1153.5552,8010.0,11856.0,22448.0,17400.0,25.0,56.0,102.0,144.0,158.0,428.0,674.0,744.0,18.9542,46.2316,80.8154,97.83120000000004,2.8560999999999996,26.679466666666666,26.79213333333333,66.248,2304.0,1760.0,4608.0,4128.0,1.0,4.666666666666667,6.666666666666667,13.333333333333334,22.666666666666668,54.666666666666664,108.0,165.33333333333334,2.1904,5.0616,8.998399999999998,14.030399999999998,0.0,-7.900000000000001,-4.586666666666665,-16.66666666666666,0.0,187.33333333333334,224.0,554.0,0.0,0.0,0.0,0.0,0.0,11.333333333333334,9.333333333333334,28.0,0.0,3.486666666666667,3.7866666666666666,10.253333333333332,GIYSUD
