f-sbu-chi-0,f-sbu-chi-1,f-sbu-chi-2,f-sbu-chi-3,f-sbu-Z-0,f-sbu-Z-1,f-sbu-Z-2,f-sbu-Z-3,f-sbu-I-0,f-sbu-I-1,f-sbu-I-2,f-sbu-I-3,f-sbu-T-0,f-sbu-T-1,f-sbu-T-2,f-sbu-T-3,f-sbu-S-0,f-sbu-S-1,f-sbu-S-2,f-sbu-S-3,mc-chi-0,mc-chi-1,mc-chi-2,mc-chi-3,mc-Z-0,mc-Z-1,mc-Z-2,mc-Z-3,mc-I-0,mc-I-1,mc-I-2,mc-I-3,mc-T-0,mc-T-1,mc-T-2,mc-T-3,mc-S-0,mc-S-1,mc-S-2,mc-S-3,D_mc-chi-0,D_mc-chi-1,D_mc-chi-2,D_mc-chi-3,D_mc-Z-0,D_mc-Z-1,D_mc-Z-2,D_mc-Z-3,D_mc-I-0,D_mc-I-1,D_mc-I-2,D_mc-I-3,D_mc-T-0,D_mc-T-1,D_mc-T-2,D_mc-T-3,D_mc-S-0,D_mc-S-1,D_mc-S-2,D_mc-S-3,name
677.3018000000005,1386.4975999999992,4154.062400000001,5522.267199999998,13534.0,28288.0,51616.0,74416.0,82.0,224.0,488.0,784.0,744.0,2384.0,4684.0,6792.0,63.70219999999999,188.6895999999999,382.7911999999999,590.5472,1.6613799999999999,23.649279999999997,23.637240000000002,67.97628,994.2,1164.8,2048.0,3220.0,1.0,5.6,8.4,17.6,32.0,87.2,180.0,260.8,2.31766,6.237439999999999,12.58092,19.46508,0.0,-11.911999999999999,-7.2879999999999985,-32.14,0.0,106.4,148.4,351.6,0.0,0.0,0.0,0.0,0.0,16.8,16.4,54.0,0.0,4.408,4.4559999999999995,13.948000000000002,KEYNAF
