name,cif_file,Di,Df,Dif,rho,VSA,GSA,VPOV,GPOV,POAV_vol_frac,PONAV_vol_frac,GPOAV,GPONAV,POAV,PONAV
XEGJIE02,XEGJIE02.cif,6.83643,4.32814,6.74451,1.14242,1104.08,966.436,0.3551,0.31083139300782553,0.2977,0.0574,0.260587,0.0502441,2726.28,525.659
