f-sbu-chi-0,f-sbu-chi-1,f-sbu-chi-2,f-sbu-chi-3,f-sbu-Z-0,f-sbu-Z-1,f-sbu-Z-2,f-sbu-Z-3,f-sbu-I-0,f-sbu-I-1,f-sbu-I-2,f-sbu-I-3,f-sbu-T-0,f-sbu-T-1,f-sbu-T-2,f-sbu-T-3,f-sbu-S-0,f-sbu-S-1,f-sbu-S-2,f-sbu-S-3,mc-chi-0,mc-chi-1,mc-chi-2,mc-chi-3,mc-Z-0,mc-Z-1,mc-Z-2,mc-Z-3,mc-I-0,mc-I-1,mc-I-2,mc-I-3,mc-T-0,mc-T-1,mc-T-2,mc-T-3,mc-S-0,mc-S-1,mc-S-2,mc-S-3,D_mc-chi-0,D_mc-chi-1,D_mc-chi-2,D_mc-chi-3,D_mc-Z-0,D_mc-Z-1,D_mc-Z-2,D_mc-Z-3,D_mc-I-0,D_mc-I-1,D_mc-I-2,D_mc-I-3,D_mc-T-0,D_mc-T-1,D_mc-T-2,D_mc-T-3,D_mc-S-0,D_mc-S-1,D_mc-S-2,D_mc-S-3,name
459.58519999999976,1053.1875999999997,6568.560799999998,4855.932800000001,10672.0,38544.0,48800.0,42240.0,46.0,152.0,604.0,576.0,940.0,3928.0,5732.0,5696.0,29.879800000000017,131.0344,352.11639999999977,346.01280000000014,1.44,69.108,27.539999999999992,63.62400000000002,4096.0,8576.0,3456.0,7936.0,1.0,17.0,9.0,18.0,289.0,782.0,595.0,918.0,2.8560999999999996,21.040499999999998,11.711699999999997,22.8826,0.0,-37.19000000000002,-12.149999999999999,-31.420000000000016,0.0,954.0,522.0,1028.0,0.0,0.0,0.0,0.0,0.0,243.0,118.0,252.0,0.0,16.280000000000005,8.28,16.880000000000003,ATEJOA
