f-chi-0-all,f-chi-1-all,f-chi-2-all,f-chi-3-all,f-Z-0-all,f-Z-1-all,f-Z-2-all,f-Z-3-all,f-I-0-all,f-I-1-all,f-I-2-all,f-I-3-all,f-T-0-all,f-T-1-all,f-T-2-all,f-T-3-all,f-S-0-all,f-S-1-all,f-S-2-all,f-S-3-all,mc-chi-0-all,mc-chi-1-all,mc-chi-2-all,mc-chi-3-all,mc-Z-0-all,mc-Z-1-all,mc-Z-2-all,mc-Z-3-all,mc-I-0-all,mc-I-1-all,mc-I-2-all,mc-I-3-all,mc-T-0-all,mc-T-1-all,mc-T-2-all,mc-T-3-all,mc-S-0-all,mc-S-1-all,mc-S-2-all,mc-S-3-all,D_mc-chi-0-all,D_mc-chi-1-all,D_mc-chi-2-all,D_mc-chi-3-all,D_mc-Z-0-all,D_mc-Z-1-all,D_mc-Z-2-all,D_mc-Z-3-all,D_mc-I-0-all,D_mc-I-1-all,D_mc-I-2-all,D_mc-I-3-all,D_mc-T-0-all,D_mc-T-1-all,D_mc-T-2-all,D_mc-T-3-all,D_mc-S-0-all,D_mc-S-1-all,D_mc-S-2-all,D_mc-S-3-all,name
191.90819999999997,363.26399999999984,740.5821999999996,830.76,4584.0,8256.0,18088.0,18336.0,22.0,52.0,86.0,118.0,138.0,372.0,624.0,732.0,16.816599999999998,41.055200000000006,70.49540000000002,92.345,2.7224999999999997,21.284999999999997,19.738124999999993,59.81662500000001,900.0,900.0,3195.0,2535.0,1.0,3.75,5.75,11.25,14.25,36.0,73.5,94.0,1.7161000000000004,3.586125,7.922225000000003,10.902475000000003,0.0,-6.7125,-2.4749999999999996,-17.689999999999998,0.0,82.5,66.0,253.0,0.0,0.0,0.0,0.0,0.0,4.75,2.25,17.25,0.0,2.1750000000000003,1.4849999999999999,6.415,WIRMOB_clean_primitive
191.90819999999997,363.2639999999999,740.5821999999996,830.76,4584.0,8256.0,18088.0,18336.0,22.0,52.0,86.0,118.0,138.0,372.0,624.0,732.0,16.8166,41.055200000000006,70.4954,92.345,2.7224999999999997,21.284999999999997,19.738124999999993,59.81662500000001,900.0,900.0,3195.0,2535.0,1.0,3.75,5.75,11.25,14.25,36.0,73.5,94.0,1.7161000000000004,3.586125,7.922225000000003,10.902475000000003,0.0,-6.7125,-2.4749999999999996,-17.689999999999998,0.0,82.5,66.0,253.0,0.0,0.0,0.0,0.0,0.0,4.75,2.25,17.25,0.0,2.1750000000000003,1.4849999999999999,6.415,WIRMOB_clean_primitive
