f-lig-chi-0,f-lig-chi-1,f-lig-chi-2,f-lig-chi-3,f-lig-Z-0,f-lig-Z-1,f-lig-Z-2,f-lig-Z-3,f-lig-I-0,f-lig-I-1,f-lig-I-2,f-lig-I-3,f-lig-T-0,f-lig-T-1,f-lig-T-2,f-lig-T-3,f-lig-S-0,f-lig-S-1,f-lig-S-2,f-lig-S-3,name
450.19280000000003,1037.5440000000003,1656.1839999999995,2011.136,1856.0,4512.0,6640.0,7112.0,72.0,160.0,256.0,320.0,416.0,1056.0,1568.0,1768.0,31.501600000000003,79.58720000000002,121.35679999999991,138.50719999999993,AZIVAI_clean_primitive
450.19280000000003,1037.5440000000003,1656.184,2011.1359999999997,1856.0,4512.0,6640.0,7112.0,72.0,160.0,256.0,320.0,416.0,1056.0,1568.0,1768.0,31.501600000000003,79.58720000000001,121.35679999999992,138.50719999999995,AZIVAI_clean_primitive
