f-sbu-chi-0,f-sbu-chi-1,f-sbu-chi-2,f-sbu-chi-3,f-sbu-Z-0,f-sbu-Z-1,f-sbu-Z-2,f-sbu-Z-3,f-sbu-I-0,f-sbu-I-1,f-sbu-I-2,f-sbu-I-3,f-sbu-T-0,f-sbu-T-1,f-sbu-T-2,f-sbu-T-3,f-sbu-S-0,f-sbu-S-1,f-sbu-S-2,f-sbu-S-3,mc-chi-0,mc-chi-1,mc-chi-2,mc-chi-3,mc-Z-0,mc-Z-1,mc-Z-2,mc-Z-3,mc-I-0,mc-I-1,mc-I-2,mc-I-3,mc-T-0,mc-T-1,mc-T-2,mc-T-3,mc-S-0,mc-S-1,mc-S-2,mc-S-3,D_mc-chi-0,D_mc-chi-1,D_mc-chi-2,D_mc-chi-3,D_mc-Z-0,D_mc-Z-1,D_mc-Z-2,D_mc-Z-3,D_mc-I-0,D_mc-I-1,D_mc-I-2,D_mc-I-3,D_mc-T-0,D_mc-T-1,D_mc-T-2,D_mc-T-3,D_mc-S-0,D_mc-S-1,D_mc-S-2,D_mc-S-3,name
136.5638,206.39999999999998,380.30080000000004,454.0799999999999,8920.0,8960.0,7936.0,6400.0,16.0,32.0,44.0,56.0,76.0,176.0,208.0,208.0,13.532799999999998,28.7328,35.74199999999999,36.85040000000001,1.44,16.512,12.239999999999998,28.751999999999995,4096.0,2048.0,1536.0,3584.0,1.0,4.0,4.0,8.0,16.0,32.0,48.0,72.0,2.8560999999999996,4.9348,5.2052,10.14,0.0,-8.96,-5.3999999999999995,-14.36,0.0,224.0,232.0,456.0,0.0,0.0,0.0,0.0,0.0,8.0,4.0,14.0,0.0,3.84,3.6799999999999997,7.52,RUYNEG
136.5638,206.39999999999998,380.30080000000004,454.07999999999987,8920.0,8960.0,7936.0,6400.0,16.0,32.0,44.0,56.0,76.0,176.0,208.0,208.0,13.532799999999998,28.7328,35.742,36.85040000000001,1.44,16.512,12.239999999999998,28.751999999999995,4096.0,2048.0,1536.0,3584.0,1.0,4.0,4.0,8.0,16.0,32.0,48.0,72.0,2.8560999999999996,4.9348,5.2052,10.14,0.0,-8.96,-5.3999999999999995,-14.36,0.0,224.0,232.0,456.0,0.0,0.0,0.0,0.0,0.0,8.0,4.0,14.0,0.0,3.84,3.6799999999999997,7.52,RUYNEG
