f-chi-0-all,f-chi-1-all,f-chi-2-all,f-chi-3-all,f-Z-0-all,f-Z-1-all,f-Z-2-all,f-Z-3-all,f-I-0-all,f-I-1-all,f-I-2-all,f-I-3-all,f-T-0-all,f-T-1-all,f-T-2-all,f-T-3-all,f-S-0-all,f-S-1-all,f-S-2-all,f-S-3-all,mc-chi-0-all,mc-chi-1-all,mc-chi-2-all,mc-chi-3-all,mc-Z-0-all,mc-Z-1-all,mc-Z-2-all,mc-Z-3-all,mc-I-0-all,mc-I-1-all,mc-I-2-all,mc-I-3-all,mc-T-0-all,mc-T-1-all,mc-T-2-all,mc-T-3-all,mc-S-0-all,mc-S-1-all,mc-S-2-all,mc-S-3-all,D_mc-chi-0-all,D_mc-chi-1-all,D_mc-chi-2-all,D_mc-chi-3-all,D_mc-Z-0-all,D_mc-Z-1-all,D_mc-Z-2-all,D_mc-Z-3-all,D_mc-I-0-all,D_mc-I-1-all,D_mc-I-2-all,D_mc-I-3-all,D_mc-T-0-all,D_mc-T-1-all,D_mc-T-2-all,D_mc-T-3-all,D_mc-S-0-all,D_mc-S-1-all,D_mc-S-2-all,D_mc-S-3-all,name
324.0295999999999,762.6260000000001,1427.772,1888.4732000000001,6590.0,13128.0,27402.0,24844.0,42.0,108.0,190.0,256.0,316.0,940.0,1560.0,1900.0,30.10520000000002,80.82840000000002,145.20120000000003,171.32240000000004,3.61,25.637333333333334,32.11,55.48,841.0,908.6666666666666,3045.0,1972.0,1.0,4.0,7.666666666666667,9.333333333333334,16.0,50.666666666666664,88.0,104.0,1.9043999999999996,4.047999999999999,9.568,9.5864,0.0,-5.893333333333334,-2.333333333333334,-11.466666666666667,0.0,84.66666666666667,117.33333333333333,202.66666666666666,0.0,0.0,0.0,0.0,0.0,3.3333333333333335,8.666666666666666,11.333333333333334,0.0,2.5866666666666664,3.646666666666666,5.933333333333333,QUQHAM_clean_primitive
