f-lig-chi-0,f-lig-chi-1,f-lig-chi-2,f-lig-chi-3,f-lig-Z-0,f-lig-Z-1,f-lig-Z-2,f-lig-Z-3,f-lig-I-0,f-lig-I-1,f-lig-I-2,f-lig-I-3,f-lig-T-0,f-lig-T-1,f-lig-T-2,f-lig-T-3,f-lig-S-0,f-lig-S-1,f-lig-S-2,f-lig-S-3,name
177.08900000000003,357.2440000000001,588.6642,726.9776000000002,662.0,1348.0,1866.0,1952.0,27.0,54.0,90.0,112.0,144.0,352.0,464.0,484.0,10.295500000000002,24.287000000000003,35.537000000000006,40.1224,KIGCEK_clean_primitive
177.08900000000003,357.24400000000014,588.6642,726.9776000000002,662.0,1348.0,1866.0,1952.0,27.0,54.0,90.0,112.0,144.0,352.0,464.0,484.0,10.295499999999997,24.287000000000006,35.53700000000001,40.12240000000001,KIGCEK_clean_primitive
177.08900000000003,357.2440000000001,588.6642,726.9776000000002,662.0,1348.0,1866.0,1952.0,27.0,54.0,90.0,112.0,144.0,352.0,464.0,484.0,10.295499999999999,24.287000000000006,35.537000000000006,40.12240000000001,KIGCEK_clean_primitive
177.08900000000003,357.244,588.6641999999999,726.9776000000003,662.0,1348.0,1866.0,1952.0,27.0,54.0,90.0,112.0,144.0,352.0,464.0,484.0,10.2955,24.287000000000006,35.537000000000006,40.12240000000001,KIGCEK_clean_primitive
177.08900000000003,357.244,588.6642000000002,726.9776000000002,662.0,1348.0,1866.0,1952.0,27.0,54.0,90.0,112.0,144.0,352.0,464.0,484.0,10.295499999999999,24.287000000000006,35.537000000000006,40.122400000000006,KIGCEK_clean_primitive
177.08900000000003,357.244,588.6642,726.9776000000003,662.0,1348.0,1866.0,1952.0,27.0,54.0,90.0,112.0,144.0,352.0,464.0,484.0,10.295499999999999,24.28700000000001,35.537000000000006,40.12240000000001,KIGCEK_clean_primitive
