f-chi-0-all,f-chi-1-all,f-chi-2-all,f-chi-3-all,f-Z-0-all,f-Z-1-all,f-Z-2-all,f-Z-3-all,f-I-0-all,f-I-1-all,f-I-2-all,f-I-3-all,f-T-0-all,f-T-1-all,f-T-2-all,f-T-3-all,f-S-0-all,f-S-1-all,f-S-2-all,f-S-3-all,mc-chi-0-all,mc-chi-1-all,mc-chi-2-all,mc-chi-3-all,mc-Z-0-all,mc-Z-1-all,mc-Z-2-all,mc-Z-3-all,mc-I-0-all,mc-I-1-all,mc-I-2-all,mc-I-3-all,mc-T-0-all,mc-T-1-all,mc-T-2-all,mc-T-3-all,mc-S-0-all,mc-S-1-all,mc-S-2-all,mc-S-3-all,D_mc-chi-0-all,D_mc-chi-1-all,D_mc-chi-2-all,D_mc-chi-3-all,D_mc-Z-0-all,D_mc-Z-1-all,D_mc-Z-2-all,D_mc-Z-3-all,D_mc-I-0-all,D_mc-I-1-all,D_mc-I-2-all,D_mc-I-3-all,D_mc-T-0-all,D_mc-T-1-all,D_mc-T-2-all,D_mc-T-3-all,D_mc-S-0-all,D_mc-S-1-all,D_mc-S-2-all,D_mc-S-3-all,name
164.45080000000002,332.50600000000003,612.5408000000002,772.6624,2614.0,4828.0,6932.0,6028.0,22.0,48.0,84.0,100.0,132.0,336.0,488.0,480.0,14.016600000000002,32.7288,55.24999999999998,57.06280000000002,2.7224999999999997,21.383999999999997,28.874999999999996,50.5395,900.0,900.0,1110.0,1530.0,1.0,4.0,7.0,12.0,16.0,44.0,84.0,104.0,1.7161000000000002,3.8776000000000006,6.536900000000002,9.3796,0.0,-6.36,-5.950000000000002,-10.830000000000004,0.0,90.0,173.0,309.0,0.0,0.0,0.0,0.0,0.0,5.0,7.0,22.0,0.0,2.2800000000000007,4.18,8.560000000000002,KIGCEK_clean_primitive
164.45080000000002,332.50600000000003,612.5408000000002,772.6623999999999,2614.0,4828.0,6932.0,6028.0,22.0,48.0,84.0,100.0,132.0,336.0,488.0,480.0,14.0166,32.7288,55.24999999999999,57.06280000000002,2.7224999999999997,21.383999999999997,28.874999999999996,50.5395,900.0,900.0,1110.0,1530.0,1.0,4.0,7.0,12.0,16.0,44.0,84.0,104.0,1.7161000000000002,3.8776000000000006,6.536900000000002,9.3796,0.0,-6.36,-5.950000000000002,-10.830000000000004,0.0,90.0,173.0,309.0,0.0,0.0,0.0,0.0,0.0,5.0,7.0,22.0,0.0,2.2800000000000007,4.18,8.560000000000002,KIGCEK_clean_primitive
164.45080000000002,332.50600000000003,612.5408000000002,772.6624000000002,2614.0,4828.0,6932.0,6028.0,22.0,48.0,84.0,100.0,132.0,336.0,488.0,480.0,14.016600000000002,32.72879999999999,55.24999999999999,57.06280000000001,2.7224999999999997,21.383999999999997,28.874999999999996,50.5395,900.0,900.0,1110.0,1530.0,1.0,4.0,7.0,12.0,16.0,44.0,84.0,104.0,1.7161000000000002,3.8776000000000006,6.536900000000002,9.3796,0.0,-6.36,-5.950000000000002,-10.830000000000004,0.0,90.0,173.0,309.0,0.0,0.0,0.0,0.0,0.0,5.0,7.0,22.0,0.0,2.2800000000000007,4.18,8.560000000000002,KIGCEK_clean_primitive
