f-lig-chi-0,f-lig-chi-1,f-lig-chi-2,f-lig-chi-3,f-lig-Z-0,f-lig-Z-1,f-lig-Z-2,f-lig-Z-3,f-lig-I-0,f-lig-I-1,f-lig-I-2,f-lig-I-3,f-lig-T-0,f-lig-T-1,f-lig-T-2,f-lig-T-3,f-lig-S-0,f-lig-S-1,f-lig-S-2,f-lig-S-3,name
50.848200000000006,88.89299999999999,148.752,110.70720000000003,174.0,288.0,276.0,162.0,8.0,14.0,24.0,18.0,38.0,80.0,60.0,18.0,2.8583999999999996,5.7749999999999995,7.3568,4.4402,MAGVOG13_clean_primitive
50.848200000000006,88.89299999999999,148.752,110.70720000000003,174.0,288.0,276.0,162.0,8.0,14.0,24.0,18.0,38.0,80.0,60.0,18.0,2.8583999999999996,5.7749999999999995,7.3568,4.4402,MAGVOG13_clean_primitive
50.8482,88.89299999999999,148.75200000000004,110.7072,174.0,288.0,276.0,162.0,8.0,14.0,24.0,18.0,38.0,80.0,60.0,18.0,2.8583999999999996,5.7749999999999995,7.356800000000001,4.440199999999999,MAGVOG13_clean_primitive
50.8482,88.89299999999999,148.75200000000004,110.7072,174.0,288.0,276.0,162.0,8.0,14.0,24.0,18.0,38.0,80.0,60.0,18.0,2.8583999999999996,5.7749999999999995,7.356800000000001,4.440199999999999,MAGVOG13_clean_primitive
50.848200000000006,88.893,148.752,110.7072,174.0,288.0,276.0,162.0,8.0,14.0,24.0,18.0,38.0,80.0,60.0,18.0,2.8583999999999996,5.775,7.3568,4.4402,MAGVOG13_clean_primitive
50.848200000000006,88.893,148.752,110.7072,174.0,288.0,276.0,162.0,8.0,14.0,24.0,18.0,38.0,80.0,60.0,18.0,2.8583999999999996,5.775,7.3568,4.4402,MAGVOG13_clean_primitive
50.848200000000006,88.89299999999999,148.75200000000004,110.7072,174.0,288.0,276.0,162.0,8.0,14.0,24.0,18.0,38.0,80.0,60.0,18.0,2.8583999999999996,5.775,7.356799999999999,4.4402,MAGVOG13_clean_primitive
50.848200000000006,88.89299999999999,148.75200000000004,110.7072,174.0,288.0,276.0,162.0,8.0,14.0,24.0,18.0,38.0,80.0,60.0,18.0,2.8583999999999996,5.775,7.356799999999999,4.4402,MAGVOG13_clean_primitive
