f-sbu-chi-0,f-sbu-chi-1,f-sbu-chi-2,f-sbu-chi-3,f-sbu-Z-0,f-sbu-Z-1,f-sbu-Z-2,f-sbu-Z-3,f-sbu-I-0,f-sbu-I-1,f-sbu-I-2,f-sbu-I-3,f-sbu-T-0,f-sbu-T-1,f-sbu-T-2,f-sbu-T-3,f-sbu-S-0,f-sbu-S-1,f-sbu-S-2,f-sbu-S-3,mc-chi-0,mc-chi-1,mc-chi-2,mc-chi-3,mc-Z-0,mc-Z-1,mc-Z-2,mc-Z-3,mc-I-0,mc-I-1,mc-I-2,mc-I-3,mc-T-0,mc-T-1,mc-T-2,mc-T-3,mc-S-0,mc-S-1,mc-S-2,mc-S-3,D_mc-chi-0,D_mc-chi-1,D_mc-chi-2,D_mc-chi-3,D_mc-Z-0,D_mc-Z-1,D_mc-Z-2,D_mc-Z-3,D_mc-I-0,D_mc-I-1,D_mc-I-2,D_mc-I-3,D_mc-T-0,D_mc-T-1,D_mc-T-2,D_mc-T-3,D_mc-S-0,D_mc-S-1,D_mc-S-2,D_mc-S-3,name
184.71739999999997,322.8096,935.2512000000002,1164.9215999999997,1866.0,5184.0,7632.0,9792.0,20.0,48.0,96.0,144.0,144.0,384.0,576.0,768.0,15.732199999999997,43.27440000000001,69.78480000000002,97.236,1.8496000000000004,28.0704,20.808,48.8784,441.0,1008.0,756.0,1764.0,1.0,6.0,6.0,12.0,36.0,72.0,108.0,180.0,2.8899999999999997,7.445999999999999,7.854,15.299999999999997,0.0,-12.48,-7.139999999999998,-19.619999999999997,0.0,78.0,90.0,168.0,0.0,0.0,0.0,0.0,0.0,24.0,18.0,42.0,0.0,5.819999999999999,5.579999999999999,11.399999999999999,MAWWAK01
184.71739999999994,322.80959999999993,935.2511999999999,1164.9215999999997,1866.0,5184.0,7632.0,9792.0,20.0,48.0,96.0,144.0,144.0,384.0,576.0,768.0,15.732199999999997,43.27440000000001,69.7848,97.236,1.8496000000000004,28.0704,20.808,48.8784,441.0,1008.0,756.0,1764.0,1.0,6.0,6.0,12.0,36.0,72.0,108.0,180.0,2.8899999999999997,7.445999999999999,7.854,15.299999999999997,0.0,-12.48,-7.139999999999998,-19.619999999999997,0.0,78.0,90.0,168.0,0.0,0.0,0.0,0.0,0.0,24.0,18.0,42.0,0.0,5.819999999999999,5.579999999999999,11.399999999999999,MAWWAK01
