f-lig-chi-0,f-lig-chi-1,f-lig-chi-2,f-lig-chi-3,f-lig-Z-0,f-lig-Z-1,f-lig-Z-2,f-lig-Z-3,f-lig-I-0,f-lig-I-1,f-lig-I-2,f-lig-I-3,f-lig-T-0,f-lig-T-1,f-lig-T-2,f-lig-T-3,f-lig-S-0,f-lig-S-1,f-lig-S-2,f-lig-S-3,name
211.06710000000004,484.2450000000001,770.7396000000001,832.4580000000002,846.0,2052.0,2910.0,2514.0,33.0,72.0,114.0,132.0,186.0,468.0,690.0,684.0,13.911300000000002,34.83480000000001,52.07700000000002,52.89599999999999,ESEHIV_clean_primitive
211.06710000000004,484.2450000000001,770.7396000000001,832.4580000000001,846.0,2052.0,2910.0,2514.0,33.0,72.0,114.0,132.0,186.0,468.0,690.0,684.0,13.911300000000002,34.834800000000016,52.07700000000002,52.89599999999999,ESEHIV_clean_primitive
144.0441,255.96899999999994,399.6455999999999,462.2129999999999,711.0,1260.0,1896.0,1944.0,18.0,36.0,54.0,66.0,90.0,216.0,294.0,306.0,8.944199999999999,19.126800000000003,27.590999999999998,31.000200000000007,ESEHIV_clean_primitive
144.04410000000001,255.969,399.6455999999999,462.21299999999985,711.0,1260.0,1896.0,1944.0,18.0,36.0,54.0,66.0,90.0,216.0,294.0,306.0,8.944199999999999,19.126800000000006,27.591,31.000200000000017,ESEHIV_clean_primitive
