f-chi-0-all,f-chi-1-all,f-chi-2-all,f-chi-3-all,f-Z-0-all,f-Z-1-all,f-Z-2-all,f-Z-3-all,f-I-0-all,f-I-1-all,f-I-2-all,f-I-3-all,f-T-0-all,f-T-1-all,f-T-2-all,f-T-3-all,f-S-0-all,f-S-1-all,f-S-2-all,f-S-3-all,mc-chi-0-all,mc-chi-1-all,mc-chi-2-all,mc-chi-3-all,mc-Z-0-all,mc-Z-1-all,mc-Z-2-all,mc-Z-3-all,mc-I-0-all,mc-I-1-all,mc-I-2-all,mc-I-3-all,mc-T-0-all,mc-T-1-all,mc-T-2-all,mc-T-3-all,mc-S-0-all,mc-S-1-all,mc-S-2-all,mc-S-3-all,D_mc-chi-0-all,D_mc-chi-1-all,D_mc-chi-2-all,D_mc-chi-3-all,D_mc-Z-0-all,D_mc-Z-1-all,D_mc-Z-2-all,D_mc-Z-3-all,D_mc-I-0-all,D_mc-I-1-all,D_mc-I-2-all,D_mc-I-3-all,D_mc-T-0-all,D_mc-T-1-all,D_mc-T-2-all,D_mc-T-3-all,D_mc-S-0-all,D_mc-S-1-all,D_mc-S-2-all,D_mc-S-3-all,name
329.94059999999985,709.1903999999997,1749.698,2481.4784,6276.0,14144.0,29408.0,36480.0,38.0,96.0,196.0,328.0,300.0,928.0,1712.0,2304.0,24.733400000000028,69.61280000000001,133.78920000000005,204.69200000000004,3.6481,30.661866666666658,33.55233333333333,87.45253333333335,784.0,1045.3333333333333,3117.3333333333335,2986.6666666666665,1.0,4.666666666666667,8.0,14.0,22.666666666666668,64.0,124.0,162.66666666666666,1.4641,4.122066666666667,8.260266666666666,12.495266666666668,0.0,-7.140000000000001,-2.286666666666667,-19.046666666666667,0.0,93.33333333333333,112.66666666666667,285.3333333333333,0.0,0.0,0.0,0.0,0.0,9.333333333333334,12.666666666666666,30.666666666666668,0.0,2.24,2.853333333333333,6.613333333333334,OKELIB_clean_primitive
