f-chi-0-all,f-chi-1-all,f-chi-2-all,f-chi-3-all,f-Z-0-all,f-Z-1-all,f-Z-2-all,f-Z-3-all,f-I-0-all,f-I-1-all,f-I-2-all,f-I-3-all,f-T-0-all,f-T-1-all,f-T-2-all,f-T-3-all,f-S-0-all,f-S-1-all,f-S-2-all,f-S-3-all,mc-chi-0-all,mc-chi-1-all,mc-chi-2-all,mc-chi-3-all,mc-Z-0-all,mc-Z-1-all,mc-Z-2-all,mc-Z-3-all,mc-I-0-all,mc-I-1-all,mc-I-2-all,mc-I-3-all,mc-T-0-all,mc-T-1-all,mc-T-2-all,mc-T-3-all,mc-S-0-all,mc-S-1-all,mc-S-2-all,mc-S-3-all,D_mc-chi-0-all,D_mc-chi-1-all,D_mc-chi-2-all,D_mc-chi-3-all,D_mc-Z-0-all,D_mc-Z-1-all,D_mc-Z-2-all,D_mc-Z-3-all,D_mc-I-0-all,D_mc-I-1-all,D_mc-I-2-all,D_mc-I-3-all,D_mc-T-0-all,D_mc-T-1-all,D_mc-T-2-all,D_mc-T-3-all,D_mc-S-0-all,D_mc-S-1-all,D_mc-S-2-all,D_mc-S-3-all,name
228.44519999999994,392.1600000000001,957.7962000000001,1036.9536000000005,3492.0,6720.0,10458.0,16896.0,27.0,60.0,102.0,144.0,162.0,408.0,558.0,672.0,22.868700000000015,50.808000000000035,78.43679999999999,114.9312,2.5921000000000003,27.692000000000004,17.629500000000004,75.91150000000003,169.0,520.0,975.0,1430.0,1.0,5.0,5.0,15.0,25.0,50.0,100.0,195.0,1.5876000000000001,4.599,6.678,14.049000000000005,0.0,-9.149999999999999,-2.899999999999999,-22.999999999999996,0.0,25.0,-10.0,85.0,0.0,0.0,0.0,0.0,0.0,15.0,5.0,36.0,0.0,2.6500000000000004,0.9999999999999999,7.750000000000003,PITPEP_clean_primitive
228.44519999999994,392.1600000000001,957.7962000000001,1036.9536000000005,3492.0,6720.0,10458.0,16896.0,27.0,60.0,102.0,144.0,162.0,408.0,558.0,672.0,22.868700000000015,50.808000000000035,78.43679999999999,114.9312,2.5921000000000003,27.692000000000004,17.629500000000004,75.91150000000003,169.0,520.0,975.0,1430.0,1.0,5.0,5.0,15.0,25.0,50.0,100.0,195.0,1.5876000000000001,4.599,6.678,14.049000000000005,0.0,-9.149999999999999,-2.899999999999999,-22.999999999999996,0.0,25.0,-10.0,85.0,0.0,0.0,0.0,0.0,0.0,15.0,5.0,36.0,0.0,2.6500000000000004,0.9999999999999999,7.750000000000003,PITPEP_clean_primitive
