f-link-chi-0,f-link-chi-1,f-link-chi-2,f-link-chi-3,f-link-Z-0,f-link-Z-1,f-link-Z-2,f-link-Z-3,f-link-I-0,f-link-I-1,f-link-I-2,f-link-I-3,f-link-T-0,f-link-T-1,f-link-T-2,f-link-T-3,f-link-S-0,f-link-S-1,f-link-S-2,f-link-S-3,name
756.5684000000012,1555.1939999999993,2612.4421999999995,3391.962000000001,3128.0,6576.0,9704.0,11064.0,111.0,232.0,386.0,516.0,618.0,1556.0,2276.0,2628.0,46.43189999999998,111.31119999999987,169.11859999999996,207.16520000000006,GORLIK
756.5684000000011,1555.193999999999,2612.4421999999977,3391.9619999999995,3128.0,6576.0,9704.0,11064.0,111.0,232.0,386.0,516.0,618.0,1556.0,2276.0,2628.0,46.431899999999985,111.31119999999989,169.1185999999999,207.16520000000006,GORLIK
