f-lig-chi-0,f-lig-chi-1,f-lig-chi-2,f-lig-chi-3,f-lig-Z-0,f-lig-Z-1,f-lig-Z-2,f-lig-Z-3,f-lig-I-0,f-lig-I-1,f-lig-I-2,f-lig-I-3,f-lig-T-0,f-lig-T-1,f-lig-T-2,f-lig-T-3,f-lig-S-0,f-lig-S-1,f-lig-S-2,f-lig-S-3,name
106.60379999999999,151.7562,295.61519999999996,140.6069999999999,978.0,2016.0,1848.0,1008.0,12.0,22.0,32.0,18.0,54.0,104.0,84.0,64.0,7.8161999999999985,16.107799999999997,18.7764,11.195800000000002,AHOKIR_clean_primitive
