f-link-chi-0,f-link-chi-1,f-link-chi-2,f-link-chi-3,f-link-Z-0,f-link-Z-1,f-link-Z-2,f-link-Z-3,f-link-I-0,f-link-I-1,f-link-I-2,f-link-I-3,f-link-T-0,f-link-T-1,f-link-T-2,f-link-T-3,f-link-S-0,f-link-S-1,f-link-S-2,f-link-S-3,name
195.76140000000004,442.1700000000002,723.4724,803.1129999999998,714.0,1728.0,2360.0,1984.0,32.0,68.0,112.0,134.0,180.0,452.0,656.0,658.0,12.467200000000004,31.38520000000001,46.84880000000001,48.45260000000001,XUMFOC
157.4344,295.85100000000017,522.9004,674.2890000000001,556.0,1032.0,1372.0,1152.0,24.0,46.0,84.0,114.0,130.0,328.0,408.0,384.0,8.517599999999998,19.635000000000005,29.061200000000007,31.6194,XUMFOC
195.76140000000004,442.17000000000013,723.4724,803.1129999999999,714.0,1728.0,2360.0,1984.0,32.0,68.0,112.0,134.0,180.0,452.0,656.0,658.0,12.467200000000004,31.38520000000001,46.84880000000001,48.45260000000002,XUMFOC
157.43440000000004,295.85100000000006,522.9004,674.2890000000002,556.0,1032.0,1372.0,1152.0,24.0,46.0,84.0,114.0,130.0,328.0,408.0,384.0,8.5176,19.635,29.061199999999996,31.619399999999995,XUMFOC
195.7614,442.1700000000001,723.4724,803.1129999999999,714.0,1728.0,2360.0,1984.0,32.0,68.0,112.0,134.0,180.0,452.0,656.0,658.0,12.467200000000004,31.38520000000001,46.84880000000001,48.45260000000002,XUMFOC
195.76140000000004,442.17000000000013,723.4723999999999,803.1129999999999,714.0,1728.0,2360.0,1984.0,32.0,68.0,112.0,134.0,180.0,452.0,656.0,658.0,12.467200000000004,31.38520000000001,46.84880000000001,48.4526,XUMFOC
157.4344,295.851,522.9004,674.2890000000002,556.0,1032.0,1372.0,1152.0,24.0,46.0,84.0,114.0,130.0,328.0,408.0,384.0,8.5176,19.635,29.061200000000003,31.6194,XUMFOC
157.4344,295.851,522.9004,674.289,556.0,1032.0,1372.0,1152.0,24.0,46.0,84.0,114.0,130.0,328.0,408.0,384.0,8.517599999999998,19.634999999999998,29.0612,31.619399999999995,XUMFOC
