f-chi-0-all,f-chi-1-all,f-chi-2-all,f-chi-3-all,f-Z-0-all,f-Z-1-all,f-Z-2-all,f-Z-3-all,f-I-0-all,f-I-1-all,f-I-2-all,f-I-3-all,f-T-0-all,f-T-1-all,f-T-2-all,f-T-3-all,f-S-0-all,f-S-1-all,f-S-2-all,f-S-3-all,mc-chi-0-all,mc-chi-1-all,mc-chi-2-all,mc-chi-3-all,mc-Z-0-all,mc-Z-1-all,mc-Z-2-all,mc-Z-3-all,mc-I-0-all,mc-I-1-all,mc-I-2-all,mc-I-3-all,mc-T-0-all,mc-T-1-all,mc-T-2-all,mc-T-3-all,mc-S-0-all,mc-S-1-all,mc-S-2-all,mc-S-3-all,D_mc-chi-0-all,D_mc-chi-1-all,D_mc-chi-2-all,D_mc-chi-3-all,D_mc-Z-0-all,D_mc-Z-1-all,D_mc-Z-2-all,D_mc-Z-3-all,D_mc-I-0-all,D_mc-I-1-all,D_mc-I-2-all,D_mc-I-3-all,D_mc-T-0-all,D_mc-T-1-all,D_mc-T-2-all,D_mc-T-3-all,D_mc-S-0-all,D_mc-S-1-all,D_mc-S-2-all,D_mc-S-3-all,name
210.98139999999992,442.93439999999975,1121.1519999999998,1575.5200000000002,3175.0,7936.0,13562.0,13440.0,25.0,60.0,126.0,200.0,190.0,584.0,1036.0,1088.0,15.262599999999997,42.83640000000002,81.3176,105.70400000000004,3.5343999999999998,34.49173333333333,37.27413333333333,66.60213333333331,729.0,1152.0,2178.0,2232.0,1.0,5.333333333333333,8.666666666666666,11.333333333333334,28.666666666666668,78.66666666666667,135.33333333333334,148.66666666666666,1.5876000000000001,4.905600000000001,8.2992,10.626000000000003,0.0,-8.320000000000002,-3.5333333333333337,-14.120000000000003,0.0,101.33333333333333,153.33333333333334,223.33333333333334,0.0,0.0,0.0,0.0,0.0,14.0,21.333333333333332,32.0,0.0,2.8266666666666667,4.333333333333334,5.8466666666666685,ECOROD_clean_primitive
