f-lig-chi-0,f-lig-chi-1,f-lig-chi-2,f-lig-chi-3,f-lig-Z-0,f-lig-Z-1,f-lig-Z-2,f-lig-Z-3,f-lig-I-0,f-lig-I-1,f-lig-I-2,f-lig-I-3,f-lig-T-0,f-lig-T-1,f-lig-T-2,f-lig-T-3,f-lig-S-0,f-lig-S-1,f-lig-S-2,f-lig-S-3,name
367.7089,837.9810000000004,1322.769,1685.3429999999998,1408.0,3420.0,4836.0,5268.0,61.0,132.0,210.0,276.0,342.0,864.0,1266.0,1470.0,25.101300000000002,63.20160000000003,94.48259999999996,111.58559999999993,CETVAA_clean_primitive
367.7089,837.9810000000002,1322.769,1685.3429999999994,1408.0,3420.0,4836.0,5268.0,61.0,132.0,210.0,276.0,342.0,864.0,1266.0,1470.0,25.101300000000002,63.20160000000003,94.48259999999998,111.58559999999994,CETVAA_clean_primitive
