f-chi-0-all,f-chi-1-all,f-chi-2-all,f-chi-3-all,f-Z-0-all,f-Z-1-all,f-Z-2-all,f-Z-3-all,f-I-0-all,f-I-1-all,f-I-2-all,f-I-3-all,f-T-0-all,f-T-1-all,f-T-2-all,f-T-3-all,f-S-0-all,f-S-1-all,f-S-2-all,f-S-3-all,mc-chi-0-all,mc-chi-1-all,mc-chi-2-all,mc-chi-3-all,mc-Z-0-all,mc-Z-1-all,mc-Z-2-all,mc-Z-3-all,mc-I-0-all,mc-I-1-all,mc-I-2-all,mc-I-3-all,mc-T-0-all,mc-T-1-all,mc-T-2-all,mc-T-3-all,mc-S-0-all,mc-S-1-all,mc-S-2-all,mc-S-3-all,D_mc-chi-0-all,D_mc-chi-1-all,D_mc-chi-2-all,D_mc-chi-3-all,D_mc-Z-0-all,D_mc-Z-1-all,D_mc-Z-2-all,D_mc-Z-3-all,D_mc-I-0-all,D_mc-I-1-all,D_mc-I-2-all,D_mc-I-3-all,D_mc-T-0-all,D_mc-T-1-all,D_mc-T-2-all,D_mc-T-3-all,D_mc-S-0-all,D_mc-S-1-all,D_mc-S-2-all,D_mc-S-3-all,name
90.321,151.696,287.8526,379.44,1782.0,3694.0,4604.0,3456.0,12.0,22.0,38.0,48.0,60.0,146.0,158.0,96.0,9.1095,18.6048,30.553799999999995,32.1552,3.61,29.336,29.069999999999997,54.14999999999999,841.0,1595.0,1044.0,1218.0,1.0,5.0,6.0,12.0,25.0,55.0,90.0,120.0,1.9043999999999996,5.8374,6.3755999999999995,9.4392,0.0,-5.940000000000001,-3.8999999999999995,-5.700000000000002,0.0,90.0,138.0,306.0,0.0,0.0,0.0,0.0,0.0,14.0,12.0,36.0,0.0,2.669999999999999,3.6599999999999993,9.719999999999997,CETVAA_clean_primitive
90.321,151.69599999999997,287.8526,379.44000000000005,1782.0,3694.0,4604.0,3456.0,12.0,22.0,38.0,48.0,60.0,146.0,158.0,96.0,9.1095,18.604799999999997,30.553799999999995,32.155199999999994,3.61,29.336,29.069999999999997,54.14999999999999,841.0,1595.0,1044.0,1218.0,1.0,5.0,6.0,12.0,25.0,55.0,90.0,120.0,1.9043999999999996,5.8374,6.3755999999999995,9.4392,0.0,-5.940000000000001,-3.8999999999999995,-5.700000000000002,0.0,90.0,138.0,306.0,0.0,0.0,0.0,0.0,0.0,14.0,12.0,36.0,0.0,2.669999999999999,3.6599999999999993,9.719999999999997,CETVAA_clean_primitive
