f-lig-chi-0,f-lig-chi-1,f-lig-chi-2,f-lig-chi-3,f-lig-Z-0,f-lig-Z-1,f-lig-Z-2,f-lig-Z-3,f-lig-I-0,f-lig-I-1,f-lig-I-2,f-lig-I-3,f-lig-T-0,f-lig-T-1,f-lig-T-2,f-lig-T-3,f-lig-S-0,f-lig-S-1,f-lig-S-2,f-lig-S-3,name
174.4257,280.8018,583.2648,546.9569999999999,1470.0,3168.0,3600.0,3276.0,21.0,42.0,72.0,78.0,114.0,270.0,360.0,390.0,12.135,27.6498,40.038,41.712600000000016,VUMBIQ_clean_primitive
174.4257,280.8018,583.2648,546.9569999999999,1470.0,3168.0,3600.0,3276.0,21.0,42.0,72.0,78.0,114.0,270.0,360.0,390.0,12.135,27.6498,40.038,41.712600000000016,VUMBIQ_clean_primitive
174.4257,280.8018,583.2648,546.9569999999999,1470.0,3168.0,3600.0,3276.0,21.0,42.0,72.0,78.0,114.0,270.0,360.0,390.0,12.135,27.649799999999995,40.038,41.712600000000016,VUMBIQ_clean_primitive
174.4257,280.8018,583.2648,546.9569999999999,1470.0,3168.0,3600.0,3276.0,21.0,42.0,72.0,78.0,114.0,270.0,360.0,390.0,12.135,27.6498,40.038,41.712600000000016,VUMBIQ_clean_primitive
122.22820000000003,268.8210000000001,406.2200000000001,458.81199999999995,466.0,1080.0,1400.0,1288.0,20.0,42.0,64.0,76.0,106.0,258.0,352.0,360.0,8.1492,19.850600000000004,27.907200000000007,28.971600000000013,VUMBIQ_clean_primitive
122.22820000000003,268.8210000000001,406.2200000000001,458.81199999999995,466.0,1080.0,1400.0,1288.0,20.0,42.0,64.0,76.0,106.0,258.0,352.0,360.0,8.1492,19.850600000000004,27.907200000000007,28.971600000000013,VUMBIQ_clean_primitive
122.22820000000003,268.8210000000001,406.2200000000001,458.81199999999995,466.0,1080.0,1400.0,1288.0,20.0,42.0,64.0,76.0,106.0,258.0,352.0,360.0,8.1492,19.850600000000004,27.907200000000007,28.971600000000013,VUMBIQ_clean_primitive
122.22820000000003,268.8210000000001,406.2200000000001,458.81199999999995,466.0,1080.0,1400.0,1288.0,20.0,42.0,64.0,76.0,106.0,258.0,352.0,360.0,8.1492,19.850600000000004,27.907200000000007,28.971600000000013,VUMBIQ_clean_primitive
