f-chi-0-all,f-chi-1-all,f-chi-2-all,f-chi-3-all,f-Z-0-all,f-Z-1-all,f-Z-2-all,f-Z-3-all,f-I-0-all,f-I-1-all,f-I-2-all,f-I-3-all,f-T-0-all,f-T-1-all,f-T-2-all,f-T-3-all,f-S-0-all,f-S-1-all,f-S-2-all,f-S-3-all,mc-chi-0-all,mc-chi-1-all,mc-chi-2-all,mc-chi-3-all,mc-Z-0-all,mc-Z-1-all,mc-Z-2-all,mc-Z-3-all,mc-I-0-all,mc-I-1-all,mc-I-2-all,mc-I-3-all,mc-T-0-all,mc-T-1-all,mc-T-2-all,mc-T-3-all,mc-S-0-all,mc-S-1-all,mc-S-2-all,mc-S-3-all,D_mc-chi-0-all,D_mc-chi-1-all,D_mc-chi-2-all,D_mc-chi-3-all,D_mc-Z-0-all,D_mc-Z-1-all,D_mc-Z-2-all,D_mc-Z-3-all,D_mc-I-0-all,D_mc-I-1-all,D_mc-I-2-all,D_mc-I-3-all,D_mc-T-0-all,D_mc-T-1-all,D_mc-T-2-all,D_mc-T-3-all,D_mc-S-0-all,D_mc-S-1-all,D_mc-S-2-all,D_mc-S-3-all,name
250.53900000000004,477.77599999999995,920.8359999999999,1219.9648000000002,5838.0,10264.0,20524.0,21008.0,32.0,68.0,112.0,164.0,180.0,468.0,720.0,948.0,26.6814,57.17360000000001,96.79400000000001,128.68400000000003,3.61,25.384,25.78299999999999,84.113,841.0,899.0,2494.0,2755.0,1.0,4.0,6.0,15.0,16.0,40.0,88.0,132.0,1.9043999999999994,4.057199999999999,8.418,14.421000000000003,0.0,-5.76,-2.17,-15.770000000000003,0.0,85.0,88.0,340.0,0.0,0.0,0.0,0.0,0.0,6.0,2.0,27.0,0.0,2.5799999999999996,2.1799999999999993,10.25,VUMBIQ_clean_primitive
250.53900000000004,477.77599999999995,920.8359999999999,1219.9648000000002,5838.0,10264.0,20524.0,21008.0,32.0,68.0,112.0,164.0,180.0,468.0,720.0,948.0,26.6814,57.17360000000001,96.79400000000001,128.68400000000003,3.61,25.384,25.78299999999999,84.113,841.0,899.0,2494.0,2755.0,1.0,4.0,6.0,15.0,16.0,40.0,88.0,132.0,1.9043999999999994,4.057199999999999,8.418,14.421000000000003,0.0,-5.76,-2.17,-15.770000000000003,0.0,85.0,88.0,340.0,0.0,0.0,0.0,0.0,0.0,6.0,2.0,27.0,0.0,2.5799999999999996,2.1799999999999993,10.25,VUMBIQ_clean_primitive
