f-lig-chi-0,f-lig-chi-1,f-lig-chi-2,f-lig-chi-3,f-lig-Z-0,f-lig-Z-1,f-lig-Z-2,f-lig-Z-3,f-lig-I-0,f-lig-I-1,f-lig-I-2,f-lig-I-3,f-lig-T-0,f-lig-T-1,f-lig-T-2,f-lig-T-3,f-lig-S-0,f-lig-S-1,f-lig-S-2,f-lig-S-3,name
140.7114,305.3072,447.22399999999993,500.43300000000005,564.0,1274.0,1616.0,1464.0,22.0,46.0,68.0,78.0,114.0,272.0,352.0,322.0,9.2742,22.099800000000005,30.09400000000001,29.851800000000004,AMUFIZ_clean_primitive
182.23129999999995,324.7169999999999,593.2858,859.4469999999998,842.0,1488.0,2410.0,2734.0,23.0,46.0,84.0,128.0,130.0,352.0,546.0,560.0,10.420699999999998,23.084600000000002,38.062799999999996,49.80480000000001,AMUFIZ_clean_primitive
182.23129999999995,324.7169999999999,593.2858,859.4469999999998,842.0,1488.0,2410.0,2734.0,23.0,46.0,84.0,128.0,130.0,352.0,546.0,560.0,10.420699999999998,23.084600000000002,38.062799999999996,49.80480000000001,AMUFIZ_clean_primitive
