f-sbu-chi-0,f-sbu-chi-1,f-sbu-chi-2,f-sbu-chi-3,f-sbu-Z-0,f-sbu-Z-1,f-sbu-Z-2,f-sbu-Z-3,f-sbu-I-0,f-sbu-I-1,f-sbu-I-2,f-sbu-I-3,f-sbu-T-0,f-sbu-T-1,f-sbu-T-2,f-sbu-T-3,f-sbu-S-0,f-sbu-S-1,f-sbu-S-2,f-sbu-S-3,mc-chi-0,mc-chi-1,mc-chi-2,mc-chi-3,mc-Z-0,mc-Z-1,mc-Z-2,mc-Z-3,mc-I-0,mc-I-1,mc-I-2,mc-I-3,mc-T-0,mc-T-1,mc-T-2,mc-T-3,mc-S-0,mc-S-1,mc-S-2,mc-S-3,D_mc-chi-0,D_mc-chi-1,D_mc-chi-2,D_mc-chi-3,D_mc-Z-0,D_mc-Z-1,D_mc-Z-2,D_mc-Z-3,D_mc-I-0,D_mc-I-1,D_mc-I-2,D_mc-I-3,D_mc-T-0,D_mc-T-1,D_mc-T-2,D_mc-T-3,D_mc-S-0,D_mc-S-1,D_mc-S-2,D_mc-S-3,name
452.67839999999984,834.5135999999995,4260.479999999999,8511.992799999998,36226.0,139416.0,158640.0,99936.0,50.0,138.0,488.0,900.0,734.0,3534.0,6222.0,5558.0,36.24140000000001,148.89279999999997,394.86299999999983,554.3528,1.9043999999999994,46.87169999999999,101.29889999999997,73.071,8464.0,27692.0,19642.0,10074.0,1.0,11.5,23.5,19.5,132.5,573.0,694.0,543.0,2.89,18.427999999999997,30.123999999999995,22.805500000000006,0.0,-18.095,-40.97500000000001,-26.04,0.0,757.0,1948.5,1684.5,0.0,0.0,0.0,0.0,0.0,82.5,208.0,178.5,0.0,8.709999999999999,22.23,19.735,HIQKOJ
452.6783999999998,834.5135999999994,4260.48,8511.992799999998,36226.0,139416.0,158640.0,99936.0,50.0,138.0,488.0,900.0,734.0,3534.0,6222.0,5558.0,36.24140000000001,148.89280000000002,394.86299999999983,554.3528,1.9043999999999994,46.87169999999999,101.29889999999997,73.071,8464.0,27692.0,19642.0,10074.0,1.0,11.5,23.5,19.5,132.5,573.0,694.0,543.0,2.89,18.427999999999997,30.123999999999995,22.805500000000006,0.0,-18.095,-40.97500000000001,-26.04,0.0,757.0,1948.5,1684.5,0.0,0.0,0.0,0.0,0.0,82.5,208.0,178.5,0.0,8.709999999999999,22.23,19.735,HIQKOJ
