f-lig-chi-0,f-lig-chi-1,f-lig-chi-2,f-lig-chi-3,f-lig-Z-0,f-lig-Z-1,f-lig-Z-2,f-lig-Z-3,f-lig-I-0,f-lig-I-1,f-lig-I-2,f-lig-I-3,f-lig-T-0,f-lig-T-1,f-lig-T-2,f-lig-T-3,f-lig-S-0,f-lig-S-1,f-lig-S-2,f-lig-S-3,name
125.36439999999999,239.24099999999993,351.60039999999987,348.4319999999999,688.0,1320.0,1936.0,1920.0,16.0,34.0,48.0,48.0,82.0,190.0,240.0,224.0,9.246400000000001,19.912200000000002,27.9728,27.9664,YEDLAV_clean_primitive
125.36439999999999,239.24099999999993,351.60039999999987,348.4319999999999,688.0,1320.0,1936.0,1920.0,16.0,34.0,48.0,48.0,82.0,190.0,240.0,224.0,9.2464,19.912200000000002,27.9728,27.9664,YEDLAV_clean_primitive
125.36439999999999,239.24099999999993,351.60039999999987,348.4319999999999,688.0,1320.0,1936.0,1920.0,16.0,34.0,48.0,48.0,82.0,190.0,240.0,224.0,9.2464,19.912200000000006,27.9728,27.966400000000004,YEDLAV_clean_primitive
125.36439999999999,239.24099999999993,351.60039999999987,348.43199999999985,688.0,1320.0,1936.0,1920.0,16.0,34.0,48.0,48.0,82.0,190.0,240.0,224.0,9.246400000000001,19.912200000000006,27.9728,27.966400000000004,YEDLAV_clean_primitive
125.36439999999999,239.24099999999993,351.60039999999987,348.4319999999999,688.0,1320.0,1936.0,1920.0,16.0,34.0,48.0,48.0,82.0,190.0,240.0,224.0,9.246400000000001,19.912200000000002,27.9728,27.966400000000004,YEDLAV_clean_primitive
125.36439999999999,239.24099999999993,351.60039999999987,348.4319999999999,688.0,1320.0,1936.0,1920.0,16.0,34.0,48.0,48.0,82.0,190.0,240.0,224.0,9.2464,19.912200000000002,27.9728,27.9664,YEDLAV_clean_primitive
