f-lig-chi-0,f-lig-chi-1,f-lig-chi-2,f-lig-chi-3,f-lig-Z-0,f-lig-Z-1,f-lig-Z-2,f-lig-Z-3,f-lig-I-0,f-lig-I-1,f-lig-I-2,f-lig-I-3,f-lig-T-0,f-lig-T-1,f-lig-T-2,f-lig-T-3,f-lig-S-0,f-lig-S-1,f-lig-S-2,f-lig-S-3,name
176.5068,407.06480000000005,635.1964,709.9352,858.0,2024.0,3076.0,2984.0,24.0,56.0,88.0,98.0,144.0,368.0,556.0,544.0,12.103200000000001,30.125600000000006,46.263200000000026,47.08820000000001,XALTIP_clean_primitive
176.5068,407.06480000000005,635.1964,709.9352,858.0,2024.0,3076.0,2984.0,24.0,56.0,88.0,98.0,144.0,368.0,556.0,544.0,12.103200000000001,30.125600000000006,46.26320000000002,47.08820000000001,XALTIP_clean_primitive
176.5068,407.06480000000005,635.1964,709.9352,858.0,2024.0,3076.0,2984.0,24.0,56.0,88.0,98.0,144.0,368.0,556.0,544.0,12.103200000000001,30.125600000000006,46.26320000000002,47.08820000000001,XALTIP_clean_primitive
176.5068,407.06480000000005,635.1963999999999,709.9352,858.0,2024.0,3076.0,2984.0,24.0,56.0,88.0,98.0,144.0,368.0,556.0,544.0,12.103200000000001,30.125600000000006,46.26320000000002,47.08820000000001,XALTIP_clean_primitive
176.5068,407.06480000000005,635.1963999999999,709.9352,858.0,2024.0,3076.0,2984.0,24.0,56.0,88.0,98.0,144.0,368.0,556.0,544.0,12.103200000000001,30.125600000000006,46.263200000000026,47.08820000000001,XALTIP_clean_primitive
176.5068,407.06480000000005,635.1963999999999,709.9352,858.0,2024.0,3076.0,2984.0,24.0,56.0,88.0,98.0,144.0,368.0,556.0,544.0,12.103200000000001,30.125600000000006,46.263200000000026,47.08820000000001,XALTIP_clean_primitive
