f-chi-0-all,f-chi-1-all,f-chi-2-all,f-chi-3-all,f-Z-0-all,f-Z-1-all,f-Z-2-all,f-Z-3-all,f-I-0-all,f-I-1-all,f-I-2-all,f-I-3-all,f-T-0-all,f-T-1-all,f-T-2-all,f-T-3-all,f-S-0-all,f-S-1-all,f-S-2-all,f-S-3-all,mc-chi-0-all,mc-chi-1-all,mc-chi-2-all,mc-chi-3-all,mc-Z-0-all,mc-Z-1-all,mc-Z-2-all,mc-Z-3-all,mc-I-0-all,mc-I-1-all,mc-I-2-all,mc-I-3-all,mc-T-0-all,mc-T-1-all,mc-T-2-all,mc-T-3-all,mc-S-0-all,mc-S-1-all,mc-S-2-all,mc-S-3-all,D_mc-chi-0-all,D_mc-chi-1-all,D_mc-chi-2-all,D_mc-chi-3-all,D_mc-Z-0-all,D_mc-Z-1-all,D_mc-Z-2-all,D_mc-Z-3-all,D_mc-I-0-all,D_mc-I-1-all,D_mc-I-2-all,D_mc-I-3-all,D_mc-T-0-all,D_mc-T-1-all,D_mc-T-2-all,D_mc-T-3-all,D_mc-S-0-all,D_mc-S-1-all,D_mc-S-2-all,D_mc-S-3-all,name
301.1813000000001,730.7595999999999,1585.2000000000005,2283.0504,6286.0,13344.0,21570.0,32424.0,39.0,104.0,210.0,296.0,314.0,944.0,1866.0,2448.0,29.226700000000005,78.92399999999999,152.20979999999997,214.71359999999996,3.372019999999999,24.488319999999995,37.26048,51.788879999999985,763.2,1072.8,1346.4,2959.2,1.0,4.4,7.2,11.2,20.0,53.6,100.8,168.0,1.6133000000000002,4.44492,6.954480000000002,11.9868,0.0,-5.476,-7.728,-8.159999999999998,0.0,83.6,153.6,206.4,0.0,0.0,0.0,0.0,0.0,8.4,12.0,14.4,0.0,2.1120000000000005,3.7440000000000007,4.872000000000002,XALTIP_clean_primitive
301.1813000000001,730.7596000000002,1585.1999999999998,2283.0503999999996,6286.0,13344.0,21570.0,32424.0,39.0,104.0,210.0,296.0,314.0,944.0,1866.0,2448.0,29.2267,78.92399999999999,152.2098000000001,214.71359999999987,3.372019999999999,24.488319999999995,37.26048,51.788879999999985,763.2,1072.8,1346.4,2959.2,1.0,4.4,7.2,11.2,20.0,53.6,100.8,168.0,1.6133000000000002,4.44492,6.954480000000002,11.9868,0.0,-5.476,-7.728,-8.159999999999998,0.0,83.6,153.6,206.4,0.0,0.0,0.0,0.0,0.0,8.4,12.0,14.4,0.0,2.1120000000000005,3.7440000000000007,4.872000000000002,XALTIP_clean_primitive
