f-lig-chi-0,f-lig-chi-1,f-lig-chi-2,f-lig-chi-3,f-lig-Z-0,f-lig-Z-1,f-lig-Z-2,f-lig-Z-3,f-lig-I-0,f-lig-I-1,f-lig-I-2,f-lig-I-3,f-lig-T-0,f-lig-T-1,f-lig-T-2,f-lig-T-3,f-lig-S-0,f-lig-S-1,f-lig-S-2,f-lig-S-3,name
284.0152,605.8800000000003,933.8692,1178.6570000000002,1249.0,2736.0,3904.0,4544.0,43.0,92.0,142.0,184.0,234.0,584.0,846.0,974.0,19.75070000000001,46.785200000000025,68.7974,83.2036,CIVTEH_clean_primitive
284.0152,605.8800000000001,933.8692,1178.6569999999995,1249.0,2736.0,3904.0,4544.0,43.0,92.0,142.0,184.0,234.0,584.0,846.0,974.0,19.750700000000002,46.78520000000002,68.79740000000001,83.20360000000001,CIVTEH_clean_primitive
284.0152,605.8800000000001,933.8691999999999,1178.657,1249.0,2736.0,3904.0,4544.0,43.0,92.0,142.0,184.0,234.0,584.0,846.0,974.0,19.750700000000002,46.78520000000002,68.79740000000002,83.20360000000001,CIVTEH_clean_primitive
284.0152,605.8800000000003,933.8692,1178.6570000000002,1249.0,2736.0,3904.0,4544.0,43.0,92.0,142.0,184.0,234.0,584.0,846.0,974.0,19.750700000000002,46.78520000000002,68.79740000000002,83.2036,CIVTEH_clean_primitive
