f-lig-chi-0,f-lig-chi-1,f-lig-chi-2,f-lig-chi-3,f-lig-Z-0,f-lig-Z-1,f-lig-Z-2,f-lig-Z-3,f-lig-I-0,f-lig-I-1,f-lig-I-2,f-lig-I-3,f-lig-T-0,f-lig-T-1,f-lig-T-2,f-lig-T-3,f-lig-S-0,f-lig-S-1,f-lig-S-2,f-lig-S-3,name
556.1485000000001,1171.3680000000004,1895.6608000000015,2477.805999999999,2290.0,4968.0,7480.0,8968.0,85.0,180.0,292.0,392.0,472.0,1192.0,1782.0,2220.0,36.116499999999995,87.50280000000001,133.6932,170.6664,NIMPEG01_clean_primitive
556.1485000000001,1171.3680000000004,1895.660800000002,2477.8059999999996,2290.0,4968.0,7480.0,8968.0,85.0,180.0,292.0,392.0,472.0,1192.0,1782.0,2220.0,36.116499999999995,87.50280000000001,133.69319999999996,170.66639999999998,NIMPEG01_clean_primitive
