f-sbu-chi-0,f-sbu-chi-1,f-sbu-chi-2,f-sbu-chi-3,f-sbu-Z-0,f-sbu-Z-1,f-sbu-Z-2,f-sbu-Z-3,f-sbu-I-0,f-sbu-I-1,f-sbu-I-2,f-sbu-I-3,f-sbu-T-0,f-sbu-T-1,f-sbu-T-2,f-sbu-T-3,f-sbu-S-0,f-sbu-S-1,f-sbu-S-2,f-sbu-S-3,mc-chi-0,mc-chi-1,mc-chi-2,mc-chi-3,mc-Z-0,mc-Z-1,mc-Z-2,mc-Z-3,mc-I-0,mc-I-1,mc-I-2,mc-I-3,mc-T-0,mc-T-1,mc-T-2,mc-T-3,mc-S-0,mc-S-1,mc-S-2,mc-S-3,D_mc-chi-0,D_mc-chi-1,D_mc-chi-2,D_mc-chi-3,D_mc-Z-0,D_mc-Z-1,D_mc-Z-2,D_mc-Z-3,D_mc-I-0,D_mc-I-1,D_mc-I-2,D_mc-I-3,D_mc-T-0,D_mc-T-1,D_mc-T-2,D_mc-T-3,D_mc-S-0,D_mc-S-1,D_mc-S-2,D_mc-S-3,name
260.638,603.8584,1237.1875999999997,1479.5668,2636.0,6524.0,8178.0,9690.0,34.0,86.0,158.0,204.0,292.0,982.0,1258.0,1156.0,17.839200000000005,51.83260000000003,81.2282,97.0854,3.5343999999999993,32.336000000000006,24.891199999999998,59.42679999999998,729.0,1080.0,837.0,1998.0,1.0,5.0,5.0,11.0,25.0,50.0,80.0,175.0,1.5876000000000001,4.599,4.8258,10.470600000000003,0.0,-7.8,-3.84,-10.93,0.0,95.0,104.0,223.0,0.0,0.0,0.0,0.0,0.0,15.0,9.0,20.0,0.0,2.6500000000000004,2.4699999999999993,5.550000000000002,HACDOH
260.638,603.8584,1237.1876000000004,1479.5668000000007,2636.0,6524.0,8178.0,9690.0,34.0,86.0,158.0,204.0,292.0,982.0,1258.0,1156.0,17.8392,51.832600000000006,81.2282,97.08539999999999,3.5343999999999993,32.336000000000006,24.891199999999998,59.42679999999998,729.0,1080.0,837.0,1998.0,1.0,5.0,5.0,11.0,25.0,50.0,80.0,175.0,1.5876000000000001,4.599,4.8258,10.470600000000003,0.0,-7.8,-3.84,-10.93,0.0,95.0,104.0,223.0,0.0,0.0,0.0,0.0,0.0,15.0,9.0,20.0,0.0,2.6500000000000004,2.4699999999999993,5.550000000000002,HACDOH
260.638,603.8584,1237.1875999999997,1479.5668,2636.0,6524.0,8178.0,9690.0,34.0,86.0,158.0,204.0,292.0,982.0,1258.0,1156.0,17.839200000000005,51.83260000000003,81.2282,97.0854,3.5343999999999993,32.336000000000006,24.891199999999998,59.42679999999998,729.0,1080.0,837.0,1998.0,1.0,5.0,5.0,11.0,25.0,50.0,80.0,175.0,1.5876000000000001,4.599,4.8258,10.470600000000003,0.0,-7.8,-3.84,-10.93,0.0,95.0,104.0,223.0,0.0,0.0,0.0,0.0,0.0,15.0,9.0,20.0,0.0,2.6500000000000004,2.4699999999999993,5.550000000000002,HACDOH
