f-lig-chi-0,f-lig-chi-1,f-lig-chi-2,f-lig-chi-3,f-lig-Z-0,f-lig-Z-1,f-lig-Z-2,f-lig-Z-3,f-lig-I-0,f-lig-I-1,f-lig-I-2,f-lig-I-3,f-lig-T-0,f-lig-T-1,f-lig-T-2,f-lig-T-3,f-lig-S-0,f-lig-S-1,f-lig-S-2,f-lig-S-3,name
258.0655999999999,486.1584,761.2439999999998,930.3469999999999,1256.0,2370.0,3576.0,3872.0,33.0,68.0,104.0,132.0,172.0,420.0,588.0,644.0,16.2289,35.91520000000001,52.9596,62.002800000000015,VICYOX_clean_primitive
258.0655999999999,486.1584,761.2439999999998,930.3469999999998,1256.0,2370.0,3576.0,3872.0,33.0,68.0,104.0,132.0,172.0,420.0,588.0,644.0,16.2289,35.91520000000001,52.959599999999995,62.00280000000003,VICYOX_clean_primitive
