f-sbu-chi-0,f-sbu-chi-1,f-sbu-chi-2,f-sbu-chi-3,f-sbu-Z-0,f-sbu-Z-1,f-sbu-Z-2,f-sbu-Z-3,f-sbu-I-0,f-sbu-I-1,f-sbu-I-2,f-sbu-I-3,f-sbu-T-0,f-sbu-T-1,f-sbu-T-2,f-sbu-T-3,f-sbu-S-0,f-sbu-S-1,f-sbu-S-2,f-sbu-S-3,mc-chi-0,mc-chi-1,mc-chi-2,mc-chi-3,mc-Z-0,mc-Z-1,mc-Z-2,mc-Z-3,mc-I-0,mc-I-1,mc-I-2,mc-I-3,mc-T-0,mc-T-1,mc-T-2,mc-T-3,mc-S-0,mc-S-1,mc-S-2,mc-S-3,D_mc-chi-0,D_mc-chi-1,D_mc-chi-2,D_mc-chi-3,D_mc-Z-0,D_mc-Z-1,D_mc-Z-2,D_mc-Z-3,D_mc-I-0,D_mc-I-1,D_mc-I-2,D_mc-I-3,D_mc-T-0,D_mc-T-1,D_mc-T-2,D_mc-T-3,D_mc-S-0,D_mc-S-1,D_mc-S-2,D_mc-S-3,name
196.44319999999996,353.7099999999999,1321.8256000000003,1068.1399999999999,7554.0,15432.0,20186.0,15864.0,22.0,60.0,136.0,140.0,236.0,792.0,1058.0,968.0,16.850199999999997,55.6108,93.3064,95.57560000000001,1.2100000000000002,29.293,15.235,38.555,3249.0,3534.0,4959.0,4674.0,1.0,8.0,6.0,12.0,64.0,160.0,184.0,256.0,2.8560999999999996,9.9372,9.362599999999997,15.2776,0.0,-17.83,-7.249999999999998,-21.849999999999994,0.0,394.0,255.0,602.0,0.0,0.0,0.0,0.0,0.0,44.0,25.0,64.0,0.0,7.64,4.6,11.239999999999998,RUWXEN
