f-chi-0-all,f-chi-1-all,f-chi-2-all,f-chi-3-all,f-Z-0-all,f-Z-1-all,f-Z-2-all,f-Z-3-all,f-I-0-all,f-I-1-all,f-I-2-all,f-I-3-all,f-T-0-all,f-T-1-all,f-T-2-all,f-T-3-all,f-S-0-all,f-S-1-all,f-S-2-all,f-S-3-all,mc-chi-0-all,mc-chi-1-all,mc-chi-2-all,mc-chi-3-all,mc-Z-0-all,mc-Z-1-all,mc-Z-2-all,mc-Z-3-all,mc-I-0-all,mc-I-1-all,mc-I-2-all,mc-I-3-all,mc-T-0-all,mc-T-1-all,mc-T-2-all,mc-T-3-all,mc-S-0-all,mc-S-1-all,mc-S-2-all,mc-S-3-all,D_mc-chi-0-all,D_mc-chi-1-all,D_mc-chi-2-all,D_mc-chi-3-all,D_mc-Z-0-all,D_mc-Z-1-all,D_mc-Z-2-all,D_mc-Z-3-all,D_mc-I-0-all,D_mc-I-1-all,D_mc-I-2-all,D_mc-I-3-all,D_mc-T-0-all,D_mc-T-1-all,D_mc-T-2-all,D_mc-T-3-all,D_mc-S-0-all,D_mc-S-1-all,D_mc-S-2-all,D_mc-S-3-all,name
457.4211999999997,893.1616000000001,2461.7688,3182.5504000000005,16636.0,28864.0,54444.0,53824.0,52.0,124.0,260.0,412.0,384.0,1116.0,1956.0,2488.0,34.95580000000004,98.46239999999995,180.83800000000002,252.0252,3.1683999999999997,34.698133333333324,30.811799999999995,75.83393333333332,2401.0,2221.3333333333335,5978.0,4867.333333333333,1.0,5.666666666666667,7.666666666666667,13.333333333333334,32.333333333333336,76.0,138.33333333333334,181.66666666666666,2.0164000000000004,5.874066666666667,9.092733333333333,14.029599999999995,0.0,-9.406666666666665,-3.6633333333333327,-18.87,0.0,232.33333333333334,253.66666666666666,554.0,0.0,0.0,0.0,0.0,0.0,19.0,19.333333333333332,43.666666666666664,0.0,3.91,4.483333333333332,9.053333333333331,VASGUU_clean_primitive
457.4211999999997,893.1616000000001,2461.7688,3182.5504000000005,16636.0,28864.0,54444.0,53824.0,52.0,124.0,260.0,412.0,384.0,1116.0,1956.0,2488.0,34.95580000000004,98.46239999999995,180.83800000000002,252.0252,3.1683999999999997,34.698133333333324,30.811799999999995,75.83393333333332,2401.0,2221.3333333333335,5978.0,4867.333333333333,1.0,5.666666666666667,7.666666666666667,13.333333333333334,32.333333333333336,76.0,138.33333333333334,181.66666666666666,2.0164000000000004,5.874066666666667,9.092733333333333,14.029599999999995,0.0,-9.406666666666665,-3.6633333333333327,-18.87,0.0,232.33333333333334,253.66666666666666,554.0,0.0,0.0,0.0,0.0,0.0,19.0,19.333333333333332,43.666666666666664,0.0,3.91,4.483333333333332,9.053333333333331,VASGUU_clean_primitive
