f-link-chi-0,f-link-chi-1,f-link-chi-2,f-link-chi-3,f-link-Z-0,f-link-Z-1,f-link-Z-2,f-link-Z-3,f-link-I-0,f-link-I-1,f-link-I-2,f-link-I-3,f-link-T-0,f-link-T-1,f-link-T-2,f-link-T-3,f-link-S-0,f-link-S-1,f-link-S-2,f-link-S-3,name
240.75379999999996,467.772,759.8108,953.1389999999999,1166.0,2280.0,3584.0,4056.0,32.0,68.0,108.0,142.0,176.0,444.0,668.0,798.0,15.756800000000002,36.12840000000001,55.66840000000001,68.42220000000003,QUDJOP
140.7114,305.3072000000001,447.22400000000005,500.4330000000001,564.0,1274.0,1616.0,1464.0,22.0,46.0,68.0,78.0,114.0,272.0,352.0,322.0,9.2742,22.099800000000002,30.09400000000001,29.85180000000001,QUDJOP
140.7114,305.3072000000001,447.22399999999993,500.4330000000001,564.0,1274.0,1616.0,1464.0,22.0,46.0,68.0,78.0,114.0,272.0,352.0,322.0,9.2742,22.099800000000002,30.094000000000015,29.851800000000008,QUDJOP
240.75379999999996,467.77199999999993,759.8108,953.1389999999999,1166.0,2280.0,3584.0,4056.0,32.0,68.0,108.0,142.0,176.0,444.0,668.0,798.0,15.756800000000002,36.12840000000001,55.66840000000001,68.42220000000002,QUDJOP
