f-sbu-chi-0,f-sbu-chi-1,f-sbu-chi-2,f-sbu-chi-3,f-sbu-Z-0,f-sbu-Z-1,f-sbu-Z-2,f-sbu-Z-3,f-sbu-I-0,f-sbu-I-1,f-sbu-I-2,f-sbu-I-3,f-sbu-T-0,f-sbu-T-1,f-sbu-T-2,f-sbu-T-3,f-sbu-S-0,f-sbu-S-1,f-sbu-S-2,f-sbu-S-3,mc-chi-0,mc-chi-1,mc-chi-2,mc-chi-3,mc-Z-0,mc-Z-1,mc-Z-2,mc-Z-3,mc-I-0,mc-I-1,mc-I-2,mc-I-3,mc-T-0,mc-T-1,mc-T-2,mc-T-3,mc-S-0,mc-S-1,mc-S-2,mc-S-3,D_mc-chi-0,D_mc-chi-1,D_mc-chi-2,D_mc-chi-3,D_mc-Z-0,D_mc-Z-1,D_mc-Z-2,D_mc-Z-3,D_mc-I-0,D_mc-I-1,D_mc-I-2,D_mc-I-3,D_mc-T-0,D_mc-T-1,D_mc-T-2,D_mc-T-3,D_mc-S-0,D_mc-S-1,D_mc-S-2,D_mc-S-3,name
314.1722999999999,563.7059999999999,2200.2798000000003,2806.1094000000003,11439.0,22680.0,28944.0,49158.0,36.0,96.0,246.0,342.0,378.0,1248.0,1920.0,2544.0,27.05400000000001,87.37920000000001,169.97820000000002,231.07740000000007,1.2100000000000002,28.313999999999997,24.398,39.996,3249.0,3420.0,2964.0,11058.0,1.0,8.0,8.0,14.0,64.0,160.0,192.0,384.0,2.8560999999999996,10.004800000000001,10.275199999999998,21.0574,0.0,-16.939999999999998,-13.379999999999995,-20.959999999999997,0.0,396.0,404.0,604.0,0.0,0.0,0.0,0.0,0.0,44.0,40.0,64.0,0.0,7.6000000000000005,7.4399999999999995,11.200000000000001,RUYVEO
314.1722999999999,563.706,2200.2798,2806.1093999999994,11439.0,22680.0,28944.0,49158.0,36.0,96.0,246.0,342.0,378.0,1248.0,1920.0,2544.0,27.054000000000013,87.37920000000001,169.97819999999993,231.07740000000007,1.2100000000000002,28.313999999999997,24.398,39.996,3249.0,3420.0,2964.0,11058.0,1.0,8.0,8.0,14.0,64.0,160.0,192.0,384.0,2.8560999999999996,10.004800000000001,10.275199999999998,21.0574,0.0,-16.939999999999998,-13.379999999999995,-20.959999999999997,0.0,396.0,404.0,604.0,0.0,0.0,0.0,0.0,0.0,44.0,40.0,64.0,0.0,7.6000000000000005,7.4399999999999995,11.200000000000001,RUYVEO
314.1722999999999,563.7059999999999,2200.2797999999993,2806.1094,11439.0,22680.0,28944.0,49158.0,36.0,96.0,246.0,342.0,378.0,1248.0,1920.0,2544.0,27.054000000000013,87.3792,169.9782,231.0774000000001,1.2100000000000002,28.313999999999997,24.398,39.996,3249.0,3420.0,2964.0,11058.0,1.0,8.0,8.0,14.0,64.0,160.0,192.0,384.0,2.8560999999999996,10.004800000000001,10.275199999999998,21.0574,0.0,-16.939999999999998,-13.379999999999995,-20.959999999999997,0.0,396.0,404.0,604.0,0.0,0.0,0.0,0.0,0.0,44.0,40.0,64.0,0.0,7.6000000000000005,7.4399999999999995,11.200000000000001,RUYVEO
