f-lig-chi-0,f-lig-chi-1,f-lig-chi-2,f-lig-chi-3,f-lig-Z-0,f-lig-Z-1,f-lig-Z-2,f-lig-Z-3,f-lig-I-0,f-lig-I-1,f-lig-I-2,f-lig-I-3,f-lig-T-0,f-lig-T-1,f-lig-T-2,f-lig-T-3,f-lig-S-0,f-lig-S-1,f-lig-S-2,f-lig-S-3,name
230.4352,449.412,721.4745999999999,865.5810000000001,1033.0,2028.0,2986.0,3132.0,32.0,66.0,104.0,130.0,170.0,416.0,580.0,634.0,14.4488,33.0946,48.68800000000002,55.72820000000002,HEBJAB_clean_primitive
237.80640000000002,535.5000000000001,930.5059999999997,1160.8292000000004,792.0,1944.0,2660.0,2666.0,40.0,84.0,148.0,194.0,232.0,592.0,872.0,1002.0,14.4744,37.17560000000002,57.09240000000002,66.69540000000002,HEBJAB_clean_primitive
237.80640000000002,535.5,930.5059999999999,1160.8292,792.0,1944.0,2660.0,2666.0,40.0,84.0,148.0,194.0,232.0,592.0,872.0,1002.0,14.4744,37.17560000000002,57.092400000000026,66.69540000000002,HEBJAB_clean_primitive
230.4352,449.412,721.4745999999999,865.5810000000001,1033.0,2028.0,2986.0,3132.0,32.0,66.0,104.0,130.0,170.0,416.0,580.0,634.0,14.4488,33.09460000000001,48.68800000000002,55.728200000000015,HEBJAB_clean_primitive
