f-chi-0-all,f-chi-1-all,f-chi-2-all,f-chi-3-all,f-Z-0-all,f-Z-1-all,f-Z-2-all,f-Z-3-all,f-I-0-all,f-I-1-all,f-I-2-all,f-I-3-all,f-T-0-all,f-T-1-all,f-T-2-all,f-T-3-all,f-S-0-all,f-S-1-all,f-S-2-all,f-S-3-all,mc-chi-0-all,mc-chi-1-all,mc-chi-2-all,mc-chi-3-all,mc-Z-0-all,mc-Z-1-all,mc-Z-2-all,mc-Z-3-all,mc-I-0-all,mc-I-1-all,mc-I-2-all,mc-I-3-all,mc-T-0-all,mc-T-1-all,mc-T-2-all,mc-T-3-all,mc-S-0-all,mc-S-1-all,mc-S-2-all,mc-S-3-all,D_mc-chi-0-all,D_mc-chi-1-all,D_mc-chi-2-all,D_mc-chi-3-all,D_mc-Z-0-all,D_mc-Z-1-all,D_mc-Z-2-all,D_mc-Z-3-all,D_mc-I-0-all,D_mc-I-1-all,D_mc-I-2-all,D_mc-I-3-all,D_mc-T-0-all,D_mc-T-1-all,D_mc-T-2-all,D_mc-T-3-all,D_mc-S-0-all,D_mc-S-1-all,D_mc-S-2-all,D_mc-S-3-all,name
309.1268000000001,621.6191999999998,1095.3727999999999,1979.200800000001,4272.0,8176.0,15568.0,20640.0,36.0,80.0,144.0,232.0,224.0,624.0,1040.0,1280.0,24.25,57.0,105.0,150.5,3.3489000000000004,22.252800000000004,44.50560000000001,47.616600000000005,676.0,728.0,1456.0,2704.0,1.0,4.0,8.0,10.0,16.0,48.0,80.0,112.0,1.5625,3.75,7.5,10.725,0.0,-4.840000000000001,-9.680000000000001,-7.719999999999999,0.0,76.0,152.0,156.0,0.0,0.0,0.0,0.0,0.0,4.0,12.0,12.0,0.0,2.0,4.0,3.9200000000000013,MUWQEB_clean_primitive
309.1268000000001,621.6191999999998,1095.3727999999999,1979.200800000001,4272.0,8176.0,15568.0,20640.0,36.0,80.0,144.0,232.0,224.0,624.0,1040.0,1280.0,24.25,57.0,105.0,150.5,3.3489000000000004,22.252800000000004,44.50560000000001,47.616600000000005,676.0,728.0,1456.0,2704.0,1.0,4.0,8.0,10.0,16.0,48.0,80.0,112.0,1.5625,3.75,7.5,10.725,0.0,-4.840000000000001,-9.680000000000001,-7.719999999999999,0.0,76.0,152.0,156.0,0.0,0.0,0.0,0.0,0.0,4.0,12.0,12.0,0.0,2.0,4.0,3.9200000000000013,MUWQEB_clean_primitive
309.1268000000001,621.6191999999996,1095.3727999999992,1979.2008000000012,4272.0,8176.0,15568.0,20640.0,36.0,80.0,144.0,232.0,224.0,624.0,1040.0,1280.0,24.25,57.0,105.0,150.5,3.3489000000000004,22.252800000000004,44.50560000000001,47.616600000000005,676.0,728.0,1456.0,2704.0,1.0,4.0,8.0,10.0,16.0,48.0,80.0,112.0,1.5625,3.75,7.5,10.725,0.0,-4.840000000000001,-9.680000000000001,-7.719999999999999,0.0,76.0,152.0,156.0,0.0,0.0,0.0,0.0,0.0,4.0,12.0,12.0,0.0,2.0,4.0,3.9200000000000013,MUWQEB_clean_primitive
