f-lig-chi-0,f-lig-chi-1,f-lig-chi-2,f-lig-chi-3,f-lig-Z-0,f-lig-Z-1,f-lig-Z-2,f-lig-Z-3,f-lig-I-0,f-lig-I-1,f-lig-I-2,f-lig-I-3,f-lig-T-0,f-lig-T-1,f-lig-T-2,f-lig-T-3,f-lig-S-0,f-lig-S-1,f-lig-S-2,f-lig-S-3,name
173.0841,323.289,596.9856,871.1490000000001,717.0,1332.0,2082.0,2280.0,24.0,48.0,90.0,138.0,138.0,372.0,558.0,588.0,9.765599999999997,22.545600000000007,36.95940000000001,47.78340000000001,COWMIL_clean_primitive
173.08410000000003,323.28900000000004,596.9855999999999,871.1490000000001,717.0,1332.0,2082.0,2280.0,24.0,48.0,90.0,138.0,138.0,372.0,558.0,588.0,9.765599999999997,22.545600000000007,36.9594,47.783400000000015,COWMIL_clean_primitive
173.0841,323.289,596.9856,871.149,717.0,1332.0,2082.0,2280.0,24.0,48.0,90.0,138.0,138.0,372.0,558.0,588.0,9.7656,22.545600000000004,36.9594,47.7834,COWMIL_clean_primitive
173.08410000000003,323.28900000000004,596.9856,871.1489999999999,717.0,1332.0,2082.0,2280.0,24.0,48.0,90.0,138.0,138.0,372.0,558.0,588.0,9.7656,22.545600000000007,36.9594,47.7834,COWMIL_clean_primitive
