f-link-chi-0,f-link-chi-1,f-link-chi-2,f-link-chi-3,f-link-Z-0,f-link-Z-1,f-link-Z-2,f-link-Z-3,f-link-I-0,f-link-I-1,f-link-I-2,f-link-I-3,f-link-T-0,f-link-T-1,f-link-T-2,f-link-T-3,f-link-S-0,f-link-S-1,f-link-S-2,f-link-S-3,name
260.1061,583.0830000000001,946.2536000000002,1140.055,1093.0,2556.0,3860.0,3988.0,40.0,88.0,142.0,178.0,230.0,588.0,886.0,962.0,17.546400000000006,43.73600000000002,67.38220000000003,75.8602,KEBDIG
260.1061,583.0830000000001,946.2536000000002,1140.055,1093.0,2556.0,3860.0,3988.0,40.0,88.0,142.0,178.0,230.0,588.0,886.0,962.0,17.546400000000006,43.73600000000002,67.38220000000003,75.8602,KEBDIG
260.1061,583.0830000000001,946.2536000000001,1140.0549999999998,1093.0,2556.0,3860.0,3988.0,40.0,88.0,142.0,178.0,230.0,588.0,886.0,962.0,17.546400000000006,43.73600000000002,67.38220000000003,75.8602,KEBDIG
260.1061,583.0830000000002,946.2536000000001,1140.055,1093.0,2556.0,3860.0,3988.0,40.0,88.0,142.0,178.0,230.0,588.0,886.0,962.0,17.546400000000006,43.73600000000002,67.38220000000003,75.8602,KEBDIG
260.1061,583.0830000000002,946.2536000000001,1140.0549999999998,1093.0,2556.0,3860.0,3988.0,40.0,88.0,142.0,178.0,230.0,588.0,886.0,962.0,17.546400000000006,43.73600000000002,67.38220000000003,75.8602,KEBDIG
260.1061,583.0830000000002,946.2536000000001,1140.055,1093.0,2556.0,3860.0,3988.0,40.0,88.0,142.0,178.0,230.0,588.0,886.0,962.0,17.546400000000006,43.73600000000002,67.38220000000001,75.8602,KEBDIG
