f-sbu-chi-0,f-sbu-chi-1,f-sbu-chi-2,f-sbu-chi-3,f-sbu-Z-0,f-sbu-Z-1,f-sbu-Z-2,f-sbu-Z-3,f-sbu-I-0,f-sbu-I-1,f-sbu-I-2,f-sbu-I-3,f-sbu-T-0,f-sbu-T-1,f-sbu-T-2,f-sbu-T-3,f-sbu-S-0,f-sbu-S-1,f-sbu-S-2,f-sbu-S-3,mc-chi-0,mc-chi-1,mc-chi-2,mc-chi-3,mc-Z-0,mc-Z-1,mc-Z-2,mc-Z-3,mc-I-0,mc-I-1,mc-I-2,mc-I-3,mc-T-0,mc-T-1,mc-T-2,mc-T-3,mc-S-0,mc-S-1,mc-S-2,mc-S-3,D_mc-chi-0,D_mc-chi-1,D_mc-chi-2,D_mc-chi-3,D_mc-Z-0,D_mc-Z-1,D_mc-Z-2,D_mc-Z-3,D_mc-I-0,D_mc-I-1,D_mc-I-2,D_mc-I-3,D_mc-T-0,D_mc-T-1,D_mc-T-2,D_mc-T-3,D_mc-S-0,D_mc-S-1,D_mc-S-2,D_mc-S-3,name
366.8763999999998,602.6879999999999,1838.6784000000005,2286.911999999999,18868.0,27264.0,27936.0,36480.0,40.0,96.0,192.0,288.0,288.0,768.0,1152.0,1536.0,31.194000000000013,85.848,138.83039999999994,193.77120000000005,1.2100000000000002,22.704,16.830000000000002,39.534,4225.0,3120.0,2340.0,5460.0,1.0,6.0,6.0,12.0,36.0,72.0,108.0,180.0,2.8223999999999996,7.3584,7.7616,15.12,0.0,-14.04,-8.699999999999998,-22.739999999999995,0.0,342.0,354.0,696.0,0.0,0.0,0.0,0.0,0.0,24.0,18.0,42.0,0.0,5.7,5.46,11.159999999999998,FIJFEK
