f-link-chi-0,f-link-chi-1,f-link-chi-2,f-link-chi-3,f-link-Z-0,f-link-Z-1,f-link-Z-2,f-link-Z-3,f-link-I-0,f-link-I-1,f-link-I-2,f-link-I-3,f-link-T-0,f-link-T-1,f-link-T-2,f-link-T-3,f-link-S-0,f-link-S-1,f-link-S-2,f-link-S-3,name
195.7614,442.1700000000002,723.4724,803.113,714.0,1728.0,2360.0,1984.0,32.0,68.0,112.0,134.0,180.0,452.0,656.0,658.0,12.467200000000002,31.38520000000001,46.84880000000001,48.45260000000001,DULCIY
141.2519,260.406,455.33539999999994,577.6840000000001,518.0,936.0,1250.0,1024.0,21.0,40.0,72.0,96.0,112.0,280.0,342.0,312.0,7.650899999999998,17.309600000000003,25.322399999999995,27.0592,DULCIY
141.2519,260.40600000000006,455.33539999999994,577.6839999999999,518.0,936.0,1250.0,1024.0,21.0,40.0,72.0,96.0,112.0,280.0,342.0,312.0,7.650899999999998,17.309600000000003,25.3224,27.0592,DULCIY
195.7614,442.17000000000013,723.4724000000001,803.113,714.0,1728.0,2360.0,1984.0,32.0,68.0,112.0,134.0,180.0,452.0,656.0,658.0,12.467200000000005,31.38520000000001,46.848800000000004,48.45260000000002,DULCIY
