f-lig-chi-0,f-lig-chi-1,f-lig-chi-2,f-lig-chi-3,f-lig-Z-0,f-lig-Z-1,f-lig-Z-2,f-lig-Z-3,f-lig-I-0,f-lig-I-1,f-lig-I-2,f-lig-I-3,f-lig-T-0,f-lig-T-1,f-lig-T-2,f-lig-T-3,f-lig-S-0,f-lig-S-1,f-lig-S-2,f-lig-S-3,name
416.26409999999976,876.3840000000008,1460.5806000000005,1846.038000000001,1599.0,3492.0,5196.0,5988.0,66.0,138.0,234.0,300.0,372.0,930.0,1362.0,1728.0,26.45940000000002,64.81860000000003,99.34499999999998,123.61080000000004,WUDVEY_clean_primitive
416.26409999999976,876.3840000000008,1460.5806000000005,1846.0380000000005,1599.0,3492.0,5196.0,5988.0,66.0,138.0,234.0,300.0,372.0,930.0,1362.0,1728.0,26.45940000000002,64.81860000000003,99.34499999999998,123.61080000000003,WUDVEY_clean_primitive
416.2640999999999,876.3840000000009,1460.5806000000005,1846.038000000001,1599.0,3492.0,5196.0,5988.0,66.0,138.0,234.0,300.0,372.0,930.0,1362.0,1728.0,26.459400000000024,64.81860000000003,99.345,123.61080000000005,WUDVEY_clean_primitive
416.2640999999999,876.3840000000009,1460.5806000000005,1846.038000000001,1599.0,3492.0,5196.0,5988.0,66.0,138.0,234.0,300.0,372.0,930.0,1362.0,1728.0,26.459400000000024,64.81860000000003,99.34500000000001,123.61080000000005,WUDVEY_clean_primitive
416.2640999999996,876.3840000000008,1460.5806000000005,1846.0380000000014,1599.0,3492.0,5196.0,5988.0,66.0,138.0,234.0,300.0,372.0,930.0,1362.0,1728.0,26.459400000000027,64.81860000000003,99.345,123.61080000000005,WUDVEY_clean_primitive
416.2640999999996,876.3840000000008,1460.5806000000002,1846.0380000000016,1599.0,3492.0,5196.0,5988.0,66.0,138.0,234.0,300.0,372.0,930.0,1362.0,1728.0,26.459400000000027,64.81860000000003,99.345,123.61080000000005,WUDVEY_clean_primitive
416.2640999999996,876.3840000000007,1460.5806000000005,1846.038000000001,1599.0,3492.0,5196.0,5988.0,66.0,138.0,234.0,300.0,372.0,930.0,1362.0,1728.0,26.459400000000024,64.81860000000003,99.34500000000001,123.61080000000005,WUDVEY_clean_primitive
416.26409999999964,876.3840000000007,1460.5806000000005,1846.038000000001,1599.0,3492.0,5196.0,5988.0,66.0,138.0,234.0,300.0,372.0,930.0,1362.0,1728.0,26.459400000000024,64.81860000000003,99.34500000000001,123.61080000000005,WUDVEY_clean_primitive
