f-sbu-chi-0,f-sbu-chi-1,f-sbu-chi-2,f-sbu-chi-3,f-sbu-Z-0,f-sbu-Z-1,f-sbu-Z-2,f-sbu-Z-3,f-sbu-I-0,f-sbu-I-1,f-sbu-I-2,f-sbu-I-3,f-sbu-T-0,f-sbu-T-1,f-sbu-T-2,f-sbu-T-3,f-sbu-S-0,f-sbu-S-1,f-sbu-S-2,f-sbu-S-3,mc-chi-0,mc-chi-1,mc-chi-2,mc-chi-3,mc-Z-0,mc-Z-1,mc-Z-2,mc-Z-3,mc-I-0,mc-I-1,mc-I-2,mc-I-3,mc-T-0,mc-T-1,mc-T-2,mc-T-3,mc-S-0,mc-S-1,mc-S-2,mc-S-3,D_mc-chi-0,D_mc-chi-1,D_mc-chi-2,D_mc-chi-3,D_mc-Z-0,D_mc-Z-1,D_mc-Z-2,D_mc-Z-3,D_mc-I-0,D_mc-I-1,D_mc-I-2,D_mc-I-3,D_mc-T-0,D_mc-T-1,D_mc-T-2,D_mc-T-3,D_mc-S-0,D_mc-S-1,D_mc-S-2,D_mc-S-3,name
306.7328,672.6455999999998,1370.4872,2223.4344000000006,3224.0,7704.0,13832.0,14796.0,42.0,96.0,188.0,292.0,284.0,824.0,1472.0,1820.0,22.893800000000006,60.13600000000002,115.454,163.04760000000005,2.7224999999999997,30.756,52.337999999999994,69.86099999999999,900.0,1290.0,2100.0,2460.0,1.0,6.0,12.0,16.0,36.0,108.0,192.0,216.0,1.7161000000000002,5.8688,11.501800000000001,13.886,0.0,-8.740000000000002,-11.920000000000003,-15.940000000000007,0.0,137.0,290.0,398.0,0.0,0.0,0.0,0.0,0.0,18.0,40.0,60.0,0.0,3.3800000000000003,6.940000000000001,10.360000000000001,QARBUI
