f-lig-chi-0,f-lig-chi-1,f-lig-chi-2,f-lig-chi-3,f-lig-Z-0,f-lig-Z-1,f-lig-Z-2,f-lig-Z-3,f-lig-I-0,f-lig-I-1,f-lig-I-2,f-lig-I-3,f-lig-T-0,f-lig-T-1,f-lig-T-2,f-lig-T-3,f-lig-S-0,f-lig-S-1,f-lig-S-2,f-lig-S-3,name
403.96139999999986,818.9070000000008,1361.5296,1798.6020000000008,1956.0,4008.0,6480.0,7956.0,54.0,118.0,192.0,260.0,310.0,798.0,1232.0,1492.0,26.675800000000024,62.87820000000003,99.68800000000002,127.81560000000003,ANONAT_manual_primitive
403.96139999999986,818.9070000000008,1361.5296,1798.6020000000008,1956.0,4008.0,6480.0,7956.0,54.0,118.0,192.0,260.0,310.0,798.0,1232.0,1492.0,26.675800000000024,62.87820000000003,99.68800000000002,127.81560000000003,ANONAT_manual_primitive
