f-chi-0-all,f-chi-1-all,f-chi-2-all,f-chi-3-all,f-Z-0-all,f-Z-1-all,f-Z-2-all,f-Z-3-all,f-I-0-all,f-I-1-all,f-I-2-all,f-I-3-all,f-T-0-all,f-T-1-all,f-T-2-all,f-T-3-all,f-S-0-all,f-S-1-all,f-S-2-all,f-S-3-all,mc-chi-0-all,mc-chi-1-all,mc-chi-2-all,mc-chi-3-all,mc-Z-0-all,mc-Z-1-all,mc-Z-2-all,mc-Z-3-all,mc-I-0-all,mc-I-1-all,mc-I-2-all,mc-I-3-all,mc-T-0-all,mc-T-1-all,mc-T-2-all,mc-T-3-all,mc-S-0-all,mc-S-1-all,mc-S-2-all,mc-S-3-all,D_mc-chi-0-all,D_mc-chi-1-all,D_mc-chi-2-all,D_mc-chi-3-all,D_mc-Z-0-all,D_mc-Z-1-all,D_mc-Z-2-all,D_mc-Z-3-all,D_mc-I-0-all,D_mc-I-1-all,D_mc-I-2-all,D_mc-I-3-all,D_mc-T-0-all,D_mc-T-1-all,D_mc-T-2-all,D_mc-T-3-all,D_mc-S-0-all,D_mc-S-1-all,D_mc-S-2-all,D_mc-S-3-all,name
102.66530000000002,176.07680000000002,246.70319999999998,407.8464,1436.0,2408.0,4044.0,2184.0,13.0,24.0,36.0,48.0,60.0,144.0,180.0,144.0,8.587700000000002,16.98,27.299599999999998,27.360000000000003,2.7224999999999997,20.064,36.894,56.95799999999999,900.0,840.0,1560.0,2400.0,1.0,4.0,8.0,12.0,16.0,48.0,80.0,144.0,1.7161000000000002,3.93,7.9648,11.8948,0.0,-5.5600000000000005,-9.160000000000002,-14.720000000000004,0.0,92.0,188.0,280.0,0.0,0.0,0.0,0.0,0.0,4.0,12.0,12.0,0.0,2.24,4.4,6.640000000000002,SIVGIP_clean_primitive
102.66530000000002,176.07680000000002,246.70319999999998,407.8464,1436.0,2408.0,4044.0,2184.0,13.0,24.0,36.0,48.0,60.0,144.0,180.0,144.0,8.587700000000002,16.98,27.299599999999998,27.360000000000003,2.7224999999999997,20.064,36.894,56.95799999999999,900.0,840.0,1560.0,2400.0,1.0,4.0,8.0,12.0,16.0,48.0,80.0,144.0,1.7161000000000002,3.93,7.9648,11.8948,0.0,-5.5600000000000005,-9.160000000000002,-14.720000000000004,0.0,92.0,188.0,280.0,0.0,0.0,0.0,0.0,0.0,4.0,12.0,12.0,0.0,2.24,4.4,6.640000000000002,SIVGIP_clean_primitive
