f-lig-chi-0,f-lig-chi-1,f-lig-chi-2,f-lig-chi-3,f-lig-Z-0,f-lig-Z-1,f-lig-Z-2,f-lig-Z-3,f-lig-I-0,f-lig-I-1,f-lig-I-2,f-lig-I-3,f-lig-T-0,f-lig-T-1,f-lig-T-2,f-lig-T-3,f-lig-S-0,f-lig-S-1,f-lig-S-2,f-lig-S-3,name
122.22819999999999,268.821,406.906,466.2082000000001,466.0,1080.0,1420.0,1318.0,20.0,42.0,64.0,76.0,106.0,258.0,344.0,330.0,8.1492,19.8506,27.875200000000007,28.257200000000005,KUFVEO_clean_primitive
122.22820000000002,268.8210000000001,406.9060000000001,466.2081999999999,466.0,1080.0,1420.0,1318.0,20.0,42.0,64.0,76.0,106.0,258.0,344.0,330.0,8.1492,19.8506,27.875200000000007,28.257200000000005,KUFVEO_clean_primitive
227.7488,428.75699999999995,681.7807999999999,836.094,1094.0,2064.0,3152.0,3408.0,30.0,62.0,96.0,124.0,158.0,390.0,560.0,636.0,14.571000000000002,32.571000000000005,48.55360000000001,57.75000000000001,KUFVEO_clean_primitive
227.7488,428.7569999999999,681.7807999999999,836.0939999999998,1094.0,2064.0,3152.0,3408.0,30.0,62.0,96.0,124.0,158.0,390.0,560.0,636.0,14.571000000000002,32.571000000000005,48.55360000000002,57.750000000000014,KUFVEO_clean_primitive
227.7487999999999,428.75699999999995,681.7807999999999,836.0940000000003,1094.0,2064.0,3152.0,3408.0,30.0,62.0,96.0,124.0,158.0,390.0,560.0,636.0,14.571000000000003,32.57100000000001,48.5536,57.750000000000036,KUFVEO_clean_primitive
227.74879999999993,428.75699999999995,681.7808,836.0940000000002,1094.0,2064.0,3152.0,3408.0,30.0,62.0,96.0,124.0,158.0,390.0,560.0,636.0,14.571000000000003,32.57100000000001,48.553599999999996,57.750000000000036,KUFVEO_clean_primitive
