f-sbu-chi-0,f-sbu-chi-1,f-sbu-chi-2,f-sbu-chi-3,f-sbu-Z-0,f-sbu-Z-1,f-sbu-Z-2,f-sbu-Z-3,f-sbu-I-0,f-sbu-I-1,f-sbu-I-2,f-sbu-I-3,f-sbu-T-0,f-sbu-T-1,f-sbu-T-2,f-sbu-T-3,f-sbu-S-0,f-sbu-S-1,f-sbu-S-2,f-sbu-S-3,mc-chi-0,mc-chi-1,mc-chi-2,mc-chi-3,mc-Z-0,mc-Z-1,mc-Z-2,mc-Z-3,mc-I-0,mc-I-1,mc-I-2,mc-I-3,mc-T-0,mc-T-1,mc-T-2,mc-T-3,mc-S-0,mc-S-1,mc-S-2,mc-S-3,D_mc-chi-0,D_mc-chi-1,D_mc-chi-2,D_mc-chi-3,D_mc-Z-0,D_mc-Z-1,D_mc-Z-2,D_mc-Z-3,D_mc-I-0,D_mc-I-1,D_mc-I-2,D_mc-I-3,D_mc-T-0,D_mc-T-1,D_mc-T-2,D_mc-T-3,D_mc-S-0,D_mc-S-1,D_mc-S-2,D_mc-S-3,name
591.1236,1468.4671999999996,6149.7536,4367.424,68724.0,101248.0,318944.0,292224.0,57.0,184.0,560.0,552.0,888.0,3368.0,6704.0,9024.0,50.37239999999997,192.60319999999987,403.01839999999993,572.5535999999996,5.0797,46.3266,25.149550000000005,131.66549999999998,4317.25,3238.5,17386.25,9141.0,1.0,5.875,4.75,17.0,38.375,93.375,196.5,263.875,2.0747999999999993,6.238874999999998,8.7207,17.677499999999995,0.0,-6.432500000000001,-0.4275,-17.604999999999997,0.0,360.125,67.75,1039.0,0.0,0.0,0.0,0.0,0.0,24.0,-1.25,69.25,0.0,4.22875,0.8399999999999997,12.485,HOMREH
100.5132,220.27839999999998,321.99959999999993,292.2295999999999,2184.0,2956.0,4192.0,4232.0,13.0,30.0,44.0,40.0,74.0,178.0,244.0,212.0,10.0883,21.7848,32.8228,30.318,5.0797,46.3266,25.149550000000005,131.66549999999998,4317.25,3238.5,17386.25,9141.0,1.0,5.875,4.75,17.0,38.375,93.375,196.5,263.875,2.0747999999999993,6.238874999999998,8.7207,17.677499999999995,0.0,-6.432500000000001,-0.4275,-17.604999999999997,0.0,360.125,67.75,1039.0,0.0,0.0,0.0,0.0,0.0,24.0,-1.25,69.25,0.0,4.22875,0.8399999999999997,12.485,HOMREH
100.51320000000001,220.27839999999998,321.9996,292.22959999999995,2184.0,2956.0,4192.0,4232.0,13.0,30.0,44.0,40.0,74.0,178.0,244.0,212.0,10.0883,21.7848,32.8228,30.318000000000005,5.0797,46.3266,25.149550000000005,131.66549999999998,4317.25,3238.5,17386.25,9141.0,1.0,5.875,4.75,17.0,38.375,93.375,196.5,263.875,2.0747999999999993,6.238874999999998,8.7207,17.677499999999995,0.0,-6.432500000000001,-0.4275,-17.604999999999997,0.0,360.125,67.75,1039.0,0.0,0.0,0.0,0.0,0.0,24.0,-1.25,69.25,0.0,4.22875,0.8399999999999997,12.485,HOMREH
