f-lig-chi-0,f-lig-chi-1,f-lig-chi-2,f-lig-chi-3,f-lig-Z-0,f-lig-Z-1,f-lig-Z-2,f-lig-Z-3,f-lig-I-0,f-lig-I-1,f-lig-I-2,f-lig-I-3,f-lig-T-0,f-lig-T-1,f-lig-T-2,f-lig-T-3,f-lig-S-0,f-lig-S-1,f-lig-S-2,f-lig-S-3,name
72.9477,145.452,212.188,220.306,297.0,600.0,748.0,556.0,11.0,22.0,32.0,34.0,54.0,126.0,152.0,112.0,4.6075,10.456599999999998,13.830400000000001,11.931799999999999,UXUYUI_clean_primitive
72.9477,145.452,212.188,220.306,297.0,600.0,748.0,556.0,11.0,22.0,32.0,34.0,54.0,126.0,152.0,112.0,4.6075,10.456599999999998,13.830400000000001,11.931799999999999,UXUYUI_clean_primitive
72.9477,145.452,212.188,220.30600000000004,297.0,600.0,748.0,556.0,11.0,22.0,32.0,34.0,54.0,126.0,152.0,112.0,4.607499999999999,10.456599999999998,13.8304,11.931799999999999,UXUYUI_clean_primitive
72.9477,145.452,212.188,220.30600000000004,297.0,600.0,748.0,556.0,11.0,22.0,32.0,34.0,54.0,126.0,152.0,112.0,4.607499999999999,10.456599999999998,13.8304,11.931799999999999,UXUYUI_clean_primitive
72.9477,145.45199999999997,212.18800000000002,220.30600000000007,297.0,600.0,748.0,556.0,11.0,22.0,32.0,34.0,54.0,126.0,152.0,112.0,4.6075,10.4566,13.830400000000001,11.931799999999999,UXUYUI_clean_primitive
72.9477,145.45199999999997,212.18800000000002,220.30600000000007,297.0,600.0,748.0,556.0,11.0,22.0,32.0,34.0,54.0,126.0,152.0,112.0,4.6075,10.4566,13.830400000000001,11.931799999999999,UXUYUI_clean_primitive
72.9477,145.45200000000003,212.188,220.30599999999998,297.0,600.0,748.0,556.0,11.0,22.0,32.0,34.0,54.0,126.0,152.0,112.0,4.6075,10.456599999999998,13.8304,11.931799999999999,UXUYUI_clean_primitive
72.9477,145.45200000000003,212.188,220.30599999999998,297.0,600.0,748.0,556.0,11.0,22.0,32.0,34.0,54.0,126.0,152.0,112.0,4.6075,10.456599999999998,13.8304,11.931799999999999,UXUYUI_clean_primitive
