f-sbu-chi-0,f-sbu-chi-1,f-sbu-chi-2,f-sbu-chi-3,f-sbu-Z-0,f-sbu-Z-1,f-sbu-Z-2,f-sbu-Z-3,f-sbu-I-0,f-sbu-I-1,f-sbu-I-2,f-sbu-I-3,f-sbu-T-0,f-sbu-T-1,f-sbu-T-2,f-sbu-T-3,f-sbu-S-0,f-sbu-S-1,f-sbu-S-2,f-sbu-S-3,mc-chi-0,mc-chi-1,mc-chi-2,mc-chi-3,mc-Z-0,mc-Z-1,mc-Z-2,mc-Z-3,mc-I-0,mc-I-1,mc-I-2,mc-I-3,mc-T-0,mc-T-1,mc-T-2,mc-T-3,mc-S-0,mc-S-1,mc-S-2,mc-S-3,D_mc-chi-0,D_mc-chi-1,D_mc-chi-2,D_mc-chi-3,D_mc-Z-0,D_mc-Z-1,D_mc-Z-2,D_mc-Z-3,D_mc-I-0,D_mc-I-1,D_mc-I-2,D_mc-I-3,D_mc-T-0,D_mc-T-1,D_mc-T-2,D_mc-T-3,D_mc-S-0,D_mc-S-1,D_mc-S-2,D_mc-S-3,name
1340.7360000000024,2626.4640000000004,6733.5584000000035,7298.118399999997,59168.0,82272.0,99200.0,116480.0,160.0,416.0,800.0,960.0,1216.0,3296.0,5568.0,6336.0,126.74879999999989,345.328,584.2336,674.9119999999996,1.2100000000000004,18.48,16.830000000000005,26.355999999999998,3249.0,2223.0,2052.0,3192.0,1.0,5.0,6.0,8.0,25.0,55.0,90.0,100.0,2.8560999999999988,6.202299999999998,7.807799999999999,10.139999999999997,0.0,-11.300000000000002,-8.7,-15.159999999999997,0.0,246.0,306.0,400.0,0.0,0.0,0.0,0.0,0.0,14.0,12.0,20.0,0.0,4.78,5.519999999999998,7.519999999999997,FORPIM
