f-chi-0-all,f-chi-1-all,f-chi-2-all,f-chi-3-all,f-Z-0-all,f-Z-1-all,f-Z-2-all,f-Z-3-all,f-I-0-all,f-I-1-all,f-I-2-all,f-I-3-all,f-T-0-all,f-T-1-all,f-T-2-all,f-T-3-all,f-S-0-all,f-S-1-all,f-S-2-all,f-S-3-all,mc-chi-0-all,mc-chi-1-all,mc-chi-2-all,mc-chi-3-all,mc-Z-0-all,mc-Z-1-all,mc-Z-2-all,mc-Z-3-all,mc-I-0-all,mc-I-1-all,mc-I-2-all,mc-I-3-all,mc-T-0-all,mc-T-1-all,mc-T-2-all,mc-T-3-all,mc-S-0-all,mc-S-1-all,mc-S-2-all,mc-S-3-all,D_mc-chi-0-all,D_mc-chi-1-all,D_mc-chi-2-all,D_mc-chi-3-all,D_mc-Z-0-all,D_mc-Z-1-all,D_mc-Z-2-all,D_mc-Z-3-all,D_mc-I-0-all,D_mc-I-1-all,D_mc-I-2-all,D_mc-I-3-all,D_mc-T-0-all,D_mc-T-1-all,D_mc-T-2-all,D_mc-T-3-all,D_mc-S-0-all,D_mc-S-1-all,D_mc-S-2-all,D_mc-S-3-all,name
255.4951999999999,504.30399999999963,1234.5999999999997,1342.8383999999996,4228.0,9984.0,17586.0,20352.0,28.0,68.0,128.0,172.0,200.0,564.0,960.0,1160.0,19.620000000000008,52.53080000000004,91.00259999999997,122.43560000000008,3.534399999999999,32.336000000000006,25.614999999999995,78.2174,729.0,1080.0,2389.5,2619.0,1.0,5.0,6.0,13.0,25.0,57.5,115.0,147.5,1.5876000000000001,4.599,7.364700000000001,12.133800000000003,0.0,-7.799999999999999,-2.3449999999999998,-17.165,0.0,95.0,73.5,254.0,0.0,0.0,0.0,0.0,0.0,13.5,7.0,35.5,0.0,2.6500000000000004,1.7150000000000003,6.750000000000003,GEGGEG01_clean_primitive
255.4951999999999,504.30399999999963,1234.5999999999997,1342.8383999999996,4228.0,9984.0,17586.0,20352.0,28.0,68.0,128.0,172.0,200.0,564.0,960.0,1160.0,19.620000000000008,52.53080000000004,91.00259999999997,122.43560000000008,3.534399999999999,32.336000000000006,25.614999999999995,78.2174,729.0,1080.0,2389.5,2619.0,1.0,5.0,6.0,13.0,25.0,57.5,115.0,147.5,1.5876000000000001,4.599,7.364700000000001,12.133800000000003,0.0,-7.799999999999999,-2.3449999999999998,-17.165,0.0,95.0,73.5,254.0,0.0,0.0,0.0,0.0,0.0,13.5,7.0,35.5,0.0,2.6500000000000004,1.7150000000000003,6.750000000000003,GEGGEG01_clean_primitive
