f-sbu-chi-0,f-sbu-chi-1,f-sbu-chi-2,f-sbu-chi-3,f-sbu-Z-0,f-sbu-Z-1,f-sbu-Z-2,f-sbu-Z-3,f-sbu-I-0,f-sbu-I-1,f-sbu-I-2,f-sbu-I-3,f-sbu-T-0,f-sbu-T-1,f-sbu-T-2,f-sbu-T-3,f-sbu-S-0,f-sbu-S-1,f-sbu-S-2,f-sbu-S-3,mc-chi-0,mc-chi-1,mc-chi-2,mc-chi-3,mc-Z-0,mc-Z-1,mc-Z-2,mc-Z-3,mc-I-0,mc-I-1,mc-I-2,mc-I-3,mc-T-0,mc-T-1,mc-T-2,mc-T-3,mc-S-0,mc-S-1,mc-S-2,mc-S-3,D_mc-chi-0,D_mc-chi-1,D_mc-chi-2,D_mc-chi-3,D_mc-Z-0,D_mc-Z-1,D_mc-Z-2,D_mc-Z-3,D_mc-I-0,D_mc-I-1,D_mc-I-2,D_mc-I-3,D_mc-T-0,D_mc-T-1,D_mc-T-2,D_mc-T-3,D_mc-S-0,D_mc-S-1,D_mc-S-2,D_mc-S-3,name
1575.5220000000031,3085.3559999999998,7873.685600000008,9321.324000000002,46956.0,80328.0,91280.0,104256.0,188.0,456.0,896.0,1176.0,1408.0,3992.0,6040.0,6944.0,132.84039999999982,359.2855999999997,609.2776000000009,756.8999999999995,2.4871999999999996,28.376999999999995,26.392500000000002,44.73899999999999,2412.5,2138.25,1663.5,3140.75,1.0,5.75,6.5,10.5,34.25,78.5,111.75,144.25,2.22185,6.357425000000001,7.216825,11.14615,0.0,-10.4575,-6.225,-13.675,0.0,231.25,238.25,422.75,0.0,0.0,0.0,0.0,0.0,21.0,17.75,37.0,0.0,4.409999999999999,4.3675,8.16,RARYOZ
