f-chi-0-all,f-chi-1-all,f-chi-2-all,f-chi-3-all,f-Z-0-all,f-Z-1-all,f-Z-2-all,f-Z-3-all,f-I-0-all,f-I-1-all,f-I-2-all,f-I-3-all,f-T-0-all,f-T-1-all,f-T-2-all,f-T-3-all,f-S-0-all,f-S-1-all,f-S-2-all,f-S-3-all,mc-chi-0-all,mc-chi-1-all,mc-chi-2-all,mc-chi-3-all,mc-Z-0-all,mc-Z-1-all,mc-Z-2-all,mc-Z-3-all,mc-I-0-all,mc-I-1-all,mc-I-2-all,mc-I-3-all,mc-T-0-all,mc-T-1-all,mc-T-2-all,mc-T-3-all,mc-S-0-all,mc-S-1-all,mc-S-2-all,mc-S-3-all,D_mc-chi-0-all,D_mc-chi-1-all,D_mc-chi-2-all,D_mc-chi-3-all,D_mc-Z-0-all,D_mc-Z-1-all,D_mc-Z-2-all,D_mc-Z-3-all,D_mc-I-0-all,D_mc-I-1-all,D_mc-I-2-all,D_mc-I-3-all,D_mc-T-0-all,D_mc-T-1-all,D_mc-T-2-all,D_mc-T-3-all,D_mc-S-0-all,D_mc-S-1-all,D_mc-S-2-all,D_mc-S-3-all,name
285.88959999999986,514.8359999999997,1650.2279999999996,2376.7559999999994,9478.0,17736.0,23364.0,20688.0,34.0,80.0,184.0,288.0,264.0,776.0,1268.0,1320.0,23.776000000000018,66.98719999999999,130.3712,173.6224000000001,1.44,32.064,30.59999999999999,54.528000000000006,3969.0,3906.0,3780.0,6174.0,1.0,8.0,10.0,16.0,64.0,144.0,240.0,288.0,2.8223999999999996,9.8784,12.935999999999998,18.9504,0.0,-17.12,-13.499999999999998,-26.24000000000001,0.0,442.0,570.0,910.0,0.0,0.0,0.0,0.0,0.0,46.0,50.0,92.0,0.0,7.56,9.1,15.599999999999998,GUXSEY_clean_primitive
285.88959999999986,514.8359999999997,1650.2279999999996,2376.7559999999994,9478.0,17736.0,23364.0,20688.0,34.0,80.0,184.0,288.0,264.0,776.0,1268.0,1320.0,23.776000000000018,66.98719999999999,130.3712,173.6224000000001,1.44,32.064,30.59999999999999,54.528000000000006,3969.0,3906.0,3780.0,6174.0,1.0,8.0,10.0,16.0,64.0,144.0,240.0,288.0,2.8223999999999996,9.8784,12.935999999999998,18.9504,0.0,-17.12,-13.499999999999998,-26.24000000000001,0.0,442.0,570.0,910.0,0.0,0.0,0.0,0.0,0.0,46.0,50.0,92.0,0.0,7.56,9.1,15.599999999999998,GUXSEY_clean_primitive
