f-lig-chi-0,f-lig-chi-1,f-lig-chi-2,f-lig-chi-3,f-lig-Z-0,f-lig-Z-1,f-lig-Z-2,f-lig-Z-3,f-lig-I-0,f-lig-I-1,f-lig-I-2,f-lig-I-3,f-lig-T-0,f-lig-T-1,f-lig-T-2,f-lig-T-3,f-lig-S-0,f-lig-S-1,f-lig-S-2,f-lig-S-3,name
233.3635,484.70400000000006,763.8104000000001,945.1940000000001,1000.0,2124.0,3092.0,3308.0,35.0,74.0,116.0,150.0,190.0,474.0,684.0,764.0,15.465100000000001,36.79060000000001,54.64680000000001,63.75780000000002,NOMQAJ01_clean_primitive
233.3635,484.70400000000006,763.8104000000001,945.1940000000001,1000.0,2124.0,3092.0,3308.0,35.0,74.0,116.0,150.0,190.0,474.0,684.0,764.0,15.465100000000001,36.79060000000001,54.64680000000001,63.75780000000002,NOMQAJ01_clean_primitive
233.3635,484.704,763.8103999999997,945.1940000000001,1000.0,2124.0,3092.0,3308.0,35.0,74.0,116.0,150.0,190.0,474.0,684.0,764.0,15.465100000000001,36.790600000000005,54.64680000000003,63.75780000000003,NOMQAJ01_clean_primitive
233.3635,484.704,763.8103999999997,945.1940000000001,1000.0,2124.0,3092.0,3308.0,35.0,74.0,116.0,150.0,190.0,474.0,684.0,764.0,15.465100000000001,36.790600000000005,54.64680000000003,63.757800000000024,NOMQAJ01_clean_primitive
