f-chi-0-all,f-chi-1-all,f-chi-2-all,f-chi-3-all,f-Z-0-all,f-Z-1-all,f-Z-2-all,f-Z-3-all,f-I-0-all,f-I-1-all,f-I-2-all,f-I-3-all,f-T-0-all,f-T-1-all,f-T-2-all,f-T-3-all,f-S-0-all,f-S-1-all,f-S-2-all,f-S-3-all,mc-chi-0-all,mc-chi-1-all,mc-chi-2-all,mc-chi-3-all,mc-Z-0-all,mc-Z-1-all,mc-Z-2-all,mc-Z-3-all,mc-I-0-all,mc-I-1-all,mc-I-2-all,mc-I-3-all,mc-T-0-all,mc-T-1-all,mc-T-2-all,mc-T-3-all,mc-S-0-all,mc-S-1-all,mc-S-2-all,mc-S-3-all,D_mc-chi-0-all,D_mc-chi-1-all,D_mc-chi-2-all,D_mc-chi-3-all,D_mc-Z-0-all,D_mc-Z-1-all,D_mc-Z-2-all,D_mc-Z-3-all,D_mc-I-0-all,D_mc-I-1-all,D_mc-I-2-all,D_mc-I-3-all,D_mc-T-0-all,D_mc-T-1-all,D_mc-T-2-all,D_mc-T-3-all,D_mc-S-0-all,D_mc-S-1-all,D_mc-S-2-all,D_mc-S-3-all,name
229.11479999999992,454.90559999999994,1172.0131999999999,1588.3167999999998,10400.0,15168.0,34176.0,32640.0,26.0,64.0,128.0,204.0,192.0,548.0,932.0,1224.0,20.965400000000006,54.6332,103.31240000000001,149.91280000000003,2.856099999999999,26.161199999999997,25.104950000000002,74.62195000000001,2304.0,1728.0,5904.0,4944.0,1.0,4.5,6.5,14.0,22.5,54.0,103.5,153.0,2.1904,4.8618,9.508999999999999,15.392000000000001,0.0,-7.875,-3.869999999999998,-20.495,0.0,180.0,189.0,569.0,0.0,0.0,0.0,0.0,0.0,11.5,9.0,29.5,0.0,3.375,3.195,10.320000000000002,OQEPUW_clean_primitive
229.11479999999992,454.90559999999994,1172.0132,1588.3167999999998,10400.0,15168.0,34176.0,32640.0,26.0,64.0,128.0,204.0,192.0,548.0,932.0,1224.0,20.965400000000006,54.63320000000001,103.31240000000003,149.9128,2.856099999999999,26.161199999999997,25.104950000000002,74.62195000000001,2304.0,1728.0,5904.0,4944.0,1.0,4.5,6.5,14.0,22.5,54.0,103.5,153.0,2.1904,4.8618,9.508999999999999,15.392000000000001,0.0,-7.875,-3.869999999999998,-20.495,0.0,180.0,189.0,569.0,0.0,0.0,0.0,0.0,0.0,11.5,9.0,29.5,0.0,3.375,3.195,10.320000000000002,OQEPUW_clean_primitive
229.11479999999995,454.90559999999994,1172.0132,1588.3167999999996,10400.0,15168.0,34176.0,32640.0,26.0,64.0,128.0,204.0,192.0,548.0,932.0,1224.0,20.965400000000006,54.6332,103.31240000000003,149.91279999999998,2.856099999999999,26.161199999999997,25.104950000000002,74.62195000000001,2304.0,1728.0,5904.0,4944.0,1.0,4.5,6.5,14.0,22.5,54.0,103.5,153.0,2.1904,4.8618,9.508999999999999,15.392000000000001,0.0,-7.875,-3.869999999999998,-20.495,0.0,180.0,189.0,569.0,0.0,0.0,0.0,0.0,0.0,11.5,9.0,29.5,0.0,3.375,3.195,10.320000000000002,OQEPUW_clean_primitive
