f-link-chi-0,f-link-chi-1,f-link-chi-2,f-link-chi-3,f-link-Z-0,f-link-Z-1,f-link-Z-2,f-link-Z-3,f-link-I-0,f-link-I-1,f-link-I-2,f-link-I-3,f-link-T-0,f-link-T-1,f-link-T-2,f-link-T-3,f-link-S-0,f-link-S-1,f-link-S-2,f-link-S-3,name
164.2842,327.256,495.3676,541.6377999999999,768.0,1528.0,2242.0,2224.0,22.0,46.0,68.0,76.0,114.0,274.0,370.0,364.0,10.432599999999999,23.7326,33.95,34.96,RUVMAX
159.44420000000002,312.12000000000006,484.1476,515.2818,767.0,1512.0,2230.0,2196.0,21.0,44.0,66.0,72.0,110.0,264.0,356.0,346.0,10.295700000000002,23.192400000000003,33.380199999999995,33.85,RUVMAX
164.28419999999997,327.256,495.3676,541.6378,768.0,1528.0,2242.0,2224.0,22.0,46.0,68.0,76.0,114.0,274.0,370.0,364.0,10.4326,23.7326,33.95,34.96000000000001,RUVMAX
159.4442,312.12,484.1475999999999,515.2818,767.0,1512.0,2230.0,2196.0,21.0,44.0,66.0,72.0,110.0,264.0,356.0,346.0,10.2957,23.192400000000003,33.3802,33.85,RUVMAX
164.2842,327.2559999999999,495.3676,541.6378,768.0,1528.0,2242.0,2224.0,22.0,46.0,68.0,76.0,114.0,274.0,370.0,364.0,10.4326,23.7326,33.95,34.96,RUVMAX
164.2842,327.256,495.3675999999999,541.6378,768.0,1528.0,2242.0,2224.0,22.0,46.0,68.0,76.0,114.0,274.0,370.0,364.0,10.432600000000003,23.732600000000005,33.95,34.96000000000001,RUVMAX
