f-sbu-chi-0,f-sbu-chi-1,f-sbu-chi-2,f-sbu-chi-3,f-sbu-Z-0,f-sbu-Z-1,f-sbu-Z-2,f-sbu-Z-3,f-sbu-I-0,f-sbu-I-1,f-sbu-I-2,f-sbu-I-3,f-sbu-T-0,f-sbu-T-1,f-sbu-T-2,f-sbu-T-3,f-sbu-S-0,f-sbu-S-1,f-sbu-S-2,f-sbu-S-3,mc-chi-0,mc-chi-1,mc-chi-2,mc-chi-3,mc-Z-0,mc-Z-1,mc-Z-2,mc-Z-3,mc-I-0,mc-I-1,mc-I-2,mc-I-3,mc-T-0,mc-T-1,mc-T-2,mc-T-3,mc-S-0,mc-S-1,mc-S-2,mc-S-3,D_mc-chi-0,D_mc-chi-1,D_mc-chi-2,D_mc-chi-3,D_mc-Z-0,D_mc-Z-1,D_mc-Z-2,D_mc-Z-3,D_mc-I-0,D_mc-I-1,D_mc-I-2,D_mc-I-3,D_mc-T-0,D_mc-T-1,D_mc-T-2,D_mc-T-3,D_mc-S-0,D_mc-S-1,D_mc-S-2,D_mc-S-3,name
225.55159999999998,492.17699999999996,841.4317999999998,1033.4759999999999,3881.0,6804.0,10832.0,9696.0,31.0,72.0,120.0,140.0,192.0,502.0,786.0,808.0,21.355900000000005,50.477600000000024,86.016,90.51480000000004,2.7224999999999997,18.831999999999997,28.049999999999997,51.931000000000004,900.0,790.0,1200.0,1960.0,1.0,3.6666666666666665,6.666666666666667,12.0,14.333333333333334,39.666666666666664,76.0,110.66666666666667,1.7161000000000002,3.5850333333333335,6.724666666666668,10.969066666666668,0.0,-5.363333333333334,-6.0,-11.673333333333334,0.0,83.66666666666667,160.0,294.6666666666667,0.0,0.0,0.0,0.0,0.0,4.0,5.333333333333333,13.333333333333334,0.0,2.066666666666667,3.6,7.346666666666668,RUVMAX
225.5516,492.177,841.4318000000002,1033.476,3881.0,6804.0,10832.0,9696.0,31.0,72.0,120.0,140.0,192.0,502.0,786.0,808.0,21.355900000000002,50.47760000000001,86.016,90.51480000000002,2.7224999999999997,18.831999999999997,28.049999999999997,51.931000000000004,900.0,790.0,1200.0,1960.0,1.0,3.6666666666666665,6.666666666666667,12.0,14.333333333333334,39.666666666666664,76.0,110.66666666666667,1.7161000000000002,3.5850333333333335,6.724666666666668,10.969066666666668,0.0,-5.363333333333334,-6.0,-11.673333333333334,0.0,83.66666666666667,160.0,294.6666666666667,0.0,0.0,0.0,0.0,0.0,4.0,5.333333333333333,13.333333333333334,0.0,2.066666666666667,3.6,7.346666666666668,RUVMAX
