f-lig-chi-0,f-lig-chi-1,f-lig-chi-2,f-lig-chi-3,f-lig-Z-0,f-lig-Z-1,f-lig-Z-2,f-lig-Z-3,f-lig-I-0,f-lig-I-1,f-lig-I-2,f-lig-I-3,f-lig-T-0,f-lig-T-1,f-lig-T-2,f-lig-T-3,f-lig-S-0,f-lig-S-1,f-lig-S-2,f-lig-S-3,name
62.390499999999996,128.71359999999999,155.54399999999998,90.47040000000003,283.0,574.0,684.0,252.0,8.0,16.0,20.0,12.0,36.0,78.0,86.0,40.0,3.6792,7.949999999999999,9.348400000000002,4.47,CIZLEE_clean_primitive
169.37379999999996,292.8419999999999,461.9707999999998,539.5289999999999,874.0,1512.0,2336.0,2568.0,20.0,40.0,60.0,74.0,100.0,240.0,332.0,378.0,10.466,21.99120000000001,32.13719999999999,37.96100000000001,CIZLEE_clean_primitive
169.37379999999996,292.84199999999987,461.9707999999998,539.5289999999999,874.0,1512.0,2336.0,2568.0,20.0,40.0,60.0,74.0,100.0,240.0,332.0,378.0,10.466,21.991200000000006,32.13719999999999,37.96100000000001,CIZLEE_clean_primitive
62.3905,128.7136,155.54399999999998,90.47040000000001,283.0,574.0,684.0,252.0,8.0,16.0,20.0,12.0,36.0,78.0,86.0,40.0,3.6792,7.950000000000001,9.348400000000002,4.47,CIZLEE_clean_primitive
