f-lig-chi-0,f-lig-chi-1,f-lig-chi-2,f-lig-chi-3,f-lig-Z-0,f-lig-Z-1,f-lig-Z-2,f-lig-Z-3,f-lig-I-0,f-lig-I-1,f-lig-I-2,f-lig-I-3,f-lig-T-0,f-lig-T-1,f-lig-T-2,f-lig-T-3,f-lig-S-0,f-lig-S-1,f-lig-S-2,f-lig-S-3,name
329.301,685.4142000000002,1109.1132,1289.0921999999998,1485.0,3144.0,4626.0,4344.0,45.0,96.0,156.0,186.0,252.0,630.0,882.0,900.0,20.5749,48.51480000000002,73.28040000000003,79.07939999999999,NISBEX_clean_primitive
329.301,685.4142,1109.1132,1289.0922000000003,1485.0,3144.0,4626.0,4344.0,45.0,96.0,156.0,186.0,252.0,630.0,882.0,900.0,20.574900000000003,48.51480000000002,73.28040000000001,79.07940000000002,NISBEX_clean_primitive
329.30099999999993,685.4142000000003,1109.1131999999998,1289.0921999999998,1485.0,3144.0,4626.0,4344.0,45.0,96.0,156.0,186.0,252.0,630.0,882.0,900.0,20.5749,48.51480000000003,73.28040000000003,79.07939999999999,NISBEX_clean_primitive
329.301,685.4142,1109.1132,1289.0922000000005,1485.0,3144.0,4626.0,4344.0,45.0,96.0,156.0,186.0,252.0,630.0,882.0,900.0,20.5749,48.51480000000002,73.28040000000003,79.07940000000002,NISBEX_clean_primitive
