f-link-chi-0,f-link-chi-1,f-link-chi-2,f-link-chi-3,f-link-Z-0,f-link-Z-1,f-link-Z-2,f-link-Z-3,f-link-I-0,f-link-I-1,f-link-I-2,f-link-I-3,f-link-T-0,f-link-T-1,f-link-T-2,f-link-T-3,f-link-S-0,f-link-S-1,f-link-S-2,f-link-S-3,name
95.34140000000001,208.8874,300.446,257.3,416.0,940.0,1208.0,776.0,14.0,30.0,44.0,40.0,74.0,178.0,244.0,184.0,6.3549999999999995,15.078200000000002,20.854000000000003,16.141600000000004,GAYGEU
95.34140000000001,208.8874,300.446,257.3,416.0,940.0,1208.0,776.0,14.0,30.0,44.0,40.0,74.0,178.0,244.0,184.0,6.355,15.0782,20.854000000000003,16.141600000000004,GAYGEU
