f-lig-chi-0,f-lig-chi-1,f-lig-chi-2,f-lig-chi-3,f-lig-Z-0,f-lig-Z-1,f-lig-Z-2,f-lig-Z-3,f-lig-I-0,f-lig-I-1,f-lig-I-2,f-lig-I-3,f-lig-T-0,f-lig-T-1,f-lig-T-2,f-lig-T-3,f-lig-S-0,f-lig-S-1,f-lig-S-2,f-lig-S-3,name
103.11740000000002,196.91620000000003,296.9532,339.27500000000003,461.0,880.0,1212.0,1118.0,14.0,28.0,42.0,50.0,70.0,168.0,218.0,194.0,6.2661999999999995,13.861600000000003,19.5162,19.923800000000004,RUJGOT_clean_primitive
103.1174,196.91619999999998,296.9532,339.2749999999999,461.0,880.0,1212.0,1118.0,14.0,28.0,42.0,50.0,70.0,168.0,218.0,194.0,6.2661999999999995,13.861600000000005,19.5162,19.923800000000004,RUJGOT_clean_primitive
35.009699999999995,46.30799999999999,53.9392,0.0,165.0,204.0,160.0,0.0,4.0,6.0,6.0,0.0,12.0,18.0,6.0,0.0,1.7955999999999999,2.8182,2.1462,0.0,RUJGOT_clean_primitive
103.11740000000002,196.9162,296.9532,339.275,461.0,880.0,1212.0,1118.0,14.0,28.0,42.0,50.0,70.0,168.0,218.0,194.0,6.2661999999999995,13.861600000000001,19.5162,19.9238,RUJGOT_clean_primitive
103.1174,196.91620000000003,296.95320000000004,339.27500000000003,461.0,880.0,1212.0,1118.0,14.0,28.0,42.0,50.0,70.0,168.0,218.0,194.0,6.2661999999999995,13.861600000000001,19.5162,19.9238,RUJGOT_clean_primitive
