f-chi-0-all,f-chi-1-all,f-chi-2-all,f-chi-3-all,f-Z-0-all,f-Z-1-all,f-Z-2-all,f-Z-3-all,f-I-0-all,f-I-1-all,f-I-2-all,f-I-3-all,f-T-0-all,f-T-1-all,f-T-2-all,f-T-3-all,f-S-0-all,f-S-1-all,f-S-2-all,f-S-3-all,mc-chi-0-all,mc-chi-1-all,mc-chi-2-all,mc-chi-3-all,mc-Z-0-all,mc-Z-1-all,mc-Z-2-all,mc-Z-3-all,mc-I-0-all,mc-I-1-all,mc-I-2-all,mc-I-3-all,mc-T-0-all,mc-T-1-all,mc-T-2-all,mc-T-3-all,mc-S-0-all,mc-S-1-all,mc-S-2-all,mc-S-3-all,D_mc-chi-0-all,D_mc-chi-1-all,D_mc-chi-2-all,D_mc-chi-3-all,D_mc-Z-0-all,D_mc-Z-1-all,D_mc-Z-2-all,D_mc-Z-3-all,D_mc-I-0-all,D_mc-I-1-all,D_mc-I-2-all,D_mc-I-3-all,D_mc-T-0-all,D_mc-T-1-all,D_mc-T-2-all,D_mc-T-3-all,D_mc-S-0-all,D_mc-S-1-all,D_mc-S-2-all,D_mc-S-3-all,name
676.5042000000005,1252.768000000001,6556.092400000004,6328.794000000005,25716.0,68644.0,128416.0,199440.0,76.0,224.0,688.0,906.0,1076.0,4100.0,7260.0,10942.0,60.752799999999915,231.08400000000026,503.65960000000007,780.7814000000001,1.2768999999999997,36.78903333333333,22.780799999999996,94.55086666666664,3481.0,5054.333333333333,10797.0,16952.666666666668,1.0,10.0,9.0,28.333333333333332,102.0,276.0,453.3333333333333,826.0,3.0976,13.475733333333336,16.802133333333334,39.07199999999999,0.0,-21.256666666666664,-9.99,-51.65666666666667,0.0,504.3333333333333,348.0,1384.3333333333333,0.0,0.0,0.0,0.0,0.0,75.0,44.333333333333336,190.66666666666666,0.0,9.943333333333333,6.293333333333334,27.666666666666668,MEJZOS_clean_primitive
