f-chi-0-all,f-chi-1-all,f-chi-2-all,f-chi-3-all,f-Z-0-all,f-Z-1-all,f-Z-2-all,f-Z-3-all,f-I-0-all,f-I-1-all,f-I-2-all,f-I-3-all,f-T-0-all,f-T-1-all,f-T-2-all,f-T-3-all,f-S-0-all,f-S-1-all,f-S-2-all,f-S-3-all,mc-chi-0-all,mc-chi-1-all,mc-chi-2-all,mc-chi-3-all,mc-Z-0-all,mc-Z-1-all,mc-Z-2-all,mc-Z-3-all,mc-I-0-all,mc-I-1-all,mc-I-2-all,mc-I-3-all,mc-T-0-all,mc-T-1-all,mc-T-2-all,mc-T-3-all,mc-S-0-all,mc-S-1-all,mc-S-2-all,mc-S-3-all,D_mc-chi-0-all,D_mc-chi-1-all,D_mc-chi-2-all,D_mc-chi-3-all,D_mc-Z-0-all,D_mc-Z-1-all,D_mc-Z-2-all,D_mc-Z-3-all,D_mc-I-0-all,D_mc-I-1-all,D_mc-I-2-all,D_mc-I-3-all,D_mc-T-0-all,D_mc-T-1-all,D_mc-T-2-all,D_mc-T-3-all,D_mc-S-0-all,D_mc-S-1-all,D_mc-S-2-all,D_mc-S-3-all,name
645.2418000000004,1517.1204000000012,5794.166800000001,5651.598,32055.0,66492.0,185278.0,161748.0,78.0,252.0,634.0,816.0,1062.0,4248.0,8448.0,10848.0,61.37189999999995,225.87240000000014,468.5685999999998,655.7580000000004,2.1956,33.06346666666666,22.947333333333333,73.1481333333333,3184.3333333333335,3414.0,15924.0,7710.0,1.0,7.333333333333333,8.0,18.0,59.333333333333336,187.33333333333334,366.0,390.0,2.4940666666666664,8.698466666666667,14.850600000000002,20.965799999999994,0.0,-14.84,-4.846666666666667,-32.19333333333332,0.0,377.3333333333333,206.0,964.6666666666666,0.0,0.0,0.0,0.0,0.0,36.666666666666664,18.0,102.0,0.0,6.4799999999999995,3.6199999999999997,16.426666666666666,UFEXEJ_clean_primitive
