f-lig-chi-0,f-lig-chi-1,f-lig-chi-2,f-lig-chi-3,f-lig-Z-0,f-lig-Z-1,f-lig-Z-2,f-lig-Z-3,f-lig-I-0,f-lig-I-1,f-lig-I-2,f-lig-I-3,f-lig-T-0,f-lig-T-1,f-lig-T-2,f-lig-T-3,f-lig-S-0,f-lig-S-1,f-lig-S-2,f-lig-S-3,name
233.12159999999997,470.06700000000006,757.3323999999997,850.638,972.0,1992.0,2860.0,3252.0,34.0,70.0,112.0,128.0,182.0,434.0,592.0,696.0,14.326600000000004,33.61820000000001,48.93440000000002,57.12960000000002,RIWMUH_clean_primitive
233.12159999999997,470.0669999999999,757.3324000000002,850.638,972.0,1992.0,2860.0,3252.0,34.0,70.0,112.0,128.0,182.0,434.0,592.0,696.0,14.326600000000003,33.61820000000001,48.93440000000001,57.12960000000002,RIWMUH_clean_primitive
233.12159999999994,470.06700000000006,757.3324000000001,850.638,972.0,1992.0,2860.0,3252.0,34.0,70.0,112.0,128.0,182.0,434.0,592.0,696.0,14.326600000000003,33.6182,48.93440000000001,57.12960000000001,RIWMUH_clean_primitive
233.12159999999994,470.06700000000006,757.3324000000001,850.638,972.0,1992.0,2860.0,3252.0,34.0,70.0,112.0,128.0,182.0,434.0,592.0,696.0,14.326600000000003,33.6182,48.93440000000001,57.12960000000001,RIWMUH_clean_primitive
233.12159999999997,470.0670000000001,757.3324000000003,850.6379999999999,972.0,1992.0,2860.0,3252.0,34.0,70.0,112.0,128.0,182.0,434.0,592.0,696.0,14.32660000000001,33.61820000000001,48.934400000000004,57.12960000000001,RIWMUH_clean_primitive
233.12159999999997,470.06700000000006,757.3324000000005,850.6379999999999,972.0,1992.0,2860.0,3252.0,34.0,70.0,112.0,128.0,182.0,434.0,592.0,696.0,14.32660000000001,33.61820000000001,48.93440000000001,57.12960000000001,RIWMUH_clean_primitive
233.1216,470.0670000000001,757.3324000000002,850.6379999999999,972.0,1992.0,2860.0,3252.0,34.0,70.0,112.0,128.0,182.0,434.0,592.0,696.0,14.32660000000001,33.61820000000001,48.93440000000002,57.1296,RIWMUH_clean_primitive
233.1216,470.0670000000001,757.3324000000002,850.638,972.0,1992.0,2860.0,3252.0,34.0,70.0,112.0,128.0,182.0,434.0,592.0,696.0,14.32660000000001,33.61820000000001,48.93440000000002,57.12960000000001,RIWMUH_clean_primitive
