f-lig-chi-0,f-lig-chi-1,f-lig-chi-2,f-lig-chi-3,f-lig-Z-0,f-lig-Z-1,f-lig-Z-2,f-lig-Z-3,f-lig-I-0,f-lig-I-1,f-lig-I-2,f-lig-I-3,f-lig-T-0,f-lig-T-1,f-lig-T-2,f-lig-T-3,f-lig-S-0,f-lig-S-1,f-lig-S-2,f-lig-S-3,name
169.37379999999996,292.84199999999987,461.9707999999998,539.5289999999999,874.0,1512.0,2336.0,2568.0,20.0,40.0,60.0,74.0,100.0,240.0,332.0,378.0,10.466,21.99120000000001,32.13719999999999,37.96100000000001,BERFIP_clean_primitive
64.4914,133.97520000000003,176.8178,112.08720000000002,271.0,558.0,686.0,264.0,9.0,18.0,24.0,16.0,42.0,92.0,104.0,56.0,3.8465,8.5798,10.5192,5.624799999999999,BERFIP_clean_primitive
169.37379999999996,292.8419999999999,461.9707999999998,539.5289999999999,874.0,1512.0,2336.0,2568.0,20.0,40.0,60.0,74.0,100.0,240.0,332.0,378.0,10.466,21.99120000000001,32.13719999999999,37.96100000000001,BERFIP_clean_primitive
64.4914,133.97520000000003,176.81780000000003,112.08720000000001,271.0,558.0,686.0,264.0,9.0,18.0,24.0,16.0,42.0,92.0,104.0,56.0,3.8465,8.5798,10.519200000000001,5.624799999999999,BERFIP_clean_primitive
64.4914,133.9752,176.8178,112.08720000000002,271.0,558.0,686.0,264.0,9.0,18.0,24.0,16.0,42.0,92.0,104.0,56.0,3.8465,8.5798,10.5192,5.6248000000000005,BERFIP_clean_primitive
64.4914,133.9752,176.81780000000003,112.08720000000001,271.0,558.0,686.0,264.0,9.0,18.0,24.0,16.0,42.0,92.0,104.0,56.0,3.8465,8.5798,10.5192,5.6248,BERFIP_clean_primitive
