f-lig-chi-0,f-lig-chi-1,f-lig-chi-2,f-lig-chi-3,f-lig-Z-0,f-lig-Z-1,f-lig-Z-2,f-lig-Z-3,f-lig-I-0,f-lig-I-1,f-lig-I-2,f-lig-I-3,f-lig-T-0,f-lig-T-1,f-lig-T-2,f-lig-T-3,f-lig-S-0,f-lig-S-1,f-lig-S-2,f-lig-S-3,name
156.67659999999998,268.3764,492.9851999999999,505.7077999999999,1242.0,2568.0,2976.0,3176.0,18.0,36.0,60.0,66.0,96.0,228.0,300.0,306.0,10.175199999999998,22.579599999999996,33.314,35.675399999999996,ZEDQEG_clean_primitive
156.67659999999998,268.3764,492.9851999999999,505.7077999999999,1242.0,2568.0,2976.0,3176.0,18.0,36.0,60.0,66.0,96.0,228.0,300.0,306.0,10.175199999999998,22.579599999999996,33.314,35.675399999999996,ZEDQEG_clean_primitive
156.67659999999998,268.3764,492.98519999999996,505.7077999999999,1242.0,2568.0,2976.0,3176.0,18.0,36.0,60.0,66.0,96.0,228.0,300.0,306.0,10.175199999999998,22.579600000000003,33.31399999999999,35.6754,ZEDQEG_clean_primitive
156.67659999999998,268.3764,492.98519999999996,505.7077999999999,1242.0,2568.0,2976.0,3176.0,18.0,36.0,60.0,66.0,96.0,228.0,300.0,306.0,10.175199999999998,22.579600000000003,33.31399999999999,35.6754,ZEDQEG_clean_primitive
156.6766,268.37640000000005,492.98519999999996,505.7077999999999,1242.0,2568.0,2976.0,3176.0,18.0,36.0,60.0,66.0,96.0,228.0,300.0,306.0,10.175199999999997,22.579600000000003,33.314,35.67540000000001,ZEDQEG_clean_primitive
156.6766,268.37640000000005,492.98519999999996,505.7077999999999,1242.0,2568.0,2976.0,3176.0,18.0,36.0,60.0,66.0,96.0,228.0,300.0,306.0,10.1752,22.579600000000003,33.31400000000001,35.675399999999996,ZEDQEG_clean_primitive
156.67659999999998,268.3764,492.98519999999996,505.7077999999999,1242.0,2568.0,2976.0,3176.0,18.0,36.0,60.0,66.0,96.0,228.0,300.0,306.0,10.175199999999998,22.579600000000006,33.314,35.675399999999996,ZEDQEG_clean_primitive
156.67659999999998,268.3764,492.9852000000001,505.7077999999999,1242.0,2568.0,2976.0,3176.0,18.0,36.0,60.0,66.0,96.0,228.0,300.0,306.0,10.1752,22.579600000000003,33.314,35.6754,ZEDQEG_clean_primitive
