f-chi-0-all,f-chi-1-all,f-chi-2-all,f-chi-3-all,f-Z-0-all,f-Z-1-all,f-Z-2-all,f-Z-3-all,f-I-0-all,f-I-1-all,f-I-2-all,f-I-3-all,f-T-0-all,f-T-1-all,f-T-2-all,f-T-3-all,f-S-0-all,f-S-1-all,f-S-2-all,f-S-3-all,mc-chi-0-all,mc-chi-1-all,mc-chi-2-all,mc-chi-3-all,mc-Z-0-all,mc-Z-1-all,mc-Z-2-all,mc-Z-3-all,mc-I-0-all,mc-I-1-all,mc-I-2-all,mc-I-3-all,mc-T-0-all,mc-T-1-all,mc-T-2-all,mc-T-3-all,mc-S-0-all,mc-S-1-all,mc-S-2-all,mc-S-3-all,D_mc-chi-0-all,D_mc-chi-1-all,D_mc-chi-2-all,D_mc-chi-3-all,D_mc-Z-0-all,D_mc-Z-1-all,D_mc-Z-2-all,D_mc-Z-3-all,D_mc-I-0-all,D_mc-I-1-all,D_mc-I-2-all,D_mc-I-3-all,D_mc-T-0-all,D_mc-T-1-all,D_mc-T-2-all,D_mc-T-3-all,D_mc-S-0-all,D_mc-S-1-all,D_mc-S-2-all,D_mc-S-3-all,name
289.99319999999994,644.3520000000003,1441.2679999999996,1876.6627999999994,12713.0,19372.0,53012.0,41820.0,36.0,88.0,168.0,244.0,276.0,836.0,1392.0,1704.0,29.42490000000001,75.92519999999998,138.86640000000003,191.41000000000005,4.5040000000000004,30.095542857142863,28.029257142857144,76.15862857142858,1616.142857142857,1297.7142857142858,6185.142857142857,3107.1428571428573,1.0,4.285714285714286,5.714285714285714,12.0,19.428571428571427,52.0,98.57142857142857,143.14285714285714,1.8591428571428568,4.272514285714285,8.742171428571428,11.484685714285714,0.0,-5.268571428571428,-1.491428571428571,-11.497142857142853,0.0,134.0,64.57142857142857,372.57142857142856,0.0,0.0,0.0,0.0,0.0,8.0,5.142857142857143,25.428571428571427,0.0,2.6599999999999997,1.2685714285714285,7.639999999999999,EMIYEF_clean_primitive
