f-lig-chi-0,f-lig-chi-1,f-lig-chi-2,f-lig-chi-3,f-lig-Z-0,f-lig-Z-1,f-lig-Z-2,f-lig-Z-3,f-lig-I-0,f-lig-I-1,f-lig-I-2,f-lig-I-3,f-lig-T-0,f-lig-T-1,f-lig-T-2,f-lig-T-3,f-lig-S-0,f-lig-S-1,f-lig-S-2,f-lig-S-3,name
344.49879999999996,700.5870000000002,1121.4008000000001,1430.204,1534.0,3168.0,4784.0,5288.0,50.0,106.0,168.0,224.0,274.0,690.0,1016.0,1184.0,22.781000000000002,53.73060000000002,81.38640000000001,98.60799999999999,ANUGIA_clean_primitive
344.49879999999996,700.5870000000002,1121.4008000000001,1430.204,1534.0,3168.0,4784.0,5288.0,50.0,106.0,168.0,224.0,274.0,690.0,1016.0,1184.0,22.781000000000002,53.73060000000002,81.38640000000001,98.60799999999999,ANUGIA_clean_primitive
344.4988,700.5870000000003,1121.4008000000003,1430.2040000000002,1534.0,3168.0,4784.0,5288.0,50.0,106.0,168.0,224.0,274.0,690.0,1016.0,1184.0,22.781000000000002,53.73060000000002,81.38640000000004,98.60800000000003,ANUGIA_clean_primitive
