f-lig-chi-0,f-lig-chi-1,f-lig-chi-2,f-lig-chi-3,f-lig-Z-0,f-lig-Z-1,f-lig-Z-2,f-lig-Z-3,f-lig-I-0,f-lig-I-1,f-lig-I-2,f-lig-I-3,f-lig-T-0,f-lig-T-1,f-lig-T-2,f-lig-T-3,f-lig-S-0,f-lig-S-1,f-lig-S-2,f-lig-S-3,name
203.68780000000004,455.8294000000002,692.2108000000002,718.7927999999999,904.0,2092.0,2944.0,2688.0,30.0,66.0,100.0,108.0,166.0,406.0,564.0,536.0,13.8958,33.71220000000001,48.63880000000002,47.331600000000016,MUGQAI_clean_primitive
203.68780000000004,455.8294000000002,692.2108000000002,718.7927999999999,904.0,2092.0,2944.0,2688.0,30.0,66.0,100.0,108.0,166.0,406.0,564.0,536.0,13.895800000000001,33.71220000000001,48.63880000000002,47.331600000000016,MUGQAI_clean_primitive
203.68780000000004,455.82940000000013,692.2108,718.7927999999999,904.0,2092.0,2944.0,2688.0,30.0,66.0,100.0,108.0,166.0,406.0,564.0,536.0,13.895800000000001,33.71220000000001,48.63880000000002,47.331600000000016,MUGQAI_clean_primitive
203.68780000000004,455.82940000000013,692.2108,718.7927999999999,904.0,2092.0,2944.0,2688.0,30.0,66.0,100.0,108.0,166.0,406.0,564.0,536.0,13.895800000000001,33.71220000000001,48.63880000000002,47.331600000000016,MUGQAI_clean_primitive
203.68780000000004,455.82940000000025,692.2108000000001,718.7927999999998,904.0,2092.0,2944.0,2688.0,30.0,66.0,100.0,108.0,166.0,406.0,564.0,536.0,13.895800000000001,33.71220000000002,48.63880000000002,47.33160000000002,MUGQAI_clean_primitive
203.68780000000004,455.82940000000025,692.2108000000001,718.7927999999998,904.0,2092.0,2944.0,2688.0,30.0,66.0,100.0,108.0,166.0,406.0,564.0,536.0,13.895800000000001,33.71220000000002,48.63880000000002,47.33160000000002,MUGQAI_clean_primitive
203.6878,455.8294000000002,692.2108000000001,718.7928,904.0,2092.0,2944.0,2688.0,30.0,66.0,100.0,108.0,166.0,406.0,564.0,536.0,13.895800000000001,33.71220000000001,48.63880000000002,47.331600000000016,MUGQAI_clean_primitive
203.6878,455.8294000000002,692.2108000000001,718.7928,904.0,2092.0,2944.0,2688.0,30.0,66.0,100.0,108.0,166.0,406.0,564.0,536.0,13.895800000000001,33.71220000000001,48.63880000000002,47.331600000000016,MUGQAI_clean_primitive
