f-chi-0-all,f-chi-1-all,f-chi-2-all,f-chi-3-all,f-Z-0-all,f-Z-1-all,f-Z-2-all,f-Z-3-all,f-I-0-all,f-I-1-all,f-I-2-all,f-I-3-all,f-T-0-all,f-T-1-all,f-T-2-all,f-T-3-all,f-S-0-all,f-S-1-all,f-S-2-all,f-S-3-all,mc-chi-0-all,mc-chi-1-all,mc-chi-2-all,mc-chi-3-all,mc-Z-0-all,mc-Z-1-all,mc-Z-2-all,mc-Z-3-all,mc-I-0-all,mc-I-1-all,mc-I-2-all,mc-I-3-all,mc-T-0-all,mc-T-1-all,mc-T-2-all,mc-T-3-all,mc-S-0-all,mc-S-1-all,mc-S-2-all,mc-S-3-all,D_mc-chi-0-all,D_mc-chi-1-all,D_mc-chi-2-all,D_mc-chi-3-all,D_mc-Z-0-all,D_mc-Z-1-all,D_mc-Z-2-all,D_mc-Z-3-all,D_mc-I-0-all,D_mc-I-1-all,D_mc-I-2-all,D_mc-I-3-all,D_mc-T-0-all,D_mc-T-1-all,D_mc-T-2-all,D_mc-T-3-all,D_mc-S-0-all,D_mc-S-1-all,D_mc-S-2-all,D_mc-S-3-all,name
458.7584000000001,973.2615999999992,1451.6112,2300.0751999999993,9056.0,13504.0,22772.0,32632.0,64.0,136.0,212.0,312.0,348.0,872.0,1260.0,1656.0,47.708,100.38319999999995,167.58280000000005,223.86159999999992,3.61,17.327999999999996,30.932000000000002,56.202,841.0,609.0,1102.0,3190.0,1.0,3.0,6.0,12.0,9.5,28.5,57.0,94.0,1.9043999999999992,3.104999999999999,6.320400000000001,13.275599999999999,0.0,-3.4200000000000013,-4.879999999999999,-6.780000000000001,0.0,66.0,136.0,238.0,0.0,0.0,0.0,0.0,0.0,0.5,1.0,8.0,0.0,1.89,3.7,6.939999999999998,MUGQAI_clean_primitive
458.75840000000005,973.261599999999,1451.6112000000003,2300.075199999999,9056.0,13504.0,22772.0,32632.0,64.0,136.0,212.0,312.0,348.0,872.0,1260.0,1656.0,47.708,100.38319999999995,167.5827999999999,223.86159999999987,3.61,17.327999999999996,30.932000000000002,56.202,841.0,609.0,1102.0,3190.0,1.0,3.0,6.0,12.0,9.5,28.5,57.0,94.0,1.9043999999999992,3.104999999999999,6.320400000000001,13.275599999999999,0.0,-3.4200000000000013,-4.879999999999999,-6.780000000000001,0.0,66.0,136.0,238.0,0.0,0.0,0.0,0.0,0.0,0.5,1.0,8.0,0.0,1.89,3.7,6.939999999999998,MUGQAI_clean_primitive
