f-lig-chi-0,f-lig-chi-1,f-lig-chi-2,f-lig-chi-3,f-lig-Z-0,f-lig-Z-1,f-lig-Z-2,f-lig-Z-3,f-lig-I-0,f-lig-I-1,f-lig-I-2,f-lig-I-3,f-lig-T-0,f-lig-T-1,f-lig-T-2,f-lig-T-3,f-lig-S-0,f-lig-S-1,f-lig-S-2,f-lig-S-3,name
177.0894,355.0110000000001,557.1304000000001,682.4419999999999,768.0,1560.0,2272.0,2360.0,26.0,54.0,84.0,108.0,138.0,342.0,484.0,524.0,11.527400000000002,26.84220000000001,39.46120000000001,45.10840000000001,YUBQET_clean_primitive
177.08939999999998,355.0110000000001,557.1304000000001,682.4419999999999,768.0,1560.0,2272.0,2360.0,26.0,54.0,84.0,108.0,138.0,342.0,484.0,524.0,11.527400000000002,26.84220000000001,39.46120000000001,45.10840000000001,YUBQET_clean_primitive
269.6419,612.2744000000002,943.7708000000001,1078.008,1138.0,2684.0,3812.0,3732.0,41.0,90.0,140.0,166.0,230.0,574.0,828.0,856.0,18.107300000000002,44.770600000000016,66.10360000000001,70.47700000000003,YUBQET_clean_primitive
269.6419,612.2744000000002,943.7708000000001,1078.008,1138.0,2684.0,3812.0,3732.0,41.0,90.0,140.0,166.0,230.0,574.0,828.0,856.0,18.107300000000002,44.770600000000016,66.10360000000001,70.47700000000003,YUBQET_clean_primitive
269.6419000000001,612.2744000000004,943.7708000000001,1078.0079999999998,1138.0,2684.0,3812.0,3732.0,41.0,90.0,140.0,166.0,230.0,574.0,828.0,856.0,18.107300000000002,44.770600000000016,66.10360000000001,70.47700000000002,YUBQET_clean_primitive
269.6419000000001,612.2744000000004,943.7708000000001,1078.0079999999998,1138.0,2684.0,3812.0,3732.0,41.0,90.0,140.0,166.0,230.0,574.0,828.0,856.0,18.107300000000002,44.770600000000016,66.10360000000001,70.47700000000002,YUBQET_clean_primitive
177.08939999999998,355.0110000000001,557.1304000000001,682.442,768.0,1560.0,2272.0,2360.0,26.0,54.0,84.0,108.0,138.0,342.0,484.0,524.0,11.527400000000002,26.842200000000005,39.46120000000001,45.1084,YUBQET_clean_primitive
177.0894,355.0110000000001,557.1304000000001,682.442,768.0,1560.0,2272.0,2360.0,26.0,54.0,84.0,108.0,138.0,342.0,484.0,524.0,11.527400000000004,26.842200000000005,39.46120000000001,45.1084,YUBQET_clean_primitive
