f-lig-chi-0,f-lig-chi-1,f-lig-chi-2,f-lig-chi-3,f-lig-Z-0,f-lig-Z-1,f-lig-Z-2,f-lig-Z-3,f-lig-I-0,f-lig-I-1,f-lig-I-2,f-lig-I-3,f-lig-T-0,f-lig-T-1,f-lig-T-2,f-lig-T-3,f-lig-S-0,f-lig-S-1,f-lig-S-2,f-lig-S-3,name
347.1386999999999,604.6960000000003,1082.9035999999999,1332.3440000000003,1689.0,2944.0,5216.0,6056.0,40.0,82.0,134.0,180.0,216.0,542.0,804.0,1016.0,19.51120000000001,43.22900000000002,68.8478,88.6676,KIPJOK_clean_primitive
347.1386999999999,604.6960000000003,1082.9035999999999,1332.3440000000003,1689.0,2944.0,5216.0,6056.0,40.0,82.0,134.0,180.0,216.0,542.0,804.0,1016.0,19.51120000000001,43.22900000000002,68.8478,88.6676,KIPJOK_clean_primitive
347.1386999999999,604.6960000000001,1082.9036000000003,1332.3440000000005,1689.0,2944.0,5216.0,6056.0,40.0,82.0,134.0,180.0,216.0,542.0,804.0,1016.0,19.511200000000006,43.22900000000002,68.8478,88.6676,KIPJOK_clean_primitive
347.1386999999999,604.6960000000001,1082.9036000000003,1332.3440000000005,1689.0,2944.0,5216.0,6056.0,40.0,82.0,134.0,180.0,216.0,542.0,804.0,1016.0,19.511200000000006,43.22900000000001,68.8478,88.66760000000001,KIPJOK_clean_primitive
347.1386999999999,604.6960000000004,1082.9036,1332.3440000000003,1689.0,2944.0,5216.0,6056.0,40.0,82.0,134.0,180.0,216.0,542.0,804.0,1016.0,19.51120000000001,43.229000000000006,68.8478,88.66760000000001,KIPJOK_clean_primitive
347.1386999999999,604.6960000000004,1082.9036,1332.3440000000003,1689.0,2944.0,5216.0,6056.0,40.0,82.0,134.0,180.0,216.0,542.0,804.0,1016.0,19.51120000000001,43.229000000000006,68.8478,88.6676,KIPJOK_clean_primitive
347.1386999999999,604.6960000000001,1082.9035999999996,1332.3439999999996,1689.0,2944.0,5216.0,6056.0,40.0,82.0,134.0,180.0,216.0,542.0,804.0,1016.0,19.511200000000002,43.229000000000006,68.8478,88.66760000000001,KIPJOK_clean_primitive
347.1386999999999,604.6960000000001,1082.9035999999996,1332.3439999999996,1689.0,2944.0,5216.0,6056.0,40.0,82.0,134.0,180.0,216.0,542.0,804.0,1016.0,19.511200000000002,43.229000000000006,68.8478,88.66760000000001,KIPJOK_clean_primitive
