f-link-chi-0,f-link-chi-1,f-link-chi-2,f-link-chi-3,f-link-Z-0,f-link-Z-1,f-link-Z-2,f-link-Z-3,f-link-I-0,f-link-I-1,f-link-I-2,f-link-I-3,f-link-T-0,f-link-T-1,f-link-T-2,f-link-T-3,f-link-S-0,f-link-S-1,f-link-S-2,f-link-S-3,name
96.1765,176.10299999999995,262.9414,264.7958,472.0,864.0,1216.0,1172.0,12.0,24.0,34.0,34.0,58.0,132.0,158.0,132.0,5.962,12.6896,17.1154,16.142599999999998,QIRWAR
96.1765,176.10299999999995,262.9414,264.7958,472.0,864.0,1216.0,1172.0,12.0,24.0,34.0,34.0,58.0,132.0,158.0,132.0,5.962,12.6896,17.1154,16.142599999999998,QIRWAR
96.17649999999999,176.10299999999998,262.9414,264.7958,472.0,864.0,1216.0,1172.0,12.0,24.0,34.0,34.0,58.0,132.0,158.0,132.0,5.962,12.689599999999999,17.1154,16.1426,QIRWAR
96.17649999999999,176.10299999999998,262.9414,264.7958,472.0,864.0,1216.0,1172.0,12.0,24.0,34.0,34.0,58.0,132.0,158.0,132.0,5.962,12.689599999999999,17.1154,16.1426,QIRWAR
96.17649999999999,176.103,262.9414,264.7958,472.0,864.0,1216.0,1172.0,12.0,24.0,34.0,34.0,58.0,132.0,158.0,132.0,5.962,12.689599999999999,17.1154,16.1426,QIRWAR
96.17649999999999,176.103,262.9414,264.7958,472.0,864.0,1216.0,1172.0,12.0,24.0,34.0,34.0,58.0,132.0,158.0,132.0,5.962,12.689599999999999,17.1154,16.1426,QIRWAR
96.1765,176.10299999999995,262.9414,264.7958,472.0,864.0,1216.0,1172.0,12.0,24.0,34.0,34.0,58.0,132.0,158.0,132.0,5.961999999999999,12.6896,17.1154,16.1426,QIRWAR
96.1765,176.10299999999995,262.9414,264.7958,472.0,864.0,1216.0,1172.0,12.0,24.0,34.0,34.0,58.0,132.0,158.0,132.0,5.961999999999999,12.6896,17.1154,16.1426,QIRWAR
