f-chi-0-all,f-chi-1-all,f-chi-2-all,f-chi-3-all,f-Z-0-all,f-Z-1-all,f-Z-2-all,f-Z-3-all,f-I-0-all,f-I-1-all,f-I-2-all,f-I-3-all,f-T-0-all,f-T-1-all,f-T-2-all,f-T-3-all,f-S-0-all,f-S-1-all,f-S-2-all,f-S-3-all,mc-chi-0-all,mc-chi-1-all,mc-chi-2-all,mc-chi-3-all,mc-Z-0-all,mc-Z-1-all,mc-Z-2-all,mc-Z-3-all,mc-I-0-all,mc-I-1-all,mc-I-2-all,mc-I-3-all,mc-T-0-all,mc-T-1-all,mc-T-2-all,mc-T-3-all,mc-S-0-all,mc-S-1-all,mc-S-2-all,mc-S-3-all,D_mc-chi-0-all,D_mc-chi-1-all,D_mc-chi-2-all,D_mc-chi-3-all,D_mc-Z-0-all,D_mc-Z-1-all,D_mc-Z-2-all,D_mc-Z-3-all,D_mc-I-0-all,D_mc-I-1-all,D_mc-I-2-all,D_mc-I-3-all,D_mc-T-0-all,D_mc-T-1-all,D_mc-T-2-all,D_mc-T-3-all,D_mc-S-0-all,D_mc-S-1-all,D_mc-S-2-all,D_mc-S-3-all,name
201.0193,380.8079999999999,969.3341999999998,1009.296,3748.0,8352.0,14328.0,15552.0,22.0,54.0,102.0,132.0,156.0,426.0,726.0,840.0,15.633399999999998,42.17940000000001,72.87419999999996,93.11880000000004,2.7224999999999997,28.379999999999995,22.275000000000002,62.238,900.0,1200.0,2520.0,2640.0,1.0,5.0,6.0,12.0,25.0,55.0,110.0,140.0,1.7161000000000002,4.7815,7.467000000000001,11.685200000000002,0.0,-8.950000000000001,-3.6,-17.91999999999999,0.0,110.0,96.0,272.0,0.0,0.0,0.0,0.0,0.0,14.0,8.0,32.0,0.0,2.9000000000000004,2.16,6.8,YARGAB_clean_primitive
201.01929999999996,380.8079999999999,969.3341999999999,1009.2959999999999,3748.0,8352.0,14328.0,15552.0,22.0,54.0,102.0,132.0,156.0,426.0,726.0,840.0,15.633399999999998,42.17940000000001,72.87419999999996,93.11880000000004,2.7224999999999997,28.379999999999995,22.275000000000002,62.238,900.0,1200.0,2520.0,2640.0,1.0,5.0,6.0,12.0,25.0,55.0,110.0,140.0,1.7161000000000002,4.7815,7.467000000000001,11.685200000000002,0.0,-8.950000000000001,-3.6,-17.91999999999999,0.0,110.0,96.0,272.0,0.0,0.0,0.0,0.0,0.0,14.0,8.0,32.0,0.0,2.9000000000000004,2.16,6.8,YARGAB_clean_primitive
