f-chi-0-all,f-chi-1-all,f-chi-2-all,f-chi-3-all,f-Z-0-all,f-Z-1-all,f-Z-2-all,f-Z-3-all,f-I-0-all,f-I-1-all,f-I-2-all,f-I-3-all,f-T-0-all,f-T-1-all,f-T-2-all,f-T-3-all,f-S-0-all,f-S-1-all,f-S-2-all,f-S-3-all,mc-chi-0-all,mc-chi-1-all,mc-chi-2-all,mc-chi-3-all,mc-Z-0-all,mc-Z-1-all,mc-Z-2-all,mc-Z-3-all,mc-I-0-all,mc-I-1-all,mc-I-2-all,mc-I-3-all,mc-T-0-all,mc-T-1-all,mc-T-2-all,mc-T-3-all,mc-S-0-all,mc-S-1-all,mc-S-2-all,mc-S-3-all,D_mc-chi-0-all,D_mc-chi-1-all,D_mc-chi-2-all,D_mc-chi-3-all,D_mc-Z-0-all,D_mc-Z-1-all,D_mc-Z-2-all,D_mc-Z-3-all,D_mc-I-0-all,D_mc-I-1-all,D_mc-I-2-all,D_mc-I-3-all,D_mc-T-0-all,D_mc-T-1-all,D_mc-T-2-all,D_mc-T-3-all,D_mc-S-0-all,D_mc-S-1-all,D_mc-S-2-all,D_mc-S-3-all,name
191.62139999999994,365.74079999999975,616.5584,594.7071999999997,3171.0,6336.0,6056.0,6144.0,21.0,48.0,64.0,72.0,120.0,288.0,336.0,352.0,14.714999999999998,35.5656,42.85159999999999,46.1944,3.5343999999999993,25.868799999999997,15.979999999999999,33.22586666666666,729.0,864.0,540.0,1116.0,1.0,4.0,3.3333333333333335,6.0,16.0,32.0,40.0,61.333333333333336,1.5876000000000001,3.6792000000000002,3.234,5.686800000000001,0.0,-6.240000000000001,-2.233333333333333,-6.3933333333333335,0.0,76.0,70.0,120.66666666666667,0.0,0.0,0.0,0.0,0.0,8.0,3.3333333333333335,8.666666666666666,0.0,2.1200000000000006,1.6333333333333335,3.0466666666666673,XAVQIU01_clean_primitive
191.62139999999994,365.74079999999975,616.5584,594.7071999999997,3171.0,6336.0,6056.0,6144.0,21.0,48.0,64.0,72.0,120.0,288.0,336.0,352.0,14.714999999999998,35.5656,42.85159999999999,46.1944,3.5343999999999993,25.868799999999997,15.979999999999999,33.22586666666666,729.0,864.0,540.0,1116.0,1.0,4.0,3.3333333333333335,6.0,16.0,32.0,40.0,61.333333333333336,1.5876000000000001,3.6792000000000002,3.234,5.686800000000001,0.0,-6.240000000000001,-2.233333333333333,-6.3933333333333335,0.0,76.0,70.0,120.66666666666667,0.0,0.0,0.0,0.0,0.0,8.0,3.3333333333333335,8.666666666666666,0.0,2.1200000000000006,1.6333333333333335,3.0466666666666673,XAVQIU01_clean_primitive
