f-chi-0-all,f-chi-1-all,f-chi-2-all,f-chi-3-all,f-Z-0-all,f-Z-1-all,f-Z-2-all,f-Z-3-all,f-I-0-all,f-I-1-all,f-I-2-all,f-I-3-all,f-T-0-all,f-T-1-all,f-T-2-all,f-T-3-all,f-S-0-all,f-S-1-all,f-S-2-all,f-S-3-all,mc-chi-0-all,mc-chi-1-all,mc-chi-2-all,mc-chi-3-all,mc-Z-0-all,mc-Z-1-all,mc-Z-2-all,mc-Z-3-all,mc-I-0-all,mc-I-1-all,mc-I-2-all,mc-I-3-all,mc-T-0-all,mc-T-1-all,mc-T-2-all,mc-T-3-all,mc-S-0-all,mc-S-1-all,mc-S-2-all,mc-S-3-all,D_mc-chi-0-all,D_mc-chi-1-all,D_mc-chi-2-all,D_mc-chi-3-all,D_mc-Z-0-all,D_mc-Z-1-all,D_mc-Z-2-all,D_mc-Z-3-all,D_mc-I-0-all,D_mc-I-1-all,D_mc-I-2-all,D_mc-I-3-all,D_mc-T-0-all,D_mc-T-1-all,D_mc-T-2-all,D_mc-T-3-all,D_mc-S-0-all,D_mc-S-1-all,D_mc-S-2-all,D_mc-S-3-all,name
94.81850000000001,167.4432,314.94399999999996,332.6976,1115.0,2688.0,2870.0,1764.0,11.0,24.0,38.0,36.0,70.0,184.0,192.0,104.0,7.5571,19.26,25.215,20.25,2.4025000000000003,28.272000000000002,18.848000000000003,9.424000000000001,625.0,1050.0,700.0,350.0,1.0,6.0,4.0,2.0,36.0,72.0,48.0,24.0,1.9320999999999997,6.255000000000001,4.17,2.085,0.0,-8.94,-5.96,-2.98,0.0,108.0,72.0,36.0,0.0,0.0,0.0,0.0,0.0,24.0,16.0,8.0,0.0,3.839999999999999,2.5599999999999996,1.2799999999999998,BOCTOE04_clean_primitive
94.81850000000001,167.4432,314.94399999999996,332.6976,1115.0,2688.0,2870.0,1764.0,11.0,24.0,38.0,36.0,70.0,184.0,192.0,104.0,7.5571,19.26,25.215,20.25,2.4025000000000003,28.272000000000002,18.848000000000003,9.424000000000001,625.0,1050.0,700.0,350.0,1.0,6.0,4.0,2.0,36.0,72.0,48.0,24.0,1.9320999999999997,6.255000000000001,4.17,2.085,0.0,-8.94,-5.96,-2.98,0.0,108.0,72.0,36.0,0.0,0.0,0.0,0.0,0.0,24.0,16.0,8.0,0.0,3.839999999999999,2.5599999999999996,1.2799999999999998,BOCTOE04_clean_primitive
