f-link-chi-0,f-link-chi-1,f-link-chi-2,f-link-chi-3,f-link-Z-0,f-link-Z-1,f-link-Z-2,f-link-Z-3,f-link-I-0,f-link-I-1,f-link-I-2,f-link-I-3,f-link-T-0,f-link-T-1,f-link-T-2,f-link-T-3,f-link-S-0,f-link-S-1,f-link-S-2,f-link-S-3,name
128.8782,358.9890000000001,499.21600000000007,510.8750000000001,606.0,1776.0,2332.0,2000.0,20.0,54.0,76.0,82.0,162.0,488.0,664.0,594.0,9.973200000000004,29.36780000000001,39.918,38.0786,GIYTEO
173.08409999999998,323.28900000000004,596.9856,871.1489999999999,717.0,1332.0,2082.0,2280.0,24.0,48.0,90.0,138.0,138.0,372.0,558.0,588.0,9.7656,22.545600000000004,36.95940000000001,47.78340000000001,GIYTEO
173.0841,323.289,596.9855999999997,871.1489999999999,717.0,1332.0,2082.0,2280.0,24.0,48.0,90.0,138.0,138.0,372.0,558.0,588.0,9.765600000000001,22.545600000000004,36.959399999999995,47.78340000000001,GIYTEO
173.08409999999998,323.289,596.9856,871.149,717.0,1332.0,2082.0,2280.0,24.0,48.0,90.0,138.0,138.0,372.0,558.0,588.0,9.7656,22.5456,36.95940000000001,47.7834,GIYTEO
128.8782,358.98900000000003,499.216,510.87500000000006,606.0,1776.0,2332.0,2000.0,20.0,54.0,76.0,82.0,162.0,488.0,664.0,594.0,9.973200000000004,29.367800000000003,39.91800000000001,38.0786,GIYTEO
173.08409999999998,323.28900000000004,596.9856,871.1489999999999,717.0,1332.0,2082.0,2280.0,24.0,48.0,90.0,138.0,138.0,372.0,558.0,588.0,9.7656,22.545600000000004,36.95940000000001,47.78340000000001,GIYTEO
