f-lig-chi-0,f-lig-chi-1,f-lig-chi-2,f-lig-chi-3,f-lig-Z-0,f-lig-Z-1,f-lig-Z-2,f-lig-Z-3,f-lig-I-0,f-lig-I-1,f-lig-I-2,f-lig-I-3,f-lig-T-0,f-lig-T-1,f-lig-T-2,f-lig-T-3,f-lig-S-0,f-lig-S-1,f-lig-S-2,f-lig-S-3,name
183.56669999999997,352.206,583.8533999999999,714.167,6342.0,2664.0,4470.0,6212.0,26.0,52.0,86.0,106.0,138.0,336.0,430.0,442.0,14.201599999999997,27.473600000000005,41.547799999999995,48.98979999999999,DEXZIR_clean_primitive
183.56669999999997,352.206,583.8534,714.167,6342.0,2664.0,4470.0,6212.0,26.0,52.0,86.0,106.0,138.0,336.0,430.0,442.0,14.2016,27.473600000000005,41.5478,48.98979999999999,DEXZIR_clean_primitive
183.56669999999997,352.2059999999999,583.8534,714.167,6342.0,2664.0,4470.0,6212.0,26.0,52.0,86.0,106.0,138.0,336.0,430.0,442.0,14.2016,27.473600000000005,41.5478,48.989799999999995,DEXZIR_clean_primitive
183.56669999999994,352.2059999999999,583.8534,714.167,6342.0,2664.0,4470.0,6212.0,26.0,52.0,86.0,106.0,138.0,336.0,430.0,442.0,14.2016,27.473600000000005,41.5478,48.989799999999995,DEXZIR_clean_primitive
183.5667,352.206,583.8534,714.167,6342.0,2664.0,4470.0,6212.0,26.0,52.0,86.0,106.0,138.0,336.0,430.0,442.0,14.201600000000004,27.4736,41.5478,48.9898,DEXZIR_clean_primitive
183.56669999999997,352.206,583.8534,714.167,6342.0,2664.0,4470.0,6212.0,26.0,52.0,86.0,106.0,138.0,336.0,430.0,442.0,14.201600000000004,27.4736,41.54780000000001,48.9898,DEXZIR_clean_primitive
183.5667,352.2060000000001,583.8534,714.167,6342.0,2664.0,4470.0,6212.0,26.0,52.0,86.0,106.0,138.0,336.0,430.0,442.0,14.201600000000003,27.473599999999998,41.547799999999995,48.9898,DEXZIR_clean_primitive
183.56669999999997,352.206,583.8534,714.1669999999999,6342.0,2664.0,4470.0,6212.0,26.0,52.0,86.0,106.0,138.0,336.0,430.0,442.0,14.201600000000004,27.4736,41.54779999999999,48.9898,DEXZIR_clean_primitive
