f-lig-chi-0,f-lig-chi-1,f-lig-chi-2,f-lig-chi-3,f-lig-Z-0,f-lig-Z-1,f-lig-Z-2,f-lig-Z-3,f-lig-I-0,f-lig-I-1,f-lig-I-2,f-lig-I-3,f-lig-T-0,f-lig-T-1,f-lig-T-2,f-lig-T-3,f-lig-S-0,f-lig-S-1,f-lig-S-2,f-lig-S-3,name
345.8721999999999,730.2180000000006,1204.6064000000001,1439.7810000000004,1728.0,3312.0,4924.0,6076.0,56.0,116.0,196.0,234.0,312.0,760.0,1068.0,1358.0,22.913400000000017,55.286000000000016,83.828,102.49780000000003,PAPVEJ_clean_primitive
345.8721999999999,730.2180000000006,1204.6064000000001,1439.7810000000004,1728.0,3312.0,4924.0,6076.0,56.0,116.0,196.0,234.0,312.0,760.0,1068.0,1358.0,22.913400000000017,55.286000000000016,83.828,102.49780000000003,PAPVEJ_clean_primitive
345.8721999999999,730.2180000000004,1204.6064,1439.7810000000006,1728.0,3312.0,4924.0,6076.0,56.0,116.0,196.0,234.0,312.0,760.0,1068.0,1358.0,22.913400000000014,55.28600000000002,83.828,102.49780000000003,PAPVEJ_clean_primitive
345.8721999999999,730.2180000000004,1204.6064,1439.7810000000009,1728.0,3312.0,4924.0,6076.0,56.0,116.0,196.0,234.0,312.0,760.0,1068.0,1358.0,22.913400000000014,55.28600000000002,83.828,102.49780000000004,PAPVEJ_clean_primitive
30.1697,35.087999999999994,23.667199999999998,0.0,164.0,192.0,128.0,0.0,3.0,4.0,2.0,0.0,6.0,8.0,2.0,0.0,1.6586999999999998,2.2484,1.0657999999999999,0.0,PAPVEJ_clean_primitive
30.1697,35.087999999999994,23.667199999999998,0.0,164.0,192.0,128.0,0.0,3.0,4.0,2.0,0.0,6.0,8.0,2.0,0.0,1.6586999999999998,2.2484,1.0657999999999999,0.0,PAPVEJ_clean_primitive
30.1697,35.087999999999994,23.667199999999998,0.0,164.0,192.0,128.0,0.0,3.0,4.0,2.0,0.0,6.0,8.0,2.0,0.0,1.6586999999999998,2.2484,1.0657999999999999,0.0,PAPVEJ_clean_primitive
30.1697,35.087999999999994,23.667199999999998,0.0,164.0,192.0,128.0,0.0,3.0,4.0,2.0,0.0,6.0,8.0,2.0,0.0,1.6586999999999998,2.2484,1.0657999999999999,0.0,PAPVEJ_clean_primitive
