f-chi-0-all,f-chi-1-all,f-chi-2-all,f-chi-3-all,f-Z-0-all,f-Z-1-all,f-Z-2-all,f-Z-3-all,f-I-0-all,f-I-1-all,f-I-2-all,f-I-3-all,f-T-0-all,f-T-1-all,f-T-2-all,f-T-3-all,f-S-0-all,f-S-1-all,f-S-2-all,f-S-3-all,mc-chi-0-all,mc-chi-1-all,mc-chi-2-all,mc-chi-3-all,mc-Z-0-all,mc-Z-1-all,mc-Z-2-all,mc-Z-3-all,mc-I-0-all,mc-I-1-all,mc-I-2-all,mc-I-3-all,mc-T-0-all,mc-T-1-all,mc-T-2-all,mc-T-3-all,mc-S-0-all,mc-S-1-all,mc-S-2-all,mc-S-3-all,D_mc-chi-0-all,D_mc-chi-1-all,D_mc-chi-2-all,D_mc-chi-3-all,D_mc-Z-0-all,D_mc-Z-1-all,D_mc-Z-2-all,D_mc-Z-3-all,D_mc-I-0-all,D_mc-I-1-all,D_mc-I-2-all,D_mc-I-3-all,D_mc-T-0-all,D_mc-T-1-all,D_mc-T-2-all,D_mc-T-3-all,D_mc-S-0-all,D_mc-S-1-all,D_mc-S-2-all,D_mc-S-3-all,name
184.09339999999995,329.9647999999999,1143.9871999999998,1137.9519999999995,10232.0,16384.0,24800.0,16640.0,20.0,52.0,116.0,140.0,180.0,552.0,884.0,800.0,15.397199999999998,47.216399999999986,83.89799999999998,91.542,1.5376,29.859199999999998,20.5096,33.976,4624.0,3808.0,7072.0,4352.0,1.0,7.0,7.0,9.0,49.0,112.0,161.0,154.0,2.7224999999999997,8.431499999999998,10.3455,11.1045,0.0,-15.399999999999999,-7.8599999999999985,-16.240000000000002,0.0,420.0,372.0,548.0,0.0,0.0,0.0,0.0,0.0,33.0,26.0,41.0,0.0,6.4399999999999995,5.279999999999999,8.12,PAPVEJ_clean_primitive
184.09339999999995,329.9647999999999,1143.9871999999998,1137.9519999999998,10232.0,16384.0,24800.0,16640.0,20.0,52.0,116.0,140.0,180.0,552.0,884.0,800.0,15.397199999999996,47.216399999999986,83.898,91.542,1.5376,29.859199999999998,20.5096,33.976,4624.0,3808.0,7072.0,4352.0,1.0,7.0,7.0,9.0,49.0,112.0,161.0,154.0,2.7224999999999997,8.431499999999998,10.3455,11.1045,0.0,-15.399999999999999,-7.8599999999999985,-16.240000000000002,0.0,420.0,372.0,548.0,0.0,0.0,0.0,0.0,0.0,33.0,26.0,41.0,0.0,6.4399999999999995,5.279999999999999,8.12,PAPVEJ_clean_primitive
