f-chi-0-all,f-chi-1-all,f-chi-2-all,f-chi-3-all,f-Z-0-all,f-Z-1-all,f-Z-2-all,f-Z-3-all,f-I-0-all,f-I-1-all,f-I-2-all,f-I-3-all,f-T-0-all,f-T-1-all,f-T-2-all,f-T-3-all,f-S-0-all,f-S-1-all,f-S-2-all,f-S-3-all,mc-chi-0-all,mc-chi-1-all,mc-chi-2-all,mc-chi-3-all,mc-Z-0-all,mc-Z-1-all,mc-Z-2-all,mc-Z-3-all,mc-I-0-all,mc-I-1-all,mc-I-2-all,mc-I-3-all,mc-T-0-all,mc-T-1-all,mc-T-2-all,mc-T-3-all,mc-S-0-all,mc-S-1-all,mc-S-2-all,mc-S-3-all,D_mc-chi-0-all,D_mc-chi-1-all,D_mc-chi-2-all,D_mc-chi-3-all,D_mc-Z-0-all,D_mc-Z-1-all,D_mc-Z-2-all,D_mc-Z-3-all,D_mc-I-0-all,D_mc-I-1-all,D_mc-I-2-all,D_mc-I-3-all,D_mc-T-0-all,D_mc-T-1-all,D_mc-T-2-all,D_mc-T-3-all,D_mc-S-0-all,D_mc-S-1-all,D_mc-S-2-all,D_mc-S-3-all,name
253.76419999999993,474.1695999999998,1578.4068000000002,1907.1359999999997,19200.0,26944.0,72804.0,48256.0,30.0,80.0,180.0,272.0,284.0,992.0,1776.0,1872.0,23.653800000000015,73.81759999999998,142.43280000000001,176.83520000000004,1.5129,25.387200000000004,22.066200000000006,51.7215,4489.0,3216.0,14874.0,6566.0,1.0,6.0,9.0,13.0,36.0,108.0,180.0,186.0,2.7556000000000003,7.2708,13.944,15.952600000000002,0.0,-13.260000000000003,-6.870000000000003,-26.060000000000006,0.0,354.0,381.0,773.0,0.0,0.0,0.0,0.0,0.0,18.0,24.0,47.0,0.0,5.579999999999999,6.539999999999999,11.969999999999999,YEYFEP_clean_primitive
253.76419999999993,474.16959999999983,1578.4068,1907.136,19200.0,26944.0,72804.0,48256.0,30.0,80.0,180.0,272.0,284.0,992.0,1776.0,1872.0,23.653800000000015,73.81759999999998,142.43280000000001,176.83520000000004,1.5129,25.387200000000004,22.066200000000006,51.7215,4489.0,3216.0,14874.0,6566.0,1.0,6.0,9.0,13.0,36.0,108.0,180.0,186.0,2.7556000000000003,7.2708,13.944,15.952600000000002,0.0,-13.260000000000003,-6.870000000000003,-26.060000000000006,0.0,354.0,381.0,773.0,0.0,0.0,0.0,0.0,0.0,18.0,24.0,47.0,0.0,5.579999999999999,6.539999999999999,11.969999999999999,YEYFEP_clean_primitive
