f-lig-chi-0,f-lig-chi-1,f-lig-chi-2,f-lig-chi-3,f-lig-Z-0,f-lig-Z-1,f-lig-Z-2,f-lig-Z-3,f-lig-I-0,f-lig-I-1,f-lig-I-2,f-lig-I-3,f-lig-T-0,f-lig-T-1,f-lig-T-2,f-lig-T-3,f-lig-S-0,f-lig-S-1,f-lig-S-2,f-lig-S-3,name
559.9152000000001,1209.9239999999993,1958.0048000000008,2458.3959999999984,2460.0,5472.0,8384.0,9256.0,84.0,184.0,296.0,384.0,480.0,1224.0,1832.0,2096.0,38.25799999999999,93.57039999999999,144.4647999999999,170.78079999999994,XILVIZ_clean_primitive
298.44079999999997,627.9630000000001,1002.1987999999998,1349.6879999999996,1328.0,2856.0,4388.0,5760.0,44.0,94.0,148.0,200.0,242.0,614.0,924.0,1144.0,20.254000000000012,47.84780000000002,73.25000000000003,95.64800000000002,XILVIZ_clean_primitive
