f-lig-chi-0,f-lig-chi-1,f-lig-chi-2,f-lig-chi-3,f-lig-Z-0,f-lig-Z-1,f-lig-Z-2,f-lig-Z-3,f-lig-I-0,f-lig-I-1,f-lig-I-2,f-lig-I-3,f-lig-T-0,f-lig-T-1,f-lig-T-2,f-lig-T-3,f-lig-S-0,f-lig-S-1,f-lig-S-2,f-lig-S-3,name
354.43089999999995,711.3760000000001,1148.6575999999998,1409.5427999999997,1576.0,3184.0,4742.0,4908.0,49.0,102.0,162.0,206.0,264.0,650.0,898.0,1000.0,22.0057,50.929000000000016,75.2138,87.06340000000002,GITPIK_clean_primitive
354.43089999999995,711.3760000000001,1148.6575999999995,1409.5428000000002,1576.0,3184.0,4742.0,4908.0,49.0,102.0,162.0,206.0,264.0,650.0,898.0,1000.0,22.005699999999997,50.92900000000002,75.2138,87.06340000000002,GITPIK_clean_primitive
354.43089999999995,711.3760000000003,1148.6576000000002,1409.5428000000002,1576.0,3184.0,4742.0,4908.0,49.0,102.0,162.0,206.0,264.0,650.0,898.0,1000.0,22.005700000000008,50.92900000000003,75.21379999999999,87.0634,GITPIK_clean_primitive
354.43089999999995,711.376,1148.6575999999998,1409.5428000000002,1576.0,3184.0,4742.0,4908.0,49.0,102.0,162.0,206.0,264.0,650.0,898.0,1000.0,22.0057,50.92900000000002,75.21379999999999,87.06340000000002,GITPIK_clean_primitive
