f-chi-0-all,f-chi-1-all,f-chi-2-all,f-chi-3-all,f-Z-0-all,f-Z-1-all,f-Z-2-all,f-Z-3-all,f-I-0-all,f-I-1-all,f-I-2-all,f-I-3-all,f-T-0-all,f-T-1-all,f-T-2-all,f-T-3-all,f-S-0-all,f-S-1-all,f-S-2-all,f-S-3-all,mc-chi-0-all,mc-chi-1-all,mc-chi-2-all,mc-chi-3-all,mc-Z-0-all,mc-Z-1-all,mc-Z-2-all,mc-Z-3-all,mc-I-0-all,mc-I-1-all,mc-I-2-all,mc-I-3-all,mc-T-0-all,mc-T-1-all,mc-T-2-all,mc-T-3-all,mc-S-0-all,mc-S-1-all,mc-S-2-all,mc-S-3-all,D_mc-chi-0-all,D_mc-chi-1-all,D_mc-chi-2-all,D_mc-chi-3-all,D_mc-Z-0-all,D_mc-Z-1-all,D_mc-Z-2-all,D_mc-Z-3-all,D_mc-I-0-all,D_mc-I-1-all,D_mc-I-2-all,D_mc-I-3-all,D_mc-T-0-all,D_mc-T-1-all,D_mc-T-2-all,D_mc-T-3-all,D_mc-S-0-all,D_mc-S-1-all,D_mc-S-2-all,D_mc-S-3-all,name
204.91319999999996,346.7519999999999,479.6551999999999,511.87199999999973,4656.0,6912.0,6368.0,6144.0,24.0,48.0,56.0,64.0,104.0,224.0,248.0,256.0,18.002399999999998,36.44160000000001,41.26160000000001,42.281600000000026,2.7224999999999997,17.027999999999995,12.6225,29.650499999999994,900.0,720.0,540.0,1260.0,1.0,3.0,3.0,6.0,9.0,18.0,27.0,46.5,1.7161000000000004,2.8689,3.0261,5.895000000000001,0.0,-5.369999999999999,-2.6999999999999997,-8.07,0.0,66.0,72.0,138.0,0.0,0.0,0.0,0.0,0.0,3.0,0.0,2.5,0.0,1.7400000000000002,1.6200000000000006,3.36,GITPIK_clean_primitive
204.91319999999996,346.7519999999999,479.6552000000001,511.87199999999973,4656.0,6912.0,6368.0,6144.0,24.0,48.0,56.0,64.0,104.0,224.0,248.0,256.0,18.002399999999998,36.4416,41.2616,42.28160000000001,2.7224999999999997,17.027999999999995,12.6225,29.650499999999994,900.0,720.0,540.0,1260.0,1.0,3.0,3.0,6.0,9.0,18.0,27.0,46.5,1.7161000000000004,2.8689,3.0261,5.895000000000001,0.0,-5.369999999999999,-2.6999999999999997,-8.07,0.0,66.0,72.0,138.0,0.0,0.0,0.0,0.0,0.0,3.0,0.0,2.5,0.0,1.7400000000000002,1.6200000000000006,3.36,GITPIK_clean_primitive
