f-sbu-chi-0,f-sbu-chi-1,f-sbu-chi-2,f-sbu-chi-3,f-sbu-Z-0,f-sbu-Z-1,f-sbu-Z-2,f-sbu-Z-3,f-sbu-I-0,f-sbu-I-1,f-sbu-I-2,f-sbu-I-3,f-sbu-T-0,f-sbu-T-1,f-sbu-T-2,f-sbu-T-3,f-sbu-S-0,f-sbu-S-1,f-sbu-S-2,f-sbu-S-3,mc-chi-0,mc-chi-1,mc-chi-2,mc-chi-3,mc-Z-0,mc-Z-1,mc-Z-2,mc-Z-3,mc-I-0,mc-I-1,mc-I-2,mc-I-3,mc-T-0,mc-T-1,mc-T-2,mc-T-3,mc-S-0,mc-S-1,mc-S-2,mc-S-3,D_mc-chi-0,D_mc-chi-1,D_mc-chi-2,D_mc-chi-3,D_mc-Z-0,D_mc-Z-1,D_mc-Z-2,D_mc-Z-3,D_mc-I-0,D_mc-I-1,D_mc-I-2,D_mc-I-3,D_mc-T-0,D_mc-T-1,D_mc-T-2,D_mc-T-3,D_mc-S-0,D_mc-S-1,D_mc-S-2,D_mc-S-3,name
664.8692000000004,1409.052199999998,3057.978799999997,4593.787399999998,9701.0,18220.0,23084.0,23864.0,107.0,224.0,462.0,712.0,694.0,1942.0,2970.0,3534.0,42.16639999999996,116.68719999999975,206.45559999999998,276.4653999999999,3.8415999999999997,40.67653333333333,52.23399999999998,67.28026666666665,2500.0,2416.6666666666665,2300.0,2983.3333333333335,1.0,6.666666666666667,11.0,13.333333333333334,44.666666666666664,122.66666666666667,180.0,195.33333333333334,1.9599999999999997,6.953333333333333,9.617999999999997,11.442666666666668,0.0,-7.6866666666666665,-5.09,-8.193333333333335,0.0,285.0,504.0,607.0,0.0,0.0,0.0,0.0,0.0,26.333333333333332,46.333333333333336,59.333333333333336,0.0,4.366666666666666,8.53,10.49333333333333,FIVYUF
664.8692000000005,1409.052199999999,3057.978800000001,4593.7874,9701.0,18220.0,23084.0,23864.0,107.0,224.0,462.0,712.0,694.0,1942.0,2970.0,3534.0,42.166399999999996,116.68719999999998,206.45559999999995,276.46540000000005,3.8415999999999997,40.67653333333333,52.23399999999998,67.28026666666665,2500.0,2416.6666666666665,2300.0,2983.3333333333335,1.0,6.666666666666667,11.0,13.333333333333334,44.666666666666664,122.66666666666667,180.0,195.33333333333334,1.9599999999999997,6.953333333333333,9.617999999999997,11.442666666666668,0.0,-7.6866666666666665,-5.09,-8.193333333333335,0.0,285.0,504.0,607.0,0.0,0.0,0.0,0.0,0.0,26.333333333333332,46.333333333333336,59.333333333333336,0.0,4.366666666666666,8.53,10.49333333333333,FIVYUF
