f-link-chi-0,f-link-chi-1,f-link-chi-2,f-link-chi-3,f-link-Z-0,f-link-Z-1,f-link-Z-2,f-link-Z-3,f-link-I-0,f-link-I-1,f-link-I-2,f-link-I-3,f-link-T-0,f-link-T-1,f-link-T-2,f-link-T-3,f-link-S-0,f-link-S-1,f-link-S-2,f-link-S-3,name
249.30409999999998,505.5120000000001,828.7334,1005.1039999999996,1010.0,2088.0,2942.0,2984.0,37.0,76.0,124.0,156.0,200.0,492.0,658.0,684.0,15.193300000000004,35.94360000000001,52.561200000000014,58.27320000000002,ILOTOT
249.3041,505.5120000000001,828.7334,1005.1039999999996,1010.0,2088.0,2942.0,2984.0,37.0,76.0,124.0,156.0,200.0,492.0,658.0,684.0,15.193300000000004,35.94360000000001,52.561200000000014,58.27320000000002,ILOTOT
249.30409999999998,505.51200000000017,828.7334000000001,1005.1039999999997,1010.0,2088.0,2942.0,2984.0,37.0,76.0,124.0,156.0,200.0,492.0,658.0,684.0,15.193300000000006,35.94360000000002,52.56120000000001,58.2732,ILOTOT
249.30409999999998,505.5120000000001,828.7334000000001,1005.1039999999998,1010.0,2088.0,2942.0,2984.0,37.0,76.0,124.0,156.0,200.0,492.0,658.0,684.0,15.193300000000006,35.94360000000001,52.561200000000014,58.27320000000001,ILOTOT
