f-sbu-chi-0,f-sbu-chi-1,f-sbu-chi-2,f-sbu-chi-3,f-sbu-Z-0,f-sbu-Z-1,f-sbu-Z-2,f-sbu-Z-3,f-sbu-I-0,f-sbu-I-1,f-sbu-I-2,f-sbu-I-3,f-sbu-T-0,f-sbu-T-1,f-sbu-T-2,f-sbu-T-3,f-sbu-S-0,f-sbu-S-1,f-sbu-S-2,f-sbu-S-3,mc-chi-0,mc-chi-1,mc-chi-2,mc-chi-3,mc-Z-0,mc-Z-1,mc-Z-2,mc-Z-3,mc-I-0,mc-I-1,mc-I-2,mc-I-3,mc-T-0,mc-T-1,mc-T-2,mc-T-3,mc-S-0,mc-S-1,mc-S-2,mc-S-3,D_mc-chi-0,D_mc-chi-1,D_mc-chi-2,D_mc-chi-3,D_mc-Z-0,D_mc-Z-1,D_mc-Z-2,D_mc-Z-3,D_mc-I-0,D_mc-I-1,D_mc-I-2,D_mc-I-3,D_mc-T-0,D_mc-T-1,D_mc-T-2,D_mc-T-3,D_mc-S-0,D_mc-S-1,D_mc-S-2,D_mc-S-3,name
255.49519999999993,539.3919999999997,1403.3952,1798.9823999999994,4228.0,10176.0,18712.0,22848.0,28.0,72.0,148.0,224.0,220.0,640.0,1160.0,1488.0,19.62,54.77920000000002,104.7988,151.6648,3.5343999999999998,32.336,31.038800000000002,82.1748,729.0,1080.0,2268.0,2754.0,1.0,5.0,7.0,14.0,26.0,62.0,126.0,176.0,1.5876000000000001,4.599,8.026200000000001,13.129200000000003,0.0,-7.800000000000001,-3.3499999999999996,-17.39,0.0,95.0,105.0,276.0,0.0,0.0,0.0,0.0,0.0,14.0,11.0,35.0,0.0,2.6500000000000004,2.45,7.220000000000002,ILOTOT
