f-chi-0-all,f-chi-1-all,f-chi-2-all,f-chi-3-all,f-Z-0-all,f-Z-1-all,f-Z-2-all,f-Z-3-all,f-I-0-all,f-I-1-all,f-I-2-all,f-I-3-all,f-T-0-all,f-T-1-all,f-T-2-all,f-T-3-all,f-S-0-all,f-S-1-all,f-S-2-all,f-S-3-all,mc-chi-0-all,mc-chi-1-all,mc-chi-2-all,mc-chi-3-all,mc-Z-0-all,mc-Z-1-all,mc-Z-2-all,mc-Z-3-all,mc-I-0-all,mc-I-1-all,mc-I-2-all,mc-I-3-all,mc-T-0-all,mc-T-1-all,mc-T-2-all,mc-T-3-all,mc-S-0-all,mc-S-1-all,mc-S-2-all,mc-S-3-all,D_mc-chi-0-all,D_mc-chi-1-all,D_mc-chi-2-all,D_mc-chi-3-all,D_mc-Z-0-all,D_mc-Z-1-all,D_mc-Z-2-all,D_mc-Z-3-all,D_mc-I-0-all,D_mc-I-1-all,D_mc-I-2-all,D_mc-I-3-all,D_mc-T-0-all,D_mc-T-1-all,D_mc-T-2-all,D_mc-T-3-all,D_mc-S-0-all,D_mc-S-1-all,D_mc-S-2-all,D_mc-S-3-all,name
184.68919999999997,355.94120000000004,779.1551999999998,995.3712,6000.0,10252.0,11636.0,10128.0,24.0,52.0,100.0,128.0,152.0,400.0,580.0,552.0,16.925400000000003,40.6024,70.36479999999999,78.3396,2.8560999999999996,27.2428,29.575,51.764700000000005,2304.0,2256.0,1776.0,2448.0,1.0,5.0,7.0,12.0,25.0,60.0,105.0,130.0,2.1904,5.846,7.385199999999998,10.596799999999998,0.0,-7.67,-5.67,-10.349999999999998,0.0,193.0,299.0,525.0,0.0,0.0,0.0,0.0,0.0,13.0,14.0,34.0,0.0,3.45,5.37,10.599999999999998,HEBKEG_clean_primitive
184.68919999999997,355.9412,779.1551999999998,995.3712,6000.0,10252.0,11636.0,10128.0,24.0,52.0,100.0,128.0,152.0,400.0,580.0,552.0,16.925400000000003,40.6024,70.36479999999999,78.33959999999999,2.8560999999999996,27.2428,29.575,51.764700000000005,2304.0,2256.0,1776.0,2448.0,1.0,5.0,7.0,12.0,25.0,60.0,105.0,130.0,2.1904,5.846,7.385199999999998,10.596799999999998,0.0,-7.67,-5.67,-10.349999999999998,0.0,193.0,299.0,525.0,0.0,0.0,0.0,0.0,0.0,13.0,14.0,34.0,0.0,3.45,5.37,10.599999999999998,HEBKEG_clean_primitive
