f-chi-0-all,f-chi-1-all,f-chi-2-all,f-chi-3-all,f-Z-0-all,f-Z-1-all,f-Z-2-all,f-Z-3-all,f-I-0-all,f-I-1-all,f-I-2-all,f-I-3-all,f-T-0-all,f-T-1-all,f-T-2-all,f-T-3-all,f-S-0-all,f-S-1-all,f-S-2-all,f-S-3-all,mc-chi-0-all,mc-chi-1-all,mc-chi-2-all,mc-chi-3-all,mc-Z-0-all,mc-Z-1-all,mc-Z-2-all,mc-Z-3-all,mc-I-0-all,mc-I-1-all,mc-I-2-all,mc-I-3-all,mc-T-0-all,mc-T-1-all,mc-T-2-all,mc-T-3-all,mc-S-0-all,mc-S-1-all,mc-S-2-all,mc-S-3-all,D_mc-chi-0-all,D_mc-chi-1-all,D_mc-chi-2-all,D_mc-chi-3-all,D_mc-Z-0-all,D_mc-Z-1-all,D_mc-Z-2-all,D_mc-Z-3-all,D_mc-I-0-all,D_mc-I-1-all,D_mc-I-2-all,D_mc-I-3-all,D_mc-T-0-all,D_mc-T-1-all,D_mc-T-2-all,D_mc-T-3-all,D_mc-S-0-all,D_mc-S-1-all,D_mc-S-2-all,D_mc-S-3-all,name
665.1668000000003,1602.6496000000004,4756.694400000001,5870.617599999995,12032.0,31708.0,62980.0,82792.0,76.0,228.0,520.0,776.0,868.0,3188.0,5708.0,7640.0,52.7728,169.69040000000007,339.78400000000005,521.2640000000001,3.5343999999999984,37.9384,32.06653333333333,106.82786666666665,729.0,1174.5,2893.5,3465.0,1.0,6.166666666666667,7.5,18.0,38.5,114.5,201.83333333333334,329.1666666666667,1.5876000000000001,5.294100000000001,9.0447,16.3212,0.0,-8.586666666666668,-2.956666666666667,-22.98333333333333,0.0,123.0,95.33333333333333,357.6666666666667,0.0,0.0,0.0,0.0,0.0,20.166666666666668,14.666666666666666,59.5,0.0,3.5683333333333334,2.271666666666667,9.726666666666667,MAQZOV_clean_primitive
