f-chi-0-all,f-chi-1-all,f-chi-2-all,f-chi-3-all,f-Z-0-all,f-Z-1-all,f-Z-2-all,f-Z-3-all,f-I-0-all,f-I-1-all,f-I-2-all,f-I-3-all,f-T-0-all,f-T-1-all,f-T-2-all,f-T-3-all,f-S-0-all,f-S-1-all,f-S-2-all,f-S-3-all,mc-chi-0-all,mc-chi-1-all,mc-chi-2-all,mc-chi-3-all,mc-Z-0-all,mc-Z-1-all,mc-Z-2-all,mc-Z-3-all,mc-I-0-all,mc-I-1-all,mc-I-2-all,mc-I-3-all,mc-T-0-all,mc-T-1-all,mc-T-2-all,mc-T-3-all,mc-S-0-all,mc-S-1-all,mc-S-2-all,mc-S-3-all,D_mc-chi-0-all,D_mc-chi-1-all,D_mc-chi-2-all,D_mc-chi-3-all,D_mc-Z-0-all,D_mc-Z-1-all,D_mc-Z-2-all,D_mc-Z-3-all,D_mc-I-0-all,D_mc-I-1-all,D_mc-I-2-all,D_mc-I-3-all,D_mc-T-0-all,D_mc-T-1-all,D_mc-T-2-all,D_mc-T-3-all,D_mc-S-0-all,D_mc-S-1-all,D_mc-S-2-all,D_mc-S-3-all,name
1016.8854000000019,2114.193600000002,6455.776799999991,8500.502399999992,25320.0,53112.0,75864.0,84096.0,118.0,312.0,720.0,1056.0,1032.0,3048.0,5688.0,6912.0,81.45299999999992,243.04800000000012,486.53279999999876,665.2367999999994,2.58534,29.393279999999997,25.8876,43.559280000000015,1993.2,2238.0,2188.8,2990.4,1.0,6.0,7.2,9.6,42.0,94.8,158.4,156.0,2.06646,6.645359999999999,8.519279999999997,10.547999999999998,0.0,-11.447999999999999,-8.207999999999997,-14.207999999999995,0.0,242.4,321.6,360.0,0.0,0.0,0.0,0.0,0.0,28.8,31.2,38.4,0.0,4.643999999999999,5.520000000000001,6.863999999999999,DUFZOU_clean_primitive
