f-link-chi-0,f-link-chi-1,f-link-chi-2,f-link-chi-3,f-link-Z-0,f-link-Z-1,f-link-Z-2,f-link-Z-3,f-link-I-0,f-link-I-1,f-link-I-2,f-link-I-3,f-link-T-0,f-link-T-1,f-link-T-2,f-link-T-3,f-link-S-0,f-link-S-1,f-link-S-2,f-link-S-3,name
273.3075999999999,576.8100000000003,944.3124000000001,1182.6350000000002,1090.0,2376.0,3420.0,3572.0,42.0,88.0,144.0,190.0,232.0,584.0,848.0,958.0,17.305000000000007,41.88800000000002,63.052000000000014,74.41020000000003,SEFNUN
23.667199999999998,23.667199999999998,0.0,0.0,128.0,128.0,0.0,0.0,2.0,2.0,0.0,0.0,2.0,2.0,0.0,0.0,1.0657999999999999,1.0657999999999999,0.0,0.0,SEFNUN
273.3076,576.8100000000002,944.3123999999999,1182.6350000000002,1090.0,2376.0,3420.0,3572.0,42.0,88.0,144.0,190.0,232.0,584.0,848.0,958.0,17.305000000000003,41.88800000000001,63.05200000000002,74.41020000000002,SEFNUN
273.3075999999999,576.8100000000003,944.3124000000001,1182.635,1090.0,2376.0,3420.0,3572.0,42.0,88.0,144.0,190.0,232.0,584.0,848.0,958.0,17.30500000000001,41.88800000000002,63.05200000000002,74.41020000000003,SEFNUN
273.30760000000004,576.8100000000002,944.3123999999999,1182.635,1090.0,2376.0,3420.0,3572.0,42.0,88.0,144.0,190.0,232.0,584.0,848.0,958.0,17.305000000000003,41.88800000000002,63.052000000000014,74.4102,SEFNUN
23.667199999999998,23.667199999999998,0.0,0.0,128.0,128.0,0.0,0.0,2.0,2.0,0.0,0.0,2.0,2.0,0.0,0.0,1.0657999999999999,1.0657999999999999,0.0,0.0,SEFNUN
23.667199999999998,23.667199999999998,0.0,0.0,128.0,128.0,0.0,0.0,2.0,2.0,0.0,0.0,2.0,2.0,0.0,0.0,1.0657999999999999,1.0657999999999999,0.0,0.0,SEFNUN
23.667199999999998,23.667199999999998,0.0,0.0,128.0,128.0,0.0,0.0,2.0,2.0,0.0,0.0,2.0,2.0,0.0,0.0,1.0657999999999999,1.0657999999999999,0.0,0.0,SEFNUN
