f-chi-0-all,f-chi-1-all,f-chi-2-all,f-chi-3-all,f-Z-0-all,f-Z-1-all,f-Z-2-all,f-Z-3-all,f-I-0-all,f-I-1-all,f-I-2-all,f-I-3-all,f-T-0-all,f-T-1-all,f-T-2-all,f-T-3-all,f-S-0-all,f-S-1-all,f-S-2-all,f-S-3-all,mc-chi-0-all,mc-chi-1-all,mc-chi-2-all,mc-chi-3-all,mc-Z-0-all,mc-Z-1-all,mc-Z-2-all,mc-Z-3-all,mc-I-0-all,mc-I-1-all,mc-I-2-all,mc-I-3-all,mc-T-0-all,mc-T-1-all,mc-T-2-all,mc-T-3-all,mc-S-0-all,mc-S-1-all,mc-S-2-all,mc-S-3-all,D_mc-chi-0-all,D_mc-chi-1-all,D_mc-chi-2-all,D_mc-chi-3-all,D_mc-Z-0-all,D_mc-Z-1-all,D_mc-Z-2-all,D_mc-Z-3-all,D_mc-I-0-all,D_mc-I-1-all,D_mc-I-2-all,D_mc-I-3-all,D_mc-T-0-all,D_mc-T-1-all,D_mc-T-2-all,D_mc-T-3-all,D_mc-S-0-all,D_mc-S-1-all,D_mc-S-2-all,D_mc-S-3-all,name
219.78459999999993,428.62399999999974,949.2623999999998,1380.2656,3271.0,7264.0,11880.0,12224.0,25.0,56.0,106.0,164.0,162.0,456.0,740.0,800.0,16.113799999999998,40.26680000000001,71.1938,93.8196,3.5343999999999993,30.180266666666665,33.82746666666666,67.56719999999997,729.0,1008.0,1800.0,2268.0,1.0,4.666666666666667,7.333333333333333,12.0,22.666666666666668,58.666666666666664,106.66666666666667,146.66666666666666,1.5876000000000001,4.292400000000001,7.232399999999999,11.340000000000002,0.0,-7.280000000000001,-4.206666666666667,-13.38,0.0,88.66666666666667,131.33333333333334,240.0,0.0,0.0,0.0,0.0,0.0,10.666666666666666,14.0,26.666666666666668,0.0,2.473333333333334,3.5,6.120000000000002,JUSHAI_clean_primitive
219.78459999999993,428.62399999999974,949.2624000000001,1380.2656,3271.0,7264.0,11880.0,12224.0,25.0,56.0,106.0,164.0,162.0,456.0,740.0,800.0,16.113799999999998,40.26680000000001,71.1938,93.81960000000002,3.5343999999999993,30.180266666666665,33.82746666666666,67.56719999999997,729.0,1008.0,1800.0,2268.0,1.0,4.666666666666667,7.333333333333333,12.0,22.666666666666668,58.666666666666664,106.66666666666667,146.66666666666666,1.5876000000000001,4.292400000000001,7.232399999999999,11.340000000000002,0.0,-7.280000000000001,-4.206666666666667,-13.38,0.0,88.66666666666667,131.33333333333334,240.0,0.0,0.0,0.0,0.0,0.0,10.666666666666666,14.0,26.666666666666668,0.0,2.473333333333334,3.5,6.120000000000002,JUSHAI_clean_primitive
