f-lig-chi-0,f-lig-chi-1,f-lig-chi-2,f-lig-chi-3,f-lig-Z-0,f-lig-Z-1,f-lig-Z-2,f-lig-Z-3,f-lig-I-0,f-lig-I-1,f-lig-I-2,f-lig-I-3,f-lig-T-0,f-lig-T-1,f-lig-T-2,f-lig-T-3,f-lig-S-0,f-lig-S-1,f-lig-S-2,f-lig-S-3,name
258.39050000000003,578.0024000000001,958.5859999999999,1094.692,878.0,2108.0,3032.0,3052.0,43.0,90.0,156.0,174.0,246.0,602.0,844.0,972.0,15.766700000000002,40.089000000000006,60.722000000000016,67.47140000000002,BEPVID_clean_primitive
258.39050000000003,578.0024000000001,958.5859999999999,1094.692,878.0,2108.0,3032.0,3052.0,43.0,90.0,156.0,174.0,246.0,602.0,844.0,972.0,15.766700000000002,40.089000000000006,60.722000000000016,67.4714,BEPVID_clean_primitive
15.7441,15.504,0.0,0.0,85.0,84.0,0.0,0.0,2.0,2.0,0.0,0.0,2.0,2.0,0.0,0.0,1.1554,1.155,0.0,0.0,BEPVID_clean_primitive
15.7441,15.504,0.0,0.0,85.0,84.0,0.0,0.0,2.0,2.0,0.0,0.0,2.0,2.0,0.0,0.0,1.1554,1.155,0.0,0.0,BEPVID_clean_primitive
15.7441,15.504,0.0,0.0,85.0,84.0,0.0,0.0,2.0,2.0,0.0,0.0,2.0,2.0,0.0,0.0,1.1554,1.155,0.0,0.0,BEPVID_clean_primitive
15.7441,15.504,0.0,0.0,85.0,84.0,0.0,0.0,2.0,2.0,0.0,0.0,2.0,2.0,0.0,0.0,1.1554,1.155,0.0,0.0,BEPVID_clean_primitive
15.7441,15.504,0.0,0.0,85.0,84.0,0.0,0.0,2.0,2.0,0.0,0.0,2.0,2.0,0.0,0.0,1.1554,1.155,0.0,0.0,BEPVID_clean_primitive
15.7441,15.504,0.0,0.0,85.0,84.0,0.0,0.0,2.0,2.0,0.0,0.0,2.0,2.0,0.0,0.0,1.1554,1.155,0.0,0.0,BEPVID_clean_primitive
