f-lig-chi-0,f-lig-chi-1,f-lig-chi-2,f-lig-chi-3,f-lig-Z-0,f-lig-Z-1,f-lig-Z-2,f-lig-Z-3,f-lig-I-0,f-lig-I-1,f-lig-I-2,f-lig-I-3,f-lig-T-0,f-lig-T-1,f-lig-T-2,f-lig-T-3,f-lig-S-0,f-lig-S-1,f-lig-S-2,f-lig-S-3,name
179.14050000000003,397.77020000000016,615.8284000000002,666.8183999999999,723.0,1682.0,2344.0,2274.0,28.0,60.0,94.0,104.0,154.0,374.0,514.0,522.0,11.889200000000002,29.10680000000001,42.019800000000004,43.340799999999994,BUSNAF_clean_primitive
179.14050000000003,397.7702000000001,615.8284000000001,666.8184000000001,723.0,1682.0,2344.0,2274.0,28.0,60.0,94.0,104.0,154.0,374.0,514.0,522.0,11.889200000000002,29.106800000000007,42.01980000000002,43.340800000000016,BUSNAF_clean_primitive
179.14050000000003,397.77020000000016,615.8284,666.8184,723.0,1682.0,2344.0,2274.0,28.0,60.0,94.0,104.0,154.0,374.0,514.0,522.0,11.889200000000006,29.10680000000001,42.01980000000001,43.34080000000002,BUSNAF_clean_primitive
179.14050000000003,397.77020000000016,615.8284000000001,666.8184000000001,723.0,1682.0,2344.0,2274.0,28.0,60.0,94.0,104.0,154.0,374.0,514.0,522.0,11.889200000000004,29.10680000000001,42.0198,43.340799999999994,BUSNAF_clean_primitive
179.1405,397.77020000000016,615.8284,666.8184,723.0,1682.0,2344.0,2274.0,28.0,60.0,94.0,104.0,154.0,374.0,514.0,522.0,11.889200000000004,29.10680000000001,42.019800000000004,43.340800000000016,BUSNAF_clean_primitive
179.14050000000003,397.7702000000001,615.8283999999999,666.8184000000001,723.0,1682.0,2344.0,2274.0,28.0,60.0,94.0,104.0,154.0,374.0,514.0,522.0,11.889200000000006,29.106800000000007,42.01980000000001,43.34080000000001,BUSNAF_clean_primitive
