f-lig-chi-0,f-lig-chi-1,f-lig-chi-2,f-lig-chi-3,f-lig-Z-0,f-lig-Z-1,f-lig-Z-2,f-lig-Z-3,f-lig-I-0,f-lig-I-1,f-lig-I-2,f-lig-I-3,f-lig-T-0,f-lig-T-1,f-lig-T-2,f-lig-T-3,f-lig-S-0,f-lig-S-1,f-lig-S-2,f-lig-S-3,name
306.84439999999995,665.8560000000003,1074.7803999999999,1394.0870000000004,1280.0,2880.0,4336.0,4988.0,48.0,104.0,168.0,226.0,272.0,696.0,1048.0,1250.0,20.92320000000001,51.55920000000002,79.4088,97.27859999999998,XEQRAO_clean_primitive
306.84439999999995,665.8560000000004,1074.7803999999999,1394.087,1280.0,2880.0,4336.0,4988.0,48.0,104.0,168.0,226.0,272.0,696.0,1048.0,1250.0,20.92320000000001,51.55920000000002,79.40880000000001,97.27860000000001,XEQRAO_clean_primitive
