f-chi-0-all,f-chi-1-all,f-chi-2-all,f-chi-3-all,f-Z-0-all,f-Z-1-all,f-Z-2-all,f-Z-3-all,f-I-0-all,f-I-1-all,f-I-2-all,f-I-3-all,f-T-0-all,f-T-1-all,f-T-2-all,f-T-3-all,f-S-0-all,f-S-1-all,f-S-2-all,f-S-3-all,mc-chi-0-all,mc-chi-1-all,mc-chi-2-all,mc-chi-3-all,mc-Z-0-all,mc-Z-1-all,mc-Z-2-all,mc-Z-3-all,mc-I-0-all,mc-I-1-all,mc-I-2-all,mc-I-3-all,mc-T-0-all,mc-T-1-all,mc-T-2-all,mc-T-3-all,mc-S-0-all,mc-S-1-all,mc-S-2-all,mc-S-3-all,D_mc-chi-0-all,D_mc-chi-1-all,D_mc-chi-2-all,D_mc-chi-3-all,D_mc-Z-0-all,D_mc-Z-1-all,D_mc-Z-2-all,D_mc-Z-3-all,D_mc-I-0-all,D_mc-I-1-all,D_mc-I-2-all,D_mc-I-3-all,D_mc-T-0-all,D_mc-T-1-all,D_mc-T-2-all,D_mc-T-3-all,D_mc-S-0-all,D_mc-S-1-all,D_mc-S-2-all,D_mc-S-3-all,name
229.83880000000002,462.8095999999999,649.2135999999998,952.4224000000004,10000.0,9632.0,16424.0,26728.0,32.0,64.0,96.0,128.0,160.0,384.0,512.0,608.0,22.790000000000003,46.020000000000024,74.38239999999996,88.58000000000003,3.724899999999999,17.601599999999994,31.420399999999997,59.09660000000001,2209.0,987.0,1786.0,6956.0,1.0,3.0,6.0,12.0,9.0,27.0,54.0,102.0,1.6384000000000003,2.8799999999999994,5.8624,12.0064,0.0,-3.329999999999999,-4.7,-7.460000000000001,0.0,120.0,244.0,416.0,0.0,0.0,0.0,0.0,0.0,0.0,0.0,2.0,0.0,1.59,3.1000000000000005,5.980000000000001,OSIWUJ_clean_primitive
229.83880000000002,462.8095999999999,649.2135999999999,952.4224000000004,10000.0,9632.0,16424.0,26728.0,32.0,64.0,96.0,128.0,160.0,384.0,512.0,608.0,22.790000000000003,46.020000000000024,74.38239999999996,88.58000000000003,3.724899999999999,17.601599999999994,31.420399999999997,59.09660000000001,2209.0,987.0,1786.0,6956.0,1.0,3.0,6.0,12.0,9.0,27.0,54.0,102.0,1.6384000000000003,2.8799999999999994,5.8624,12.0064,0.0,-3.329999999999999,-4.7,-7.460000000000001,0.0,120.0,244.0,416.0,0.0,0.0,0.0,0.0,0.0,0.0,0.0,2.0,0.0,1.59,3.1000000000000005,5.980000000000001,OSIWUJ_clean_primitive
