f-lig-chi-0,f-lig-chi-1,f-lig-chi-2,f-lig-chi-3,f-lig-Z-0,f-lig-Z-1,f-lig-Z-2,f-lig-Z-3,f-lig-I-0,f-lig-I-1,f-lig-I-2,f-lig-I-3,f-lig-T-0,f-lig-T-1,f-lig-T-2,f-lig-T-3,f-lig-S-0,f-lig-S-1,f-lig-S-2,f-lig-S-3,name
299.3176,641.8350000000003,1025.3663999999999,1308.7939999999992,1234.0,2736.0,4008.0,4328.0,46.0,98.0,156.0,208.0,254.0,642.0,940.0,1072.0,19.676600000000004,47.81700000000002,71.9884,85.66319999999999,EXEMUR_clean_primitive
299.3176,641.8350000000003,1025.3663999999999,1308.7939999999994,1234.0,2736.0,4008.0,4328.0,46.0,98.0,156.0,208.0,254.0,642.0,940.0,1072.0,19.676600000000004,47.81700000000002,71.9884,85.66319999999999,EXEMUR_clean_primitive
299.3176,641.8350000000003,1025.3663999999999,1308.7939999999996,1234.0,2736.0,4008.0,4328.0,46.0,98.0,156.0,208.0,254.0,642.0,940.0,1072.0,19.676600000000008,47.81700000000002,71.9884,85.66319999999999,EXEMUR_clean_primitive
299.3176,641.8350000000003,1025.3663999999999,1308.7939999999996,1234.0,2736.0,4008.0,4328.0,46.0,98.0,156.0,208.0,254.0,642.0,940.0,1072.0,19.676600000000008,47.81700000000002,71.9884,85.6632,EXEMUR_clean_primitive
299.31759999999997,641.8350000000003,1025.3664,1308.794,1234.0,2736.0,4008.0,4328.0,46.0,98.0,156.0,208.0,254.0,642.0,940.0,1072.0,19.67660000000001,47.81700000000002,71.9884,85.66320000000002,EXEMUR_clean_primitive
299.31759999999997,641.8350000000003,1025.3663999999999,1308.794,1234.0,2736.0,4008.0,4328.0,46.0,98.0,156.0,208.0,254.0,642.0,940.0,1072.0,19.67660000000001,47.81700000000002,71.9884,85.66320000000002,EXEMUR_clean_primitive
