f-chi-0-all,f-chi-1-all,f-chi-2-all,f-chi-3-all,f-Z-0-all,f-Z-1-all,f-Z-2-all,f-Z-3-all,f-I-0-all,f-I-1-all,f-I-2-all,f-I-3-all,f-T-0-all,f-T-1-all,f-T-2-all,f-T-3-all,f-S-0-all,f-S-1-all,f-S-2-all,f-S-3-all,mc-chi-0-all,mc-chi-1-all,mc-chi-2-all,mc-chi-3-all,mc-Z-0-all,mc-Z-1-all,mc-Z-2-all,mc-Z-3-all,mc-I-0-all,mc-I-1-all,mc-I-2-all,mc-I-3-all,mc-T-0-all,mc-T-1-all,mc-T-2-all,mc-T-3-all,mc-S-0-all,mc-S-1-all,mc-S-2-all,mc-S-3-all,D_mc-chi-0-all,D_mc-chi-1-all,D_mc-chi-2-all,D_mc-chi-3-all,D_mc-Z-0-all,D_mc-Z-1-all,D_mc-Z-2-all,D_mc-Z-3-all,D_mc-I-0-all,D_mc-I-1-all,D_mc-I-2-all,D_mc-I-3-all,D_mc-T-0-all,D_mc-T-1-all,D_mc-T-2-all,D_mc-T-3-all,D_mc-S-0-all,D_mc-S-1-all,D_mc-S-2-all,D_mc-S-3-all,name
252.35619999999992,478.22399999999993,1316.2074000000002,671.6159999999999,11934.0,29952.0,34782.0,32400.0,28.0,72.0,132.0,96.0,240.0,672.0,816.0,768.0,24.594400000000018,74.58479999999999,110.09460000000001,92.87999999999995,2.8560999999999996,33.462,10.748399999999998,39.926249999999996,2304.0,3600.0,3888.0,4032.0,1.0,6.0,3.0,7.5,36.0,72.0,81.0,99.0,2.1904,7.636800000000001,4.994999999999999,9.346200000000001,0.0,-9.66,-1.2899999999999996,-10.95,0.0,213.0,63.0,276.0,0.0,0.0,0.0,0.0,0.0,24.0,4.5,28.5,0.0,3.72,1.065,4.785,EXEMUR_clean_primitive
252.35619999999994,478.22399999999993,1316.2074000000002,671.6159999999998,11934.0,29952.0,34782.0,32400.0,28.0,72.0,132.0,96.0,240.0,672.0,816.0,768.0,24.594400000000018,74.58479999999999,110.0946,92.87999999999997,2.8560999999999996,33.462,10.748399999999998,39.926249999999996,2304.0,3600.0,3888.0,4032.0,1.0,6.0,3.0,7.5,36.0,72.0,81.0,99.0,2.1904,7.636800000000001,4.994999999999999,9.346200000000001,0.0,-9.66,-1.2899999999999996,-10.95,0.0,213.0,63.0,276.0,0.0,0.0,0.0,0.0,0.0,24.0,4.5,28.5,0.0,3.72,1.065,4.785,EXEMUR_clean_primitive
