f-chi-0-all,f-chi-1-all,f-chi-2-all,f-chi-3-all,f-Z-0-all,f-Z-1-all,f-Z-2-all,f-Z-3-all,f-I-0-all,f-I-1-all,f-I-2-all,f-I-3-all,f-T-0-all,f-T-1-all,f-T-2-all,f-T-3-all,f-S-0-all,f-S-1-all,f-S-2-all,f-S-3-all,mc-chi-0-all,mc-chi-1-all,mc-chi-2-all,mc-chi-3-all,mc-Z-0-all,mc-Z-1-all,mc-Z-2-all,mc-Z-3-all,mc-I-0-all,mc-I-1-all,mc-I-2-all,mc-I-3-all,mc-T-0-all,mc-T-1-all,mc-T-2-all,mc-T-3-all,mc-S-0-all,mc-S-1-all,mc-S-2-all,mc-S-3-all,D_mc-chi-0-all,D_mc-chi-1-all,D_mc-chi-2-all,D_mc-chi-3-all,D_mc-Z-0-all,D_mc-Z-1-all,D_mc-Z-2-all,D_mc-Z-3-all,D_mc-I-0-all,D_mc-I-1-all,D_mc-I-2-all,D_mc-I-3-all,D_mc-T-0-all,D_mc-T-1-all,D_mc-T-2-all,D_mc-T-3-all,D_mc-S-0-all,D_mc-S-1-all,D_mc-S-2-all,D_mc-S-3-all,name
191.71019999999996,340.16,649.9723999999999,988.1727999999998,5620.0,8544.0,10916.0,8208.0,24.0,48.0,80.0,120.0,128.0,328.0,432.0,424.0,16.943,37.83,60.568400000000004,72.21440000000001,2.8560999999999996,27.716,30.1665,62.4793,2304.0,1824.0,2016.0,3360.0,1.0,5.0,7.0,14.0,25.0,60.0,105.0,150.0,2.1904,5.4612,7.977199999999999,13.408799999999996,0.0,-7.949999999999999,-6.019999999999998,-13.309999999999997,0.0,202.0,294.0,602.0,0.0,0.0,0.0,0.0,0.0,13.0,14.0,40.0,0.0,3.71,4.97,11.66,XOPMIA_clean_primitive
191.71019999999996,340.16,649.9723999999999,988.1727999999998,5620.0,8544.0,10916.0,8208.0,24.0,48.0,80.0,120.0,128.0,328.0,432.0,424.0,16.942999999999998,37.83,60.568400000000004,72.21440000000003,2.8560999999999996,27.716,30.1665,62.4793,2304.0,1824.0,2016.0,3360.0,1.0,5.0,7.0,14.0,25.0,60.0,105.0,150.0,2.1904,5.4612,7.977199999999999,13.408799999999996,0.0,-7.949999999999999,-6.019999999999998,-13.309999999999997,0.0,202.0,294.0,602.0,0.0,0.0,0.0,0.0,0.0,13.0,14.0,40.0,0.0,3.71,4.97,11.66,XOPMIA_clean_primitive
