f-lig-chi-0,f-lig-chi-1,f-lig-chi-2,f-lig-chi-3,f-lig-Z-0,f-lig-Z-1,f-lig-Z-2,f-lig-Z-3,f-lig-I-0,f-lig-I-1,f-lig-I-2,f-lig-I-3,f-lig-T-0,f-lig-T-1,f-lig-T-2,f-lig-T-3,f-lig-S-0,f-lig-S-1,f-lig-S-2,f-lig-S-3,name
290.70320000000004,643.4160000000003,1032.8899999999996,1233.2270000000003,986.0,2352.0,3248.0,3668.0,50.0,104.0,172.0,206.0,276.0,672.0,940.0,1166.0,18.64020000000001,46.75440000000002,68.67640000000002,82.0486,POLYEW_clean_primitive
290.70320000000004,643.4160000000003,1032.8899999999996,1233.2270000000003,986.0,2352.0,3248.0,3668.0,50.0,104.0,172.0,206.0,276.0,672.0,940.0,1166.0,18.64020000000001,46.754400000000025,68.67640000000002,82.04860000000001,POLYEW_clean_primitive
177.08939999999998,355.011,557.1304,682.442,768.0,1560.0,2272.0,2360.0,26.0,54.0,84.0,108.0,138.0,342.0,484.0,524.0,11.527400000000002,26.842200000000005,39.461200000000005,45.10840000000001,POLYEW_clean_primitive
177.08939999999998,355.011,557.1304,682.4419999999999,768.0,1560.0,2272.0,2360.0,26.0,54.0,84.0,108.0,138.0,342.0,484.0,524.0,11.527400000000002,26.84220000000001,39.461200000000005,45.10840000000001,POLYEW_clean_primitive
177.08939999999998,355.0110000000001,557.1304000000002,682.442,768.0,1560.0,2272.0,2360.0,26.0,54.0,84.0,108.0,138.0,342.0,484.0,524.0,11.527399999999998,26.842200000000012,39.46120000000001,45.108399999999996,POLYEW_clean_primitive
177.08939999999998,355.01100000000014,557.1304000000002,682.4419999999997,768.0,1560.0,2272.0,2360.0,26.0,54.0,84.0,108.0,138.0,342.0,484.0,524.0,11.527400000000007,26.842200000000005,39.46120000000001,45.10839999999999,POLYEW_clean_primitive
