f-sbu-chi-0,f-sbu-chi-1,f-sbu-chi-2,f-sbu-chi-3,f-sbu-Z-0,f-sbu-Z-1,f-sbu-Z-2,f-sbu-Z-3,f-sbu-I-0,f-sbu-I-1,f-sbu-I-2,f-sbu-I-3,f-sbu-T-0,f-sbu-T-1,f-sbu-T-2,f-sbu-T-3,f-sbu-S-0,f-sbu-S-1,f-sbu-S-2,f-sbu-S-3,mc-chi-0,mc-chi-1,mc-chi-2,mc-chi-3,mc-Z-0,mc-Z-1,mc-Z-2,mc-Z-3,mc-I-0,mc-I-1,mc-I-2,mc-I-3,mc-T-0,mc-T-1,mc-T-2,mc-T-3,mc-S-0,mc-S-1,mc-S-2,mc-S-3,D_mc-chi-0,D_mc-chi-1,D_mc-chi-2,D_mc-chi-3,D_mc-Z-0,D_mc-Z-1,D_mc-Z-2,D_mc-Z-3,D_mc-I-0,D_mc-I-1,D_mc-I-2,D_mc-I-3,D_mc-T-0,D_mc-T-1,D_mc-T-2,D_mc-T-3,D_mc-S-0,D_mc-S-1,D_mc-S-2,D_mc-S-3,name
279.5251,634.9856000000003,993.7313999999999,1195.6775999999998,7984.0,6384.0,9054.0,13096.0,40.0,90.0,140.0,170.0,230.0,578.0,852.0,964.0,20.698300000000007,49.94440000000002,75.70179999999996,89.99739999999997,5.4289000000000005,22.181600000000003,29.707499999999996,66.0555,6724.0,1804.0,2460.0,5412.0,1.0,3.0,5.0,10.0,9.0,24.0,45.0,75.0,2.0736,3.2112,5.5440000000000005,10.915200000000002,0.0,-2.53,-1.0999999999999988,-5.049999999999999,0.0,224.0,380.0,754.0,0.0,0.0,0.0,0.0,0.0,1.0,0.0,5.0,0.0,2.09,3.3499999999999996,6.8199999999999985,Pb2_p-PDA_PTPTP_2
279.52509999999995,634.9856000000002,993.7314000000002,1195.6776000000002,7984.0,6384.0,9054.0,13096.0,40.0,90.0,140.0,170.0,230.0,578.0,852.0,964.0,20.698300000000003,49.94440000000002,75.7018,89.99739999999998,5.4289000000000005,22.181600000000003,29.707499999999996,66.0555,6724.0,1804.0,2460.0,5412.0,1.0,3.0,5.0,10.0,9.0,24.0,45.0,75.0,2.0736,3.2112,5.5440000000000005,10.915200000000002,0.0,-2.53,-1.0999999999999988,-5.049999999999999,0.0,224.0,380.0,754.0,0.0,0.0,0.0,0.0,0.0,1.0,0.0,5.0,0.0,2.09,3.3499999999999996,6.8199999999999985,Pb2_p-PDA_PTPTP_2
