f-sbu-chi-0,f-sbu-chi-1,f-sbu-chi-2,f-sbu-chi-3,f-sbu-Z-0,f-sbu-Z-1,f-sbu-Z-2,f-sbu-Z-3,f-sbu-I-0,f-sbu-I-1,f-sbu-I-2,f-sbu-I-3,f-sbu-T-0,f-sbu-T-1,f-sbu-T-2,f-sbu-T-3,f-sbu-S-0,f-sbu-S-1,f-sbu-S-2,f-sbu-S-3,mc-chi-0,mc-chi-1,mc-chi-2,mc-chi-3,mc-Z-0,mc-Z-1,mc-Z-2,mc-Z-3,mc-I-0,mc-I-1,mc-I-2,mc-I-3,mc-T-0,mc-T-1,mc-T-2,mc-T-3,mc-S-0,mc-S-1,mc-S-2,mc-S-3,D_mc-chi-0,D_mc-chi-1,D_mc-chi-2,D_mc-chi-3,D_mc-Z-0,D_mc-Z-1,D_mc-Z-2,D_mc-Z-3,D_mc-I-0,D_mc-I-1,D_mc-I-2,D_mc-I-3,D_mc-T-0,D_mc-T-1,D_mc-T-2,D_mc-T-3,D_mc-S-0,D_mc-S-1,D_mc-S-2,D_mc-S-3,name
226.25869999999992,431.6511999999999,1055.1111999999998,1191.7535999999996,8096.0,13632.0,22272.0,19200.0,25.0,60.0,110.0,148.0,178.0,496.0,766.0,832.0,18.775000000000002,50.3116,82.23660000000001,101.84959999999998,2.8560999999999996,31.005866666666666,23.91913333333333,62.74406666666666,2304.0,2048.0,4416.0,4160.0,1.0,5.333333333333333,6.0,12.0,28.666666666666668,64.66666666666667,116.0,152.0,2.1904,5.762133333333334,8.238666666666665,13.241066666666669,0.0,-9.333333333333334,-4.013333333333333,-16.846666666666664,0.0,213.33333333333334,196.0,489.3333333333333,0.0,0.0,0.0,0.0,0.0,16.666666666666668,11.333333333333334,37.333333333333336,0.0,4.0,3.313333333333333,8.813333333333334,VIDWAI
