f-lig-chi-0,f-lig-chi-1,f-lig-chi-2,f-lig-chi-3,f-lig-Z-0,f-lig-Z-1,f-lig-Z-2,f-lig-Z-3,f-lig-I-0,f-lig-I-1,f-lig-I-2,f-lig-I-3,f-lig-T-0,f-lig-T-1,f-lig-T-2,f-lig-T-3,f-lig-S-0,f-lig-S-1,f-lig-S-2,f-lig-S-3,name
118.71440000000001,219.096,337.32039999999995,385.38699999999994,548.0,1008.0,1456.0,1420.0,16.0,32.0,48.0,58.0,80.0,192.0,256.0,250.0,7.4224,16.262400000000003,23.0448,24.679400000000008,MAFLUD_clean_primitive
118.71440000000001,219.096,337.32039999999995,385.38699999999994,548.0,1008.0,1456.0,1420.0,16.0,32.0,48.0,58.0,80.0,192.0,256.0,250.0,7.4224,16.262400000000003,23.0448,24.679400000000008,MAFLUD_clean_primitive
50.409800000000004,103.4194,129.6912,63.184000000000005,221.0,460.0,486.0,58.0,7.0,14.0,18.0,10.0,32.0,70.0,76.0,18.0,3.1471,6.885400000000001,7.994599999999999,2.4938,MAFLUD_clean_primitive
50.4098,103.4194,129.6912,63.184000000000005,221.0,460.0,486.0,58.0,7.0,14.0,18.0,10.0,32.0,70.0,76.0,18.0,3.1471,6.885400000000001,7.9946,2.4938,MAFLUD_clean_primitive
