f-lig-chi-0,f-lig-chi-1,f-lig-chi-2,f-lig-chi-3,f-lig-Z-0,f-lig-Z-1,f-lig-Z-2,f-lig-Z-3,f-lig-I-0,f-lig-I-1,f-lig-I-2,f-lig-I-3,f-lig-T-0,f-lig-T-1,f-lig-T-2,f-lig-T-3,f-lig-S-0,f-lig-S-1,f-lig-S-2,f-lig-S-3,name
147.7544,286.41599999999994,533.1203999999999,760.971,554.0,1080.0,1632.0,1704.0,22.0,44.0,84.0,126.0,128.0,344.0,504.0,504.0,8.2438,19.6812,32.117200000000004,39.79020000000001,ECEZAO01_clean_primitive
147.7544,286.41599999999994,533.1203999999999,760.971,554.0,1080.0,1632.0,1704.0,22.0,44.0,84.0,126.0,128.0,344.0,504.0,504.0,8.2438,19.6812,32.117200000000004,39.79020000000001,ECEZAO01_clean_primitive
