f-chi-0-all,f-chi-1-all,f-chi-2-all,f-chi-3-all,f-Z-0-all,f-Z-1-all,f-Z-2-all,f-Z-3-all,f-I-0-all,f-I-1-all,f-I-2-all,f-I-3-all,f-T-0-all,f-T-1-all,f-T-2-all,f-T-3-all,f-S-0-all,f-S-1-all,f-S-2-all,f-S-3-all,mc-chi-0-all,mc-chi-1-all,mc-chi-2-all,mc-chi-3-all,mc-Z-0-all,mc-Z-1-all,mc-Z-2-all,mc-Z-3-all,mc-I-0-all,mc-I-1-all,mc-I-2-all,mc-I-3-all,mc-T-0-all,mc-T-1-all,mc-T-2-all,mc-T-3-all,mc-S-0-all,mc-S-1-all,mc-S-2-all,mc-S-3-all,D_mc-chi-0-all,D_mc-chi-1-all,D_mc-chi-2-all,D_mc-chi-3-all,D_mc-Z-0-all,D_mc-Z-1-all,D_mc-Z-2-all,D_mc-Z-3-all,D_mc-I-0-all,D_mc-I-1-all,D_mc-I-2-all,D_mc-I-3-all,D_mc-T-0-all,D_mc-T-1-all,D_mc-T-2-all,D_mc-T-3-all,D_mc-S-0-all,D_mc-S-1-all,D_mc-S-2-all,D_mc-S-3-all,name
155.2903,324.32319999999993,786.1654000000001,631.3087999999998,3136.0,7040.0,11104.0,9472.0,17.0,44.0,80.0,80.0,134.0,392.0,594.0,512.0,12.092899999999998,33.72599999999999,54.59999999999999,55.246399999999994,3.6481,30.661866666666665,20.2842,48.03013333333333,784.0,1045.3333333333333,2016.0,1642.6666666666667,1.0,4.666666666666667,4.666666666666667,8.0,22.666666666666668,54.666666666666664,82.66666666666667,101.33333333333333,1.4641,4.122066666666666,5.412733333333333,7.195466666666667,0.0,-7.140000000000001,-1.7066666666666663,-9.866666666666667,0.0,93.33333333333333,58.666666666666664,165.33333333333334,0.0,0.0,0.0,0.0,0.0,11.333333333333334,5.333333333333333,16.0,0.0,2.2399999999999998,1.1733333333333331,3.733333333333333,ECEZAO01_clean_primitive
