f-link-chi-0,f-link-chi-1,f-link-chi-2,f-link-chi-3,f-link-Z-0,f-link-Z-1,f-link-Z-2,f-link-Z-3,f-link-I-0,f-link-I-1,f-link-I-2,f-link-I-3,f-link-T-0,f-link-T-1,f-link-T-2,f-link-T-3,f-link-S-0,f-link-S-1,f-link-S-2,f-link-S-3,name
251.79360000000003,534.4570000000002,865.2924000000002,1107.7274,918.0,2020.0,2712.0,2672.0,40.0,82.0,136.0,178.0,218.0,544.0,728.0,744.0,15.266400000000004,37.130600000000015,54.1384,60.4978,VOPJAN
251.79360000000003,534.4570000000002,865.2924000000002,1107.7274000000002,918.0,2020.0,2712.0,2672.0,40.0,82.0,136.0,178.0,218.0,544.0,728.0,744.0,15.266400000000008,37.130600000000015,54.138400000000004,60.49780000000002,VOPJAN
118.7144,219.09600000000003,337.3204,385.63199999999995,548.0,1008.0,1456.0,1470.0,16.0,32.0,48.0,58.0,80.0,192.0,256.0,258.0,7.422399999999999,16.262400000000003,23.044800000000002,24.99939999999999,VOPJAN
118.7144,219.096,337.3204,385.632,548.0,1008.0,1456.0,1470.0,16.0,32.0,48.0,58.0,80.0,192.0,256.0,258.0,7.422399999999999,16.262400000000003,23.044800000000002,24.9994,VOPJAN
251.79360000000003,534.4570000000001,865.2924,1107.7274000000007,918.0,2020.0,2712.0,2672.0,40.0,82.0,136.0,178.0,218.0,544.0,728.0,744.0,15.266400000000004,37.130600000000015,54.13840000000002,60.49780000000001,VOPJAN
