f-chi-0-all,f-chi-1-all,f-chi-2-all,f-chi-3-all,f-Z-0-all,f-Z-1-all,f-Z-2-all,f-Z-3-all,f-I-0-all,f-I-1-all,f-I-2-all,f-I-3-all,f-T-0-all,f-T-1-all,f-T-2-all,f-T-3-all,f-S-0-all,f-S-1-all,f-S-2-all,f-S-3-all,mc-chi-0-all,mc-chi-1-all,mc-chi-2-all,mc-chi-3-all,mc-Z-0-all,mc-Z-1-all,mc-Z-2-all,mc-Z-3-all,mc-I-0-all,mc-I-1-all,mc-I-2-all,mc-I-3-all,mc-T-0-all,mc-T-1-all,mc-T-2-all,mc-T-3-all,mc-S-0-all,mc-S-1-all,mc-S-2-all,mc-S-3-all,D_mc-chi-0-all,D_mc-chi-1-all,D_mc-chi-2-all,D_mc-chi-3-all,D_mc-Z-0-all,D_mc-Z-1-all,D_mc-Z-2-all,D_mc-Z-3-all,D_mc-I-0-all,D_mc-I-1-all,D_mc-I-2-all,D_mc-I-3-all,D_mc-T-0-all,D_mc-T-1-all,D_mc-T-2-all,D_mc-T-3-all,D_mc-S-0-all,D_mc-S-1-all,D_mc-S-2-all,D_mc-S-3-all,name
375.21759999999983,855.4216,2378.252,2951.5288,6298.0,16776.0,34128.0,44672.0,44.0,120.0,260.0,388.0,404.0,1316.0,2550.0,3528.0,30.85420000000003,92.47000000000001,184.16039999999995,278.5248,3.5343999999999993,36.14613333333333,32.55533333333333,105.06066666666668,729.0,1206.0,3132.0,3438.0,1.0,5.666666666666667,7.666666666666667,17.666666666666668,32.333333333333336,88.0,183.33333333333334,252.33333333333334,1.5876000000000001,5.229,9.496200000000002,16.1826,0.0,-8.573333333333334,-2.903333333333333,-22.669999999999998,0.0,108.33333333333333,91.0,349.6666666666667,0.0,0.0,0.0,0.0,0.0,17.0,12.0,56.333333333333336,0.0,2.9900000000000007,2.1233333333333335,9.416666666666666,CIWYUD_clean_primitive
