f-lig-chi-0,f-lig-chi-1,f-lig-chi-2,f-lig-chi-3,f-lig-Z-0,f-lig-Z-1,f-lig-Z-2,f-lig-Z-3,f-lig-I-0,f-lig-I-1,f-lig-I-2,f-lig-I-3,f-lig-T-0,f-lig-T-1,f-lig-T-2,f-lig-T-3,f-lig-S-0,f-lig-S-1,f-lig-S-2,f-lig-S-3,name
138.9545,289.44620000000003,444.0566,479.18100000000004,605.0,1286.0,1796.0,1596.0,20.0,42.0,64.0,74.0,106.0,260.0,364.0,354.0,8.9108,20.867800000000003,30.006399999999992,30.53380000000001,RUVBOB_clean_primitive
138.9545,289.44620000000003,444.0566,479.18100000000004,605.0,1286.0,1796.0,1596.0,20.0,42.0,64.0,74.0,106.0,260.0,364.0,354.0,8.9108,20.867800000000003,30.0064,30.533800000000003,RUVBOB_clean_primitive
138.9545,289.4462,444.0566,479.18100000000004,605.0,1286.0,1796.0,1596.0,20.0,42.0,64.0,74.0,106.0,260.0,364.0,354.0,8.9108,20.867800000000003,30.0064,30.533800000000003,RUVBOB_clean_primitive
138.9545,289.44620000000003,444.0566,479.18100000000004,605.0,1286.0,1796.0,1596.0,20.0,42.0,64.0,74.0,106.0,260.0,364.0,354.0,8.9108,20.867800000000006,30.006400000000006,30.533800000000003,RUVBOB_clean_primitive
138.95450000000002,289.44620000000003,444.0566,479.18100000000004,605.0,1286.0,1796.0,1596.0,20.0,42.0,64.0,74.0,106.0,260.0,364.0,354.0,8.910799999999998,20.867800000000006,30.006400000000006,30.53380000000001,RUVBOB_clean_primitive
138.95450000000002,289.44620000000003,444.0566,479.18100000000004,605.0,1286.0,1796.0,1596.0,20.0,42.0,64.0,74.0,106.0,260.0,364.0,354.0,8.910799999999998,20.867800000000006,30.006400000000006,30.53380000000001,RUVBOB_clean_primitive
138.95450000000002,289.4462000000001,444.0565999999999,479.18100000000004,605.0,1286.0,1796.0,1596.0,20.0,42.0,64.0,74.0,106.0,260.0,364.0,354.0,8.9108,20.867800000000003,30.006400000000003,30.533800000000006,RUVBOB_clean_primitive
138.95450000000002,289.44620000000015,444.0566,479.18100000000004,605.0,1286.0,1796.0,1596.0,20.0,42.0,64.0,74.0,106.0,260.0,364.0,354.0,8.9108,20.867800000000003,30.006400000000003,30.533800000000006,RUVBOB_clean_primitive
138.95450000000002,289.4462000000001,444.0565999999999,479.18100000000004,605.0,1286.0,1796.0,1596.0,20.0,42.0,64.0,74.0,106.0,260.0,364.0,354.0,8.9108,20.867800000000003,30.006400000000003,30.533800000000006,RUVBOB_clean_primitive
