f-chi-0-all,f-chi-1-all,f-chi-2-all,f-chi-3-all,f-Z-0-all,f-Z-1-all,f-Z-2-all,f-Z-3-all,f-I-0-all,f-I-1-all,f-I-2-all,f-I-3-all,f-T-0-all,f-T-1-all,f-T-2-all,f-T-3-all,f-S-0-all,f-S-1-all,f-S-2-all,f-S-3-all,mc-chi-0-all,mc-chi-1-all,mc-chi-2-all,mc-chi-3-all,mc-Z-0-all,mc-Z-1-all,mc-Z-2-all,mc-Z-3-all,mc-I-0-all,mc-I-1-all,mc-I-2-all,mc-I-3-all,mc-T-0-all,mc-T-1-all,mc-T-2-all,mc-T-3-all,mc-S-0-all,mc-S-1-all,mc-S-2-all,mc-S-3-all,D_mc-chi-0-all,D_mc-chi-1-all,D_mc-chi-2-all,D_mc-chi-3-all,D_mc-Z-0-all,D_mc-Z-1-all,D_mc-Z-2-all,D_mc-Z-3-all,D_mc-I-0-all,D_mc-I-1-all,D_mc-I-2-all,D_mc-I-3-all,D_mc-T-0-all,D_mc-T-1-all,D_mc-T-2-all,D_mc-T-3-all,D_mc-S-0-all,D_mc-S-1-all,D_mc-S-2-all,D_mc-S-3-all,name
375.6645,716.6783999999997,1728.2980000000007,2464.952799999999,14416.0,28980.0,49130.0,46990.0,46.0,104.0,210.0,316.0,318.0,918.0,1580.0,1792.0,35.9049,93.50820000000002,175.53060000000002,238.17580000000004,2.856099999999999,29.284319999999997,30.359159999999996,68.3774,2304.0,2668.8,5395.2,4675.2,1.0,5.4,7.2,14.0,29.8,71.4,142.8,184.8,2.1904,6.509040000000001,9.8272,14.859199999999998,0.0,-8.202000000000002,-5.7959999999999985,-16.8,0.0,203.6,233.2,574.6,0.0,0.0,0.0,0.0,0.0,17.0,15.2,44.8,0.0,3.5940000000000003,4.016,10.68,RUVBOB_clean_primitive
656.0601000000006,1414.9194000000002,2998.4518000000007,4038.3121999999994,15493.0,31920.0,54182.0,59962.0,90.0,210.0,394.0,568.0,608.0,1692.0,2908.0,3660.0,53.513299999999994,144.74400000000009,260.92980000000017,359.7306,2.856099999999999,29.284319999999997,30.359159999999996,68.3774,2304.0,2668.8,5395.2,4675.2,1.0,5.4,7.2,14.0,29.8,71.4,142.8,184.8,2.1904,6.509040000000001,9.8272,14.859199999999998,0.0,-8.202000000000002,-5.7959999999999985,-16.8,0.0,203.6,233.2,574.6,0.0,0.0,0.0,0.0,0.0,17.0,15.2,44.8,0.0,3.5940000000000003,4.016,10.68,RUVBOB_clean_primitive
