f-chi-0-all,f-chi-1-all,f-chi-2-all,f-chi-3-all,f-Z-0-all,f-Z-1-all,f-Z-2-all,f-Z-3-all,f-I-0-all,f-I-1-all,f-I-2-all,f-I-3-all,f-T-0-all,f-T-1-all,f-T-2-all,f-T-3-all,f-S-0-all,f-S-1-all,f-S-2-all,f-S-3-all,mc-chi-0-all,mc-chi-1-all,mc-chi-2-all,mc-chi-3-all,mc-Z-0-all,mc-Z-1-all,mc-Z-2-all,mc-Z-3-all,mc-I-0-all,mc-I-1-all,mc-I-2-all,mc-I-3-all,mc-T-0-all,mc-T-1-all,mc-T-2-all,mc-T-3-all,mc-S-0-all,mc-S-1-all,mc-S-2-all,mc-S-3-all,D_mc-chi-0-all,D_mc-chi-1-all,D_mc-chi-2-all,D_mc-chi-3-all,D_mc-Z-0-all,D_mc-Z-1-all,D_mc-Z-2-all,D_mc-Z-3-all,D_mc-I-0-all,D_mc-I-1-all,D_mc-I-2-all,D_mc-I-3-all,D_mc-T-0-all,D_mc-T-1-all,D_mc-T-2-all,D_mc-T-3-all,D_mc-S-0-all,D_mc-S-1-all,D_mc-S-2-all,D_mc-S-3-all,name
48.103199999999994,85.12,83.25319999999999,62.016000000000005,1083.0,1148.0,1634.0,336.0,7.0,12.0,14.0,8.0,26.0,48.0,38.0,24.0,5.401,8.76,11.997399999999999,4.619999999999999,2.115933333333333,27.305266666666665,17.3176,36.68913333333333,2843.0,3028.6666666666665,4034.6666666666665,3329.3333333333335,1.0,6.666666666666667,5.333333333333333,10.0,55.333333333333336,148.0,152.0,190.66666666666666,2.6070666666666664,8.269466666666666,7.803733333333334,11.626399999999999,0.0,-13.786666666666667,-5.466666666666666,-13.76,0.0,340.0,217.33333333333334,473.3333333333333,0.0,0.0,0.0,0.0,0.0,37.333333333333336,18.666666666666668,46.0,0.0,6.333333333333333,3.98,9.233333333333333,JIVSEN_clean_primitive
196.76099999999994,377.26559999999995,1573.8061999999998,1092.6587999999997,8744.0,18656.0,23320.0,14992.0,22.0,64.0,158.0,140.0,280.0,1024.0,1362.0,992.0,17.054799999999997,61.3388,105.81359999999998,93.33200000000002,2.115933333333333,27.305266666666665,17.3176,36.68913333333333,2843.0,3028.6666666666665,4034.6666666666665,3329.3333333333335,1.0,6.666666666666667,5.333333333333333,10.0,55.333333333333336,148.0,152.0,190.66666666666666,2.6070666666666664,8.269466666666666,7.803733333333334,11.626399999999999,0.0,-13.786666666666667,-5.466666666666666,-13.76,0.0,340.0,217.33333333333334,473.3333333333333,0.0,0.0,0.0,0.0,0.0,37.333333333333336,18.666666666666668,46.0,0.0,6.333333333333333,3.98,9.233333333333333,JIVSEN_clean_primitive
