f-sbu-chi-0,f-sbu-chi-1,f-sbu-chi-2,f-sbu-chi-3,f-sbu-Z-0,f-sbu-Z-1,f-sbu-Z-2,f-sbu-Z-3,f-sbu-I-0,f-sbu-I-1,f-sbu-I-2,f-sbu-I-3,f-sbu-T-0,f-sbu-T-1,f-sbu-T-2,f-sbu-T-3,f-sbu-S-0,f-sbu-S-1,f-sbu-S-2,f-sbu-S-3,mc-chi-0,mc-chi-1,mc-chi-2,mc-chi-3,mc-Z-0,mc-Z-1,mc-Z-2,mc-Z-3,mc-I-0,mc-I-1,mc-I-2,mc-I-3,mc-T-0,mc-T-1,mc-T-2,mc-T-3,mc-S-0,mc-S-1,mc-S-2,mc-S-3,D_mc-chi-0,D_mc-chi-1,D_mc-chi-2,D_mc-chi-3,D_mc-Z-0,D_mc-Z-1,D_mc-Z-2,D_mc-Z-3,D_mc-I-0,D_mc-I-1,D_mc-I-2,D_mc-I-3,D_mc-T-0,D_mc-T-1,D_mc-T-2,D_mc-T-3,D_mc-S-0,D_mc-S-1,D_mc-S-2,D_mc-S-3,name
112.5489,226.4964,359.0169999999998,386.95039999999995,2253.0,4356.0,6760.0,4480.0,15.0,36.0,48.0,52.0,100.0,264.0,306.0,312.0,11.722900000000001,28.217600000000004,39.2466,35.361599999999996,2.5721000000000003,17.9104,13.044933333333333,30.898066666666676,561.0,618.0,1419.3333333333333,837.3333333333334,1.0,3.3333333333333335,4.0,7.333333333333333,11.333333333333334,28.0,59.333333333333336,73.33333333333333,1.6362999999999996,3.1526666666666663,5.393933333333333,6.002266666666667,0.0,-5.873333333333332,-1.9999999999999998,-8.08,0.0,53.333333333333336,38.0,144.66666666666666,0.0,0.0,0.0,0.0,0.0,3.3333333333333335,-1.3333333333333333,7.333333333333333,0.0,1.8466666666666665,1.24,5.353333333333332,TAQYER
