f-lig-chi-0,f-lig-chi-1,f-lig-chi-2,f-lig-chi-3,f-lig-Z-0,f-lig-Z-1,f-lig-Z-2,f-lig-Z-3,f-lig-I-0,f-lig-I-1,f-lig-I-2,f-lig-I-3,f-lig-T-0,f-lig-T-1,f-lig-T-2,f-lig-T-3,f-lig-S-0,f-lig-S-1,f-lig-S-2,f-lig-S-3,name
182.5676,368.92299999999994,574.7675999999998,650.5968000000001,794.0,1612.0,2400.0,2448.0,26.0,54.0,84.0,96.0,138.0,334.0,458.0,474.0,11.4666,26.689400000000006,38.9436,41.95040000000001,OFEHAK_clean_primitive
182.5676,368.923,574.7676,650.5968,794.0,1612.0,2400.0,2448.0,26.0,54.0,84.0,96.0,138.0,334.0,458.0,474.0,11.466600000000001,26.689400000000006,38.94360000000001,41.950400000000016,OFEHAK_clean_primitive
182.5676,368.92300000000006,574.7676000000001,650.5967999999999,794.0,1612.0,2400.0,2448.0,26.0,54.0,84.0,96.0,138.0,334.0,458.0,474.0,11.466600000000001,26.689400000000003,38.94360000000001,41.9504,OFEHAK_clean_primitive
182.5676,368.923,574.7675999999998,650.5968,794.0,1612.0,2400.0,2448.0,26.0,54.0,84.0,96.0,138.0,334.0,458.0,474.0,11.4666,26.689400000000006,38.94360000000001,41.95040000000001,OFEHAK_clean_primitive
182.56760000000003,368.92299999999994,574.7675999999999,650.5967999999999,794.0,1612.0,2400.0,2448.0,26.0,54.0,84.0,96.0,138.0,334.0,458.0,474.0,11.466599999999998,26.689400000000006,38.9436,41.9504,OFEHAK_clean_primitive
182.5676,368.923,574.7675999999999,650.5968000000003,794.0,1612.0,2400.0,2448.0,26.0,54.0,84.0,96.0,138.0,334.0,458.0,474.0,11.4666,26.689400000000006,38.9436,41.950400000000016,OFEHAK_clean_primitive
182.56759999999997,368.92300000000006,574.7676000000001,650.5968000000001,794.0,1612.0,2400.0,2448.0,26.0,54.0,84.0,96.0,138.0,334.0,458.0,474.0,11.466600000000007,26.68940000000001,38.94360000000001,41.950399999999995,OFEHAK_clean_primitive
182.56760000000003,368.92300000000006,574.7675999999999,650.5968000000001,794.0,1612.0,2400.0,2448.0,26.0,54.0,84.0,96.0,138.0,334.0,458.0,474.0,11.466599999999998,26.68940000000001,38.9436,41.95040000000001,OFEHAK_clean_primitive
