f-lig-chi-0,f-lig-chi-1,f-lig-chi-2,f-lig-chi-3,f-lig-Z-0,f-lig-Z-1,f-lig-Z-2,f-lig-Z-3,f-lig-I-0,f-lig-I-1,f-lig-I-2,f-lig-I-3,f-lig-T-0,f-lig-T-1,f-lig-T-2,f-lig-T-3,f-lig-S-0,f-lig-S-1,f-lig-S-2,f-lig-S-3,name
144.0441,255.96900000000002,399.6456,462.458,711.0,1260.0,1896.0,1994.0,18.0,36.0,54.0,66.0,90.0,216.0,294.0,314.0,8.9442,19.126800000000006,27.591,31.3202,DOHNUL_clean_primitive
144.0441,255.96900000000002,399.6456,462.45799999999997,711.0,1260.0,1896.0,1994.0,18.0,36.0,54.0,66.0,90.0,216.0,294.0,314.0,8.9442,19.126800000000006,27.591,31.3202,DOHNUL_clean_primitive
167.798,375.7012000000001,573.8114,623.658,686.0,1600.0,2198.0,2022.0,26.0,56.0,86.0,98.0,142.0,348.0,484.0,478.0,11.159400000000007,27.33640000000001,39.39779999999999,39.84459999999999,DOHNUL_clean_primitive
167.798,375.70120000000014,573.8114,623.658,686.0,1600.0,2198.0,2022.0,26.0,56.0,86.0,98.0,142.0,348.0,484.0,478.0,11.159400000000007,27.336400000000005,39.39779999999999,39.8446,DOHNUL_clean_primitive
167.798,375.7012000000001,573.8114,623.6579999999999,686.0,1600.0,2198.0,2022.0,26.0,56.0,86.0,98.0,142.0,348.0,484.0,478.0,11.159400000000007,27.33640000000001,39.3978,39.8446,DOHNUL_clean_primitive
167.798,375.7012000000001,573.8114,623.6579999999999,686.0,1600.0,2198.0,2022.0,26.0,56.0,86.0,98.0,142.0,348.0,484.0,478.0,11.159400000000007,27.33640000000001,39.3978,39.8446,DOHNUL_clean_primitive
144.0441,255.969,399.64559999999994,462.45799999999997,711.0,1260.0,1896.0,1994.0,18.0,36.0,54.0,66.0,90.0,216.0,294.0,314.0,8.9442,19.126800000000003,27.591,31.320200000000003,DOHNUL_clean_primitive
144.0441,255.969,399.64559999999994,462.45799999999997,711.0,1260.0,1896.0,1994.0,18.0,36.0,54.0,66.0,90.0,216.0,294.0,314.0,8.9442,19.126800000000006,27.591,31.320200000000003,DOHNUL_clean_primitive
