f-chi-0-all,f-chi-1-all,f-chi-2-all,f-chi-3-all,f-Z-0-all,f-Z-1-all,f-Z-2-all,f-Z-3-all,f-I-0-all,f-I-1-all,f-I-2-all,f-I-3-all,f-T-0-all,f-T-1-all,f-T-2-all,f-T-3-all,f-S-0-all,f-S-1-all,f-S-2-all,f-S-3-all,mc-chi-0-all,mc-chi-1-all,mc-chi-2-all,mc-chi-3-all,mc-Z-0-all,mc-Z-1-all,mc-Z-2-all,mc-Z-3-all,mc-I-0-all,mc-I-1-all,mc-I-2-all,mc-I-3-all,mc-T-0-all,mc-T-1-all,mc-T-2-all,mc-T-3-all,mc-S-0-all,mc-S-1-all,mc-S-2-all,mc-S-3-all,D_mc-chi-0-all,D_mc-chi-1-all,D_mc-chi-2-all,D_mc-chi-3-all,D_mc-Z-0-all,D_mc-Z-1-all,D_mc-Z-2-all,D_mc-Z-3-all,D_mc-I-0-all,D_mc-I-1-all,D_mc-I-2-all,D_mc-I-3-all,D_mc-T-0-all,D_mc-T-1-all,D_mc-T-2-all,D_mc-T-3-all,D_mc-S-0-all,D_mc-S-1-all,D_mc-S-2-all,D_mc-S-3-all,name
230.83769999999993,395.328,627.3000000000001,858.9600000000002,3912.0,6960.0,8418.0,6360.0,29.0,56.0,80.0,104.0,136.0,320.0,378.0,344.0,19.962100000000003,41.394400000000005,58.68879999999999,62.04320000000002,2.7224999999999997,21.823999999999998,22.439999999999998,47.25599999999999,900.0,920.0,960.0,1680.0,1.0,4.0,5.333333333333333,10.666666666666666,16.0,37.333333333333336,64.0,90.66666666666667,1.7161000000000002,3.8601333333333336,5.379733333333334,9.2224,0.0,-6.626666666666666,-4.8,-11.040000000000004,0.0,89.33333333333333,128.0,264.0,0.0,0.0,0.0,0.0,0.0,6.666666666666667,5.333333333333333,20.0,0.0,2.293333333333334,2.8799999999999994,6.933333333333334,DOHNUL_clean_primitive
230.83769999999996,395.328,627.3000000000001,858.9600000000003,3912.0,6960.0,8418.0,6360.0,29.0,56.0,80.0,104.0,136.0,320.0,378.0,344.0,19.962100000000003,41.394400000000005,58.688799999999986,62.04320000000002,2.7224999999999997,21.823999999999998,22.439999999999998,47.25599999999999,900.0,920.0,960.0,1680.0,1.0,4.0,5.333333333333333,10.666666666666666,16.0,37.333333333333336,64.0,90.66666666666667,1.7161000000000002,3.8601333333333336,5.379733333333334,9.2224,0.0,-6.626666666666666,-4.8,-11.040000000000004,0.0,89.33333333333333,128.0,264.0,0.0,0.0,0.0,0.0,0.0,6.666666666666667,5.333333333333333,20.0,0.0,2.293333333333334,2.8799999999999994,6.933333333333334,DOHNUL_clean_primitive
