f-lig-chi-0,f-lig-chi-1,f-lig-chi-2,f-lig-chi-3,f-lig-Z-0,f-lig-Z-1,f-lig-Z-2,f-lig-Z-3,f-lig-I-0,f-lig-I-1,f-lig-I-2,f-lig-I-3,f-lig-T-0,f-lig-T-1,f-lig-T-2,f-lig-T-3,f-lig-S-0,f-lig-S-1,f-lig-S-2,f-lig-S-3,name
756.5684000000011,1555.1940000000006,2612.4422,3391.961999999998,3128.0,6576.0,9704.0,11064.0,111.0,232.0,386.0,516.0,618.0,1556.0,2276.0,2628.0,46.43189999999996,111.3112,169.1185999999999,207.16519999999997,ADODII_clean_primitive
