f-chi-0-all,f-chi-1-all,f-chi-2-all,f-chi-3-all,f-Z-0-all,f-Z-1-all,f-Z-2-all,f-Z-3-all,f-I-0-all,f-I-1-all,f-I-2-all,f-I-3-all,f-T-0-all,f-T-1-all,f-T-2-all,f-T-3-all,f-S-0-all,f-S-1-all,f-S-2-all,f-S-3-all,mc-chi-0-all,mc-chi-1-all,mc-chi-2-all,mc-chi-3-all,mc-Z-0-all,mc-Z-1-all,mc-Z-2-all,mc-Z-3-all,mc-I-0-all,mc-I-1-all,mc-I-2-all,mc-I-3-all,mc-T-0-all,mc-T-1-all,mc-T-2-all,mc-T-3-all,mc-S-0-all,mc-S-1-all,mc-S-2-all,mc-S-3-all,D_mc-chi-0-all,D_mc-chi-1-all,D_mc-chi-2-all,D_mc-chi-3-all,D_mc-Z-0-all,D_mc-Z-1-all,D_mc-Z-2-all,D_mc-Z-3-all,D_mc-I-0-all,D_mc-I-1-all,D_mc-I-2-all,D_mc-I-3-all,D_mc-T-0-all,D_mc-T-1-all,D_mc-T-2-all,D_mc-T-3-all,D_mc-S-0-all,D_mc-S-1-all,D_mc-S-2-all,D_mc-S-3-all,name
298.4345999999999,567.388,1878.4911999999995,2158.421999999999,10062.0,20080.0,22156.0,14808.0,36.0,92.0,212.0,268.0,340.0,1100.0,1556.0,1368.0,24.961800000000018,76.90480000000001,140.9228,158.52760000000006,1.2100000000000002,32.197,22.44,32.043000000000006,4225.0,4420.0,3120.0,3900.0,1.0,9.0,8.0,11.0,81.0,198.0,216.0,225.0,2.8223999999999996,11.171999999999999,10.348799999999999,12.7512,0.0,-19.369999999999997,-11.599999999999996,-17.029999999999998,0.0,517.0,472.0,655.0,0.0,0.0,0.0,0.0,0.0,59.0,48.0,74.0,0.0,8.469999999999999,7.28,10.89,MOGNAY_clean_primitive
298.4345999999999,567.3880000000001,1878.4911999999995,2158.4219999999996,10062.0,20080.0,22156.0,14808.0,36.0,92.0,212.0,268.0,340.0,1100.0,1556.0,1368.0,24.961800000000018,76.90480000000001,140.9228,158.5276000000001,1.2100000000000002,32.197,22.44,32.043000000000006,4225.0,4420.0,3120.0,3900.0,1.0,9.0,8.0,11.0,81.0,198.0,216.0,225.0,2.8223999999999996,11.171999999999999,10.348799999999999,12.7512,0.0,-19.369999999999997,-11.599999999999996,-17.029999999999998,0.0,517.0,472.0,655.0,0.0,0.0,0.0,0.0,0.0,59.0,48.0,74.0,0.0,8.469999999999999,7.28,10.89,MOGNAY_clean_primitive
