f-sbu-chi-0,f-sbu-chi-1,f-sbu-chi-2,f-sbu-chi-3,f-sbu-Z-0,f-sbu-Z-1,f-sbu-Z-2,f-sbu-Z-3,f-sbu-I-0,f-sbu-I-1,f-sbu-I-2,f-sbu-I-3,f-sbu-T-0,f-sbu-T-1,f-sbu-T-2,f-sbu-T-3,f-sbu-S-0,f-sbu-S-1,f-sbu-S-2,f-sbu-S-3,mc-chi-0,mc-chi-1,mc-chi-2,mc-chi-3,mc-Z-0,mc-Z-1,mc-Z-2,mc-Z-3,mc-I-0,mc-I-1,mc-I-2,mc-I-3,mc-T-0,mc-T-1,mc-T-2,mc-T-3,mc-S-0,mc-S-1,mc-S-2,mc-S-3,D_mc-chi-0,D_mc-chi-1,D_mc-chi-2,D_mc-chi-3,D_mc-Z-0,D_mc-Z-1,D_mc-Z-2,D_mc-Z-3,D_mc-I-0,D_mc-I-1,D_mc-I-2,D_mc-I-3,D_mc-T-0,D_mc-T-1,D_mc-T-2,D_mc-T-3,D_mc-S-0,D_mc-S-1,D_mc-S-2,D_mc-S-3,name
350.6464000000001,829.1783999999997,1748.9303999999995,2819.3648,5176.0,11544.0,20792.0,27684.0,44.0,112.0,224.0,348.0,336.0,1000.0,1888.0,2596.0,30.4856,82.39919999999998,161.364,229.4496,3.61,29.64,47.32899999999999,66.76599999999999,841.0,1044.0,1682.0,2842.0,1.0,5.0,9.0,13.0,25.0,70.0,125.0,170.0,1.9043999999999996,5.1474,9.453,13.3584,0.0,-6.100000000000001,-7.810000000000002,-10.440000000000005,0.0,109.0,203.0,279.0,0.0,0.0,0.0,0.0,0.0,11.0,20.0,31.0,0.0,3.1699999999999995,5.5699999999999985,8.259999999999998,ADABUE
