f-lig-chi-0,f-lig-chi-1,f-lig-chi-2,f-lig-chi-3,f-lig-Z-0,f-lig-Z-1,f-lig-Z-2,f-lig-Z-3,f-lig-I-0,f-lig-I-1,f-lig-I-2,f-lig-I-3,f-lig-T-0,f-lig-T-1,f-lig-T-2,f-lig-T-3,f-lig-S-0,f-lig-S-1,f-lig-S-2,f-lig-S-3,name
342.2986999999999,589.56,1071.6836,1305.9879999999996,1688.0,2928.0,5204.0,6028.0,39.0,80.0,132.0,176.0,212.0,532.0,790.0,996.0,19.374299999999998,42.688800000000015,68.27800000000002,87.55760000000001,KIPJUQ_clean_primitive
342.29869999999994,589.56,1071.6835999999996,1305.9879999999994,1688.0,2928.0,5204.0,6028.0,39.0,80.0,132.0,176.0,212.0,532.0,790.0,996.0,19.374300000000005,42.68880000000001,68.278,87.55760000000004,KIPJUQ_clean_primitive
342.2986999999999,589.5600000000001,1071.6835999999998,1305.9879999999996,1688.0,2928.0,5204.0,6028.0,39.0,80.0,132.0,176.0,212.0,532.0,790.0,996.0,19.374299999999998,42.68880000000002,68.27800000000002,87.5576,KIPJUQ_clean_primitive
342.2986999999999,589.56,1071.6835999999998,1305.9879999999991,1688.0,2928.0,5204.0,6028.0,39.0,80.0,132.0,176.0,212.0,532.0,790.0,996.0,19.374300000000005,42.68880000000002,68.27800000000003,87.55760000000002,KIPJUQ_clean_primitive
342.2986999999999,589.5600000000001,1071.6835999999998,1305.9879999999991,1688.0,2928.0,5204.0,6028.0,39.0,80.0,132.0,176.0,212.0,532.0,790.0,996.0,19.3743,42.68880000000003,68.27800000000002,87.55760000000002,KIPJUQ_clean_primitive
342.29869999999994,589.5600000000001,1071.6835999999998,1305.9880000000003,1688.0,2928.0,5204.0,6028.0,39.0,80.0,132.0,176.0,212.0,532.0,790.0,996.0,19.374299999999995,42.68880000000002,68.27800000000002,87.55759999999998,KIPJUQ_clean_primitive
