f-chi-0-all,f-chi-1-all,f-chi-2-all,f-chi-3-all,f-Z-0-all,f-Z-1-all,f-Z-2-all,f-Z-3-all,f-I-0-all,f-I-1-all,f-I-2-all,f-I-3-all,f-T-0-all,f-T-1-all,f-T-2-all,f-T-3-all,f-S-0-all,f-S-1-all,f-S-2-all,f-S-3-all,mc-chi-0-all,mc-chi-1-all,mc-chi-2-all,mc-chi-3-all,mc-Z-0-all,mc-Z-1-all,mc-Z-2-all,mc-Z-3-all,mc-I-0-all,mc-I-1-all,mc-I-2-all,mc-I-3-all,mc-T-0-all,mc-T-1-all,mc-T-2-all,mc-T-3-all,mc-S-0-all,mc-S-1-all,mc-S-2-all,mc-S-3-all,D_mc-chi-0-all,D_mc-chi-1-all,D_mc-chi-2-all,D_mc-chi-3-all,D_mc-Z-0-all,D_mc-Z-1-all,D_mc-Z-2-all,D_mc-Z-3-all,D_mc-I-0-all,D_mc-I-1-all,D_mc-I-2-all,D_mc-I-3-all,D_mc-T-0-all,D_mc-T-1-all,D_mc-T-2-all,D_mc-T-3-all,D_mc-S-0-all,D_mc-S-1-all,D_mc-S-2-all,D_mc-S-3-all,name
1453.0087999999994,3341.0656000000035,10778.466199999995,11309.481600000005,187898.0,213312.0,839422.0,677824.0,150.0,440.0,1064.0,1484.0,1596.0,5104.0,10520.0,16932.0,144.6476000000003,450.9647999999991,909.6679999999986,1493.6967999999997,4.781989473684211,38.03734736842108,25.889031578947375,123.42037894736838,4743.0526315789475,2741.4736842105262,19683.473684210527,8760.842105263158,1.0,5.105263157894737,5.473684210526316,16.789473684210527,26.36842105263158,61.1578947368421,139.78947368421052,206.47368421052633,2.165894736842106,5.463857894736844,10.803305263157895,17.968110526315783,0.0,-6.504736842105266,-0.47210526315789475,-21.256842105263164,0.0,301.8421052631579,61.578947368421055,969.4736842105264,0.0,0.0,0.0,0.0,0.0,14.578947368421053,1.4736842105263157,46.94736842105263,0.0,3.7578947368421063,0.5994736842105258,12.28947368421053,NIHVUX_clean_primitive
