name,cif_file,Di,Df,Dif,rho,VSA,GSA,VPOV,GPOV,POAV_vol_frac,PONAV_vol_frac,GPOAV,GPONAV,POAV,PONAV
OXOLAP_SL,OXOLAP_SL.cif,19.10077,13.85784,19.10077,0.601751,1166.16,1937.94,0.6397999999999999,1.0632304724046988,0.6224,0.0174,1.03431,0.0289156,9843.11,275.177
