f-chi-0-all,f-chi-1-all,f-chi-2-all,f-chi-3-all,f-Z-0-all,f-Z-1-all,f-Z-2-all,f-Z-3-all,f-I-0-all,f-I-1-all,f-I-2-all,f-I-3-all,f-T-0-all,f-T-1-all,f-T-2-all,f-T-3-all,f-S-0-all,f-S-1-all,f-S-2-all,f-S-3-all,mc-chi-0-all,mc-chi-1-all,mc-chi-2-all,mc-chi-3-all,mc-Z-0-all,mc-Z-1-all,mc-Z-2-all,mc-Z-3-all,mc-I-0-all,mc-I-1-all,mc-I-2-all,mc-I-3-all,mc-T-0-all,mc-T-1-all,mc-T-2-all,mc-T-3-all,mc-S-0-all,mc-S-1-all,mc-S-2-all,mc-S-3-all,D_mc-chi-0-all,D_mc-chi-1-all,D_mc-chi-2-all,D_mc-chi-3-all,D_mc-Z-0-all,D_mc-Z-1-all,D_mc-Z-2-all,D_mc-Z-3-all,D_mc-I-0-all,D_mc-I-1-all,D_mc-I-2-all,D_mc-I-3-all,D_mc-T-0-all,D_mc-T-1-all,D_mc-T-2-all,D_mc-T-3-all,D_mc-S-0-all,D_mc-S-1-all,D_mc-S-2-all,D_mc-S-3-all,name
273.07359999999994,509.3279999999998,1082.5375999999997,1378.3679999999995,5026.0,10200.0,15680.0,14952.0,32.0,72.0,124.0,172.0,196.0,516.0,772.0,828.0,22.564800000000005,54.89040000000002,90.318,111.22360000000006,2.7224999999999997,25.212,23.759999999999998,51.98325,900.0,1065.0,1800.0,2085.0,1.0,4.5,6.0,11.0,20.5,48.0,89.0,122.0,1.7161000000000004,4.31645,6.759600000000002,10.349,0.0,-7.854999999999999,-4.5,-13.355000000000002,0.0,99.5,120.0,260.5,0.0,0.0,0.0,0.0,0.0,10.0,8.0,23.0,0.0,2.6000000000000005,2.7000000000000006,6.51,TASXIW_clean_primitive
273.07359999999994,509.32799999999986,1082.5375999999997,1378.3679999999997,5026.0,10200.0,15680.0,14952.0,32.0,72.0,124.0,172.0,196.0,516.0,772.0,828.0,22.564800000000005,54.89040000000002,90.31800000000001,111.22360000000008,2.7224999999999997,25.212,23.759999999999998,51.98325,900.0,1065.0,1800.0,2085.0,1.0,4.5,6.0,11.0,20.5,48.0,89.0,122.0,1.7161000000000004,4.31645,6.759600000000002,10.349,0.0,-7.854999999999999,-4.5,-13.355000000000002,0.0,99.5,120.0,260.5,0.0,0.0,0.0,0.0,0.0,10.0,8.0,23.0,0.0,2.6000000000000005,2.7000000000000006,6.51,TASXIW_clean_primitive
