f-chi-0-all,f-chi-1-all,f-chi-2-all,f-chi-3-all,f-Z-0-all,f-Z-1-all,f-Z-2-all,f-Z-3-all,f-I-0-all,f-I-1-all,f-I-2-all,f-I-3-all,f-T-0-all,f-T-1-all,f-T-2-all,f-T-3-all,f-S-0-all,f-S-1-all,f-S-2-all,f-S-3-all,mc-chi-0-all,mc-chi-1-all,mc-chi-2-all,mc-chi-3-all,mc-Z-0-all,mc-Z-1-all,mc-Z-2-all,mc-Z-3-all,mc-I-0-all,mc-I-1-all,mc-I-2-all,mc-I-3-all,mc-T-0-all,mc-T-1-all,mc-T-2-all,mc-T-3-all,mc-S-0-all,mc-S-1-all,mc-S-2-all,mc-S-3-all,D_mc-chi-0-all,D_mc-chi-1-all,D_mc-chi-2-all,D_mc-chi-3-all,D_mc-Z-0-all,D_mc-Z-1-all,D_mc-Z-2-all,D_mc-Z-3-all,D_mc-I-0-all,D_mc-I-1-all,D_mc-I-2-all,D_mc-I-3-all,D_mc-T-0-all,D_mc-T-1-all,D_mc-T-2-all,D_mc-T-3-all,D_mc-S-0-all,D_mc-S-1-all,D_mc-S-2-all,D_mc-S-3-all,name
320.1568000000001,676.4607999999997,1459.7167999999997,2636.2880000000005,5221.0,12792.0,30812.0,32704.0,37.0,88.0,188.0,320.0,276.0,880.0,1852.0,2272.0,26.5977,71.04959999999996,157.85279999999997,231.11999999999995,3.61,29.108,57.038,88.69199999999998,841.0,1305.0,4147.0,3132.0,1.0,5.0,11.0,16.0,25.0,80.0,175.0,220.0,1.9043999999999994,5.5062,13.9932,16.6704,0.0,-5.82,-9.120000000000003,-16.280000000000005,0.0,100.0,176.0,356.0,0.0,0.0,0.0,0.0,0.0,9.0,20.0,36.0,0.0,2.9099999999999997,5.039999999999999,9.999999999999998,ZIMTAS_clean_primitive
320.1568000000001,676.4607999999997,1459.7167999999995,2636.2880000000005,5221.0,12792.0,30812.0,32704.0,37.0,88.0,188.0,320.0,276.0,880.0,1852.0,2272.0,26.5977,71.04959999999996,157.85279999999997,231.11999999999995,3.61,29.108,57.038,88.69199999999998,841.0,1305.0,4147.0,3132.0,1.0,5.0,11.0,16.0,25.0,80.0,175.0,220.0,1.9043999999999994,5.5062,13.9932,16.6704,0.0,-5.82,-9.120000000000003,-16.280000000000005,0.0,100.0,176.0,356.0,0.0,0.0,0.0,0.0,0.0,9.0,20.0,36.0,0.0,2.9099999999999997,5.039999999999999,9.999999999999998,ZIMTAS_clean_primitive
