f-link-chi-0,f-link-chi-1,f-link-chi-2,f-link-chi-3,f-link-Z-0,f-link-Z-1,f-link-Z-2,f-link-Z-3,f-link-I-0,f-link-I-1,f-link-I-2,f-link-I-3,f-link-T-0,f-link-T-1,f-link-T-2,f-link-T-3,f-link-S-0,f-link-S-1,f-link-S-2,f-link-S-3,name
240.2546,543.6812000000001,845.5303999999999,970.8930000000004,956.0,2282.0,3164.0,2916.0,38.0,82.0,128.0,154.0,210.0,524.0,748.0,738.0,15.963800000000006,39.563400000000016,57.97200000000002,60.58580000000002,KINJUO
267.82939999999996,561.8160000000001,909.4803999999997,1127.927,1064.0,2304.0,3412.0,3824.0,42.0,88.0,144.0,182.0,232.0,576.0,832.0,990.0,17.365800000000004,42.072800000000015,63.40320000000003,76.66300000000003,KINJUO
267.8293999999999,561.8160000000001,909.4804,1127.9270000000001,1064.0,2304.0,3412.0,3824.0,42.0,88.0,144.0,182.0,232.0,576.0,832.0,990.0,17.36580000000001,42.07280000000002,63.403200000000034,76.66300000000003,KINJUO
240.2546,543.6812000000003,845.5304,970.8930000000003,956.0,2282.0,3164.0,2916.0,38.0,82.0,128.0,154.0,210.0,524.0,748.0,738.0,15.96380000000001,39.563400000000016,57.972000000000016,60.58580000000003,KINJUO
240.2546,543.6812000000001,845.5303999999999,970.8930000000003,956.0,2282.0,3164.0,2916.0,38.0,82.0,128.0,154.0,210.0,524.0,748.0,738.0,15.963800000000006,39.563400000000016,57.972000000000016,60.58580000000003,KINJUO
240.25460000000004,543.6812000000002,845.5304,970.8930000000004,956.0,2282.0,3164.0,2916.0,38.0,82.0,128.0,154.0,210.0,524.0,748.0,738.0,15.963800000000006,39.563400000000016,57.972000000000016,60.58580000000003,KINJUO
267.82939999999996,561.8160000000001,909.4803999999998,1127.9269999999997,1064.0,2304.0,3412.0,3824.0,42.0,88.0,144.0,182.0,232.0,576.0,832.0,990.0,17.365800000000007,42.072800000000015,63.40320000000003,76.66300000000003,KINJUO
267.82939999999996,561.8160000000001,909.4803999999997,1127.9269999999997,1064.0,2304.0,3412.0,3824.0,42.0,88.0,144.0,182.0,232.0,576.0,832.0,990.0,17.365800000000007,42.07280000000002,63.40320000000003,76.663,KINJUO
