f-sbu-chi-0,f-sbu-chi-1,f-sbu-chi-2,f-sbu-chi-3,f-sbu-Z-0,f-sbu-Z-1,f-sbu-Z-2,f-sbu-Z-3,f-sbu-I-0,f-sbu-I-1,f-sbu-I-2,f-sbu-I-3,f-sbu-T-0,f-sbu-T-1,f-sbu-T-2,f-sbu-T-3,f-sbu-S-0,f-sbu-S-1,f-sbu-S-2,f-sbu-S-3,mc-chi-0,mc-chi-1,mc-chi-2,mc-chi-3,mc-Z-0,mc-Z-1,mc-Z-2,mc-Z-3,mc-I-0,mc-I-1,mc-I-2,mc-I-3,mc-T-0,mc-T-1,mc-T-2,mc-T-3,mc-S-0,mc-S-1,mc-S-2,mc-S-3,D_mc-chi-0,D_mc-chi-1,D_mc-chi-2,D_mc-chi-3,D_mc-Z-0,D_mc-Z-1,D_mc-Z-2,D_mc-Z-3,D_mc-I-0,D_mc-I-1,D_mc-I-2,D_mc-I-3,D_mc-T-0,D_mc-T-1,D_mc-T-2,D_mc-T-3,D_mc-S-0,D_mc-S-1,D_mc-S-2,D_mc-S-3,name
150.8982,289.7856,861.4178000000002,661.0304000000001,2706.0,6720.0,9122.0,7040.0,16.0,40.0,84.0,80.0,128.0,352.0,528.0,448.0,10.775799999999998,30.718400000000017,53.5234,50.457599999999985,3.2761,37.358399999999996,27.047433333333334,43.36759999999999,961.0,1488.0,1746.3333333333333,1736.0,1.0,6.0,6.333333333333333,8.0,36.0,80.0,116.0,120.0,1.5376,5.4312,5.968533333333333,7.439999999999999,0.0,-9.78,-3.4799999999999986,-9.479999999999999,0.0,138.0,140.0,192.0,0.0,0.0,0.0,0.0,0.0,22.666666666666668,18.666666666666668,28.0,0.0,3.059999999999999,3.0400000000000005,3.9199999999999986,LOQLIN
160.5782,320.0576,893.2738000000002,933.4783999999999,2708.0,6752.0,9370.0,7328.0,18.0,44.0,92.0,116.0,140.0,412.0,650.0,556.0,11.049599999999998,31.798800000000014,57.19379999999999,60.18120000000002,3.2761,37.358399999999996,27.047433333333334,43.36759999999999,961.0,1488.0,1746.3333333333333,1736.0,1.0,6.0,6.333333333333333,8.0,36.0,80.0,116.0,120.0,1.5376,5.4312,5.968533333333333,7.439999999999999,0.0,-9.78,-3.4799999999999986,-9.479999999999999,0.0,138.0,140.0,192.0,0.0,0.0,0.0,0.0,0.0,22.666666666666668,18.666666666666668,28.0,0.0,3.059999999999999,3.0400000000000005,3.9199999999999986,LOQLIN
160.57819999999998,320.0576,893.2738000000002,933.4783999999999,2708.0,6752.0,9370.0,7328.0,18.0,44.0,92.0,116.0,140.0,412.0,650.0,556.0,11.049599999999998,31.798800000000004,57.19379999999999,60.18120000000003,3.2761,37.358399999999996,27.047433333333334,43.36759999999999,961.0,1488.0,1746.3333333333333,1736.0,1.0,6.0,6.333333333333333,8.0,36.0,80.0,116.0,120.0,1.5376,5.4312,5.968533333333333,7.439999999999999,0.0,-9.78,-3.4799999999999986,-9.479999999999999,0.0,138.0,140.0,192.0,0.0,0.0,0.0,0.0,0.0,22.666666666666668,18.666666666666668,28.0,0.0,3.059999999999999,3.0400000000000005,3.9199999999999986,LOQLIN
