f-chi-0-all,f-chi-1-all,f-chi-2-all,f-chi-3-all,f-Z-0-all,f-Z-1-all,f-Z-2-all,f-Z-3-all,f-I-0-all,f-I-1-all,f-I-2-all,f-I-3-all,f-T-0-all,f-T-1-all,f-T-2-all,f-T-3-all,f-S-0-all,f-S-1-all,f-S-2-all,f-S-3-all,mc-chi-0-all,mc-chi-1-all,mc-chi-2-all,mc-chi-3-all,mc-Z-0-all,mc-Z-1-all,mc-Z-2-all,mc-Z-3-all,mc-I-0-all,mc-I-1-all,mc-I-2-all,mc-I-3-all,mc-T-0-all,mc-T-1-all,mc-T-2-all,mc-T-3-all,mc-S-0-all,mc-S-1-all,mc-S-2-all,mc-S-3-all,D_mc-chi-0-all,D_mc-chi-1-all,D_mc-chi-2-all,D_mc-chi-3-all,D_mc-Z-0-all,D_mc-Z-1-all,D_mc-Z-2-all,D_mc-Z-3-all,D_mc-I-0-all,D_mc-I-1-all,D_mc-I-2-all,D_mc-I-3-all,D_mc-T-0-all,D_mc-T-1-all,D_mc-T-2-all,D_mc-T-3-all,D_mc-S-0-all,D_mc-S-1-all,D_mc-S-2-all,D_mc-S-3-all,name
367.23479999999984,687.7247999999995,3037.331199999999,3008.0735999999993,16368.0,34944.0,61696.0,60480.0,40.0,116.0,300.0,396.0,484.0,1732.0,2968.0,3484.0,32.01480000000004,113.35440000000011,218.5587999999999,290.56920000000014,1.2995999999999999,33.33359999999999,20.0412,64.50119999999997,3600.0,4080.0,9360.0,7920.0,1.0,8.5,8.0,18.0,72.5,187.5,297.0,449.5,3.0276,10.796699999999998,14.093999999999998,23.2812,0.0,-19.550000000000004,-8.459999999999999,-36.059999999999995,0.0,442.0,324.0,948.0,0.0,0.0,0.0,0.0,0.0,50.5,33.0,99.5,0.0,8.585,5.819999999999999,17.94,YUWKEH_clean_primitive
367.23479999999984,687.7247999999993,3037.3311999999974,3008.073599999999,16368.0,34944.0,61696.0,60480.0,40.0,116.0,300.0,396.0,484.0,1732.0,2968.0,3484.0,32.014800000000015,113.35440000000007,218.55879999999993,290.56920000000014,1.2995999999999999,33.33359999999999,20.0412,64.50119999999997,3600.0,4080.0,9360.0,7920.0,1.0,8.5,8.0,18.0,72.5,187.5,297.0,449.5,3.0276,10.796699999999998,14.093999999999998,23.2812,0.0,-19.550000000000004,-8.459999999999999,-36.059999999999995,0.0,442.0,324.0,948.0,0.0,0.0,0.0,0.0,0.0,50.5,33.0,99.5,0.0,8.585,5.819999999999999,17.94,YUWKEH_clean_primitive
