f-lig-chi-0,f-lig-chi-1,f-lig-chi-2,f-lig-chi-3,f-lig-Z-0,f-lig-Z-1,f-lig-Z-2,f-lig-Z-3,f-lig-I-0,f-lig-I-1,f-lig-I-2,f-lig-I-3,f-lig-T-0,f-lig-T-1,f-lig-T-2,f-lig-T-3,f-lig-S-0,f-lig-S-1,f-lig-S-2,f-lig-S-3,name
661.2340000000005,1357.4160000000004,2207.3055999999997,2765.6999999999994,3112.0,6480.0,10144.0,11352.0,92.0,200.0,320.0,416.0,520.0,1320.0,1984.0,2320.0,44.34520000000001,105.028,162.64960000000002,196.06400000000008,KIYXUN_clean_primitive
661.2340000000005,1357.4160000000004,2207.3055999999997,2765.6999999999994,3112.0,6480.0,10144.0,11352.0,92.0,200.0,320.0,416.0,520.0,1320.0,1984.0,2320.0,44.34520000000001,105.028,162.64960000000002,196.06400000000008,KIYXUN_clean_primitive
661.2340000000005,1357.416,2207.305599999999,2765.7000000000003,3112.0,6480.0,10144.0,11352.0,92.0,200.0,320.0,416.0,520.0,1320.0,1984.0,2320.0,44.34520000000001,105.02799999999999,162.6496,196.06399999999996,KIYXUN_clean_primitive
661.2340000000005,1357.416,2207.305599999999,2765.7000000000003,3112.0,6480.0,10144.0,11352.0,92.0,200.0,320.0,416.0,520.0,1320.0,1984.0,2320.0,44.34520000000001,105.02799999999999,162.6496,196.06399999999996,KIYXUN_clean_primitive
661.2340000000005,1357.416,2207.305599999999,2765.7000000000003,3112.0,6480.0,10144.0,11352.0,92.0,200.0,320.0,416.0,520.0,1320.0,1984.0,2320.0,44.34520000000001,105.02799999999999,162.6496,196.06399999999996,KIYXUN_clean_primitive
661.2340000000005,1357.416,2207.305599999999,2765.7000000000003,3112.0,6480.0,10144.0,11352.0,92.0,200.0,320.0,416.0,520.0,1320.0,1984.0,2320.0,44.34520000000001,105.02799999999999,162.6496,196.06399999999996,KIYXUN_clean_primitive
