f-lig-chi-0,f-lig-chi-1,f-lig-chi-2,f-lig-chi-3,f-lig-Z-0,f-lig-Z-1,f-lig-Z-2,f-lig-Z-3,f-lig-I-0,f-lig-I-1,f-lig-I-2,f-lig-I-3,f-lig-T-0,f-lig-T-1,f-lig-T-2,f-lig-T-3,f-lig-S-0,f-lig-S-1,f-lig-S-2,f-lig-S-3,name
114.36550000000001,201.19499999999994,312.9391999999999,385.3914000000001,574.0,1008.0,1520.0,1680.0,14.0,28.0,42.0,50.0,70.0,168.0,218.0,194.0,7.088599999999999,15.061200000000001,21.825,23.8018,GELVEZ01_clean_primitive
114.36550000000001,201.19499999999996,312.9391999999999,385.39140000000003,574.0,1008.0,1520.0,1680.0,14.0,28.0,42.0,50.0,70.0,168.0,218.0,194.0,7.088599999999999,15.061200000000001,21.825,23.8018,GELVEZ01_clean_primitive
114.3655,201.19499999999994,312.9391999999999,385.3914,574.0,1008.0,1520.0,1680.0,14.0,28.0,42.0,50.0,70.0,168.0,218.0,194.0,7.0886,15.061200000000001,21.825,23.801800000000004,GELVEZ01_clean_primitive
114.3655,201.19499999999994,312.9391999999999,385.3913999999999,574.0,1008.0,1520.0,1680.0,14.0,28.0,42.0,50.0,70.0,168.0,218.0,194.0,7.0886,15.061200000000001,21.82500000000001,23.8018,GELVEZ01_clean_primitive
114.3655,201.195,312.9391999999999,385.3913999999999,574.0,1008.0,1520.0,1680.0,14.0,28.0,42.0,50.0,70.0,168.0,218.0,194.0,7.088599999999999,15.061200000000007,21.825,23.8018,GELVEZ01_clean_primitive
114.3655,201.19499999999996,312.93919999999986,385.3913999999999,574.0,1008.0,1520.0,1680.0,14.0,28.0,42.0,50.0,70.0,168.0,218.0,194.0,7.088599999999999,15.061200000000003,21.825,23.8018,GELVEZ01_clean_primitive
