f-chi-0-all,f-chi-1-all,f-chi-2-all,f-chi-3-all,f-Z-0-all,f-Z-1-all,f-Z-2-all,f-Z-3-all,f-I-0-all,f-I-1-all,f-I-2-all,f-I-3-all,f-T-0-all,f-T-1-all,f-T-2-all,f-T-3-all,f-S-0-all,f-S-1-all,f-S-2-all,f-S-3-all,mc-chi-0-all,mc-chi-1-all,mc-chi-2-all,mc-chi-3-all,mc-Z-0-all,mc-Z-1-all,mc-Z-2-all,mc-Z-3-all,mc-I-0-all,mc-I-1-all,mc-I-2-all,mc-I-3-all,mc-T-0-all,mc-T-1-all,mc-T-2-all,mc-T-3-all,mc-S-0-all,mc-S-1-all,mc-S-2-all,mc-S-3-all,D_mc-chi-0-all,D_mc-chi-1-all,D_mc-chi-2-all,D_mc-chi-3-all,D_mc-Z-0-all,D_mc-Z-1-all,D_mc-Z-2-all,D_mc-Z-3-all,D_mc-I-0-all,D_mc-I-1-all,D_mc-I-2-all,D_mc-I-3-all,D_mc-T-0-all,D_mc-T-1-all,D_mc-T-2-all,D_mc-T-3-all,D_mc-S-0-all,D_mc-S-1-all,D_mc-S-2-all,D_mc-S-3-all,name
157.66459999999998,244.10880000000003,714.0896,1125.024,4814.0,8784.0,10712.0,6096.0,18.0,36.0,78.0,124.0,118.0,344.0,446.0,304.0,12.389699999999998,31.0036,55.6452,69.54440000000001,1.44,32.064,29.303999999999995,55.68,3969.0,3906.0,3591.0,5796.0,1.0,8.0,9.0,17.0,64.0,144.0,216.0,296.0,2.8223999999999996,9.8784,11.541599999999999,18.967200000000005,0.0,-17.12,-13.62,-26.000000000000007,0.0,442.0,510.0,979.0,0.0,0.0,0.0,0.0,0.0,46.0,45.0,99.0,0.0,7.5600000000000005,8.25,17.269999999999996,EKETOF_clean_primitive
157.66459999999998,244.10880000000003,714.0896,1125.024,4814.0,8784.0,10712.0,6096.0,18.0,36.0,78.0,124.0,118.0,344.0,446.0,304.0,12.389699999999998,31.0036,55.6452,69.54440000000001,1.44,32.064,29.303999999999995,55.68,3969.0,3906.0,3591.0,5796.0,1.0,8.0,9.0,17.0,64.0,144.0,216.0,296.0,2.8223999999999996,9.8784,11.541599999999999,18.967200000000005,0.0,-17.12,-13.62,-26.000000000000007,0.0,442.0,510.0,979.0,0.0,0.0,0.0,0.0,0.0,46.0,45.0,99.0,0.0,7.5600000000000005,8.25,17.269999999999996,EKETOF_clean_primitive
