f-lig-chi-0,f-lig-chi-1,f-lig-chi-2,f-lig-chi-3,f-lig-Z-0,f-lig-Z-1,f-lig-Z-2,f-lig-Z-3,f-lig-I-0,f-lig-I-1,f-lig-I-2,f-lig-I-3,f-lig-T-0,f-lig-T-1,f-lig-T-2,f-lig-T-3,f-lig-S-0,f-lig-S-1,f-lig-S-2,f-lig-S-3,name
160.0714,350.66740000000004,566.8979999999999,575.244,568.0,1324.0,1896.0,1848.0,26.0,54.0,92.0,88.0,146.0,346.0,460.0,496.0,9.8218,24.379800000000003,35.84120000000001,36.967200000000005,WIYFAM_clean_primitive
160.0714,350.66740000000004,566.8979999999999,575.244,568.0,1324.0,1896.0,1848.0,26.0,54.0,92.0,88.0,146.0,346.0,460.0,496.0,9.8218,24.379800000000003,35.84120000000001,36.967200000000005,WIYFAM_clean_primitive
160.0714,350.6674,566.8979999999999,575.2439999999999,568.0,1324.0,1896.0,1848.0,26.0,54.0,92.0,88.0,146.0,346.0,460.0,496.0,9.8218,24.379800000000007,35.8412,36.9672,WIYFAM_clean_primitive
160.0714,350.6674,566.8979999999999,575.2439999999999,568.0,1324.0,1896.0,1848.0,26.0,54.0,92.0,88.0,146.0,346.0,460.0,496.0,9.8218,24.379800000000007,35.8412,36.9672,WIYFAM_clean_primitive
118.7144,219.096,337.3204,385.38700000000006,548.0,1008.0,1456.0,1420.0,16.0,32.0,48.0,58.0,80.0,192.0,256.0,250.0,7.4224,16.262400000000003,23.044800000000002,24.6794,WIYFAM_clean_primitive
118.71439999999998,219.09599999999995,337.32040000000006,385.38700000000006,548.0,1008.0,1456.0,1420.0,16.0,32.0,48.0,58.0,80.0,192.0,256.0,250.0,7.4224000000000006,16.262400000000003,23.044800000000002,24.6794,WIYFAM_clean_primitive
