f-lig-chi-0,f-lig-chi-1,f-lig-chi-2,f-lig-chi-3,f-lig-Z-0,f-lig-Z-1,f-lig-Z-2,f-lig-Z-3,f-lig-I-0,f-lig-I-1,f-lig-I-2,f-lig-I-3,f-lig-T-0,f-lig-T-1,f-lig-T-2,f-lig-T-3,f-lig-S-0,f-lig-S-1,f-lig-S-2,f-lig-S-3,name
400.5309999999999,815.6430000000006,1325.4388000000008,1642.8300000000006,1738.0,3600.0,5332.0,5784.0,58.0,122.0,196.0,252.0,318.0,790.0,1132.0,1292.0,25.58020000000002,60.50660000000003,90.74760000000002,107.20600000000003,AVIMOI_clean_primitive
400.5309999999999,815.6430000000006,1325.4388000000008,1642.8300000000006,1738.0,3600.0,5332.0,5784.0,58.0,122.0,196.0,252.0,318.0,790.0,1132.0,1292.0,25.580200000000023,60.50660000000003,90.74760000000002,107.20600000000003,AVIMOI_clean_primitive
400.5309999999999,815.6430000000005,1325.4388000000006,1642.8299999999997,1738.0,3600.0,5332.0,5784.0,58.0,122.0,196.0,252.0,318.0,790.0,1132.0,1292.0,25.580200000000012,60.506600000000034,90.7476,107.20600000000003,AVIMOI_clean_primitive
400.5309999999999,815.6430000000006,1325.4388000000006,1642.8299999999997,1738.0,3600.0,5332.0,5784.0,58.0,122.0,196.0,252.0,318.0,790.0,1132.0,1292.0,25.580200000000012,60.506600000000034,90.74759999999999,107.20600000000003,AVIMOI_clean_primitive
