f-chi-0-all,f-chi-1-all,f-chi-2-all,f-chi-3-all,f-Z-0-all,f-Z-1-all,f-Z-2-all,f-Z-3-all,f-I-0-all,f-I-1-all,f-I-2-all,f-I-3-all,f-T-0-all,f-T-1-all,f-T-2-all,f-T-3-all,f-S-0-all,f-S-1-all,f-S-2-all,f-S-3-all,mc-chi-0-all,mc-chi-1-all,mc-chi-2-all,mc-chi-3-all,mc-Z-0-all,mc-Z-1-all,mc-Z-2-all,mc-Z-3-all,mc-I-0-all,mc-I-1-all,mc-I-2-all,mc-I-3-all,mc-T-0-all,mc-T-1-all,mc-T-2-all,mc-T-3-all,mc-S-0-all,mc-S-1-all,mc-S-2-all,mc-S-3-all,D_mc-chi-0-all,D_mc-chi-1-all,D_mc-chi-2-all,D_mc-chi-3-all,D_mc-Z-0-all,D_mc-Z-1-all,D_mc-Z-2-all,D_mc-Z-3-all,D_mc-I-0-all,D_mc-I-1-all,D_mc-I-2-all,D_mc-I-3-all,D_mc-T-0-all,D_mc-T-1-all,D_mc-T-2-all,D_mc-T-3-all,D_mc-S-0-all,D_mc-S-1-all,D_mc-S-2-all,D_mc-S-3-all,name
173.8154,354.9248,562.6063999999999,795.168,5514.0,7020.0,10776.0,9224.0,22.0,48.0,76.0,100.0,124.0,320.0,476.0,516.0,15.8148,35.879999999999995,58.733599999999996,65.54360000000001,2.8560999999999996,21.226399999999998,31.822699999999998,56.175599999999996,2304.0,1392.0,2112.0,3312.0,1.0,4.0,7.0,12.0,16.0,44.0,76.0,112.0,2.1904,4.410399999999999,7.917999999999999,12.283999999999995,0.0,-5.800000000000001,-6.999999999999998,-12.959999999999997,0.0,163.0,292.0,507.0,0.0,0.0,0.0,0.0,0.0,5.0,9.0,20.0,0.0,2.94,5.01,9.46,HIDBIH_clean_primitive
173.8154,354.9248,562.6063999999999,795.168,5514.0,7020.0,10776.0,9224.0,22.0,48.0,76.0,100.0,124.0,320.0,476.0,516.0,15.8148,35.879999999999995,58.733599999999996,65.54360000000001,2.8560999999999996,21.226399999999998,31.822699999999998,56.175599999999996,2304.0,1392.0,2112.0,3312.0,1.0,4.0,7.0,12.0,16.0,44.0,76.0,112.0,2.1904,4.410399999999999,7.917999999999999,12.283999999999995,0.0,-5.800000000000001,-6.999999999999998,-12.959999999999997,0.0,163.0,292.0,507.0,0.0,0.0,0.0,0.0,0.0,5.0,9.0,20.0,0.0,2.94,5.01,9.46,HIDBIH_clean_primitive
