f-chi-0-all,f-chi-1-all,f-chi-2-all,f-chi-3-all,f-Z-0-all,f-Z-1-all,f-Z-2-all,f-Z-3-all,f-I-0-all,f-I-1-all,f-I-2-all,f-I-3-all,f-T-0-all,f-T-1-all,f-T-2-all,f-T-3-all,f-S-0-all,f-S-1-all,f-S-2-all,f-S-3-all,mc-chi-0-all,mc-chi-1-all,mc-chi-2-all,mc-chi-3-all,mc-Z-0-all,mc-Z-1-all,mc-Z-2-all,mc-Z-3-all,mc-I-0-all,mc-I-1-all,mc-I-2-all,mc-I-3-all,mc-T-0-all,mc-T-1-all,mc-T-2-all,mc-T-3-all,mc-S-0-all,mc-S-1-all,mc-S-2-all,mc-S-3-all,D_mc-chi-0-all,D_mc-chi-1-all,D_mc-chi-2-all,D_mc-chi-3-all,D_mc-Z-0-all,D_mc-Z-1-all,D_mc-Z-2-all,D_mc-Z-3-all,D_mc-I-0-all,D_mc-I-1-all,D_mc-I-2-all,D_mc-I-3-all,D_mc-T-0-all,D_mc-T-1-all,D_mc-T-2-all,D_mc-T-3-all,D_mc-S-0-all,D_mc-S-1-all,D_mc-S-2-all,D_mc-S-3-all,name
209.7404,393.6288,912.8151999999998,1419.84,2535.0,6232.0,10170.0,10544.0,26.0,54.0,106.0,176.0,160.0,454.0,708.0,764.0,16.407200000000003,38.80220000000001,71.63999999999997,101.12039999999998,3.5343999999999998,37.2992,41.22839999999999,87.40119999999997,729.0,1242.0,1890.0,2484.0,1.0,6.0,9.0,17.0,36.0,90.0,168.0,228.0,1.5876000000000001,5.5692,8.8452,14.225400000000004,0.0,-8.56,-5.01,-14.530000000000001,0.0,116.0,173.0,367.0,0.0,0.0,0.0,0.0,0.0,21.0,26.0,64.0,0.0,3.1400000000000006,4.32,10.130000000000003,VOCQAF_clean_primitive
209.7404,393.6288,912.8151999999998,1419.84,2535.0,6232.0,10170.0,10544.0,26.0,54.0,106.0,176.0,160.0,454.0,708.0,764.0,16.407200000000003,38.80220000000001,71.63999999999997,101.12039999999999,3.5343999999999998,37.2992,41.22839999999999,87.40119999999997,729.0,1242.0,1890.0,2484.0,1.0,6.0,9.0,17.0,36.0,90.0,168.0,228.0,1.5876000000000001,5.5692,8.8452,14.225400000000004,0.0,-8.56,-5.01,-14.530000000000001,0.0,116.0,173.0,367.0,0.0,0.0,0.0,0.0,0.0,21.0,26.0,64.0,0.0,3.1400000000000006,4.32,10.130000000000003,VOCQAF_clean_primitive
