f-chi-0-all,f-chi-1-all,f-chi-2-all,f-chi-3-all,f-Z-0-all,f-Z-1-all,f-Z-2-all,f-Z-3-all,f-I-0-all,f-I-1-all,f-I-2-all,f-I-3-all,f-T-0-all,f-T-1-all,f-T-2-all,f-T-3-all,f-S-0-all,f-S-1-all,f-S-2-all,f-S-3-all,mc-chi-0-all,mc-chi-1-all,mc-chi-2-all,mc-chi-3-all,mc-Z-0-all,mc-Z-1-all,mc-Z-2-all,mc-Z-3-all,mc-I-0-all,mc-I-1-all,mc-I-2-all,mc-I-3-all,mc-T-0-all,mc-T-1-all,mc-T-2-all,mc-T-3-all,mc-S-0-all,mc-S-1-all,mc-S-2-all,mc-S-3-all,D_mc-chi-0-all,D_mc-chi-1-all,D_mc-chi-2-all,D_mc-chi-3-all,D_mc-Z-0-all,D_mc-Z-1-all,D_mc-Z-2-all,D_mc-Z-3-all,D_mc-I-0-all,D_mc-I-1-all,D_mc-I-2-all,D_mc-I-3-all,D_mc-T-0-all,D_mc-T-1-all,D_mc-T-2-all,D_mc-T-3-all,D_mc-S-0-all,D_mc-S-1-all,D_mc-S-2-all,D_mc-S-3-all,name
383.4204,732.3400000000003,1502.3127999999988,2014.3103999999992,11240.0,17376.0,22936.0,18736.0,48.0,104.0,184.0,248.0,288.0,760.0,1128.0,1128.0,33.886,80.4032,134.7504,153.552,2.8560999999999996,27.716000000000005,30.166499999999992,54.4518,2304.0,1824.0,2016.0,3024.0,1.0,5.0,7.0,12.0,25.0,60.0,105.0,130.0,2.1904,5.461199999999999,7.977199999999998,11.721599999999997,0.0,-7.950000000000001,-6.019999999999997,-11.939999999999998,0.0,202.0,294.0,513.0,0.0,0.0,0.0,0.0,0.0,13.0,14.0,34.0,0.0,3.7100000000000004,4.97,9.840000000000002,MUJRIT_clean_primitive
383.4204,732.3400000000003,1502.3127999999988,2014.3103999999994,11240.0,17376.0,22936.0,18736.0,48.0,104.0,184.0,248.0,288.0,760.0,1128.0,1128.0,33.886,80.4032,134.7504,153.55200000000002,2.8560999999999996,27.716000000000005,30.166499999999992,54.4518,2304.0,1824.0,2016.0,3024.0,1.0,5.0,7.0,12.0,25.0,60.0,105.0,130.0,2.1904,5.461199999999999,7.977199999999998,11.721599999999997,0.0,-7.950000000000001,-6.019999999999997,-11.939999999999998,0.0,202.0,294.0,513.0,0.0,0.0,0.0,0.0,0.0,13.0,14.0,34.0,0.0,3.7100000000000004,4.97,9.840000000000002,MUJRIT_clean_primitive
