f-chi-0-all,f-chi-1-all,f-chi-2-all,f-chi-3-all,f-Z-0-all,f-Z-1-all,f-Z-2-all,f-Z-3-all,f-I-0-all,f-I-1-all,f-I-2-all,f-I-3-all,f-T-0-all,f-T-1-all,f-T-2-all,f-T-3-all,f-S-0-all,f-S-1-all,f-S-2-all,f-S-3-all,mc-chi-0-all,mc-chi-1-all,mc-chi-2-all,mc-chi-3-all,mc-Z-0-all,mc-Z-1-all,mc-Z-2-all,mc-Z-3-all,mc-I-0-all,mc-I-1-all,mc-I-2-all,mc-I-3-all,mc-T-0-all,mc-T-1-all,mc-T-2-all,mc-T-3-all,mc-S-0-all,mc-S-1-all,mc-S-2-all,mc-S-3-all,D_mc-chi-0-all,D_mc-chi-1-all,D_mc-chi-2-all,D_mc-chi-3-all,D_mc-Z-0-all,D_mc-Z-1-all,D_mc-Z-2-all,D_mc-Z-3-all,D_mc-I-0-all,D_mc-I-1-all,D_mc-I-2-all,D_mc-I-3-all,D_mc-T-0-all,D_mc-T-1-all,D_mc-T-2-all,D_mc-T-3-all,D_mc-S-0-all,D_mc-S-1-all,D_mc-S-2-all,D_mc-S-3-all,name
255.94999999999993,473.34399999999994,1156.4702,1061.0335999999995,4448.0,10112.0,14240.0,14080.0,28.0,64.0,116.0,132.0,184.0,480.0,694.0,728.0,19.126,48.8224,76.97479999999997,88.32999999999998,3.6481,32.852,20.08365,57.3191,784.0,1120.0,1680.0,1960.0,1.0,5.0,4.5,9.5,25.0,50.0,82.5,105.0,1.4641,4.4165,4.99125,8.53655,0.0,-7.6499999999999995,-1.9199999999999993,-11.864999999999997,0.0,100.0,66.0,196.0,0.0,0.0,0.0,0.0,0.0,15.0,6.0,26.5,0.0,2.4,1.3199999999999998,4.44,XISXEE_clean_primitive
255.94999999999993,473.34399999999994,1156.4701999999997,1061.0335999999998,4448.0,10112.0,14240.0,14080.0,28.0,64.0,116.0,132.0,184.0,480.0,694.0,728.0,19.125999999999998,48.822399999999995,76.9748,88.33000000000001,3.6481,32.852,20.08365,57.3191,784.0,1120.0,1680.0,1960.0,1.0,5.0,4.5,9.5,25.0,50.0,82.5,105.0,1.4641,4.4165,4.99125,8.53655,0.0,-7.6499999999999995,-1.9199999999999993,-11.864999999999997,0.0,100.0,66.0,196.0,0.0,0.0,0.0,0.0,0.0,15.0,6.0,26.5,0.0,2.4,1.3199999999999998,4.44,XISXEE_clean_primitive
