f-lig-chi-0,f-lig-chi-1,f-lig-chi-2,f-lig-chi-3,f-lig-Z-0,f-lig-Z-1,f-lig-Z-2,f-lig-Z-3,f-lig-I-0,f-lig-I-1,f-lig-I-2,f-lig-I-3,f-lig-T-0,f-lig-T-1,f-lig-T-2,f-lig-T-3,f-lig-S-0,f-lig-S-1,f-lig-S-2,f-lig-S-3,name
188.5263,395.8110000000001,617.2510000000001,754.427,729.0,1584.0,2182.0,2252.0,30.0,62.0,98.0,120.0,160.0,390.0,526.0,562.0,12.164600000000004,29.183000000000014,42.09460000000002,47.333200000000005,ECAHAT_clean_primitive
188.5263,395.8110000000001,617.2510000000001,754.427,729.0,1584.0,2182.0,2252.0,30.0,62.0,98.0,120.0,160.0,390.0,526.0,562.0,12.164600000000002,29.183000000000014,42.094600000000014,47.333200000000005,ECAHAT_clean_primitive
188.5263,395.8110000000001,617.2510000000001,754.4269999999999,729.0,1584.0,2182.0,2252.0,30.0,62.0,98.0,120.0,160.0,390.0,526.0,562.0,12.164600000000004,29.183000000000014,42.09460000000002,47.333200000000005,ECAHAT_clean_primitive
188.5263,395.8110000000001,617.2509999999999,754.4269999999999,729.0,1584.0,2182.0,2252.0,30.0,62.0,98.0,120.0,160.0,390.0,526.0,562.0,12.164600000000004,29.18300000000001,42.094600000000014,47.333200000000005,ECAHAT_clean_primitive
188.5263,395.8110000000001,617.251,754.4269999999999,729.0,1584.0,2182.0,2252.0,30.0,62.0,98.0,120.0,160.0,390.0,526.0,562.0,12.164600000000004,29.18300000000001,42.09460000000001,47.333200000000005,ECAHAT_clean_primitive
188.5263,395.8110000000001,617.251,754.4269999999999,729.0,1584.0,2182.0,2252.0,30.0,62.0,98.0,120.0,160.0,390.0,526.0,562.0,12.164600000000004,29.18300000000001,42.09460000000001,47.333200000000005,ECAHAT_clean_primitive
