f-chi-0-all,f-chi-1-all,f-chi-2-all,f-chi-3-all,f-Z-0-all,f-Z-1-all,f-Z-2-all,f-Z-3-all,f-I-0-all,f-I-1-all,f-I-2-all,f-I-3-all,f-T-0-all,f-T-1-all,f-T-2-all,f-T-3-all,f-S-0-all,f-S-1-all,f-S-2-all,f-S-3-all,mc-chi-0-all,mc-chi-1-all,mc-chi-2-all,mc-chi-3-all,mc-Z-0-all,mc-Z-1-all,mc-Z-2-all,mc-Z-3-all,mc-I-0-all,mc-I-1-all,mc-I-2-all,mc-I-3-all,mc-T-0-all,mc-T-1-all,mc-T-2-all,mc-T-3-all,mc-S-0-all,mc-S-1-all,mc-S-2-all,mc-S-3-all,D_mc-chi-0-all,D_mc-chi-1-all,D_mc-chi-2-all,D_mc-chi-3-all,D_mc-Z-0-all,D_mc-Z-1-all,D_mc-Z-2-all,D_mc-Z-3-all,D_mc-I-0-all,D_mc-I-1-all,D_mc-I-2-all,D_mc-I-3-all,D_mc-T-0-all,D_mc-T-1-all,D_mc-T-2-all,D_mc-T-3-all,D_mc-S-0-all,D_mc-S-1-all,D_mc-S-2-all,D_mc-S-3-all,name
120.56009999999998,197.664,421.13799999999986,677.28,1542.0,3480.0,4786.0,3696.0,15.0,28.0,50.0,80.0,78.0,208.0,262.0,184.0,9.7159,20.697200000000006,34.7906,45.337599999999995,2.7224999999999997,32.736,33.66,56.595,900.0,1380.0,1440.0,1920.0,1.0,6.0,8.0,14.0,36.0,84.0,144.0,216.0,1.7161000000000002,5.7902,8.069600000000001,12.025800000000004,0.0,-9.940000000000001,-7.2,-11.200000000000003,0.0,134.0,192.0,356.0,0.0,0.0,0.0,0.0,0.0,22.0,24.0,48.0,0.0,3.44,4.32,9.16,ECAHAT_clean_primitive
120.56009999999999,197.664,421.13799999999986,677.2799999999999,1542.0,3480.0,4786.0,3696.0,15.0,28.0,50.0,80.0,78.0,208.0,262.0,184.0,9.7159,20.697200000000002,34.7906,45.3376,2.7224999999999997,32.736,33.66,56.595,900.0,1380.0,1440.0,1920.0,1.0,6.0,8.0,14.0,36.0,84.0,144.0,216.0,1.7161000000000002,5.7902,8.069600000000001,12.025800000000004,0.0,-9.940000000000001,-7.2,-11.200000000000003,0.0,134.0,192.0,356.0,0.0,0.0,0.0,0.0,0.0,22.0,24.0,48.0,0.0,3.44,4.32,9.16,ECAHAT_clean_primitive
120.56009999999999,197.664,421.13799999999986,677.2799999999999,1542.0,3480.0,4786.0,3696.0,15.0,28.0,50.0,80.0,78.0,208.0,262.0,184.0,9.7159,20.697200000000002,34.7906,45.3376,2.7224999999999997,32.736,33.66,56.595,900.0,1380.0,1440.0,1920.0,1.0,6.0,8.0,14.0,36.0,84.0,144.0,216.0,1.7161000000000002,5.7902,8.069600000000001,12.025800000000004,0.0,-9.940000000000001,-7.2,-11.200000000000003,0.0,134.0,192.0,356.0,0.0,0.0,0.0,0.0,0.0,22.0,24.0,48.0,0.0,3.44,4.32,9.16,ECAHAT_clean_primitive
