f-link-chi-0,f-link-chi-1,f-link-chi-2,f-link-chi-3,f-link-Z-0,f-link-Z-1,f-link-Z-2,f-link-Z-3,f-link-I-0,f-link-I-1,f-link-I-2,f-link-I-3,f-link-T-0,f-link-T-1,f-link-T-2,f-link-T-3,f-link-S-0,f-link-S-1,f-link-S-2,f-link-S-3,name
280.6869,593.6910000000001,1037.9604,1376.6270000000004,1032.0,2280.0,3516.0,4172.0,45.0,94.0,168.0,230.0,262.0,682.0,1026.0,1262.0,17.320500000000006,43.16620000000001,69.05680000000001,87.4742,MOYPEW
169.75140000000002,377.14500000000015,638.7923999999999,709.7389999999999,570.0,1368.0,1788.0,1316.0,28.0,58.0,100.0,122.0,158.0,400.0,556.0,520.0,10.095600000000005,25.456200000000006,37.910000000000004,37.14820000000001,MOYPEW
280.6869,593.6910000000003,1037.9604000000002,1376.627,1032.0,2280.0,3516.0,4172.0,45.0,94.0,168.0,230.0,262.0,682.0,1026.0,1262.0,17.32050000000001,43.16620000000002,69.05680000000001,87.47420000000001,MOYPEW
280.6869,593.6910000000004,1037.9604,1376.6270000000006,1032.0,2280.0,3516.0,4172.0,45.0,94.0,168.0,230.0,262.0,682.0,1026.0,1262.0,17.320500000000006,43.16620000000002,69.05680000000001,87.47420000000001,MOYPEW
169.75140000000005,377.1450000000002,638.7924,709.739,570.0,1368.0,1788.0,1316.0,28.0,58.0,100.0,122.0,158.0,400.0,556.0,520.0,10.095600000000001,25.45620000000001,37.910000000000004,37.148199999999996,MOYPEW
169.75140000000002,377.14500000000015,638.7924,709.7389999999999,570.0,1368.0,1788.0,1316.0,28.0,58.0,100.0,122.0,158.0,400.0,556.0,520.0,10.0956,25.45620000000001,37.910000000000004,37.148199999999996,MOYPEW
169.75140000000005,377.1450000000001,638.7924,709.739,570.0,1368.0,1788.0,1316.0,28.0,58.0,100.0,122.0,158.0,400.0,556.0,520.0,10.0956,25.45620000000001,37.910000000000004,37.148199999999996,MOYPEW
280.6868999999999,593.6910000000004,1037.9604,1376.6270000000002,1032.0,2280.0,3516.0,4172.0,45.0,94.0,168.0,230.0,262.0,682.0,1026.0,1262.0,17.32050000000001,43.16620000000002,69.0568,87.47420000000001,MOYPEW
