f-chi-0-all,f-chi-1-all,f-chi-2-all,f-chi-3-all,f-Z-0-all,f-Z-1-all,f-Z-2-all,f-Z-3-all,f-I-0-all,f-I-1-all,f-I-2-all,f-I-3-all,f-T-0-all,f-T-1-all,f-T-2-all,f-T-3-all,f-S-0-all,f-S-1-all,f-S-2-all,f-S-3-all,mc-chi-0-all,mc-chi-1-all,mc-chi-2-all,mc-chi-3-all,mc-Z-0-all,mc-Z-1-all,mc-Z-2-all,mc-Z-3-all,mc-I-0-all,mc-I-1-all,mc-I-2-all,mc-I-3-all,mc-T-0-all,mc-T-1-all,mc-T-2-all,mc-T-3-all,mc-S-0-all,mc-S-1-all,mc-S-2-all,mc-S-3-all,D_mc-chi-0-all,D_mc-chi-1-all,D_mc-chi-2-all,D_mc-chi-3-all,D_mc-Z-0-all,D_mc-Z-1-all,D_mc-Z-2-all,D_mc-Z-3-all,D_mc-I-0-all,D_mc-I-1-all,D_mc-I-2-all,D_mc-I-3-all,D_mc-T-0-all,D_mc-T-1-all,D_mc-T-2-all,D_mc-T-3-all,D_mc-S-0-all,D_mc-S-1-all,D_mc-S-2-all,D_mc-S-3-all,name
293.73660000000007,610.5536,1079.9447999999995,1905.4263999999994,4854.0,8764.0,16480.0,21948.0,36.0,80.0,144.0,232.0,224.0,624.0,1040.0,1280.0,25.8,60.29999999999997,111.7511999999999,157.40640000000002,3.61,23.104,44.811499999999995,60.875999999999976,841.0,812.0,1580.5,4016.5,1.0,4.0,8.0,12.0,16.0,48.0,88.0,140.0,1.9043999999999994,4.14,8.3214,14.8005,0.0,-4.560000000000001,-8.385000000000002,-9.240000000000002,0.0,88.0,177.5,209.5,0.0,0.0,0.0,0.0,0.0,4.0,10.0,13.0,0.0,2.5199999999999996,5.009999999999999,5.834999999999998,ILOSOS_clean_primitive
293.73660000000007,610.5536,1079.9448,1905.4264000000007,4854.0,8764.0,16480.0,21948.0,36.0,80.0,144.0,232.0,224.0,624.0,1040.0,1280.0,25.8,60.29999999999998,111.75119999999994,157.4064,3.61,23.104,44.811499999999995,60.875999999999976,841.0,812.0,1580.5,4016.5,1.0,4.0,8.0,12.0,16.0,48.0,88.0,140.0,1.9043999999999994,4.14,8.3214,14.8005,0.0,-4.560000000000001,-8.385000000000002,-9.240000000000002,0.0,88.0,177.5,209.5,0.0,0.0,0.0,0.0,0.0,4.0,10.0,13.0,0.0,2.5199999999999996,5.009999999999999,5.834999999999998,ILOSOS_clean_primitive
