f-lig-chi-0,f-lig-chi-1,f-lig-chi-2,f-lig-chi-3,f-lig-Z-0,f-lig-Z-1,f-lig-Z-2,f-lig-Z-3,f-lig-I-0,f-lig-I-1,f-lig-I-2,f-lig-I-3,f-lig-T-0,f-lig-T-1,f-lig-T-2,f-lig-T-3,f-lig-S-0,f-lig-S-1,f-lig-S-2,f-lig-S-3,name
692.2384000000005,1367.6209999999996,2187.9464000000003,2846.5819999999994,3226.0,6392.0,9824.0,11120.0,94.0,198.0,312.0,420.0,510.0,1278.0,1864.0,2180.0,44.379,102.30460000000001,154.956,191.36999999999995,FAMQES_clean_primitive
692.2384000000011,1367.6210000000003,2187.9464000000016,2846.5820000000017,3226.0,6392.0,9824.0,11120.0,94.0,198.0,312.0,420.0,510.0,1278.0,1864.0,2180.0,44.37900000000004,102.30460000000001,154.956,191.36999999999983,FAMQES_clean_primitive
692.2384000000013,1367.6209999999999,2187.9464000000003,2846.582,3226.0,6392.0,9824.0,11120.0,94.0,198.0,312.0,420.0,510.0,1278.0,1864.0,2180.0,44.379000000000005,102.3046,154.95599999999993,191.36999999999992,FAMQES_clean_primitive
692.2384000000013,1367.6209999999992,2187.9464000000003,2846.5819999999994,3226.0,6392.0,9824.0,11120.0,94.0,198.0,312.0,420.0,510.0,1278.0,1864.0,2180.0,44.379,102.30459999999998,154.956,191.36999999999995,FAMQES_clean_primitive
