f-sbu-chi-0,f-sbu-chi-1,f-sbu-chi-2,f-sbu-chi-3,f-sbu-Z-0,f-sbu-Z-1,f-sbu-Z-2,f-sbu-Z-3,f-sbu-I-0,f-sbu-I-1,f-sbu-I-2,f-sbu-I-3,f-sbu-T-0,f-sbu-T-1,f-sbu-T-2,f-sbu-T-3,f-sbu-S-0,f-sbu-S-1,f-sbu-S-2,f-sbu-S-3,mc-chi-0,mc-chi-1,mc-chi-2,mc-chi-3,mc-Z-0,mc-Z-1,mc-Z-2,mc-Z-3,mc-I-0,mc-I-1,mc-I-2,mc-I-3,mc-T-0,mc-T-1,mc-T-2,mc-T-3,mc-S-0,mc-S-1,mc-S-2,mc-S-3,D_mc-chi-0,D_mc-chi-1,D_mc-chi-2,D_mc-chi-3,D_mc-Z-0,D_mc-Z-1,D_mc-Z-2,D_mc-Z-3,D_mc-I-0,D_mc-I-1,D_mc-I-2,D_mc-I-3,D_mc-T-0,D_mc-T-1,D_mc-T-2,D_mc-T-3,D_mc-S-0,D_mc-S-1,D_mc-S-2,D_mc-S-3,name
103.66770000000001,182.8864,259.22479999999996,407.8464,2745.0,3360.0,5812.0,2184.0,13.0,24.0,36.0,48.0,60.0,144.0,180.0,144.0,8.51,16.8,26.934799999999996,27.360000000000007,3.7249,23.468799999999998,43.154799999999994,66.19900000000001,2209.0,1316.0,2444.0,3008.0,1.0,4.0,8.0,14.0,16.0,48.0,96.0,144.0,1.6384,3.84,7.7824,11.750399999999999,0.0,-4.44,-6.920000000000001,-7.280000000000002,0.0,160.0,324.0,594.0,0.0,0.0,0.0,0.0,0.0,4.0,8.0,20.0,0.0,2.12,4.16,8.739999999999998,ERIHIW
103.66770000000001,182.88639999999998,259.2248,407.8464,2745.0,3360.0,5812.0,2184.0,13.0,24.0,36.0,48.0,60.0,144.0,180.0,144.0,8.51,16.8,26.9348,27.36,3.7249,23.468799999999998,43.154799999999994,66.19900000000001,2209.0,1316.0,2444.0,3008.0,1.0,4.0,8.0,14.0,16.0,48.0,96.0,144.0,1.6384,3.84,7.7824,11.750399999999999,0.0,-4.44,-6.920000000000001,-7.280000000000002,0.0,160.0,324.0,594.0,0.0,0.0,0.0,0.0,0.0,4.0,8.0,20.0,0.0,2.12,4.16,8.739999999999998,ERIHIW
103.66770000000001,182.88640000000004,259.22479999999996,407.8464,2745.0,3360.0,5812.0,2184.0,13.0,24.0,36.0,48.0,60.0,144.0,180.0,144.0,8.510000000000002,16.8,26.934800000000003,27.36,3.7249,23.468799999999998,43.154799999999994,66.19900000000001,2209.0,1316.0,2444.0,3008.0,1.0,4.0,8.0,14.0,16.0,48.0,96.0,144.0,1.6384,3.84,7.7824,11.750399999999999,0.0,-4.44,-6.920000000000001,-7.280000000000002,0.0,160.0,324.0,594.0,0.0,0.0,0.0,0.0,0.0,4.0,8.0,20.0,0.0,2.12,4.16,8.739999999999998,ERIHIW
103.6677,182.88640000000004,259.22479999999996,407.8463999999999,2745.0,3360.0,5812.0,2184.0,13.0,24.0,36.0,48.0,60.0,144.0,180.0,144.0,8.51,16.800000000000004,26.934799999999996,27.360000000000007,3.7249,23.468799999999998,43.154799999999994,66.19900000000001,2209.0,1316.0,2444.0,3008.0,1.0,4.0,8.0,14.0,16.0,48.0,96.0,144.0,1.6384,3.84,7.7824,11.750399999999999,0.0,-4.44,-6.920000000000001,-7.280000000000002,0.0,160.0,324.0,594.0,0.0,0.0,0.0,0.0,0.0,4.0,8.0,20.0,0.0,2.12,4.16,8.739999999999998,ERIHIW
