f-lig-chi-0,f-lig-chi-1,f-lig-chi-2,f-lig-chi-3,f-lig-Z-0,f-lig-Z-1,f-lig-Z-2,f-lig-Z-3,f-lig-I-0,f-lig-I-1,f-lig-I-2,f-lig-I-3,f-lig-T-0,f-lig-T-1,f-lig-T-2,f-lig-T-3,f-lig-S-0,f-lig-S-1,f-lig-S-2,f-lig-S-3,name
144.0364,322.36240000000004,471.0640000000001,482.7230000000001,634.0,1468.0,1972.0,1640.0,22.0,48.0,72.0,78.0,120.0,296.0,422.0,402.0,10.186200000000001,24.518400000000007,35.02080000000001,33.18140000000001,COJHIT_clean_primitive
144.03640000000001,322.36240000000004,471.0640000000001,482.7230000000001,634.0,1468.0,1972.0,1640.0,22.0,48.0,72.0,78.0,120.0,296.0,422.0,402.0,10.186200000000001,24.518400000000007,35.0208,33.181400000000004,COJHIT_clean_primitive
144.0364,322.3624,471.0640000000001,482.72300000000007,634.0,1468.0,1972.0,1640.0,22.0,48.0,72.0,78.0,120.0,296.0,422.0,402.0,10.186200000000001,24.518400000000003,35.02080000000001,33.18140000000001,COJHIT_clean_primitive
144.0364,322.36240000000004,471.0640000000001,482.72300000000007,634.0,1468.0,1972.0,1640.0,22.0,48.0,72.0,78.0,120.0,296.0,422.0,402.0,10.186200000000001,24.51840000000001,35.02080000000001,33.181400000000004,COJHIT_clean_primitive
