f-chi-0-all,f-chi-1-all,f-chi-2-all,f-chi-3-all,f-Z-0-all,f-Z-1-all,f-Z-2-all,f-Z-3-all,f-I-0-all,f-I-1-all,f-I-2-all,f-I-3-all,f-T-0-all,f-T-1-all,f-T-2-all,f-T-3-all,f-S-0-all,f-S-1-all,f-S-2-all,f-S-3-all,mc-chi-0-all,mc-chi-1-all,mc-chi-2-all,mc-chi-3-all,mc-Z-0-all,mc-Z-1-all,mc-Z-2-all,mc-Z-3-all,mc-I-0-all,mc-I-1-all,mc-I-2-all,mc-I-3-all,mc-T-0-all,mc-T-1-all,mc-T-2-all,mc-T-3-all,mc-S-0-all,mc-S-1-all,mc-S-2-all,mc-S-3-all,D_mc-chi-0-all,D_mc-chi-1-all,D_mc-chi-2-all,D_mc-chi-3-all,D_mc-Z-0-all,D_mc-Z-1-all,D_mc-Z-2-all,D_mc-Z-3-all,D_mc-I-0-all,D_mc-I-1-all,D_mc-I-2-all,D_mc-I-3-all,D_mc-T-0-all,D_mc-T-1-all,D_mc-T-2-all,D_mc-T-3-all,D_mc-S-0-all,D_mc-S-1-all,D_mc-S-2-all,D_mc-S-3-all,name
232.8771999999999,414.65919999999994,821.9016000000001,1049.0688,3044.0,5592.0,7666.0,8376.0,28.0,64.0,100.0,140.0,168.0,432.0,598.0,736.0,20.418799999999997,49.05040000000001,73.5524,93.4204,1.84145,17.7644,15.996949999999996,37.77435,454.5,513.0,490.5,948.0,1.0,4.0,5.0,10.0,16.0,38.0,62.0,96.0,1.7425000000000004,3.8674999999999997,5.454400000000001,9.4018,0.0,-8.299999999999999,-5.39,-16.005000000000003,0.0,34.5,54.0,101.0,0.0,0.0,0.0,0.0,0.0,6.5,4.5,16.0,0.0,2.3500000000000005,2.4699999999999998,6.08,LAWFUN_clean_primitive
232.8771999999999,414.6592,821.9016000000001,1049.0688,3044.0,5592.0,7666.0,8376.0,28.0,64.0,100.0,140.0,168.0,432.0,598.0,736.0,20.418799999999997,49.05040000000001,73.5524,93.4204,1.84145,17.7644,15.996949999999996,37.77435,454.5,513.0,490.5,948.0,1.0,4.0,5.0,10.0,16.0,38.0,62.0,96.0,1.7425000000000004,3.8674999999999997,5.454400000000001,9.4018,0.0,-8.299999999999999,-5.39,-16.005000000000003,0.0,34.5,54.0,101.0,0.0,0.0,0.0,0.0,0.0,6.5,4.5,16.0,0.0,2.3500000000000005,2.4699999999999998,6.08,LAWFUN_clean_primitive
