f-chi-0-all,f-chi-1-all,f-chi-2-all,f-chi-3-all,f-Z-0-all,f-Z-1-all,f-Z-2-all,f-Z-3-all,f-I-0-all,f-I-1-all,f-I-2-all,f-I-3-all,f-T-0-all,f-T-1-all,f-T-2-all,f-T-3-all,f-S-0-all,f-S-1-all,f-S-2-all,f-S-3-all,mc-chi-0-all,mc-chi-1-all,mc-chi-2-all,mc-chi-3-all,mc-Z-0-all,mc-Z-1-all,mc-Z-2-all,mc-Z-3-all,mc-I-0-all,mc-I-1-all,mc-I-2-all,mc-I-3-all,mc-T-0-all,mc-T-1-all,mc-T-2-all,mc-T-3-all,mc-S-0-all,mc-S-1-all,mc-S-2-all,mc-S-3-all,D_mc-chi-0-all,D_mc-chi-1-all,D_mc-chi-2-all,D_mc-chi-3-all,D_mc-Z-0-all,D_mc-Z-1-all,D_mc-Z-2-all,D_mc-Z-3-all,D_mc-I-0-all,D_mc-I-1-all,D_mc-I-2-all,D_mc-I-3-all,D_mc-T-0-all,D_mc-T-1-all,D_mc-T-2-all,D_mc-T-3-all,D_mc-S-0-all,D_mc-S-1-all,D_mc-S-2-all,D_mc-S-3-all,name
102.4566,173.37599999999998,239.82760000000002,255.93599999999992,2328.0,3456.0,3184.0,3072.0,12.0,24.0,28.0,32.0,52.0,112.0,124.0,128.0,9.001199999999999,18.2208,20.6308,21.140800000000006,2.7224999999999997,19.866,14.72625,34.59224999999999,900.0,840.0,630.0,1470.0,1.0,3.5,3.5,7.0,12.5,25.0,37.5,61.0,1.7161000000000002,3.3470500000000003,3.53045,6.8775,0.0,-6.265000000000001,-3.1499999999999995,-9.415000000000001,0.0,77.0,84.0,161.0,0.0,0.0,0.0,0.0,0.0,5.5,2.0,8.0,0.0,2.0300000000000002,1.8900000000000001,3.92,PURJES_clean_primitive
126.1238,231.16799999999995,445.9952000000001,511.872,2456.0,4608.0,4928.0,6144.0,14.0,32.0,48.0,64.0,80.0,192.0,256.0,320.0,10.066999999999998,24.294400000000003,33.192,42.281600000000005,2.7224999999999997,19.866,14.72625,34.59224999999999,900.0,840.0,630.0,1470.0,1.0,3.5,3.5,7.0,12.5,25.0,37.5,61.0,1.7161000000000002,3.3470500000000003,3.53045,6.8775,0.0,-6.265000000000001,-3.1499999999999995,-9.415000000000001,0.0,77.0,84.0,161.0,0.0,0.0,0.0,0.0,0.0,5.5,2.0,8.0,0.0,2.0300000000000002,1.8900000000000001,3.92,PURJES_clean_primitive
