f-chi-0-all,f-chi-1-all,f-chi-2-all,f-chi-3-all,f-Z-0-all,f-Z-1-all,f-Z-2-all,f-Z-3-all,f-I-0-all,f-I-1-all,f-I-2-all,f-I-3-all,f-T-0-all,f-T-1-all,f-T-2-all,f-T-3-all,f-S-0-all,f-S-1-all,f-S-2-all,f-S-3-all,mc-chi-0-all,mc-chi-1-all,mc-chi-2-all,mc-chi-3-all,mc-Z-0-all,mc-Z-1-all,mc-Z-2-all,mc-Z-3-all,mc-I-0-all,mc-I-1-all,mc-I-2-all,mc-I-3-all,mc-T-0-all,mc-T-1-all,mc-T-2-all,mc-T-3-all,mc-S-0-all,mc-S-1-all,mc-S-2-all,mc-S-3-all,D_mc-chi-0-all,D_mc-chi-1-all,D_mc-chi-2-all,D_mc-chi-3-all,D_mc-Z-0-all,D_mc-Z-1-all,D_mc-Z-2-all,D_mc-Z-3-all,D_mc-I-0-all,D_mc-I-1-all,D_mc-I-2-all,D_mc-I-3-all,D_mc-T-0-all,D_mc-T-1-all,D_mc-T-2-all,D_mc-T-3-all,D_mc-S-0-all,D_mc-S-1-all,D_mc-S-2-all,D_mc-S-3-all,name
447.8233999999999,904.984,3211.5124,4134.863999999999,10868.0,27232.0,47500.0,48780.0,58.0,168.0,392.0,588.0,648.0,2376.0,4244.0,4960.0,46.39620000000001,154.8472,293.0728,380.6796,0.9025,22.926666666666673,18.904999999999998,45.43533333333334,1444.0,2026.6666666666667,4180.0,4129.333333333333,1.0,7.333333333333333,9.333333333333334,15.333333333333334,54.0,162.0,248.0,295.3333333333333,3.4225,9.484333333333332,15.811333333333332,20.609000000000005,0.0,-17.166666666666668,-11.033333333333333,-33.26,0.0,225.33333333333334,244.66666666666666,474.0,0.0,0.0,0.0,0.0,0.0,32.0,36.0,73.33333333333333,0.0,8.440000000000001,8.72,17.22666666666667,YORZAH_clean_primitive
447.8233999999999,904.9840000000002,3211.5124000000014,4134.863999999999,10868.0,27232.0,47500.0,48780.0,58.0,168.0,392.0,588.0,648.0,2376.0,4244.0,4960.0,46.39620000000003,154.84719999999996,293.0727999999999,380.67959999999994,0.9025,22.926666666666673,18.904999999999998,45.43533333333334,1444.0,2026.6666666666667,4180.0,4129.333333333333,1.0,7.333333333333333,9.333333333333334,15.333333333333334,54.0,162.0,248.0,295.3333333333333,3.4225,9.484333333333332,15.811333333333332,20.609000000000005,0.0,-17.166666666666668,-11.033333333333333,-33.26,0.0,225.33333333333334,244.66666666666666,474.0,0.0,0.0,0.0,0.0,0.0,32.0,36.0,73.33333333333333,0.0,8.440000000000001,8.72,17.22666666666667,YORZAH_clean_primitive
