f-link-chi-0,f-link-chi-1,f-link-chi-2,f-link-chi-3,f-link-Z-0,f-link-Z-1,f-link-Z-2,f-link-Z-3,f-link-I-0,f-link-I-1,f-link-I-2,f-link-I-3,f-link-T-0,f-link-T-1,f-link-T-2,f-link-T-3,f-link-S-0,f-link-S-1,f-link-S-2,f-link-S-3,name
181.43790000000004,371.22900000000016,627.1502,765.6033999999999,636.0,1344.0,1844.0,1936.0,29.0,58.0,100.0,124.0,158.0,388.0,522.0,556.0,10.629300000000002,25.517800000000012,37.65080000000001,43.1892,ValZnFor
181.4379,371.2290000000001,627.1502,765.6034000000002,636.0,1344.0,1844.0,1936.0,29.0,58.0,100.0,124.0,158.0,388.0,522.0,556.0,10.629300000000002,25.51780000000001,37.65080000000002,43.189200000000014,ValZnFor
181.4379,371.2290000000001,627.1502000000002,765.6034,636.0,1344.0,1844.0,1936.0,29.0,58.0,100.0,124.0,158.0,388.0,522.0,556.0,10.629300000000004,25.51780000000001,37.65080000000001,43.18920000000001,ValZnFor
181.43790000000004,371.22900000000016,627.1501999999999,765.6034,636.0,1344.0,1844.0,1936.0,29.0,58.0,100.0,124.0,158.0,388.0,522.0,556.0,10.629300000000002,25.517800000000005,37.650800000000004,43.18920000000001,ValZnFor
181.4379,371.2290000000001,627.1502000000003,765.6034000000002,636.0,1344.0,1844.0,1936.0,29.0,58.0,100.0,124.0,158.0,388.0,522.0,556.0,10.6293,25.517800000000012,37.650800000000004,43.1892,ValZnFor
181.4379,371.22900000000016,627.1502000000002,765.6034,636.0,1344.0,1844.0,1936.0,29.0,58.0,100.0,124.0,158.0,388.0,522.0,556.0,10.629300000000002,25.51780000000001,37.65080000000001,43.18919999999999,ValZnFor
