f-lig-chi-0,f-lig-chi-1,f-lig-chi-2,f-lig-chi-3,f-lig-Z-0,f-lig-Z-1,f-lig-Z-2,f-lig-Z-3,f-lig-I-0,f-lig-I-1,f-lig-I-2,f-lig-I-3,f-lig-T-0,f-lig-T-1,f-lig-T-2,f-lig-T-3,f-lig-S-0,f-lig-S-1,f-lig-S-2,f-lig-S-3,name
373.02029999999996,708.696,1080.084,1097.7749999999996,2034.0,3888.0,5898.0,6012.0,45.0,96.0,138.0,144.0,234.0,540.0,690.0,744.0,25.778100000000006,55.809600000000025,79.62900000000002,83.25240000000005,EJETAQ_clean_primitive
373.02029999999996,708.696,1080.084,1097.7749999999994,2034.0,3888.0,5898.0,6012.0,45.0,96.0,138.0,144.0,234.0,540.0,690.0,744.0,25.778100000000002,55.80960000000003,79.62900000000002,83.25240000000005,EJETAQ_clean_primitive
373.02029999999996,708.6960000000001,1080.0839999999998,1097.7749999999996,2034.0,3888.0,5898.0,6012.0,45.0,96.0,138.0,144.0,234.0,540.0,690.0,744.0,25.778100000000002,55.809600000000025,79.629,83.25240000000005,EJETAQ_clean_primitive
373.02029999999996,708.6960000000001,1080.084,1097.7749999999994,2034.0,3888.0,5898.0,6012.0,45.0,96.0,138.0,144.0,234.0,540.0,690.0,744.0,25.778100000000002,55.80960000000003,79.62900000000002,83.25240000000005,EJETAQ_clean_primitive
373.02029999999985,708.6960000000007,1080.0840000000003,1097.7749999999999,2034.0,3888.0,5898.0,6012.0,45.0,96.0,138.0,144.0,234.0,540.0,690.0,744.0,25.77810000000002,55.809600000000025,79.629,83.25240000000005,EJETAQ_clean_primitive
373.02029999999985,708.6960000000005,1080.0840000000003,1097.7749999999999,2034.0,3888.0,5898.0,6012.0,45.0,96.0,138.0,144.0,234.0,540.0,690.0,744.0,25.77810000000002,55.809600000000025,79.629,83.25240000000005,EJETAQ_clean_primitive
373.02029999999985,708.6960000000005,1080.0840000000003,1097.7749999999999,2034.0,3888.0,5898.0,6012.0,45.0,96.0,138.0,144.0,234.0,540.0,690.0,744.0,25.77810000000002,55.809600000000025,79.629,83.25240000000005,EJETAQ_clean_primitive
373.02029999999985,708.6960000000006,1080.084,1097.7749999999999,2034.0,3888.0,5898.0,6012.0,45.0,96.0,138.0,144.0,234.0,540.0,690.0,744.0,25.77810000000002,55.809600000000025,79.629,83.25240000000005,EJETAQ_clean_primitive
