f-chi-0-all,f-chi-1-all,f-chi-2-all,f-chi-3-all,f-Z-0-all,f-Z-1-all,f-Z-2-all,f-Z-3-all,f-I-0-all,f-I-1-all,f-I-2-all,f-I-3-all,f-T-0-all,f-T-1-all,f-T-2-all,f-T-3-all,f-S-0-all,f-S-1-all,f-S-2-all,f-S-3-all,mc-chi-0-all,mc-chi-1-all,mc-chi-2-all,mc-chi-3-all,mc-Z-0-all,mc-Z-1-all,mc-Z-2-all,mc-Z-3-all,mc-I-0-all,mc-I-1-all,mc-I-2-all,mc-I-3-all,mc-T-0-all,mc-T-1-all,mc-T-2-all,mc-T-3-all,mc-S-0-all,mc-S-1-all,mc-S-2-all,mc-S-3-all,D_mc-chi-0-all,D_mc-chi-1-all,D_mc-chi-2-all,D_mc-chi-3-all,D_mc-Z-0-all,D_mc-Z-1-all,D_mc-Z-2-all,D_mc-Z-3-all,D_mc-I-0-all,D_mc-I-1-all,D_mc-I-2-all,D_mc-I-3-all,D_mc-T-0-all,D_mc-T-1-all,D_mc-T-2-all,D_mc-T-3-all,D_mc-S-0-all,D_mc-S-1-all,D_mc-S-2-all,D_mc-S-3-all,name
196.90319999999997,364.3619999999998,1327.3855999999996,1076.0399999999997,8994.0,16920.0,22346.0,16968.0,22.0,60.0,136.0,140.0,236.0,792.0,1058.0,968.0,16.782799999999998,55.37559999999999,93.085,95.39880000000002,1.44,31.956,16.74,42.06,3969.0,3906.0,5859.0,5166.0,1.0,8.0,6.0,12.0,64.0,160.0,184.0,256.0,2.8223999999999996,9.8784,9.290399999999998,15.187199999999999,0.0,-17.03,-6.749999999999999,-20.65,0.0,442.0,285.0,674.0,0.0,0.0,0.0,0.0,0.0,44.0,25.0,64.0,0.0,7.5600000000000005,4.55,11.12,BETDUB_clean_primitive
196.90319999999997,364.3619999999998,1327.3855999999998,1076.0399999999997,8994.0,16920.0,22346.0,16968.0,22.0,60.0,136.0,140.0,236.0,792.0,1058.0,968.0,16.782799999999998,55.37559999999999,93.085,95.39880000000004,1.44,31.956,16.74,42.06,3969.0,3906.0,5859.0,5166.0,1.0,8.0,6.0,12.0,64.0,160.0,184.0,256.0,2.8223999999999996,9.8784,9.290399999999998,15.187199999999999,0.0,-17.03,-6.749999999999999,-20.65,0.0,442.0,285.0,674.0,0.0,0.0,0.0,0.0,0.0,44.0,25.0,64.0,0.0,7.5600000000000005,4.55,11.12,BETDUB_clean_primitive
