f-lig-chi-0,f-lig-chi-1,f-lig-chi-2,f-lig-chi-3,f-lig-Z-0,f-lig-Z-1,f-lig-Z-2,f-lig-Z-3,f-lig-I-0,f-lig-I-1,f-lig-I-2,f-lig-I-3,f-lig-T-0,f-lig-T-1,f-lig-T-2,f-lig-T-3,f-lig-S-0,f-lig-S-1,f-lig-S-2,f-lig-S-3,name
177.88239999999996,311.35499999999985,564.7137999999999,772.3697999999998,868.0,1512.0,2464.0,2814.0,21.0,42.0,74.0,104.0,116.0,304.0,448.0,448.0,10.086899999999998,21.82180000000001,35.20419999999999,43.7352,TIQGIK_clean_primitive
177.88239999999996,311.3549999999999,564.7137999999999,772.3697999999998,868.0,1512.0,2464.0,2814.0,21.0,42.0,74.0,104.0,116.0,304.0,448.0,448.0,10.086899999999998,21.82180000000001,35.20419999999999,43.7352,TIQGIK_clean_primitive
177.88239999999996,311.3549999999999,564.7137999999999,772.3697999999998,868.0,1512.0,2464.0,2814.0,21.0,42.0,74.0,104.0,116.0,304.0,448.0,448.0,10.086899999999998,21.82180000000001,35.20419999999999,43.7352,TIQGIK_clean_primitive
177.88239999999996,311.3549999999999,564.7137999999999,772.3697999999998,868.0,1512.0,2464.0,2814.0,21.0,42.0,74.0,104.0,116.0,304.0,448.0,448.0,10.086899999999998,21.821800000000003,35.20419999999999,43.7352,TIQGIK_clean_primitive
