f-sbu-chi-0,f-sbu-chi-1,f-sbu-chi-2,f-sbu-chi-3,f-sbu-Z-0,f-sbu-Z-1,f-sbu-Z-2,f-sbu-Z-3,f-sbu-I-0,f-sbu-I-1,f-sbu-I-2,f-sbu-I-3,f-sbu-T-0,f-sbu-T-1,f-sbu-T-2,f-sbu-T-3,f-sbu-S-0,f-sbu-S-1,f-sbu-S-2,f-sbu-S-3,mc-chi-0,mc-chi-1,mc-chi-2,mc-chi-3,mc-Z-0,mc-Z-1,mc-Z-2,mc-Z-3,mc-I-0,mc-I-1,mc-I-2,mc-I-3,mc-T-0,mc-T-1,mc-T-2,mc-T-3,mc-S-0,mc-S-1,mc-S-2,mc-S-3,D_mc-chi-0,D_mc-chi-1,D_mc-chi-2,D_mc-chi-3,D_mc-Z-0,D_mc-Z-1,D_mc-Z-2,D_mc-Z-3,D_mc-I-0,D_mc-I-1,D_mc-I-2,D_mc-I-3,D_mc-T-0,D_mc-T-1,D_mc-T-2,D_mc-T-3,D_mc-S-0,D_mc-S-1,D_mc-S-2,D_mc-S-3,name
137.655,271.3472,582.3822,672.3135999999998,2226.0,4736.0,6370.0,5376.0,16.0,36.0,64.0,84.0,104.0,284.0,398.0,340.0,9.836799999999998,24.8492,39.279999999999994,43.537200000000006,3.6481,29.56679999999999,26.6636,40.8931,784.0,1008.0,1344.0,1400.0,1.0,4.5,6.0,7.0,22.5,54.0,72.0,90.0,1.4641,3.97485,5.1546,6.3283000000000005,0.0,-6.885,-2.5,-8.04,0.0,90.0,120.0,146.0,0.0,0.0,0.0,0.0,0.0,11.5,13.0,12.0,0.0,2.16,2.9999999999999996,3.2399999999999998,PUWCOZ
137.655,271.3472,582.3822,672.3135999999998,2226.0,4736.0,6370.0,5376.0,16.0,36.0,64.0,84.0,104.0,284.0,398.0,340.0,9.8368,24.849199999999996,39.27999999999999,43.53719999999999,3.6481,29.56679999999999,26.6636,40.8931,784.0,1008.0,1344.0,1400.0,1.0,4.5,6.0,7.0,22.5,54.0,72.0,90.0,1.4641,3.97485,5.1546,6.3283000000000005,0.0,-6.885,-2.5,-8.04,0.0,90.0,120.0,146.0,0.0,0.0,0.0,0.0,0.0,11.5,13.0,12.0,0.0,2.16,2.9999999999999996,3.2399999999999998,PUWCOZ
137.655,271.3472,582.3822,672.3136,2226.0,4736.0,6370.0,5376.0,16.0,36.0,64.0,84.0,104.0,284.0,398.0,340.0,9.836799999999998,24.849199999999996,39.28,43.537200000000006,3.6481,29.56679999999999,26.6636,40.8931,784.0,1008.0,1344.0,1400.0,1.0,4.5,6.0,7.0,22.5,54.0,72.0,90.0,1.4641,3.97485,5.1546,6.3283000000000005,0.0,-6.885,-2.5,-8.04,0.0,90.0,120.0,146.0,0.0,0.0,0.0,0.0,0.0,11.5,13.0,12.0,0.0,2.16,2.9999999999999996,3.2399999999999998,PUWCOZ
137.655,271.34719999999993,582.3821999999999,672.3135999999998,2226.0,4736.0,6370.0,5376.0,16.0,36.0,64.0,84.0,104.0,284.0,398.0,340.0,9.8368,24.849199999999996,39.27999999999999,43.537200000000006,3.6481,29.56679999999999,26.6636,40.8931,784.0,1008.0,1344.0,1400.0,1.0,4.5,6.0,7.0,22.5,54.0,72.0,90.0,1.4641,3.97485,5.1546,6.3283000000000005,0.0,-6.885,-2.5,-8.04,0.0,90.0,120.0,146.0,0.0,0.0,0.0,0.0,0.0,11.5,13.0,12.0,0.0,2.16,2.9999999999999996,3.2399999999999998,PUWCOZ
