f-chi-0-all,f-chi-1-all,f-chi-2-all,f-chi-3-all,f-Z-0-all,f-Z-1-all,f-Z-2-all,f-Z-3-all,f-I-0-all,f-I-1-all,f-I-2-all,f-I-3-all,f-T-0-all,f-T-1-all,f-T-2-all,f-T-3-all,f-S-0-all,f-S-1-all,f-S-2-all,f-S-3-all,mc-chi-0-all,mc-chi-1-all,mc-chi-2-all,mc-chi-3-all,mc-Z-0-all,mc-Z-1-all,mc-Z-2-all,mc-Z-3-all,mc-I-0-all,mc-I-1-all,mc-I-2-all,mc-I-3-all,mc-T-0-all,mc-T-1-all,mc-T-2-all,mc-T-3-all,mc-S-0-all,mc-S-1-all,mc-S-2-all,mc-S-3-all,D_mc-chi-0-all,D_mc-chi-1-all,D_mc-chi-2-all,D_mc-chi-3-all,D_mc-Z-0-all,D_mc-Z-1-all,D_mc-Z-2-all,D_mc-Z-3-all,D_mc-I-0-all,D_mc-I-1-all,D_mc-I-2-all,D_mc-I-3-all,D_mc-T-0-all,D_mc-T-1-all,D_mc-T-2-all,D_mc-T-3-all,D_mc-S-0-all,D_mc-S-1-all,D_mc-S-2-all,D_mc-S-3-all,name
344.33439999999985,666.5343999999998,1614.153599999999,1694.6816000000001,18280.0,24704.0,43200.0,55168.0,38.0,96.0,168.0,240.0,264.0,672.0,1056.0,1632.0,34.08360000000002,86.66560000000001,135.85840000000007,210.4735999999999,3.6598666666666673,25.410133333333334,16.176800000000004,60.23826666666667,2490.6666666666665,1578.6666666666667,2960.0,3749.3333333333335,1.0,4.0,4.0,10.0,16.0,32.0,64.0,96.0,2.0508666666666664,4.126933333333333,5.992533333333334,10.430399999999997,0.0,-6.373333333333334,-1.3733333333333329,-14.153333333333334,0.0,165.33333333333334,137.33333333333334,417.3333333333333,0.0,0.0,0.0,0.0,0.0,8.0,0.0,16.0,0.0,2.733333333333333,1.413333333333333,6.753333333333333,GIQYIP_clean_primitive
