f-lig-chi-0,f-lig-chi-1,f-lig-chi-2,f-lig-chi-3,f-lig-Z-0,f-lig-Z-1,f-lig-Z-2,f-lig-Z-3,f-lig-I-0,f-lig-I-1,f-lig-I-2,f-lig-I-3,f-lig-T-0,f-lig-T-1,f-lig-T-2,f-lig-T-3,f-lig-S-0,f-lig-S-1,f-lig-S-2,f-lig-S-3,name
248.7712999999999,479.33799999999985,760.5657999999999,952.21,1133.0,2176.0,3286.0,3532.0,34.0,70.0,110.0,144.0,180.0,446.0,642.0,736.0,15.5746,35.43660000000001,52.8622,63.41840000000003,OPURIB_clean_primitive
248.7712999999999,479.3379999999999,760.5657999999999,952.2100000000002,1133.0,2176.0,3286.0,3532.0,34.0,70.0,110.0,144.0,180.0,446.0,642.0,736.0,15.5746,35.436600000000006,52.862199999999994,63.41840000000002,OPURIB_clean_primitive
