f-link-chi-0,f-link-chi-1,f-link-chi-2,f-link-chi-3,f-link-Z-0,f-link-Z-1,f-link-Z-2,f-link-Z-3,f-link-I-0,f-link-I-1,f-link-I-2,f-link-I-3,f-link-T-0,f-link-T-1,f-link-T-2,f-link-T-3,f-link-S-0,f-link-S-1,f-link-S-2,f-link-S-3,name
280.6868999999999,593.6910000000001,1037.9604,1376.6270000000002,1032.0,2280.0,3516.0,4172.0,45.0,94.0,168.0,230.0,262.0,682.0,1026.0,1262.0,17.320500000000006,43.16620000000002,69.0568,87.47420000000002,MOYPIA
280.6869,593.6910000000005,1037.9604,1376.6270000000002,1032.0,2280.0,3516.0,4172.0,45.0,94.0,168.0,230.0,262.0,682.0,1026.0,1262.0,17.32050000000001,43.16620000000002,69.05680000000001,87.47420000000002,MOYPIA
