f-sbu-chi-0,f-sbu-chi-1,f-sbu-chi-2,f-sbu-chi-3,f-sbu-Z-0,f-sbu-Z-1,f-sbu-Z-2,f-sbu-Z-3,f-sbu-I-0,f-sbu-I-1,f-sbu-I-2,f-sbu-I-3,f-sbu-T-0,f-sbu-T-1,f-sbu-T-2,f-sbu-T-3,f-sbu-S-0,f-sbu-S-1,f-sbu-S-2,f-sbu-S-3,mc-chi-0,mc-chi-1,mc-chi-2,mc-chi-3,mc-Z-0,mc-Z-1,mc-Z-2,mc-Z-3,mc-I-0,mc-I-1,mc-I-2,mc-I-3,mc-T-0,mc-T-1,mc-T-2,mc-T-3,mc-S-0,mc-S-1,mc-S-2,mc-S-3,D_mc-chi-0,D_mc-chi-1,D_mc-chi-2,D_mc-chi-3,D_mc-Z-0,D_mc-Z-1,D_mc-Z-2,D_mc-Z-3,D_mc-I-0,D_mc-I-1,D_mc-I-2,D_mc-I-3,D_mc-T-0,D_mc-T-1,D_mc-T-2,D_mc-T-3,D_mc-S-0,D_mc-S-1,D_mc-S-2,D_mc-S-3,name
161.6229,346.6770000000001,583.2072000000002,764.3690000000001,1566.0,3072.0,4254.0,4244.0,25.0,54.0,88.0,118.0,142.0,370.0,570.0,630.0,12.116900000000003,29.854200000000006,46.550399999999996,55.31260000000002,2.7224999999999997,21.384,25.244999999999997,43.857,900.0,900.0,1080.0,1620.0,1.0,4.0,6.0,10.0,16.0,40.0,72.0,88.0,1.7161000000000002,3.8776,6.052200000000001,8.9342,0.0,-6.360000000000001,-5.4,-10.080000000000002,0.0,90.0,144.0,246.0,0.0,0.0,0.0,0.0,0.0,6.0,6.0,18.0,0.0,2.2800000000000002,3.24,6.28,MOYPIA
161.6229,346.677,583.2072,764.369,1566.0,3072.0,4254.0,4244.0,25.0,54.0,88.0,118.0,142.0,370.0,570.0,630.0,12.116900000000003,29.854200000000002,46.55039999999998,55.31260000000002,2.7224999999999997,21.384,25.244999999999997,43.857,900.0,900.0,1080.0,1620.0,1.0,4.0,6.0,10.0,16.0,40.0,72.0,88.0,1.7161000000000002,3.8776,6.052200000000001,8.9342,0.0,-6.360000000000001,-5.4,-10.080000000000002,0.0,90.0,144.0,246.0,0.0,0.0,0.0,0.0,0.0,6.0,6.0,18.0,0.0,2.2800000000000002,3.24,6.28,MOYPIA
