f-lig-chi-0,f-lig-chi-1,f-lig-chi-2,f-lig-chi-3,f-lig-Z-0,f-lig-Z-1,f-lig-Z-2,f-lig-Z-3,f-lig-I-0,f-lig-I-1,f-lig-I-2,f-lig-I-3,f-lig-T-0,f-lig-T-1,f-lig-T-2,f-lig-T-3,f-lig-S-0,f-lig-S-1,f-lig-S-2,f-lig-S-3,name
142.0086,288.609,463.34139999999985,454.086,1386.0,2208.0,3784.0,4608.0,19.0,42.0,66.0,66.0,108.0,270.0,394.0,332.0,11.4556,25.733399999999996,40.80099999999999,40.1356,VULKIX_clean_primitive
142.0086,288.6089999999999,463.34139999999985,454.086,1386.0,2208.0,3784.0,4608.0,19.0,42.0,66.0,66.0,108.0,270.0,394.0,332.0,11.4556,25.733399999999996,40.80099999999999,40.135600000000004,VULKIX_clean_primitive
142.0086,288.6089999999999,463.3413999999999,454.086,1386.0,2208.0,3784.0,4608.0,19.0,42.0,66.0,66.0,108.0,270.0,394.0,332.0,11.4556,25.7334,40.80099999999999,40.1356,VULKIX_clean_primitive
142.0086,288.6089999999999,463.3413999999999,454.086,1386.0,2208.0,3784.0,4608.0,19.0,42.0,66.0,66.0,108.0,270.0,394.0,332.0,11.4556,25.733399999999996,40.80099999999999,40.1356,VULKIX_clean_primitive
