f-sbu-chi-0,f-sbu-chi-1,f-sbu-chi-2,f-sbu-chi-3,f-sbu-Z-0,f-sbu-Z-1,f-sbu-Z-2,f-sbu-Z-3,f-sbu-I-0,f-sbu-I-1,f-sbu-I-2,f-sbu-I-3,f-sbu-T-0,f-sbu-T-1,f-sbu-T-2,f-sbu-T-3,f-sbu-S-0,f-sbu-S-1,f-sbu-S-2,f-sbu-S-3,mc-chi-0,mc-chi-1,mc-chi-2,mc-chi-3,mc-Z-0,mc-Z-1,mc-Z-2,mc-Z-3,mc-I-0,mc-I-1,mc-I-2,mc-I-3,mc-T-0,mc-T-1,mc-T-2,mc-T-3,mc-S-0,mc-S-1,mc-S-2,mc-S-3,D_mc-chi-0,D_mc-chi-1,D_mc-chi-2,D_mc-chi-3,D_mc-Z-0,D_mc-Z-1,D_mc-Z-2,D_mc-Z-3,D_mc-I-0,D_mc-I-1,D_mc-I-2,D_mc-I-3,D_mc-T-0,D_mc-T-1,D_mc-T-2,D_mc-T-3,D_mc-S-0,D_mc-S-1,D_mc-S-2,D_mc-S-3,name
505.81259999999975,871.2,1956.5363999999995,2693.683199999998,3558.0,8928.0,14448.0,18144.0,60.0,132.0,228.0,336.0,360.0,924.0,1284.0,1536.0,41.9868,102.05640000000005,161.61480000000012,211.3296,1.7161000000000002,22.008,20.043000000000003,43.83259999999999,144.0,468.0,432.0,840.0,1.0,5.0,6.0,12.0,25.0,55.0,90.0,140.0,1.9321,5.101300000000001,6.421799999999998,11.509199999999998,0.0,-10.25,-7.439999999999999,-17.74,0.0,21.0,36.0,74.0,0.0,0.0,0.0,0.0,0.0,14.0,12.0,32.0,0.0,3.28,3.7199999999999993,8.4,NABMUA01
