f-chi-0-all,f-chi-1-all,f-chi-2-all,f-chi-3-all,f-Z-0-all,f-Z-1-all,f-Z-2-all,f-Z-3-all,f-I-0-all,f-I-1-all,f-I-2-all,f-I-3-all,f-T-0-all,f-T-1-all,f-T-2-all,f-T-3-all,f-S-0-all,f-S-1-all,f-S-2-all,f-S-3-all,mc-chi-0-all,mc-chi-1-all,mc-chi-2-all,mc-chi-3-all,mc-Z-0-all,mc-Z-1-all,mc-Z-2-all,mc-Z-3-all,mc-I-0-all,mc-I-1-all,mc-I-2-all,mc-I-3-all,mc-T-0-all,mc-T-1-all,mc-T-2-all,mc-T-3-all,mc-S-0-all,mc-S-1-all,mc-S-2-all,mc-S-3-all,D_mc-chi-0-all,D_mc-chi-1-all,D_mc-chi-2-all,D_mc-chi-3-all,D_mc-Z-0-all,D_mc-Z-1-all,D_mc-Z-2-all,D_mc-Z-3-all,D_mc-I-0-all,D_mc-I-1-all,D_mc-I-2-all,D_mc-I-3-all,D_mc-T-0-all,D_mc-T-1-all,D_mc-T-2-all,D_mc-T-3-all,D_mc-S-0-all,D_mc-S-1-all,D_mc-S-2-all,D_mc-S-3-all,name
233.11539999999997,403.9339999999999,1699.4743999999992,1530.342,9706.0,19688.0,26642.0,21864.0,26.0,68.0,172.0,196.0,280.0,952.0,1324.0,1248.0,19.0344,62.529599999999995,115.42899999999997,129.6568,1.2100000000000002,33.077,18.040000000000003,48.928,4225.0,4550.0,6565.0,6760.0,1.0,9.0,7.0,15.0,81.0,198.0,243.0,342.0,2.8223999999999996,11.1048,10.584,18.9336,0.0,-20.169999999999998,-8.699999999999998,-27.979999999999993,0.0,515.0,354.0,871.0,0.0,0.0,0.0,0.0,0.0,59.0,36.0,97.0,0.0,8.51,5.46,13.929999999999998,MAPCUE_clean_primitive
233.11539999999997,403.9339999999999,1699.4743999999992,1530.342,9706.0,19688.0,26642.0,21864.0,26.0,68.0,172.0,196.0,280.0,952.0,1324.0,1248.0,19.0344,62.529599999999995,115.42899999999997,129.6568,1.2100000000000002,33.077,18.040000000000003,48.928,4225.0,4550.0,6565.0,6760.0,1.0,9.0,7.0,15.0,81.0,198.0,243.0,342.0,2.8223999999999996,11.1048,10.584,18.9336,0.0,-20.169999999999998,-8.699999999999998,-27.979999999999993,0.0,515.0,354.0,871.0,0.0,0.0,0.0,0.0,0.0,59.0,36.0,97.0,0.0,8.51,5.46,13.929999999999998,MAPCUE_clean_primitive
