f-lig-chi-0,f-lig-chi-1,f-lig-chi-2,f-lig-chi-3,f-lig-Z-0,f-lig-Z-1,f-lig-Z-2,f-lig-Z-3,f-lig-I-0,f-lig-I-1,f-lig-I-2,f-lig-I-3,f-lig-T-0,f-lig-T-1,f-lig-T-2,f-lig-T-3,f-lig-S-0,f-lig-S-1,f-lig-S-2,f-lig-S-3,name
164.28419999999997,327.2559999999999,495.3676,541.6378,768.0,1528.0,2242.0,2224.0,22.0,46.0,68.0,76.0,114.0,274.0,370.0,364.0,10.4326,23.732599999999998,33.95000000000001,34.96000000000001,HOFSUS_clean_primitive
164.2842,327.256,495.3676,541.6377999999999,768.0,1528.0,2242.0,2224.0,22.0,46.0,68.0,76.0,114.0,274.0,370.0,364.0,10.4326,23.7326,33.95000000000001,34.96000000000001,HOFSUS_clean_primitive
164.2842,327.256,495.3676,541.6377999999999,768.0,1528.0,2242.0,2224.0,22.0,46.0,68.0,76.0,114.0,274.0,370.0,364.0,10.4326,23.732600000000005,33.95000000000001,34.96000000000001,HOFSUS_clean_primitive
164.2842,327.256,495.36760000000004,541.6378,768.0,1528.0,2242.0,2224.0,22.0,46.0,68.0,76.0,114.0,274.0,370.0,364.0,10.432599999999999,23.732600000000005,33.95000000000001,34.96000000000001,HOFSUS_clean_primitive
