f-chi-0-all,f-chi-1-all,f-chi-2-all,f-chi-3-all,f-Z-0-all,f-Z-1-all,f-Z-2-all,f-Z-3-all,f-I-0-all,f-I-1-all,f-I-2-all,f-I-3-all,f-T-0-all,f-T-1-all,f-T-2-all,f-T-3-all,f-S-0-all,f-S-1-all,f-S-2-all,f-S-3-all,mc-chi-0-all,mc-chi-1-all,mc-chi-2-all,mc-chi-3-all,mc-Z-0-all,mc-Z-1-all,mc-Z-2-all,mc-Z-3-all,mc-I-0-all,mc-I-1-all,mc-I-2-all,mc-I-3-all,mc-T-0-all,mc-T-1-all,mc-T-2-all,mc-T-3-all,mc-S-0-all,mc-S-1-all,mc-S-2-all,mc-S-3-all,D_mc-chi-0-all,D_mc-chi-1-all,D_mc-chi-2-all,D_mc-chi-3-all,D_mc-Z-0-all,D_mc-Z-1-all,D_mc-Z-2-all,D_mc-Z-3-all,D_mc-I-0-all,D_mc-I-1-all,D_mc-I-2-all,D_mc-I-3-all,D_mc-T-0-all,D_mc-T-1-all,D_mc-T-2-all,D_mc-T-3-all,D_mc-S-0-all,D_mc-S-1-all,D_mc-S-2-all,D_mc-S-3-all,name
199.26399999999995,439.85399999999976,905.0803999999998,1201.194,2854.0,6264.0,9920.0,9264.0,26.0,64.0,120.0,156.0,184.0,520.0,892.0,944.0,17.239400000000007,44.91200000000001,82.14479999999998,96.10200000000005,2.7224999999999997,26.4,33.66,53.888999999999996,900.0,1110.0,1440.0,2040.0,1.0,5.0,8.0,12.0,25.0,65.0,120.0,145.0,1.7161000000000002,4.8601,8.069600000000001,10.8992,0.0,-7.75,-7.200000000000001,-12.860000000000003,0.0,113.0,192.0,292.0,0.0,0.0,0.0,0.0,0.0,12.0,16.0,31.0,0.0,2.8400000000000003,4.32,7.400000000000001,HOFSUS_clean_primitive
199.26399999999995,439.8539999999998,905.0803999999998,1201.194,2854.0,6264.0,9920.0,9264.0,26.0,64.0,120.0,156.0,184.0,520.0,892.0,944.0,17.239400000000007,44.91200000000001,82.14479999999998,96.10200000000005,2.7224999999999997,26.4,33.66,53.888999999999996,900.0,1110.0,1440.0,2040.0,1.0,5.0,8.0,12.0,25.0,65.0,120.0,145.0,1.7161000000000002,4.8601,8.069600000000001,10.8992,0.0,-7.75,-7.200000000000001,-12.860000000000003,0.0,113.0,192.0,292.0,0.0,0.0,0.0,0.0,0.0,12.0,16.0,31.0,0.0,2.8400000000000003,4.32,7.400000000000001,HOFSUS_clean_primitive
