f-chi-0-all,f-chi-1-all,f-chi-2-all,f-chi-3-all,f-Z-0-all,f-Z-1-all,f-Z-2-all,f-Z-3-all,f-I-0-all,f-I-1-all,f-I-2-all,f-I-3-all,f-T-0-all,f-T-1-all,f-T-2-all,f-T-3-all,f-S-0-all,f-S-1-all,f-S-2-all,f-S-3-all,mc-chi-0-all,mc-chi-1-all,mc-chi-2-all,mc-chi-3-all,mc-Z-0-all,mc-Z-1-all,mc-Z-2-all,mc-Z-3-all,mc-I-0-all,mc-I-1-all,mc-I-2-all,mc-I-3-all,mc-T-0-all,mc-T-1-all,mc-T-2-all,mc-T-3-all,mc-S-0-all,mc-S-1-all,mc-S-2-all,mc-S-3-all,D_mc-chi-0-all,D_mc-chi-1-all,D_mc-chi-2-all,D_mc-chi-3-all,D_mc-Z-0-all,D_mc-Z-1-all,D_mc-Z-2-all,D_mc-Z-3-all,D_mc-I-0-all,D_mc-I-1-all,D_mc-I-2-all,D_mc-I-3-all,D_mc-T-0-all,D_mc-T-1-all,D_mc-T-2-all,D_mc-T-3-all,D_mc-S-0-all,D_mc-S-1-all,D_mc-S-2-all,D_mc-S-3-all,name
258.8032,670.6475999999999,1331.5037999999997,1833.6852000000001,5643.0,10050.0,19416.0,28362.0,35.0,96.0,186.0,248.0,282.0,840.0,1674.0,2160.0,25.691800000000004,69.61980000000001,135.7578000000001,180.35939999999994,2.88488,18.47712,34.94622,47.963519999999995,865.8,743.4,1416.6,3169.8,1.0,3.6,7.2,11.2,14.4,43.2,86.4,136.8,1.6904000000000003,3.5145000000000004,7.091279999999999,12.2715,0.0,-4.866000000000001,-8.556000000000001,-9.402,0.0,81.0,164.4,222.6,0.0,0.0,0.0,0.0,0.0,3.6,7.2,7.2,0.0,1.9860000000000002,3.924000000000001,5.142000000000001,HIGRIA_clean_primitive
258.80320000000006,670.6475999999999,1331.503799999999,1833.685200000001,5643.0,10050.0,19416.0,28362.0,35.0,96.0,186.0,248.0,282.0,840.0,1674.0,2160.0,25.6918,69.61980000000003,135.7578000000001,180.35940000000014,2.88488,18.47712,34.94622,47.963519999999995,865.8,743.4,1416.6,3169.8,1.0,3.6,7.2,11.2,14.4,43.2,86.4,136.8,1.6904000000000003,3.5145000000000004,7.091279999999999,12.2715,0.0,-4.866000000000001,-8.556000000000001,-9.402,0.0,81.0,164.4,222.6,0.0,0.0,0.0,0.0,0.0,3.6,7.2,7.2,0.0,1.9860000000000002,3.924000000000001,5.142000000000001,HIGRIA_clean_primitive
