f-chi-0-all,f-chi-1-all,f-chi-2-all,f-chi-3-all,f-Z-0-all,f-Z-1-all,f-Z-2-all,f-Z-3-all,f-I-0-all,f-I-1-all,f-I-2-all,f-I-3-all,f-T-0-all,f-T-1-all,f-T-2-all,f-T-3-all,f-S-0-all,f-S-1-all,f-S-2-all,f-S-3-all,mc-chi-0-all,mc-chi-1-all,mc-chi-2-all,mc-chi-3-all,mc-Z-0-all,mc-Z-1-all,mc-Z-2-all,mc-Z-3-all,mc-I-0-all,mc-I-1-all,mc-I-2-all,mc-I-3-all,mc-T-0-all,mc-T-1-all,mc-T-2-all,mc-T-3-all,mc-S-0-all,mc-S-1-all,mc-S-2-all,mc-S-3-all,D_mc-chi-0-all,D_mc-chi-1-all,D_mc-chi-2-all,D_mc-chi-3-all,D_mc-Z-0-all,D_mc-Z-1-all,D_mc-Z-2-all,D_mc-Z-3-all,D_mc-I-0-all,D_mc-I-1-all,D_mc-I-2-all,D_mc-I-3-all,D_mc-T-0-all,D_mc-T-1-all,D_mc-T-2-all,D_mc-T-3-all,D_mc-S-0-all,D_mc-S-1-all,D_mc-S-2-all,D_mc-S-3-all,name
167.17199999999997,323.0979999999999,1009.3892000000001,940.8499999999998,1698.0,5648.0,8792.0,7192.0,20.0,56.0,114.0,120.0,204.0,692.0,1054.0,800.0,15.979599999999998,51.07440000000002,85.3466,79.14960000000002,1.0,23.680000000000003,16.3,24.870000000000005,400.0,1100.0,1120.0,1080.0,1.0,7.0,7.0,9.0,49.0,133.0,175.0,161.0,2.9240999999999997,8.772300000000001,10.824300000000001,10.9953,0.0,-16.68,-9.299999999999999,-15.869999999999997,0.0,85.0,84.0,126.0,0.0,0.0,0.0,0.0,0.0,30.0,24.0,40.0,0.0,6.84,5.639999999999999,8.959999999999999,KAYBUJ_clean_primitive
167.17199999999997,323.0979999999999,1009.3892000000001,940.8499999999998,1698.0,5648.0,8792.0,7192.0,20.0,56.0,114.0,120.0,204.0,692.0,1054.0,800.0,15.979599999999998,51.07440000000001,85.3466,79.14960000000002,1.0,23.680000000000003,16.3,24.870000000000005,400.0,1100.0,1120.0,1080.0,1.0,7.0,7.0,9.0,49.0,133.0,175.0,161.0,2.9240999999999997,8.772300000000001,10.824300000000001,10.9953,0.0,-16.68,-9.299999999999999,-15.869999999999997,0.0,85.0,84.0,126.0,0.0,0.0,0.0,0.0,0.0,30.0,24.0,40.0,0.0,6.84,5.639999999999999,8.959999999999999,KAYBUJ_clean_primitive
