f-link-chi-0,f-link-chi-1,f-link-chi-2,f-link-chi-3,f-link-Z-0,f-link-Z-1,f-link-Z-2,f-link-Z-3,f-link-I-0,f-link-I-1,f-link-I-2,f-link-I-3,f-link-T-0,f-link-T-1,f-link-T-2,f-link-T-3,f-link-S-0,f-link-S-1,f-link-S-2,f-link-S-3,name
108.88690000000003,189.516,320.20539999999994,384.474,442.0,744.0,1006.0,768.0,15.0,28.0,48.0,60.0,76.0,184.0,210.0,168.0,5.917499999999999,12.6588,17.8448,17.938799999999997,GINTAA01
108.88690000000003,189.516,320.20539999999994,384.474,442.0,744.0,1006.0,768.0,15.0,28.0,48.0,60.0,76.0,184.0,210.0,168.0,5.917499999999999,12.6588,17.8448,17.938799999999997,GINTAA01
195.7614,442.17000000000013,723.4724000000002,803.1129999999999,714.0,1728.0,2360.0,1984.0,32.0,68.0,112.0,134.0,180.0,452.0,656.0,658.0,12.467200000000005,31.38520000000001,46.84880000000002,48.45260000000002,GINTAA01
195.7614,442.17000000000013,723.4724000000002,803.1129999999999,714.0,1728.0,2360.0,1984.0,32.0,68.0,112.0,134.0,180.0,452.0,656.0,658.0,12.467200000000005,31.38520000000001,46.84880000000002,48.45260000000002,GINTAA01
108.88690000000001,189.51599999999996,320.20540000000005,384.4740000000001,442.0,744.0,1006.0,768.0,15.0,28.0,48.0,60.0,76.0,184.0,210.0,168.0,5.9174999999999995,12.658800000000003,17.8448,17.9388,GINTAA01
108.88690000000001,189.51599999999996,320.20540000000005,384.47400000000005,442.0,744.0,1006.0,768.0,15.0,28.0,48.0,60.0,76.0,184.0,210.0,168.0,5.9174999999999995,12.658800000000001,17.844799999999996,17.938800000000004,GINTAA01
195.7614,442.1700000000001,723.4724,803.1129999999999,714.0,1728.0,2360.0,1984.0,32.0,68.0,112.0,134.0,180.0,452.0,656.0,658.0,12.467200000000007,31.38520000000001,46.84880000000001,48.45260000000001,GINTAA01
195.7614,442.1700000000001,723.4724,803.1129999999999,714.0,1728.0,2360.0,1984.0,32.0,68.0,112.0,134.0,180.0,452.0,656.0,658.0,12.467200000000007,31.38520000000001,46.84880000000001,48.45260000000001,GINTAA01
