f-chi-0-all,f-chi-1-all,f-chi-2-all,f-chi-3-all,f-Z-0-all,f-Z-1-all,f-Z-2-all,f-Z-3-all,f-I-0-all,f-I-1-all,f-I-2-all,f-I-3-all,f-T-0-all,f-T-1-all,f-T-2-all,f-T-3-all,f-S-0-all,f-S-1-all,f-S-2-all,f-S-3-all,mc-chi-0-all,mc-chi-1-all,mc-chi-2-all,mc-chi-3-all,mc-Z-0-all,mc-Z-1-all,mc-Z-2-all,mc-Z-3-all,mc-I-0-all,mc-I-1-all,mc-I-2-all,mc-I-3-all,mc-T-0-all,mc-T-1-all,mc-T-2-all,mc-T-3-all,mc-S-0-all,mc-S-1-all,mc-S-2-all,mc-S-3-all,D_mc-chi-0-all,D_mc-chi-1-all,D_mc-chi-2-all,D_mc-chi-3-all,D_mc-Z-0-all,D_mc-Z-1-all,D_mc-Z-2-all,D_mc-Z-3-all,D_mc-I-0-all,D_mc-I-1-all,D_mc-I-2-all,D_mc-I-3-all,D_mc-T-0-all,D_mc-T-1-all,D_mc-T-2-all,D_mc-T-3-all,D_mc-S-0-all,D_mc-S-1-all,D_mc-S-2-all,D_mc-S-3-all,name
162.59429999999998,333.40479999999997,817.0534,879.5392,7698.0,11552.0,22720.0,14880.0,19.0,48.0,92.0,116.0,150.0,464.0,728.0,624.0,14.545599999999997,40.32519999999999,68.8554,71.27720000000001,2.8560999999999996,27.130133333333333,24.640199999999997,42.497866666666674,2304.0,1792.0,5472.0,2816.0,1.0,4.666666666666667,6.666666666666667,8.0,22.666666666666668,64.0,92.0,88.0,2.1904,5.0418666666666665,8.514933333333333,8.801066666666665,0.0,-8.166666666666666,-3.313333333333334,-11.626666666666665,0.0,186.66666666666666,206.0,325.3333333333333,0.0,0.0,0.0,0.0,0.0,9.333333333333334,12.666666666666666,18.666666666666668,0.0,3.5,4.113333333333333,5.8933333333333335,WOWBER_clean_primitive
162.59429999999998,333.40479999999997,817.0533999999999,879.5392,7698.0,11552.0,22720.0,14880.0,19.0,48.0,92.0,116.0,150.0,464.0,728.0,624.0,14.545599999999997,40.32519999999999,68.85540000000002,71.27720000000001,2.8560999999999996,27.130133333333333,24.640199999999997,42.497866666666674,2304.0,1792.0,5472.0,2816.0,1.0,4.666666666666667,6.666666666666667,8.0,22.666666666666668,64.0,92.0,88.0,2.1904,5.0418666666666665,8.514933333333333,8.801066666666665,0.0,-8.166666666666666,-3.313333333333334,-11.626666666666665,0.0,186.66666666666666,206.0,325.3333333333333,0.0,0.0,0.0,0.0,0.0,9.333333333333334,12.666666666666666,18.666666666666668,0.0,3.5,4.113333333333333,5.8933333333333335,WOWBER_clean_primitive
