f-lig-chi-0,f-lig-chi-1,f-lig-chi-2,f-lig-chi-3,f-lig-Z-0,f-lig-Z-1,f-lig-Z-2,f-lig-Z-3,f-lig-I-0,f-lig-I-1,f-lig-I-2,f-lig-I-3,f-lig-T-0,f-lig-T-1,f-lig-T-2,f-lig-T-3,f-lig-S-0,f-lig-S-1,f-lig-S-2,f-lig-S-3,name
163.50140000000002,349.7832,542.9382,519.8820000000001,680.0,1500.0,1884.0,1296.0,23.0,48.0,78.0,80.0,126.0,304.0,384.0,336.0,9.6855,22.92,31.889400000000002,27.209600000000002,CAYDEN_clean_primitive
163.50140000000002,349.78320000000014,542.9381999999999,519.8820000000001,680.0,1500.0,1884.0,1296.0,23.0,48.0,78.0,80.0,126.0,304.0,384.0,336.0,9.6855,22.92,31.889400000000002,27.209600000000005,CAYDEN_clean_primitive
163.50140000000005,349.7832000000001,542.9382,519.8820000000001,680.0,1500.0,1884.0,1296.0,23.0,48.0,78.0,80.0,126.0,304.0,384.0,336.0,9.6855,22.920000000000005,31.8894,27.209600000000012,CAYDEN_clean_primitive
163.50140000000005,349.7832,542.9381999999999,519.8820000000001,680.0,1500.0,1884.0,1296.0,23.0,48.0,78.0,80.0,126.0,304.0,384.0,336.0,9.6855,22.92,31.889400000000002,27.209600000000005,CAYDEN_clean_primitive
