f-lig-chi-0,f-lig-chi-1,f-lig-chi-2,f-lig-chi-3,f-lig-Z-0,f-lig-Z-1,f-lig-Z-2,f-lig-Z-3,f-lig-I-0,f-lig-I-1,f-lig-I-2,f-lig-I-3,f-lig-T-0,f-lig-T-1,f-lig-T-2,f-lig-T-3,f-lig-S-0,f-lig-S-1,f-lig-S-2,f-lig-S-3,name
307.1293999999999,649.0260000000003,1041.1204000000005,1369.912,1406.0,3144.0,4864.0,5720.0,49.0,104.0,168.0,232.0,272.0,696.0,1048.0,1288.0,21.356800000000014,52.729600000000026,81.74960000000002,103.66160000000006,XOQXIL_clean_primitive
307.1293999999999,649.0260000000004,1041.1204000000005,1369.912,1406.0,3144.0,4864.0,5720.0,49.0,104.0,168.0,232.0,272.0,696.0,1048.0,1288.0,21.35680000000001,52.729600000000026,81.74960000000003,103.66160000000005,XOQXIL_clean_primitive
307.12939999999986,649.0260000000003,1041.1204000000005,1369.912,1406.0,3144.0,4864.0,5720.0,49.0,104.0,168.0,232.0,272.0,696.0,1048.0,1288.0,21.35680000000001,52.729600000000026,81.74960000000003,103.66160000000004,XOQXIL_clean_primitive
307.1293999999999,649.0260000000003,1041.1204000000002,1369.9119999999998,1406.0,3144.0,4864.0,5720.0,49.0,104.0,168.0,232.0,272.0,696.0,1048.0,1288.0,21.35680000000001,52.729600000000026,81.74960000000002,103.66160000000002,XOQXIL_clean_primitive
307.1293999999999,649.0260000000003,1041.1204000000005,1369.9119999999998,1406.0,3144.0,4864.0,5720.0,49.0,104.0,168.0,232.0,272.0,696.0,1048.0,1288.0,21.356800000000014,52.729600000000026,81.74960000000002,103.66160000000005,XOQXIL_clean_primitive
307.1294,649.0260000000003,1041.1204000000005,1369.9119999999998,1406.0,3144.0,4864.0,5720.0,49.0,104.0,168.0,232.0,272.0,696.0,1048.0,1288.0,21.35680000000001,52.729600000000026,81.74960000000003,103.66160000000005,XOQXIL_clean_primitive
