f-lig-chi-0,f-lig-chi-1,f-lig-chi-2,f-lig-chi-3,f-lig-Z-0,f-lig-Z-1,f-lig-Z-2,f-lig-Z-3,f-lig-I-0,f-lig-I-1,f-lig-I-2,f-lig-I-3,f-lig-T-0,f-lig-T-1,f-lig-T-2,f-lig-T-3,f-lig-S-0,f-lig-S-1,f-lig-S-2,f-lig-S-3,name
218.4464,486.58240000000006,786.708,872.2990000000001,788.0,1876.0,2712.0,2788.0,36.0,76.0,128.0,138.0,204.0,496.0,688.0,770.0,13.9268,34.959600000000016,52.257600000000025,57.39620000000002,EXEXAH_clean_primitive
218.4464,486.58240000000006,786.708,872.2990000000001,788.0,1876.0,2712.0,2788.0,36.0,76.0,128.0,138.0,204.0,496.0,688.0,770.0,13.9268,34.959600000000016,52.257600000000025,57.39620000000002,EXEXAH_clean_primitive
218.4464,486.5824000000001,786.708,872.2990000000001,788.0,1876.0,2712.0,2788.0,36.0,76.0,128.0,138.0,204.0,496.0,688.0,770.0,13.9268,34.959600000000016,52.25760000000003,57.396200000000015,EXEXAH_clean_primitive
218.4464,486.5824000000001,786.7080000000001,872.299,788.0,1876.0,2712.0,2788.0,36.0,76.0,128.0,138.0,204.0,496.0,688.0,770.0,13.9268,34.959600000000016,52.25760000000003,57.39620000000002,EXEXAH_clean_primitive
