f-chi-0-all,f-chi-1-all,f-chi-2-all,f-chi-3-all,f-Z-0-all,f-Z-1-all,f-Z-2-all,f-Z-3-all,f-I-0-all,f-I-1-all,f-I-2-all,f-I-3-all,f-T-0-all,f-T-1-all,f-T-2-all,f-T-3-all,f-S-0-all,f-S-1-all,f-S-2-all,f-S-3-all,mc-chi-0-all,mc-chi-1-all,mc-chi-2-all,mc-chi-3-all,mc-Z-0-all,mc-Z-1-all,mc-Z-2-all,mc-Z-3-all,mc-I-0-all,mc-I-1-all,mc-I-2-all,mc-I-3-all,mc-T-0-all,mc-T-1-all,mc-T-2-all,mc-T-3-all,mc-S-0-all,mc-S-1-all,mc-S-2-all,mc-S-3-all,D_mc-chi-0-all,D_mc-chi-1-all,D_mc-chi-2-all,D_mc-chi-3-all,D_mc-Z-0-all,D_mc-Z-1-all,D_mc-Z-2-all,D_mc-Z-3-all,D_mc-I-0-all,D_mc-I-1-all,D_mc-I-2-all,D_mc-I-3-all,D_mc-T-0-all,D_mc-T-1-all,D_mc-T-2-all,D_mc-T-3-all,D_mc-S-0-all,D_mc-S-1-all,D_mc-S-2-all,D_mc-S-3-all,name
133.0216,289.408,513.9776,729.6872000000001,2138.0,4088.0,7464.0,7530.0,18.0,40.0,72.0,98.0,112.0,312.0,520.0,464.0,12.418400000000002,28.86000000000001,53.3832,64.66160000000002,3.5343999999999998,22.860799999999998,42.03679999999999,61.06239999999998,729.0,756.0,1404.0,2673.0,1.0,4.0,8.0,13.0,16.0,48.0,96.0,176.0,1.5876000000000001,3.7800000000000002,7.660800000000001,13.230000000000002,0.0,-4.640000000000001,-7.32,-8.04,0.0,80.0,164.0,252.0,0.0,0.0,0.0,0.0,0.0,4.0,8.0,8.0,0.0,2.04,4.0,5.880000000000002,EXEXAH_clean_primitive
133.0216,289.408,513.9776,729.6872000000001,2138.0,4088.0,7464.0,7530.0,18.0,40.0,72.0,98.0,112.0,312.0,520.0,464.0,12.418400000000002,28.86000000000001,53.3832,64.66160000000002,3.5343999999999998,22.860799999999998,42.03679999999999,61.06239999999998,729.0,756.0,1404.0,2673.0,1.0,4.0,8.0,13.0,16.0,48.0,96.0,176.0,1.5876000000000001,3.7800000000000002,7.660800000000001,13.230000000000002,0.0,-4.640000000000001,-7.32,-8.04,0.0,80.0,164.0,252.0,0.0,0.0,0.0,0.0,0.0,4.0,8.0,8.0,0.0,2.04,4.0,5.880000000000002,EXEXAH_clean_primitive
