f-chi-0-all,f-chi-1-all,f-chi-2-all,f-chi-3-all,f-Z-0-all,f-Z-1-all,f-Z-2-all,f-Z-3-all,f-I-0-all,f-I-1-all,f-I-2-all,f-I-3-all,f-T-0-all,f-T-1-all,f-T-2-all,f-T-3-all,f-S-0-all,f-S-1-all,f-S-2-all,f-S-3-all,mc-chi-0-all,mc-chi-1-all,mc-chi-2-all,mc-chi-3-all,mc-Z-0-all,mc-Z-1-all,mc-Z-2-all,mc-Z-3-all,mc-I-0-all,mc-I-1-all,mc-I-2-all,mc-I-3-all,mc-T-0-all,mc-T-1-all,mc-T-2-all,mc-T-3-all,mc-S-0-all,mc-S-1-all,mc-S-2-all,mc-S-3-all,D_mc-chi-0-all,D_mc-chi-1-all,D_mc-chi-2-all,D_mc-chi-3-all,D_mc-Z-0-all,D_mc-Z-1-all,D_mc-Z-2-all,D_mc-Z-3-all,D_mc-I-0-all,D_mc-I-1-all,D_mc-I-2-all,D_mc-I-3-all,D_mc-T-0-all,D_mc-T-1-all,D_mc-T-2-all,D_mc-T-3-all,D_mc-S-0-all,D_mc-S-1-all,D_mc-S-2-all,D_mc-S-3-all,name
380.23979999999983,678.3035999999995,2484.8959999999997,2133.843599999999,16440.0,30768.0,41600.0,38736.0,42.0,112.0,252.0,280.0,424.0,1384.0,1880.0,1848.0,33.20060000000003,105.8428000000001,177.4799999999999,200.52200000000002,1.2995999999999999,28.90469999999999,15.8346,44.89319999999998,3600.0,3540.0,5400.0,5520.0,1.0,7.5,6.0,13.0,58.5,141.0,162.0,229.5,3.0276,9.561300000000001,9.726600000000001,16.9302,0.0,-16.805,-7.05,-24.560000000000002,0.0,391.0,270.0,688.0,0.0,0.0,0.0,0.0,0.0,40.5,21.0,59.0,0.0,7.555,4.85,12.89,VETVAS_manual_primitive
380.23979999999983,678.3035999999993,2484.896,2133.843599999999,16440.0,30768.0,41600.0,38736.0,42.0,112.0,252.0,280.0,424.0,1384.0,1880.0,1848.0,33.20060000000001,105.84280000000007,177.47999999999985,200.52200000000005,1.2995999999999999,28.90469999999999,15.8346,44.89319999999998,3600.0,3540.0,5400.0,5520.0,1.0,7.5,6.0,13.0,58.5,141.0,162.0,229.5,3.0276,9.561300000000001,9.726600000000001,16.9302,0.0,-16.805,-7.05,-24.560000000000002,0.0,391.0,270.0,688.0,0.0,0.0,0.0,0.0,0.0,40.5,21.0,59.0,0.0,7.555,4.85,12.89,VETVAS_manual_primitive
