f-lig-chi-0,f-lig-chi-1,f-lig-chi-2,f-lig-chi-3,f-lig-Z-0,f-lig-Z-1,f-lig-Z-2,f-lig-Z-3,f-lig-I-0,f-lig-I-1,f-lig-I-2,f-lig-I-3,f-lig-T-0,f-lig-T-1,f-lig-T-2,f-lig-T-3,f-lig-S-0,f-lig-S-1,f-lig-S-2,f-lig-S-3,name
190.38860000000003,406.3806,615.8408000000001,705.2900000000001,836.0,1830.0,2582.0,2480.0,28.0,60.0,92.0,112.0,152.0,378.0,542.0,572.0,12.711600000000002,30.278800000000007,44.14200000000001,47.54160000000001,BOVHEB_clean_primitive
190.3886,406.3806,615.8408000000001,705.2900000000001,836.0,1830.0,2582.0,2480.0,28.0,60.0,92.0,112.0,152.0,378.0,542.0,572.0,12.711600000000002,30.278800000000007,44.14200000000001,47.54160000000001,BOVHEB_clean_primitive
190.3886,406.3806000000001,615.8408000000002,705.29,836.0,1830.0,2582.0,2480.0,28.0,60.0,92.0,112.0,152.0,378.0,542.0,572.0,12.711600000000002,30.278800000000007,44.14200000000001,47.5416,BOVHEB_clean_primitive
190.3886,406.3806000000001,615.8408000000002,705.29,836.0,1830.0,2582.0,2480.0,28.0,60.0,92.0,112.0,152.0,378.0,542.0,572.0,12.711600000000002,30.278800000000007,44.14200000000001,47.5416,BOVHEB_clean_primitive
