f-chi-0-all,f-chi-1-all,f-chi-2-all,f-chi-3-all,f-Z-0-all,f-Z-1-all,f-Z-2-all,f-Z-3-all,f-I-0-all,f-I-1-all,f-I-2-all,f-I-3-all,f-T-0-all,f-T-1-all,f-T-2-all,f-T-3-all,f-S-0-all,f-S-1-all,f-S-2-all,f-S-3-all,mc-chi-0-all,mc-chi-1-all,mc-chi-2-all,mc-chi-3-all,mc-Z-0-all,mc-Z-1-all,mc-Z-2-all,mc-Z-3-all,mc-I-0-all,mc-I-1-all,mc-I-2-all,mc-I-3-all,mc-T-0-all,mc-T-1-all,mc-T-2-all,mc-T-3-all,mc-S-0-all,mc-S-1-all,mc-S-2-all,mc-S-3-all,D_mc-chi-0-all,D_mc-chi-1-all,D_mc-chi-2-all,D_mc-chi-3-all,D_mc-Z-0-all,D_mc-Z-1-all,D_mc-Z-2-all,D_mc-Z-3-all,D_mc-I-0-all,D_mc-I-1-all,D_mc-I-2-all,D_mc-I-3-all,D_mc-T-0-all,D_mc-T-1-all,D_mc-T-2-all,D_mc-T-3-all,D_mc-S-0-all,D_mc-S-1-all,D_mc-S-2-all,D_mc-S-3-all,name
141.05079999999998,276.23720000000003,384.6852,508.1804,5294.0,5260.0,7292.0,4532.0,20.0,40.0,60.0,68.0,100.0,228.0,272.0,280.0,13.8994,28.171599999999998,43.1932,39.86200000000001,2.8560999999999996,16.0888,25.2655,50.26060000000001,2304.0,1056.0,1488.0,2352.0,1.0,3.0,6.0,12.0,9.0,27.0,54.0,78.0,2.1904,3.3004,6.2456,10.655999999999999,0.0,-4.45,-4.81,-9.459999999999999,0.0,122.0,257.0,527.0,0.0,0.0,0.0,0.0,0.0,0.0,0.0,10.0,0.0,2.21,4.66,10.559999999999999,GOQXAN_clean_primitive
141.05079999999998,276.23720000000003,384.6852,508.18039999999996,5294.0,5260.0,7292.0,4532.0,20.0,40.0,60.0,68.0,100.0,228.0,272.0,280.0,13.8994,28.171599999999998,43.1932,39.86200000000001,2.8560999999999996,16.0888,25.2655,50.26060000000001,2304.0,1056.0,1488.0,2352.0,1.0,3.0,6.0,12.0,9.0,27.0,54.0,78.0,2.1904,3.3004,6.2456,10.655999999999999,0.0,-4.45,-4.81,-9.459999999999999,0.0,122.0,257.0,527.0,0.0,0.0,0.0,0.0,0.0,0.0,0.0,10.0,0.0,2.21,4.66,10.559999999999999,GOQXAN_clean_primitive
