f-sbu-chi-0,f-sbu-chi-1,f-sbu-chi-2,f-sbu-chi-3,f-sbu-Z-0,f-sbu-Z-1,f-sbu-Z-2,f-sbu-Z-3,f-sbu-I-0,f-sbu-I-1,f-sbu-I-2,f-sbu-I-3,f-sbu-T-0,f-sbu-T-1,f-sbu-T-2,f-sbu-T-3,f-sbu-S-0,f-sbu-S-1,f-sbu-S-2,f-sbu-S-3,mc-chi-0,mc-chi-1,mc-chi-2,mc-chi-3,mc-Z-0,mc-Z-1,mc-Z-2,mc-Z-3,mc-I-0,mc-I-1,mc-I-2,mc-I-3,mc-T-0,mc-T-1,mc-T-2,mc-T-3,mc-S-0,mc-S-1,mc-S-2,mc-S-3,D_mc-chi-0,D_mc-chi-1,D_mc-chi-2,D_mc-chi-3,D_mc-Z-0,D_mc-Z-1,D_mc-Z-2,D_mc-Z-3,D_mc-I-0,D_mc-I-1,D_mc-I-2,D_mc-I-3,D_mc-T-0,D_mc-T-1,D_mc-T-2,D_mc-T-3,D_mc-S-0,D_mc-S-1,D_mc-S-2,D_mc-S-3,name
686.2489000000003,1873.1712000000005,5747.014800000003,5448.985600000001,29383.0,65360.0,181880.0,178848.0,79.0,264.0,596.0,752.0,1100.0,4432.0,8948.0,12032.0,67.69679999999998,240.05079999999975,478.7968000000004,669.5951999999997,3.96124,37.0184,27.379020000000004,104.94476000000002,1295.5,1549.6,7204.4,4378.0,1.0,5.4,6.4,15.6,29.8,95.6,192.6,283.2,1.7355699999999998,5.235749999999998,10.519800000000004,15.117520000000003,0.0,-7.5660000000000025,-0.7259999999999994,-21.26,0.0,152.3,33.4,434.8,0.0,0.0,0.0,0.0,0.0,12.6,0.8,34.0,0.0,3.2090000000000005,0.5520000000000002,9.172,UQEGII
686.2489000000003,1873.1712000000007,5747.014800000003,5448.985599999999,29383.0,65360.0,181880.0,178848.0,79.0,264.0,596.0,752.0,1100.0,4432.0,8948.0,12032.0,67.69679999999998,240.05079999999978,478.79680000000036,669.5951999999997,3.96124,37.0184,27.379020000000004,104.94476000000002,1295.5,1549.6,7204.4,4378.0,1.0,5.4,6.4,15.6,29.8,95.6,192.6,283.2,1.7355699999999998,5.235749999999998,10.519800000000004,15.117520000000003,0.0,-7.5660000000000025,-0.7259999999999994,-21.26,0.0,152.3,33.4,434.8,0.0,0.0,0.0,0.0,0.0,12.6,0.8,34.0,0.0,3.2090000000000005,0.5520000000000002,9.172,UQEGII
