f-lig-chi-0,f-lig-chi-1,f-lig-chi-2,f-lig-chi-3,f-lig-Z-0,f-lig-Z-1,f-lig-Z-2,f-lig-Z-3,f-lig-I-0,f-lig-I-1,f-lig-I-2,f-lig-I-3,f-lig-T-0,f-lig-T-1,f-lig-T-2,f-lig-T-3,f-lig-S-0,f-lig-S-1,f-lig-S-2,f-lig-S-3,name
246.23199999999997,465.2432,722.7847999999998,877.7149999999998,1192.0,2258.0,3368.0,3584.0,32.0,66.0,100.0,126.0,166.0,404.0,560.0,598.0,15.696000000000002,34.820200000000014,50.74040000000001,58.630200000000016,RAXDAX_clean_primitive
169.75140000000005,377.1450000000001,638.7924,709.7390000000001,570.0,1368.0,1788.0,1316.0,28.0,58.0,100.0,122.0,158.0,400.0,556.0,520.0,10.095600000000005,25.45620000000001,37.91,37.1482,RAXDAX_clean_primitive
169.75140000000002,377.1450000000002,638.7924,709.739,570.0,1368.0,1788.0,1316.0,28.0,58.0,100.0,122.0,158.0,400.0,556.0,520.0,10.095600000000003,25.456200000000003,37.91,37.1482,RAXDAX_clean_primitive
246.23199999999997,465.24319999999994,722.7847999999998,877.7149999999999,1192.0,2258.0,3368.0,3584.0,32.0,66.0,100.0,126.0,166.0,404.0,560.0,598.0,15.696,34.8202,50.74040000000001,58.63020000000003,RAXDAX_clean_primitive
169.75140000000002,377.14500000000015,638.7924,709.7390000000001,570.0,1368.0,1788.0,1316.0,28.0,58.0,100.0,122.0,158.0,400.0,556.0,520.0,10.095600000000003,25.45620000000001,37.910000000000004,37.1482,RAXDAX_clean_primitive
169.7514,377.1450000000001,638.7924000000002,709.739,570.0,1368.0,1788.0,1316.0,28.0,58.0,100.0,122.0,158.0,400.0,556.0,520.0,10.095600000000003,25.456200000000003,37.91,37.1482,RAXDAX_clean_primitive
