f-lig-chi-0,f-lig-chi-1,f-lig-chi-2,f-lig-chi-3,f-lig-Z-0,f-lig-Z-1,f-lig-Z-2,f-lig-Z-3,f-lig-I-0,f-lig-I-1,f-lig-I-2,f-lig-I-3,f-lig-T-0,f-lig-T-1,f-lig-T-2,f-lig-T-3,f-lig-S-0,f-lig-S-1,f-lig-S-2,f-lig-S-3,name
161.54509999999996,318.342,497.2775999999999,550.2708,755.0,1500.0,2226.0,2208.0,22.0,46.0,70.0,80.0,116.0,282.0,384.0,372.0,10.463000000000001,23.823800000000002,34.611000000000004,35.5976,OKILEA_clean_primitive
161.5451,318.342,497.27759999999995,550.2708,755.0,1500.0,2226.0,2208.0,22.0,46.0,70.0,80.0,116.0,282.0,384.0,372.0,10.463000000000001,23.823800000000002,34.611000000000004,35.5976,OKILEA_clean_primitive
161.5451,318.342,497.2775999999999,550.2708,755.0,1500.0,2226.0,2208.0,22.0,46.0,70.0,80.0,116.0,282.0,384.0,372.0,10.463000000000001,23.8238,34.611,35.5976,OKILEA_clean_primitive
161.5451,318.342,497.2775999999999,550.2708,755.0,1500.0,2226.0,2208.0,22.0,46.0,70.0,80.0,116.0,282.0,384.0,372.0,10.463000000000001,23.8238,34.611,35.5976,OKILEA_clean_primitive
161.54509999999996,318.342,497.27759999999995,550.2708,755.0,1500.0,2226.0,2208.0,22.0,46.0,70.0,80.0,116.0,282.0,384.0,372.0,10.463000000000001,23.82380000000001,34.611000000000004,35.59760000000001,OKILEA_clean_primitive
161.54509999999996,318.342,497.27759999999995,550.2708,755.0,1500.0,2226.0,2208.0,22.0,46.0,70.0,80.0,116.0,282.0,384.0,372.0,10.463000000000001,23.82380000000001,34.611000000000004,35.59760000000001,OKILEA_clean_primitive
