f-link-chi-0,f-link-chi-1,f-link-chi-2,f-link-chi-3,f-link-Z-0,f-link-Z-1,f-link-Z-2,f-link-Z-3,f-link-I-0,f-link-I-1,f-link-I-2,f-link-I-3,f-link-T-0,f-link-T-1,f-link-T-2,f-link-T-3,f-link-S-0,f-link-S-1,f-link-S-2,f-link-S-3,name
116.6135,212.87399999999997,324.5334,355.6004,560.0,1020.0,1470.0,1430.0,15.0,30.0,44.0,50.0,74.0,174.0,224.0,216.0,7.2551,15.631000000000002,21.798000000000002,22.5774,CUK-1
116.6135,212.87399999999997,324.5334,355.6004,560.0,1020.0,1470.0,1430.0,15.0,30.0,44.0,50.0,74.0,174.0,224.0,216.0,7.2551000000000005,15.631000000000002,21.798000000000002,22.5774,CUK-1
116.6135,212.874,324.5333999999999,355.60040000000004,560.0,1020.0,1470.0,1430.0,15.0,30.0,44.0,50.0,74.0,174.0,224.0,216.0,7.2551,15.631,21.798000000000002,22.577400000000004,CUK-1
116.6135,212.87399999999997,324.5333999999999,355.6004,560.0,1020.0,1470.0,1430.0,15.0,30.0,44.0,50.0,74.0,174.0,224.0,216.0,7.2551,15.631,21.798,22.577399999999997,CUK-1
116.6135,212.874,324.53340000000003,355.6004,560.0,1020.0,1470.0,1430.0,15.0,30.0,44.0,50.0,74.0,174.0,224.0,216.0,7.2551,15.631000000000002,21.798000000000002,22.577400000000004,CUK-1
116.61349999999999,212.87399999999997,324.53340000000003,355.6004,560.0,1020.0,1470.0,1430.0,15.0,30.0,44.0,50.0,74.0,174.0,224.0,216.0,7.2551,15.631000000000004,21.798000000000002,22.5774,CUK-1
116.61349999999999,212.87399999999997,324.53340000000003,355.6004,560.0,1020.0,1470.0,1430.0,15.0,30.0,44.0,50.0,74.0,174.0,224.0,216.0,7.2551,15.631,21.798000000000002,22.5774,CUK-1
116.6135,212.874,324.53340000000003,355.6004,560.0,1020.0,1470.0,1430.0,15.0,30.0,44.0,50.0,74.0,174.0,224.0,216.0,7.2551,15.631000000000002,21.798000000000002,22.577400000000004,CUK-1
