f-sbu-chi-0,f-sbu-chi-1,f-sbu-chi-2,f-sbu-chi-3,f-sbu-Z-0,f-sbu-Z-1,f-sbu-Z-2,f-sbu-Z-3,f-sbu-I-0,f-sbu-I-1,f-sbu-I-2,f-sbu-I-3,f-sbu-T-0,f-sbu-T-1,f-sbu-T-2,f-sbu-T-3,f-sbu-S-0,f-sbu-S-1,f-sbu-S-2,f-sbu-S-3,mc-chi-0,mc-chi-1,mc-chi-2,mc-chi-3,mc-Z-0,mc-Z-1,mc-Z-2,mc-Z-3,mc-I-0,mc-I-1,mc-I-2,mc-I-3,mc-T-0,mc-T-1,mc-T-2,mc-T-3,mc-S-0,mc-S-1,mc-S-2,mc-S-3,D_mc-chi-0,D_mc-chi-1,D_mc-chi-2,D_mc-chi-3,D_mc-Z-0,D_mc-Z-1,D_mc-Z-2,D_mc-Z-3,D_mc-I-0,D_mc-I-1,D_mc-I-2,D_mc-I-3,D_mc-T-0,D_mc-T-1,D_mc-T-2,D_mc-T-3,D_mc-S-0,D_mc-S-1,D_mc-S-2,D_mc-S-3,name
418.2447999999999,976.9223999999997,2815.146399999999,4072.6023999999993,6430.0,17896.0,37148.0,50824.0,50.0,136.0,316.0,536.0,476.0,1632.0,3316.0,4736.0,32.46760000000002,100.55839999999999,214.26639999999986,338.64000000000004,3.5343999999999984,38.30186666666666,42.42533333333332,110.97013333333331,729.0,1278.0,3240.0,3636.0,1.0,6.0,10.0,18.666666666666668,36.0,108.0,216.0,296.0,1.5876000000000001,5.535599999999999,10.752,17.1192,0.0,-9.093333333333335,-3.7666666666666675,-23.933333333333334,0.0,114.66666666666667,150.0,369.3333333333333,0.0,0.0,0.0,0.0,0.0,18.0,24.0,62.666666666666664,0.0,3.1666666666666665,4.066666666666667,9.933333333333334,CUK-1
418.2447999999999,976.9223999999997,2815.1463999999996,4072.6023999999998,6430.0,17896.0,37148.0,50824.0,50.0,136.0,316.0,536.0,476.0,1632.0,3316.0,4736.0,32.46760000000002,100.55839999999998,214.26639999999992,338.64000000000004,3.5343999999999984,38.30186666666666,42.42533333333332,110.97013333333331,729.0,1278.0,3240.0,3636.0,1.0,6.0,10.0,18.666666666666668,36.0,108.0,216.0,296.0,1.5876000000000001,5.535599999999999,10.752,17.1192,0.0,-9.093333333333335,-3.7666666666666675,-23.933333333333334,0.0,114.66666666666667,150.0,369.3333333333333,0.0,0.0,0.0,0.0,0.0,18.0,24.0,62.666666666666664,0.0,3.1666666666666665,4.066666666666667,9.933333333333334,CUK-1
