f-sbu-chi-0,f-sbu-chi-1,f-sbu-chi-2,f-sbu-chi-3,f-sbu-Z-0,f-sbu-Z-1,f-sbu-Z-2,f-sbu-Z-3,f-sbu-I-0,f-sbu-I-1,f-sbu-I-2,f-sbu-I-3,f-sbu-T-0,f-sbu-T-1,f-sbu-T-2,f-sbu-T-3,f-sbu-S-0,f-sbu-S-1,f-sbu-S-2,f-sbu-S-3,mc-chi-0,mc-chi-1,mc-chi-2,mc-chi-3,mc-Z-0,mc-Z-1,mc-Z-2,mc-Z-3,mc-I-0,mc-I-1,mc-I-2,mc-I-3,mc-T-0,mc-T-1,mc-T-2,mc-T-3,mc-S-0,mc-S-1,mc-S-2,mc-S-3,D_mc-chi-0,D_mc-chi-1,D_mc-chi-2,D_mc-chi-3,D_mc-Z-0,D_mc-Z-1,D_mc-Z-2,D_mc-Z-3,D_mc-I-0,D_mc-I-1,D_mc-I-2,D_mc-I-3,D_mc-T-0,D_mc-T-1,D_mc-T-2,D_mc-T-3,D_mc-S-0,D_mc-S-1,D_mc-S-2,D_mc-S-3,name
503.7719999999997,1127.7695999999996,3326.7415999999994,3821.9775999999997,6508.0,20480.0,34432.0,42624.0,60.0,192.0,392.0,544.0,720.0,2672.0,4624.0,5424.0,52.1096,170.64480000000006,324.77759999999995,410.6688000000001,1.7547333333333335,23.598399999999998,18.3704,50.73806666666667,323.6666666666667,725.3333333333334,1110.6666666666667,1540.0,1.0,5.333333333333333,7.333333333333333,13.333333333333334,29.333333333333332,95.33333333333333,156.0,214.0,2.130866666666667,5.611266666666666,10.7796,14.51373333333333,0.0,-11.486666666666666,-6.293333333333332,-25.513333333333335,0.0,48.0,44.666666666666664,113.33333333333333,0.0,0.0,0.0,0.0,0.0,12.0,11.333333333333334,32.333333333333336,0.0,3.7933333333333343,3.2533333333333334,9.586666666666668,LULWUL
