f-lig-chi-0,f-lig-chi-1,f-lig-chi-2,f-lig-chi-3,f-lig-Z-0,f-lig-Z-1,f-lig-Z-2,f-lig-Z-3,f-lig-I-0,f-lig-I-1,f-lig-I-2,f-lig-I-3,f-lig-T-0,f-lig-T-1,f-lig-T-2,f-lig-T-3,f-lig-S-0,f-lig-S-1,f-lig-S-2,f-lig-S-3,name
195.57260000000002,391.01700000000005,602.1034000000001,708.426,866.0,1752.0,2482.0,2508.0,28.0,58.0,88.0,108.0,146.0,354.0,484.0,506.0,12.6524,29.09060000000001,41.63440000000001,46.10320000000001,IYEHAX_clean_primitive
195.5726,391.01700000000005,602.1034000000002,708.4259999999999,866.0,1752.0,2482.0,2508.0,28.0,58.0,88.0,108.0,146.0,354.0,484.0,506.0,12.6524,29.09060000000001,41.63440000000001,46.10320000000001,IYEHAX_clean_primitive
195.57260000000002,391.0170000000001,602.1034,708.426,866.0,1752.0,2482.0,2508.0,28.0,58.0,88.0,108.0,146.0,354.0,484.0,506.0,12.652400000000004,29.09060000000001,41.6344,46.103200000000015,IYEHAX_clean_primitive
195.57260000000002,391.0170000000001,602.1034,708.4260000000002,866.0,1752.0,2482.0,2508.0,28.0,58.0,88.0,108.0,146.0,354.0,484.0,506.0,12.652400000000004,29.09060000000001,41.6344,46.10320000000001,IYEHAX_clean_primitive
123.116,223.38000000000002,345.88839999999993,401.3469999999999,596.0,1080.0,1600.0,1588.0,16.0,32.0,48.0,58.0,80.0,192.0,256.0,250.0,7.847999999999999,16.847600000000003,24.215200000000006,26.412200000000002,IYEHAX_clean_primitive
123.11600000000001,223.38,345.8884,401.347,596.0,1080.0,1600.0,1588.0,16.0,32.0,48.0,58.0,80.0,192.0,256.0,250.0,7.848,16.847600000000003,24.215199999999996,26.412200000000002,IYEHAX_clean_primitive
