f-lig-chi-0,f-lig-chi-1,f-lig-chi-2,f-lig-chi-3,f-lig-Z-0,f-lig-Z-1,f-lig-Z-2,f-lig-Z-3,f-lig-I-0,f-lig-I-1,f-lig-I-2,f-lig-I-3,f-lig-T-0,f-lig-T-1,f-lig-T-2,f-lig-T-3,f-lig-S-0,f-lig-S-1,f-lig-S-2,f-lig-S-3,name
169.75140000000005,377.1450000000002,638.7923999999999,709.7390000000001,570.0,1368.0,1788.0,1316.0,28.0,58.0,100.0,122.0,158.0,400.0,556.0,520.0,10.095600000000001,25.45620000000001,37.910000000000004,37.14819999999999,XOJCUV_clean_primitive
169.75140000000005,377.1450000000002,638.7923999999999,709.7390000000003,570.0,1368.0,1788.0,1316.0,28.0,58.0,100.0,122.0,158.0,400.0,556.0,520.0,10.095599999999997,25.45620000000001,37.91000000000001,37.14819999999998,XOJCUV_clean_primitive
169.75140000000005,377.1450000000002,638.7923999999999,709.7390000000003,570.0,1368.0,1788.0,1316.0,28.0,58.0,100.0,122.0,158.0,400.0,556.0,520.0,10.095599999999997,25.45620000000001,37.91000000000001,37.14819999999999,XOJCUV_clean_primitive
169.75140000000005,377.1450000000001,638.7923999999998,709.7390000000001,570.0,1368.0,1788.0,1316.0,28.0,58.0,100.0,122.0,158.0,400.0,556.0,520.0,10.095600000000006,25.456200000000003,37.91,37.1482,XOJCUV_clean_primitive
169.75140000000005,377.1450000000002,638.7923999999999,709.7390000000004,570.0,1368.0,1788.0,1316.0,28.0,58.0,100.0,122.0,158.0,400.0,556.0,520.0,10.095600000000001,25.45620000000001,37.910000000000004,37.148199999999996,XOJCUV_clean_primitive
169.75140000000005,377.1450000000002,638.7924,709.7390000000001,570.0,1368.0,1788.0,1316.0,28.0,58.0,100.0,122.0,158.0,400.0,556.0,520.0,10.095600000000001,25.45620000000001,37.910000000000004,37.148199999999996,XOJCUV_clean_primitive
169.75140000000005,377.1450000000002,638.7923999999999,709.7390000000003,570.0,1368.0,1788.0,1316.0,28.0,58.0,100.0,122.0,158.0,400.0,556.0,520.0,10.0956,25.456200000000003,37.91000000000001,37.14819999999999,XOJCUV_clean_primitive
169.75140000000005,377.1450000000001,638.7924,709.7390000000001,570.0,1368.0,1788.0,1316.0,28.0,58.0,100.0,122.0,158.0,400.0,556.0,520.0,10.095600000000005,25.456200000000003,37.910000000000004,37.1482,XOJCUV_clean_primitive
