f-link-chi-0,f-link-chi-1,f-link-chi-2,f-link-chi-3,f-link-Z-0,f-link-Z-1,f-link-Z-2,f-link-Z-3,f-link-I-0,f-link-I-1,f-link-I-2,f-link-I-3,f-link-T-0,f-link-T-1,f-link-T-2,f-link-T-3,f-link-S-0,f-link-S-1,f-link-S-2,f-link-S-3,name
402.87379999999973,836.5020000000006,1341.2108000000007,1727.7490000000012,1754.0,3720.0,5600.0,6328.0,60.0,128.0,204.0,274.0,332.0,840.0,1244.0,1474.0,26.88600000000002,64.31040000000003,97.80279999999999,119.67700000000002,MIFLIY
402.87379999999973,836.5020000000007,1341.2108000000003,1727.7490000000005,1754.0,3720.0,5600.0,6328.0,60.0,128.0,204.0,274.0,332.0,840.0,1244.0,1474.0,26.886000000000013,64.31040000000002,97.80279999999998,119.677,MIFLIY
