f-sbu-chi-0,f-sbu-chi-1,f-sbu-chi-2,f-sbu-chi-3,f-sbu-Z-0,f-sbu-Z-1,f-sbu-Z-2,f-sbu-Z-3,f-sbu-I-0,f-sbu-I-1,f-sbu-I-2,f-sbu-I-3,f-sbu-T-0,f-sbu-T-1,f-sbu-T-2,f-sbu-T-3,f-sbu-S-0,f-sbu-S-1,f-sbu-S-2,f-sbu-S-3,mc-chi-0,mc-chi-1,mc-chi-2,mc-chi-3,mc-Z-0,mc-Z-1,mc-Z-2,mc-Z-3,mc-I-0,mc-I-1,mc-I-2,mc-I-3,mc-T-0,mc-T-1,mc-T-2,mc-T-3,mc-S-0,mc-S-1,mc-S-2,mc-S-3,D_mc-chi-0,D_mc-chi-1,D_mc-chi-2,D_mc-chi-3,D_mc-Z-0,D_mc-Z-1,D_mc-Z-2,D_mc-Z-3,D_mc-I-0,D_mc-I-1,D_mc-I-2,D_mc-I-3,D_mc-T-0,D_mc-T-1,D_mc-T-2,D_mc-T-3,D_mc-S-0,D_mc-S-1,D_mc-S-2,D_mc-S-3,name
75.06049999999999,106.22719999999998,168.72719999999998,210.528,544.0,1152.0,1344.0,1152.0,9.0,16.0,20.0,24.0,36.0,80.0,80.0,48.0,6.4353,12.614400000000002,14.957199999999997,13.490399999999998,1.7161000000000002,18.0256,13.362,31.387599999999996,144.0,384.0,288.0,672.0,1.0,4.0,4.0,8.0,16.0,32.0,48.0,64.0,1.9320999999999997,4.0588,4.2812,8.339999999999998,0.0,-8.52,-4.959999999999999,-13.48,0.0,16.0,24.0,40.0,0.0,0.0,0.0,0.0,0.0,8.0,4.0,16.0,0.0,2.6399999999999997,2.4799999999999995,5.12,MIFLIY
75.06049999999999,106.22719999999998,168.72719999999995,210.528,544.0,1152.0,1344.0,1152.0,9.0,16.0,20.0,24.0,36.0,80.0,80.0,48.0,6.4353,12.6144,14.957199999999998,13.490399999999998,1.7161000000000002,18.0256,13.362,31.387599999999996,144.0,384.0,288.0,672.0,1.0,4.0,4.0,8.0,16.0,32.0,48.0,64.0,1.9320999999999997,4.0588,4.2812,8.339999999999998,0.0,-8.52,-4.959999999999999,-13.48,0.0,16.0,24.0,40.0,0.0,0.0,0.0,0.0,0.0,8.0,4.0,16.0,0.0,2.6399999999999997,2.4799999999999995,5.12,MIFLIY
