f-sbu-chi-0,f-sbu-chi-1,f-sbu-chi-2,f-sbu-chi-3,f-sbu-Z-0,f-sbu-Z-1,f-sbu-Z-2,f-sbu-Z-3,f-sbu-I-0,f-sbu-I-1,f-sbu-I-2,f-sbu-I-3,f-sbu-T-0,f-sbu-T-1,f-sbu-T-2,f-sbu-T-3,f-sbu-S-0,f-sbu-S-1,f-sbu-S-2,f-sbu-S-3,mc-chi-0,mc-chi-1,mc-chi-2,mc-chi-3,mc-Z-0,mc-Z-1,mc-Z-2,mc-Z-3,mc-I-0,mc-I-1,mc-I-2,mc-I-3,mc-T-0,mc-T-1,mc-T-2,mc-T-3,mc-S-0,mc-S-1,mc-S-2,mc-S-3,D_mc-chi-0,D_mc-chi-1,D_mc-chi-2,D_mc-chi-3,D_mc-Z-0,D_mc-Z-1,D_mc-Z-2,D_mc-Z-3,D_mc-I-0,D_mc-I-1,D_mc-I-2,D_mc-I-3,D_mc-T-0,D_mc-T-1,D_mc-T-2,D_mc-T-3,D_mc-S-0,D_mc-S-1,D_mc-S-2,D_mc-S-3,name
163.06319999999997,291.71199999999993,589.6304,572.8287999999999,5464.0,8640.0,7424.0,5952.0,18.0,40.0,60.0,68.0,108.0,272.0,316.0,288.0,13.267199999999999,32.85,41.6812,42.36920000000001,2.8560999999999996,29.068000000000005,17.238,34.678799999999995,2304.0,1920.0,1152.0,2304.0,1.0,5.0,4.0,7.0,25.0,50.0,60.0,85.0,2.1904,5.402,4.5584,7.799599999999999,0.0,-8.75,-3.4399999999999986,-8.689999999999998,0.0,200.0,168.0,288.0,0.0,0.0,0.0,0.0,0.0,15.0,8.0,18.0,0.0,3.75,2.84,5.09,MITSAK
163.06319999999997,291.71199999999993,589.6304,572.8287999999999,5464.0,8640.0,7424.0,5952.0,18.0,40.0,60.0,68.0,108.0,272.0,316.0,288.0,13.267199999999999,32.85,41.6812,42.36920000000001,2.8560999999999996,29.068000000000005,17.238,34.678799999999995,2304.0,1920.0,1152.0,2304.0,1.0,5.0,4.0,7.0,25.0,50.0,60.0,85.0,2.1904,5.402,4.5584,7.799599999999999,0.0,-8.75,-3.4399999999999986,-8.689999999999998,0.0,200.0,168.0,288.0,0.0,0.0,0.0,0.0,0.0,15.0,8.0,18.0,0.0,3.75,2.84,5.09,MITSAK
163.0632,291.71199999999993,589.6303999999999,572.8287999999998,5464.0,8640.0,7424.0,5952.0,18.0,40.0,60.0,68.0,108.0,272.0,316.0,288.0,13.267199999999999,32.85,41.681200000000004,42.3692,2.8560999999999996,29.068000000000005,17.238,34.678799999999995,2304.0,1920.0,1152.0,2304.0,1.0,5.0,4.0,7.0,25.0,50.0,60.0,85.0,2.1904,5.402,4.5584,7.799599999999999,0.0,-8.75,-3.4399999999999986,-8.689999999999998,0.0,200.0,168.0,288.0,0.0,0.0,0.0,0.0,0.0,15.0,8.0,18.0,0.0,3.75,2.84,5.09,MITSAK
163.0632,291.71199999999993,589.6303999999999,572.8287999999998,5464.0,8640.0,7424.0,5952.0,18.0,40.0,60.0,68.0,108.0,272.0,316.0,288.0,13.267199999999999,32.85,41.681200000000004,42.3692,2.8560999999999996,29.068000000000005,17.238,34.678799999999995,2304.0,1920.0,1152.0,2304.0,1.0,5.0,4.0,7.0,25.0,50.0,60.0,85.0,2.1904,5.402,4.5584,7.799599999999999,0.0,-8.75,-3.4399999999999986,-8.689999999999998,0.0,200.0,168.0,288.0,0.0,0.0,0.0,0.0,0.0,15.0,8.0,18.0,0.0,3.75,2.84,5.09,MITSAK
