f-link-chi-0,f-link-chi-1,f-link-chi-2,f-link-chi-3,f-link-Z-0,f-link-Z-1,f-link-Z-2,f-link-Z-3,f-link-I-0,f-link-I-1,f-link-I-2,f-link-I-3,f-link-T-0,f-link-T-1,f-link-T-2,f-link-T-3,f-link-S-0,f-link-S-1,f-link-S-2,f-link-S-3,name
134.3564,262.956,359.85600000000005,473.10700000000014,632.0,1248.0,1584.0,1900.0,20.0,40.0,56.0,74.0,96.0,232.0,316.0,338.0,9.912400000000002,21.128800000000005,28.15120000000001,34.412200000000006,KOBFIR
134.3564,262.956,359.85600000000005,473.1070000000001,632.0,1248.0,1584.0,1900.0,20.0,40.0,56.0,74.0,96.0,232.0,316.0,338.0,9.912400000000002,21.128800000000005,28.15120000000001,34.412200000000006,KOBFIR
134.3564,262.9560000000001,359.85600000000005,473.107,632.0,1248.0,1584.0,1900.0,20.0,40.0,56.0,74.0,96.0,232.0,316.0,338.0,9.912400000000002,21.12880000000001,28.15120000000001,34.412200000000006,KOBFIR
134.3564,262.9560000000001,359.8560000000001,473.10700000000014,632.0,1248.0,1584.0,1900.0,20.0,40.0,56.0,74.0,96.0,232.0,316.0,338.0,9.912400000000002,21.12880000000001,28.15120000000001,34.4122,KOBFIR
134.35639999999998,262.956,359.8560000000001,473.1070000000001,632.0,1248.0,1584.0,1900.0,20.0,40.0,56.0,74.0,96.0,232.0,316.0,338.0,9.912400000000002,21.128800000000005,28.15120000000001,34.4122,KOBFIR
134.3564,262.9560000000001,359.85600000000005,473.107,632.0,1248.0,1584.0,1900.0,20.0,40.0,56.0,74.0,96.0,232.0,316.0,338.0,9.912400000000002,21.128800000000005,28.151200000000006,34.4122,KOBFIR
134.3564,262.956,359.85600000000005,473.1070000000001,632.0,1248.0,1584.0,1900.0,20.0,40.0,56.0,74.0,96.0,232.0,316.0,338.0,9.912400000000002,21.128800000000005,28.151200000000003,34.412200000000006,KOBFIR
134.3564,262.956,359.85600000000005,473.1070000000001,632.0,1248.0,1584.0,1900.0,20.0,40.0,56.0,74.0,96.0,232.0,316.0,338.0,9.912400000000002,21.128800000000005,28.15120000000001,34.412200000000006,KOBFIR
134.35639999999998,262.956,359.85600000000005,473.10700000000014,632.0,1248.0,1584.0,1900.0,20.0,40.0,56.0,74.0,96.0,232.0,316.0,338.0,9.912400000000002,21.128800000000005,28.15120000000001,34.412200000000006,KOBFIR
