f-chi-0-all,f-chi-1-all,f-chi-2-all,f-chi-3-all,f-Z-0-all,f-Z-1-all,f-Z-2-all,f-Z-3-all,f-I-0-all,f-I-1-all,f-I-2-all,f-I-3-all,f-T-0-all,f-T-1-all,f-T-2-all,f-T-3-all,f-S-0-all,f-S-1-all,f-S-2-all,f-S-3-all,mc-chi-0-all,mc-chi-1-all,mc-chi-2-all,mc-chi-3-all,mc-Z-0-all,mc-Z-1-all,mc-Z-2-all,mc-Z-3-all,mc-I-0-all,mc-I-1-all,mc-I-2-all,mc-I-3-all,mc-T-0-all,mc-T-1-all,mc-T-2-all,mc-T-3-all,mc-S-0-all,mc-S-1-all,mc-S-2-all,mc-S-3-all,D_mc-chi-0-all,D_mc-chi-1-all,D_mc-chi-2-all,D_mc-chi-3-all,D_mc-Z-0-all,D_mc-Z-1-all,D_mc-Z-2-all,D_mc-Z-3-all,D_mc-I-0-all,D_mc-I-1-all,D_mc-I-2-all,D_mc-I-3-all,D_mc-T-0-all,D_mc-T-1-all,D_mc-T-2-all,D_mc-T-3-all,D_mc-S-0-all,D_mc-S-1-all,D_mc-S-2-all,D_mc-S-3-all,name
1018.1920000000019,2127.2112000000025,6466.792799999991,8518.180800000007,27186.0,55152.0,77880.0,85920.0,118.0,312.0,720.0,1056.0,1032.0,3048.0,5688.0,6912.0,81.46959999999991,242.8680000000002,486.16319999999877,665.6063999999996,2.7159999999999997,30.044159999999998,26.438399999999994,44.5656,2179.8,2340.0,2289.6,3124.8,1.0,6.0,7.2,9.6,42.0,94.8,158.4,156.0,2.0681200000000004,6.636359999999999,8.500799999999996,10.547999999999998,0.0,-11.255999999999997,-7.992000000000002,-13.872,0.0,255.6,338.4,379.2,0.0,0.0,0.0,0.0,0.0,28.8,31.2,38.4,0.0,4.631999999999998,5.496000000000001,6.863999999999999,TAKYOV_clean_primitive
