f-lig-chi-0,f-lig-chi-1,f-lig-chi-2,f-lig-chi-3,f-lig-Z-0,f-lig-Z-1,f-lig-Z-2,f-lig-Z-3,f-lig-I-0,f-lig-I-1,f-lig-I-2,f-lig-I-3,f-lig-T-0,f-lig-T-1,f-lig-T-2,f-lig-T-3,f-lig-S-0,f-lig-S-1,f-lig-S-2,f-lig-S-3,name
99.54960000000001,132.3162,356.685,310.8096,723.0,1602.0,2304.0,1638.0,10.0,18.0,36.0,30.0,54.0,120.0,102.0,42.0,6.102100000000001,12.877799999999999,21.1926,16.515,QABKIQ_clean_primitive
99.54960000000001,132.3162,356.685,310.8096,723.0,1602.0,2304.0,1638.0,10.0,18.0,36.0,30.0,54.0,120.0,102.0,42.0,6.102100000000001,12.877799999999999,21.1926,16.515,QABKIQ_clean_primitive
99.54960000000001,132.3162,356.685,310.8096,723.0,1602.0,2304.0,1638.0,10.0,18.0,36.0,30.0,54.0,120.0,102.0,42.0,6.102100000000001,12.877799999999999,21.1926,16.515,QABKIQ_clean_primitive
99.54960000000001,132.3162,356.685,310.8096,723.0,1602.0,2304.0,1638.0,10.0,18.0,36.0,30.0,54.0,120.0,102.0,42.0,6.102100000000001,12.877799999999999,21.1926,16.515,QABKIQ_clean_primitive
