f-link-chi-0,f-link-chi-1,f-link-chi-2,f-link-chi-3,f-link-Z-0,f-link-Z-1,f-link-Z-2,f-link-Z-3,f-link-I-0,f-link-I-1,f-link-I-2,f-link-I-3,f-link-T-0,f-link-T-1,f-link-T-2,f-link-T-3,f-link-S-0,f-link-S-1,f-link-S-2,f-link-S-3,name
227.74879999999996,428.75699999999995,681.7808,836.0939999999999,1094.0,2064.0,3152.0,3408.0,30.0,62.0,96.0,124.0,158.0,390.0,560.0,636.0,14.571000000000003,32.571000000000005,48.5536,57.75000000000003,MOF-505
227.74879999999996,428.757,681.7808,836.0939999999998,1094.0,2064.0,3152.0,3408.0,30.0,62.0,96.0,124.0,158.0,390.0,560.0,636.0,14.571000000000002,32.571000000000005,48.55360000000001,57.750000000000014,MOF-505
227.74879999999996,428.757,681.7808,836.0939999999999,1094.0,2064.0,3152.0,3408.0,30.0,62.0,96.0,124.0,158.0,390.0,560.0,636.0,14.571000000000002,32.571000000000005,48.55360000000001,57.750000000000014,MOF-505
227.74879999999996,428.75699999999995,681.7808,836.094,1094.0,2064.0,3152.0,3408.0,30.0,62.0,96.0,124.0,158.0,390.0,560.0,636.0,14.571000000000002,32.571000000000005,48.55360000000001,57.75000000000002,MOF-505
227.74879999999996,428.75699999999995,681.7808,836.094,1094.0,2064.0,3152.0,3408.0,30.0,62.0,96.0,124.0,158.0,390.0,560.0,636.0,14.571000000000002,32.571000000000005,48.55360000000001,57.75000000000002,MOF-505
227.7488,428.757,681.7808,836.094,1094.0,2064.0,3152.0,3408.0,30.0,62.0,96.0,124.0,158.0,390.0,560.0,636.0,14.571000000000003,32.57100000000001,48.55360000000002,57.75000000000003,MOF-505
227.74879999999996,428.75699999999995,681.7808,836.0940000000002,1094.0,2064.0,3152.0,3408.0,30.0,62.0,96.0,124.0,158.0,390.0,560.0,636.0,14.571000000000002,32.571000000000005,48.5536,57.75000000000003,MOF-505
227.74879999999996,428.75699999999995,681.7808,836.0940000000002,1094.0,2064.0,3152.0,3408.0,30.0,62.0,96.0,124.0,158.0,390.0,560.0,636.0,14.571000000000002,32.571000000000005,48.5536,57.75000000000003,MOF-505
227.74879999999993,428.75699999999995,681.7808,836.094,1094.0,2064.0,3152.0,3408.0,30.0,62.0,96.0,124.0,158.0,390.0,560.0,636.0,14.571000000000002,32.571000000000005,48.55360000000001,57.75000000000002,MOF-505
