f-lig-chi-0,f-lig-chi-1,f-lig-chi-2,f-lig-chi-3,f-lig-Z-0,f-lig-Z-1,f-lig-Z-2,f-lig-Z-3,f-lig-I-0,f-lig-I-1,f-lig-I-2,f-lig-I-3,f-lig-T-0,f-lig-T-1,f-lig-T-2,f-lig-T-3,f-lig-S-0,f-lig-S-1,f-lig-S-2,f-lig-S-3,name
91.2838,176.00099999999995,261.8652,273.572,397.0,768.0,1020.0,884.0,13.0,26.0,38.0,42.0,64.0,150.0,190.0,168.0,5.7333,12.7666,17.2678,16.611,DIBXOD_clean_primitive
91.2838,176.00099999999998,261.8652,273.572,397.0,768.0,1020.0,884.0,13.0,26.0,38.0,42.0,64.0,150.0,190.0,168.0,5.7333,12.7666,17.2678,16.610999999999997,DIBXOD_clean_primitive
91.2838,176.001,261.8652,273.572,397.0,768.0,1020.0,884.0,13.0,26.0,38.0,42.0,64.0,150.0,190.0,168.0,5.733300000000001,12.7666,17.2678,16.610999999999997,DIBXOD_clean_primitive
91.28380000000001,176.00099999999998,261.86519999999996,273.572,397.0,768.0,1020.0,884.0,13.0,26.0,38.0,42.0,64.0,150.0,190.0,168.0,5.7333,12.7666,17.2678,16.611,DIBXOD_clean_primitive
101.06920000000001,177.16539999999998,255.02759999999995,228.85779999999997,547.0,964.0,1386.0,1240.0,11.0,22.0,30.0,26.0,52.0,118.0,144.0,106.0,6.1907,12.6142,17.055,14.682599999999999,DIBXOD_clean_primitive
101.06920000000001,177.16540000000003,255.02759999999995,228.85779999999997,547.0,964.0,1386.0,1240.0,11.0,22.0,30.0,26.0,52.0,118.0,144.0,106.0,6.1907,12.614200000000002,17.055,14.682599999999999,DIBXOD_clean_primitive
