f-lig-chi-0,f-lig-chi-1,f-lig-chi-2,f-lig-chi-3,f-lig-Z-0,f-lig-Z-1,f-lig-Z-2,f-lig-Z-3,f-lig-I-0,f-lig-I-1,f-lig-I-2,f-lig-I-3,f-lig-T-0,f-lig-T-1,f-lig-T-2,f-lig-T-3,f-lig-S-0,f-lig-S-1,f-lig-S-2,f-lig-S-3,name
104.58300000000003,227.37060000000002,320.57560000000007,296.42,465.0,1038.0,1330.0,1004.0,15.0,32.0,46.0,46.0,78.0,186.0,248.0,216.0,6.9175,16.203200000000002,21.948600000000003,19.0442,RODBAP_clean_primitive
104.58300000000001,227.37060000000002,320.57560000000007,296.42,465.0,1038.0,1330.0,1004.0,15.0,32.0,46.0,46.0,78.0,186.0,248.0,216.0,6.9175,16.203200000000002,21.948600000000003,19.0442,RODBAP_clean_primitive
104.58300000000001,227.37060000000008,320.57560000000007,296.41999999999996,465.0,1038.0,1330.0,1004.0,15.0,32.0,46.0,46.0,78.0,186.0,248.0,216.0,6.9174999999999995,16.2032,21.948600000000006,19.044200000000004,RODBAP_clean_primitive
104.58300000000001,227.37060000000008,320.57560000000007,296.4200000000001,465.0,1038.0,1330.0,1004.0,15.0,32.0,46.0,46.0,78.0,186.0,248.0,216.0,6.9174999999999995,16.2032,21.948600000000006,19.044200000000004,RODBAP_clean_primitive
104.58300000000001,227.37060000000005,320.5756,296.42,465.0,1038.0,1330.0,1004.0,15.0,32.0,46.0,46.0,78.0,186.0,248.0,216.0,6.9174999999999995,16.203200000000002,21.948600000000006,19.044200000000004,RODBAP_clean_primitive
104.58300000000001,227.37060000000008,320.5756,296.42,465.0,1038.0,1330.0,1004.0,15.0,32.0,46.0,46.0,78.0,186.0,248.0,216.0,6.9174999999999995,16.203200000000002,21.948600000000003,19.044200000000004,RODBAP_clean_primitive
104.583,227.37060000000002,320.57560000000007,296.42,465.0,1038.0,1330.0,1004.0,15.0,32.0,46.0,46.0,78.0,186.0,248.0,216.0,6.917500000000001,16.2032,21.948600000000003,19.0442,RODBAP_clean_primitive
104.583,227.37060000000002,320.57560000000007,296.42,465.0,1038.0,1330.0,1004.0,15.0,32.0,46.0,46.0,78.0,186.0,248.0,216.0,6.917500000000001,16.2032,21.948600000000003,19.0442,RODBAP_clean_primitive
