f-chi-0-all,f-chi-1-all,f-chi-2-all,f-chi-3-all,f-Z-0-all,f-Z-1-all,f-Z-2-all,f-Z-3-all,f-I-0-all,f-I-1-all,f-I-2-all,f-I-3-all,f-T-0-all,f-T-1-all,f-T-2-all,f-T-3-all,f-S-0-all,f-S-1-all,f-S-2-all,f-S-3-all,mc-chi-0-all,mc-chi-1-all,mc-chi-2-all,mc-chi-3-all,mc-Z-0-all,mc-Z-1-all,mc-Z-2-all,mc-Z-3-all,mc-I-0-all,mc-I-1-all,mc-I-2-all,mc-I-3-all,mc-T-0-all,mc-T-1-all,mc-T-2-all,mc-T-3-all,mc-S-0-all,mc-S-1-all,mc-S-2-all,mc-S-3-all,D_mc-chi-0-all,D_mc-chi-1-all,D_mc-chi-2-all,D_mc-chi-3-all,D_mc-Z-0-all,D_mc-Z-1-all,D_mc-Z-2-all,D_mc-Z-3-all,D_mc-I-0-all,D_mc-I-1-all,D_mc-I-2-all,D_mc-I-3-all,D_mc-T-0-all,D_mc-T-1-all,D_mc-T-2-all,D_mc-T-3-all,D_mc-S-0-all,D_mc-S-1-all,D_mc-S-2-all,D_mc-S-3-all,name
362.6612000000001,676.2207999999998,1798.7372000000012,3331.3984000000023,4613.0,12952.0,29308.0,38400.0,41.0,96.0,228.0,408.0,324.0,1056.0,2240.0,2768.0,28.840100000000007,79.48639999999999,181.96680000000003,291.23279999999994,2.4025000000000003,29.077999999999992,44.90350000000001,88.35000000000002,625.0,1325.0,3275.0,3300.0,1.0,6.0,11.0,19.0,36.0,102.0,228.0,282.0,1.9320999999999995,6.5608,14.136300000000004,19.835300000000007,0.0,-9.459999999999999,-11.92,-27.55,0.0,97.0,144.0,343.0,0.0,0.0,0.0,0.0,0.0,19.0,28.0,67.0,0.0,3.619999999999998,5.119999999999998,12.14,JEWYAM_charged_primitive
362.6612000000001,676.2207999999998,1798.7372000000012,3331.3984000000023,4613.0,12952.0,29308.0,38400.0,41.0,96.0,228.0,408.0,324.0,1056.0,2240.0,2768.0,28.840100000000007,79.48639999999999,181.96680000000003,291.2327999999999,2.4025000000000003,29.077999999999992,44.90350000000001,88.35000000000002,625.0,1325.0,3275.0,3300.0,1.0,6.0,11.0,19.0,36.0,102.0,228.0,282.0,1.9320999999999995,6.5608,14.136300000000004,19.835300000000007,0.0,-9.459999999999999,-11.92,-27.55,0.0,97.0,144.0,343.0,0.0,0.0,0.0,0.0,0.0,19.0,28.0,67.0,0.0,3.619999999999998,5.119999999999998,12.14,JEWYAM_charged_primitive
362.66120000000006,676.2207999999996,1798.7372000000007,3331.398400000002,4613.0,12952.0,29308.0,38400.0,41.0,96.0,228.0,408.0,324.0,1056.0,2240.0,2768.0,28.840100000000007,79.48639999999997,181.96679999999992,291.2328,2.4025000000000003,29.077999999999992,44.90350000000001,88.35000000000002,625.0,1325.0,3275.0,3300.0,1.0,6.0,11.0,19.0,36.0,102.0,228.0,282.0,1.9320999999999995,6.5608,14.136300000000004,19.835300000000007,0.0,-9.459999999999999,-11.92,-27.55,0.0,97.0,144.0,343.0,0.0,0.0,0.0,0.0,0.0,19.0,28.0,67.0,0.0,3.619999999999998,5.119999999999998,12.14,JEWYAM_charged_primitive
