f-link-chi-0,f-link-chi-1,f-link-chi-2,f-link-chi-3,f-link-Z-0,f-link-Z-1,f-link-Z-2,f-link-Z-3,f-link-I-0,f-link-I-1,f-link-I-2,f-link-I-3,f-link-T-0,f-link-T-1,f-link-T-2,f-link-T-3,f-link-S-0,f-link-S-1,f-link-S-2,f-link-S-3,name
174.21379999999996,307.97799999999984,473.19079999999985,565.8849999999999,875.0,1528.0,2348.0,2596.0,21.0,42.0,62.0,78.0,104.0,250.0,346.0,398.0,10.6029,22.5314,32.707,39.07100000000001,XICXAK
174.2138,307.9779999999999,473.19079999999985,565.8849999999999,875.0,1528.0,2348.0,2596.0,21.0,42.0,62.0,78.0,104.0,250.0,346.0,398.0,10.6029,22.531400000000005,32.707,39.071000000000005,XICXAK
211.06710000000004,484.24500000000023,770.7396000000001,832.458,846.0,2052.0,2910.0,2514.0,33.0,72.0,114.0,132.0,186.0,468.0,690.0,684.0,13.911300000000004,34.834800000000016,52.07700000000001,52.896000000000015,XICXAK
238.59210000000004,590.0840000000001,983.2846000000001,1072.2009999999998,921.0,2474.0,3562.0,2902.0,38.0,88.0,148.0,174.0,252.0,716.0,1052.0,914.0,15.507800000000003,42.39680000000001,65.98440000000001,65.1854,XICXAK
238.59210000000002,590.0840000000002,983.2846000000002,1072.2009999999998,921.0,2474.0,3562.0,2902.0,38.0,88.0,148.0,174.0,252.0,716.0,1052.0,914.0,15.507800000000007,42.39680000000002,65.9844,65.18540000000002,XICXAK
211.0671,484.2450000000002,770.7396000000001,832.4580000000002,846.0,2052.0,2910.0,2514.0,33.0,72.0,114.0,132.0,186.0,468.0,690.0,684.0,13.911300000000006,34.834800000000016,52.077000000000005,52.896000000000015,XICXAK
