f-chi-0-all,f-chi-1-all,f-chi-2-all,f-chi-3-all,f-Z-0-all,f-Z-1-all,f-Z-2-all,f-Z-3-all,f-I-0-all,f-I-1-all,f-I-2-all,f-I-3-all,f-T-0-all,f-T-1-all,f-T-2-all,f-T-3-all,f-S-0-all,f-S-1-all,f-S-2-all,f-S-3-all,mc-chi-0-all,mc-chi-1-all,mc-chi-2-all,mc-chi-3-all,mc-Z-0-all,mc-Z-1-all,mc-Z-2-all,mc-Z-3-all,mc-I-0-all,mc-I-1-all,mc-I-2-all,mc-I-3-all,mc-T-0-all,mc-T-1-all,mc-T-2-all,mc-T-3-all,mc-S-0-all,mc-S-1-all,mc-S-2-all,mc-S-3-all,D_mc-chi-0-all,D_mc-chi-1-all,D_mc-chi-2-all,D_mc-chi-3-all,D_mc-Z-0-all,D_mc-Z-1-all,D_mc-Z-2-all,D_mc-Z-3-all,D_mc-I-0-all,D_mc-I-1-all,D_mc-I-2-all,D_mc-I-3-all,D_mc-T-0-all,D_mc-T-1-all,D_mc-T-2-all,D_mc-T-3-all,D_mc-S-0-all,D_mc-S-1-all,D_mc-S-2-all,D_mc-S-3-all,name
189.18569999999997,346.75199999999995,668.9927999999999,767.8079999999998,3684.0,6912.0,7392.0,9216.0,21.0,48.0,72.0,96.0,120.0,288.0,384.0,480.0,15.1005,36.4416,49.78800000000001,63.42240000000001,2.7224999999999997,22.703999999999997,16.83,39.53399999999999,900.0,960.0,720.0,1680.0,1.0,4.0,4.0,8.0,16.0,32.0,48.0,80.0,1.7161000000000002,3.8252,4.034800000000001,7.86,0.0,-7.159999999999999,-3.6,-10.76,0.0,88.0,96.0,184.0,0.0,0.0,0.0,0.0,0.0,8.0,4.0,12.0,0.0,2.3200000000000003,2.16,4.48,FAGXIX_clean_primitive
189.18569999999997,346.7519999999999,668.9927999999999,767.8079999999998,3684.0,6912.0,7392.0,9216.0,21.0,48.0,72.0,96.0,120.0,288.0,384.0,480.0,15.1005,36.4416,49.78800000000001,63.42240000000001,2.7224999999999997,22.703999999999997,16.83,39.53399999999999,900.0,960.0,720.0,1680.0,1.0,4.0,4.0,8.0,16.0,32.0,48.0,80.0,1.7161000000000002,3.8252,4.034800000000001,7.86,0.0,-7.159999999999999,-3.6,-10.76,0.0,88.0,96.0,184.0,0.0,0.0,0.0,0.0,0.0,8.0,4.0,12.0,0.0,2.3200000000000003,2.16,4.48,FAGXIX_clean_primitive
