f-chi-0-all,f-chi-1-all,f-chi-2-all,f-chi-3-all,f-Z-0-all,f-Z-1-all,f-Z-2-all,f-Z-3-all,f-I-0-all,f-I-1-all,f-I-2-all,f-I-3-all,f-T-0-all,f-T-1-all,f-T-2-all,f-T-3-all,f-S-0-all,f-S-1-all,f-S-2-all,f-S-3-all,mc-chi-0-all,mc-chi-1-all,mc-chi-2-all,mc-chi-3-all,mc-Z-0-all,mc-Z-1-all,mc-Z-2-all,mc-Z-3-all,mc-I-0-all,mc-I-1-all,mc-I-2-all,mc-I-3-all,mc-T-0-all,mc-T-1-all,mc-T-2-all,mc-T-3-all,mc-S-0-all,mc-S-1-all,mc-S-2-all,mc-S-3-all,D_mc-chi-0-all,D_mc-chi-1-all,D_mc-chi-2-all,D_mc-chi-3-all,D_mc-Z-0-all,D_mc-Z-1-all,D_mc-Z-2-all,D_mc-Z-3-all,D_mc-I-0-all,D_mc-I-1-all,D_mc-I-2-all,D_mc-I-3-all,D_mc-T-0-all,D_mc-T-1-all,D_mc-T-2-all,D_mc-T-3-all,D_mc-S-0-all,D_mc-S-1-all,D_mc-S-2-all,D_mc-S-3-all,name
156.915,294.32759999999985,1014.824,584.179,9946.0,18816.0,24416.0,12346.0,18.0,52.0,108.0,76.0,208.0,724.0,908.0,562.0,15.525599999999997,53.386399999999995,79.98799999999999,57.8866,1.4884,27.852599999999995,14.579,27.8892,4356.0,4158.0,6666.0,2970.0,1.0,7.0,5.0,8.0,49.0,133.0,147.0,133.0,2.7889,9.0848,8.35,8.7174,0.0,-14.289999999999996,-5.85,-13.1,0.0,399.0,229.0,483.0,0.0,0.0,0.0,0.0,0.0,30.0,14.0,37.0,0.0,6.249999999999998,3.3499999999999996,8.139999999999999,BUGSAY_clean_primitive
156.915,294.32759999999985,1014.824,584.179,9946.0,18816.0,24416.0,12346.0,18.0,52.0,108.0,76.0,208.0,724.0,908.0,562.0,15.525599999999997,53.386399999999995,79.98799999999999,57.8866,1.4884,27.852599999999995,14.579,27.8892,4356.0,4158.0,6666.0,2970.0,1.0,7.0,5.0,8.0,49.0,133.0,147.0,133.0,2.7889,9.0848,8.35,8.7174,0.0,-14.289999999999996,-5.85,-13.1,0.0,399.0,229.0,483.0,0.0,0.0,0.0,0.0,0.0,30.0,14.0,37.0,0.0,6.249999999999998,3.3499999999999996,8.139999999999999,BUGSAY_clean_primitive
