f-lig-chi-0,f-lig-chi-1,f-lig-chi-2,f-lig-chi-3,f-lig-Z-0,f-lig-Z-1,f-lig-Z-2,f-lig-Z-3,f-lig-I-0,f-lig-I-1,f-lig-I-2,f-lig-I-3,f-lig-T-0,f-lig-T-1,f-lig-T-2,f-lig-T-3,f-lig-S-0,f-lig-S-1,f-lig-S-2,f-lig-S-3,name
230.5746,515.7630000000001,796.8186000000002,920.7779999999997,954.0,2232.0,3114.0,3192.0,36.0,78.0,120.0,144.0,198.0,486.0,678.0,720.0,15.690000000000001,38.484600000000015,55.72320000000003,60.78240000000003,FIRPAZ_clean_primitive
118.71439999999998,219.096,337.32039999999995,385.63200000000006,548.0,1008.0,1456.0,1470.0,16.0,32.0,48.0,58.0,80.0,192.0,256.0,258.0,7.4224000000000006,16.2624,23.044800000000002,24.999399999999998,FIRPAZ_clean_primitive
230.5746,515.7630000000001,796.8186000000001,920.7779999999997,954.0,2232.0,3114.0,3192.0,36.0,78.0,120.0,144.0,198.0,486.0,678.0,720.0,15.690000000000001,38.484600000000015,55.72320000000003,60.78240000000003,FIRPAZ_clean_primitive
118.71439999999998,219.09599999999995,337.32039999999995,385.63200000000006,548.0,1008.0,1456.0,1470.0,16.0,32.0,48.0,58.0,80.0,192.0,256.0,258.0,7.4224000000000006,16.262400000000003,23.044800000000002,24.9994,FIRPAZ_clean_primitive
230.5746,515.7630000000003,796.8186000000002,920.7779999999997,954.0,2232.0,3114.0,3192.0,36.0,78.0,120.0,144.0,198.0,486.0,678.0,720.0,15.690000000000001,38.484600000000015,55.72320000000002,60.78240000000003,FIRPAZ_clean_primitive
118.71440000000001,219.096,337.32040000000006,385.6319999999999,548.0,1008.0,1456.0,1470.0,16.0,32.0,48.0,58.0,80.0,192.0,256.0,258.0,7.422399999999999,16.262400000000007,23.044800000000002,24.999400000000005,FIRPAZ_clean_primitive
