f-lig-chi-0,f-lig-chi-1,f-lig-chi-2,f-lig-chi-3,f-lig-Z-0,f-lig-Z-1,f-lig-Z-2,f-lig-Z-3,f-lig-I-0,f-lig-I-1,f-lig-I-2,f-lig-I-3,f-lig-T-0,f-lig-T-1,f-lig-T-2,f-lig-T-3,f-lig-S-0,f-lig-S-1,f-lig-S-2,f-lig-S-3,name
92.70439999999999,154.07099999999997,252.6404,287.86899999999997,404.0,648.0,884.0,640.0,12.0,22.0,36.0,42.0,58.0,136.0,144.0,98.0,5.0508,10.333400000000001,14.106000000000002,13.378600000000002,DUYVEA_clean_primitive
92.7044,154.07099999999997,252.6404,287.86899999999997,404.0,648.0,884.0,640.0,12.0,22.0,36.0,42.0,58.0,136.0,144.0,98.0,5.0508,10.333400000000001,14.106,13.378599999999999,DUYVEA_clean_primitive
195.7614,424.64720000000005,650.6540000000001,744.1109999999998,714.0,1634.0,2132.0,2208.0,32.0,66.0,104.0,118.0,170.0,404.0,528.0,558.0,12.467200000000002,30.26180000000001,42.270400000000016,46.11420000000001,DUYVEA_clean_primitive
195.7614,424.6472000000001,650.6540000000001,744.1109999999998,714.0,1634.0,2132.0,2208.0,32.0,66.0,104.0,118.0,170.0,404.0,528.0,558.0,12.467200000000002,30.261800000000008,42.270400000000016,46.11420000000001,DUYVEA_clean_primitive
92.7044,154.07099999999997,252.6404,287.86899999999997,404.0,648.0,884.0,640.0,12.0,22.0,36.0,42.0,58.0,136.0,144.0,98.0,5.0508,10.333400000000001,14.106,13.378600000000002,DUYVEA_clean_primitive
92.7044,154.07099999999997,252.6404,287.86899999999997,404.0,648.0,884.0,640.0,12.0,22.0,36.0,42.0,58.0,136.0,144.0,98.0,5.0508,10.333400000000001,14.106000000000002,13.378599999999999,DUYVEA_clean_primitive
195.76140000000004,424.6472000000002,650.6540000000001,744.1109999999999,714.0,1634.0,2132.0,2208.0,32.0,66.0,104.0,118.0,170.0,404.0,528.0,558.0,12.467200000000012,30.261800000000008,42.2704,46.11419999999997,DUYVEA_clean_primitive
195.7614,424.6472000000003,650.6540000000001,744.1109999999998,714.0,1634.0,2132.0,2208.0,32.0,66.0,104.0,118.0,170.0,404.0,528.0,558.0,12.467199999999998,30.261800000000015,42.270400000000016,46.11420000000002,DUYVEA_clean_primitive
