f-chi-0-all,f-chi-1-all,f-chi-2-all,f-chi-3-all,f-Z-0-all,f-Z-1-all,f-Z-2-all,f-Z-3-all,f-I-0-all,f-I-1-all,f-I-2-all,f-I-3-all,f-T-0-all,f-T-1-all,f-T-2-all,f-T-3-all,f-S-0-all,f-S-1-all,f-S-2-all,f-S-3-all,mc-chi-0-all,mc-chi-1-all,mc-chi-2-all,mc-chi-3-all,mc-Z-0-all,mc-Z-1-all,mc-Z-2-all,mc-Z-3-all,mc-I-0-all,mc-I-1-all,mc-I-2-all,mc-I-3-all,mc-T-0-all,mc-T-1-all,mc-T-2-all,mc-T-3-all,mc-S-0-all,mc-S-1-all,mc-S-2-all,mc-S-3-all,D_mc-chi-0-all,D_mc-chi-1-all,D_mc-chi-2-all,D_mc-chi-3-all,D_mc-Z-0-all,D_mc-Z-1-all,D_mc-Z-2-all,D_mc-Z-3-all,D_mc-I-0-all,D_mc-I-1-all,D_mc-I-2-all,D_mc-I-3-all,D_mc-T-0-all,D_mc-T-1-all,D_mc-T-2-all,D_mc-T-3-all,D_mc-S-0-all,D_mc-S-1-all,D_mc-S-2-all,D_mc-S-3-all,name
228.63469999999992,420.7807999999999,1054.5052,1078.6463999999996,3536.0,8320.0,12160.0,12672.0,25.0,56.0,106.0,132.0,162.0,424.0,648.0,712.0,16.5961,41.756,69.78339999999997,85.76039999999999,3.6481,35.04213333333333,24.34613333333333,67.66493333333331,784.0,1194.6666666666667,1717.3333333333333,2314.6666666666665,1.0,5.333333333333333,5.333333333333333,11.333333333333334,28.666666666666668,57.333333333333336,104.0,136.0,1.4641,4.710933333333333,5.678933333333333,10.204333333333333,0.0,-8.159999999999998,-2.559999999999999,-13.78,0.0,106.66666666666667,88.0,234.66666666666666,0.0,0.0,0.0,0.0,0.0,18.0,9.333333333333334,35.333333333333336,0.0,2.56,1.7599999999999998,5.28,IZEQUB_clean_primitive
228.63469999999992,420.78079999999994,1054.5051999999998,1078.6463999999999,3536.0,8320.0,12160.0,12672.0,25.0,56.0,106.0,132.0,162.0,424.0,648.0,712.0,16.596099999999996,41.75599999999999,69.78340000000001,85.76039999999999,3.6481,35.04213333333333,24.34613333333333,67.66493333333331,784.0,1194.6666666666667,1717.3333333333333,2314.6666666666665,1.0,5.333333333333333,5.333333333333333,11.333333333333334,28.666666666666668,57.333333333333336,104.0,136.0,1.4641,4.710933333333333,5.678933333333333,10.204333333333333,0.0,-8.159999999999998,-2.559999999999999,-13.78,0.0,106.66666666666667,88.0,234.66666666666666,0.0,0.0,0.0,0.0,0.0,18.0,9.333333333333334,35.333333333333336,0.0,2.56,1.7599999999999998,5.28,IZEQUB_clean_primitive
