f-link-chi-0,f-link-chi-1,f-link-chi-2,f-link-chi-3,f-link-Z-0,f-link-Z-1,f-link-Z-2,f-link-Z-3,f-link-I-0,f-link-I-1,f-link-I-2,f-link-I-3,f-link-T-0,f-link-T-1,f-link-T-2,f-link-T-3,f-link-S-0,f-link-S-1,f-link-S-2,f-link-S-3,name
200.71359999999999,426.74360000000013,696.9576,731.345,1085.0,2468.0,3108.0,2914.0,29.0,62.0,100.0,114.0,162.0,402.0,580.0,598.0,13.236000000000002,32.2366,48.092,49.62660000000001,WEFXIQ
200.71359999999999,426.74360000000013,696.9576,731.345,1085.0,2468.0,3108.0,2914.0,29.0,62.0,100.0,114.0,162.0,402.0,580.0,598.0,13.236000000000002,32.2366,48.092,49.62660000000001,WEFXIQ
200.7136,426.74360000000013,696.9576,731.345,1085.0,2468.0,3108.0,2914.0,29.0,62.0,100.0,114.0,162.0,402.0,580.0,598.0,13.236000000000004,32.2366,48.09199999999999,49.62659999999999,WEFXIQ
200.7136,426.74360000000013,696.9576,731.345,1085.0,2468.0,3108.0,2914.0,29.0,62.0,100.0,114.0,162.0,402.0,580.0,598.0,13.236000000000004,32.2366,48.09199999999999,49.62659999999999,WEFXIQ
