name,cif_file,Di,Df,Dif,rho,VSA,GSA,VPOV,GPOV,POAV_vol_frac,PONAV_vol_frac,GPOAV,GPONAV,POAV,PONAV
EZIMAC,EZIMAC.cif,9.53911,3.76289,9.53911,0.939751,1010.42,1075.2,0.41600000000000004,0.4426704520665581,0.3027,0.1133,0.322106,0.120564,2110.19,789.84
