f-lig-chi-0,f-lig-chi-1,f-lig-chi-2,f-lig-chi-3,f-lig-Z-0,f-lig-Z-1,f-lig-Z-2,f-lig-Z-3,f-lig-I-0,f-lig-I-1,f-lig-I-2,f-lig-I-3,f-lig-T-0,f-lig-T-1,f-lig-T-2,f-lig-T-3,f-lig-S-0,f-lig-S-1,f-lig-S-2,f-lig-S-3,name
246.2319999999999,465.24320000000006,722.7848,877.7150000000001,1192.0,2258.0,3368.0,3584.0,32.0,66.0,100.0,126.0,166.0,404.0,560.0,598.0,15.696000000000003,34.820200000000014,50.7404,58.630200000000016,VURLIF_clean_primitive
246.2319999999999,465.24320000000006,722.7848,877.7150000000001,1192.0,2258.0,3368.0,3584.0,32.0,66.0,100.0,126.0,166.0,404.0,560.0,598.0,15.696000000000003,34.820200000000014,50.7404,58.630200000000016,VURLIF_clean_primitive
44.742399999999996,62.745599999999996,71.0016,0.0,241.0,336.0,384.0,0.0,4.0,6.0,6.0,0.0,12.0,18.0,6.0,0.0,2.1612,3.2849999999999997,3.1973999999999996,0.0,VURLIF_clean_primitive
44.742399999999996,62.745599999999996,71.0016,0.0,241.0,336.0,384.0,0.0,4.0,6.0,6.0,0.0,12.0,18.0,6.0,0.0,2.1612,3.2849999999999997,3.1973999999999996,0.0,VURLIF_clean_primitive
