f-lig-chi-0,f-lig-chi-1,f-lig-chi-2,f-lig-chi-3,f-lig-Z-0,f-lig-Z-1,f-lig-Z-2,f-lig-Z-3,f-lig-I-0,f-lig-I-1,f-lig-I-2,f-lig-I-3,f-lig-T-0,f-lig-T-1,f-lig-T-2,f-lig-T-3,f-lig-S-0,f-lig-S-1,f-lig-S-2,f-lig-S-3,name
63.85320000000001,132.906,186.41,162.2372,246.0,528.0,584.0,350.0,10.0,20.0,28.0,26.0,48.0,108.0,124.0,88.0,4.044199999999999,9.270800000000001,11.4908,8.543399999999998,HAWWEK_clean_primitive
63.85320000000001,132.90599999999998,186.41,162.23720000000003,246.0,528.0,584.0,350.0,10.0,20.0,28.0,26.0,48.0,108.0,124.0,88.0,4.044199999999999,9.270800000000001,11.4908,8.543399999999998,HAWWEK_clean_primitive
63.8532,132.906,186.41,162.2372,246.0,528.0,584.0,350.0,10.0,20.0,28.0,26.0,48.0,108.0,124.0,88.0,4.0442,9.270800000000001,11.4908,8.543399999999998,HAWWEK_clean_primitive
63.8532,132.906,186.41,162.2372,246.0,528.0,584.0,350.0,10.0,20.0,28.0,26.0,48.0,108.0,124.0,88.0,4.0442,9.270800000000001,11.4908,8.543399999999998,HAWWEK_clean_primitive
