f-lig-chi-0,f-lig-chi-1,f-lig-chi-2,f-lig-chi-3,f-lig-Z-0,f-lig-Z-1,f-lig-Z-2,f-lig-Z-3,f-lig-I-0,f-lig-I-1,f-lig-I-2,f-lig-I-3,f-lig-T-0,f-lig-T-1,f-lig-T-2,f-lig-T-3,f-lig-S-0,f-lig-S-1,f-lig-S-2,f-lig-S-3,name
283.7809999999999,543.813,885.8187999999997,1063.7352,1298.0,2496.0,3700.0,3912.0,38.0,78.0,124.0,154.0,202.0,492.0,668.0,732.0,17.370200000000004,39.347000000000016,57.91480000000001,66.35780000000003,ISIMUT_clean_primitive
260.78639999999996,650.2500000000001,909.9384,1055.095,1074.0,2880.0,3564.0,3556.0,42.0,100.0,140.0,170.0,284.0,816.0,932.0,994.0,18.396200000000004,50.35800000000002,65.20760000000001,70.23860000000003,ISIMUT_clean_primitive
