f-sbu-chi-0,f-sbu-chi-1,f-sbu-chi-2,f-sbu-chi-3,f-sbu-Z-0,f-sbu-Z-1,f-sbu-Z-2,f-sbu-Z-3,f-sbu-I-0,f-sbu-I-1,f-sbu-I-2,f-sbu-I-3,f-sbu-T-0,f-sbu-T-1,f-sbu-T-2,f-sbu-T-3,f-sbu-S-0,f-sbu-S-1,f-sbu-S-2,f-sbu-S-3,mc-chi-0,mc-chi-1,mc-chi-2,mc-chi-3,mc-Z-0,mc-Z-1,mc-Z-2,mc-Z-3,mc-I-0,mc-I-1,mc-I-2,mc-I-3,mc-T-0,mc-T-1,mc-T-2,mc-T-3,mc-S-0,mc-S-1,mc-S-2,mc-S-3,D_mc-chi-0,D_mc-chi-1,D_mc-chi-2,D_mc-chi-3,D_mc-Z-0,D_mc-Z-1,D_mc-Z-2,D_mc-Z-3,D_mc-I-0,D_mc-I-1,D_mc-I-2,D_mc-I-3,D_mc-T-0,D_mc-T-1,D_mc-T-2,D_mc-T-3,D_mc-S-0,D_mc-S-1,D_mc-S-2,D_mc-S-3,name
313.81199999999984,593.5359999999998,2556.0832,2617.0879999999993,17448.0,30328.0,72124.0,61376.0,36.0,104.0,280.0,384.0,432.0,1600.0,3008.0,3296.0,27.238400000000013,93.79919999999998,189.83319999999998,252.11359999999993,1.44,31.536,21.839999999999996,68.54400000000001,3969.0,3591.0,13545.0,8127.0,1.0,8.0,9.0,18.0,64.0,176.0,320.0,336.0,2.8223999999999996,9.206399999999999,14.884799999999998,21.739199999999997,0.0,-16.68,-7.3999999999999995,-35.52000000000002,0.0,447.0,352.0,1005.0,0.0,0.0,0.0,0.0,0.0,42.0,32.0,102.0,0.0,7.960000000000001,6.26,17.299999999999997,JOFZOV
