f-lig-chi-0,f-lig-chi-1,f-lig-chi-2,f-lig-chi-3,f-lig-Z-0,f-lig-Z-1,f-lig-Z-2,f-lig-Z-3,f-lig-I-0,f-lig-I-1,f-lig-I-2,f-lig-I-3,f-lig-T-0,f-lig-T-1,f-lig-T-2,f-lig-T-3,f-lig-S-0,f-lig-S-1,f-lig-S-2,f-lig-S-3,name
190.68359999999998,393.21,518.0684,516.7285999999999,1044.0,2160.0,2840.0,2828.0,26.0,56.0,72.0,70.0,128.0,288.0,354.0,344.0,15.173800000000002,32.832800000000006,42.07600000000001,40.73620000000001,PAPPAZ_clean_primitive
190.68359999999998,393.2099999999999,518.0684,516.7285999999999,1044.0,2160.0,2840.0,2828.0,26.0,56.0,72.0,70.0,128.0,288.0,354.0,344.0,15.173800000000004,32.832800000000006,42.076000000000015,40.73620000000001,PAPPAZ_clean_primitive
190.68359999999998,393.21,518.0684,516.7285999999999,1044.0,2160.0,2840.0,2828.0,26.0,56.0,72.0,70.0,128.0,288.0,354.0,344.0,15.173800000000002,32.83280000000001,42.076000000000015,40.73620000000001,PAPPAZ_clean_primitive
190.68359999999998,393.21,518.0684,516.7285999999999,1044.0,2160.0,2840.0,2828.0,26.0,56.0,72.0,70.0,128.0,288.0,354.0,344.0,15.173800000000002,32.83280000000001,42.076000000000015,40.73620000000002,PAPPAZ_clean_primitive
190.68359999999996,393.21,518.0684,516.7285999999999,1044.0,2160.0,2840.0,2828.0,26.0,56.0,72.0,70.0,128.0,288.0,354.0,344.0,15.173800000000004,32.83280000000001,42.076000000000015,40.73620000000001,PAPPAZ_clean_primitive
190.68359999999998,393.21,518.0683999999999,516.7285999999999,1044.0,2160.0,2840.0,2828.0,26.0,56.0,72.0,70.0,128.0,288.0,354.0,344.0,15.173800000000004,32.832800000000006,42.07600000000001,40.73620000000001,PAPPAZ_clean_primitive
