f-lig-chi-0,f-lig-chi-1,f-lig-chi-2,f-lig-chi-3,f-lig-Z-0,f-lig-Z-1,f-lig-Z-2,f-lig-Z-3,f-lig-I-0,f-lig-I-1,f-lig-I-2,f-lig-I-3,f-lig-T-0,f-lig-T-1,f-lig-T-2,f-lig-T-3,f-lig-S-0,f-lig-S-1,f-lig-S-2,f-lig-S-3,name
342.15599999999995,679.7280000000002,1105.6288,1345.7749999999999,1518.0,3048.0,4516.0,4844.0,48.0,100.0,160.0,202.0,260.0,640.0,904.0,1018.0,21.4752,49.92680000000003,74.33120000000002,86.77700000000003,REYBAA_clean_primitive
342.15599999999995,679.7280000000002,1105.6288000000002,1345.7749999999999,1518.0,3048.0,4516.0,4844.0,48.0,100.0,160.0,202.0,260.0,640.0,904.0,1018.0,21.4752,49.92680000000002,74.33120000000002,86.77700000000004,REYBAA_clean_primitive
140.71140000000003,305.3072000000001,447.22400000000005,500.43300000000005,564.0,1274.0,1616.0,1464.0,22.0,46.0,68.0,78.0,114.0,272.0,352.0,322.0,9.274200000000002,22.099800000000005,30.094,29.851800000000004,REYBAA_clean_primitive
140.7114,305.3072000000001,447.22400000000005,500.43300000000005,564.0,1274.0,1616.0,1464.0,22.0,46.0,68.0,78.0,114.0,272.0,352.0,322.0,9.2742,22.099800000000005,30.094000000000012,29.851800000000008,REYBAA_clean_primitive
140.71140000000003,305.3072000000001,447.22400000000005,500.4330000000001,564.0,1274.0,1616.0,1464.0,22.0,46.0,68.0,78.0,114.0,272.0,352.0,322.0,9.274200000000002,22.099800000000005,30.094000000000012,29.851800000000004,REYBAA_clean_primitive
140.71140000000003,305.3072000000001,447.22400000000005,500.43300000000005,564.0,1274.0,1616.0,1464.0,22.0,46.0,68.0,78.0,114.0,272.0,352.0,322.0,9.2742,22.099800000000005,30.09400000000001,29.85180000000001,REYBAA_clean_primitive
