f-chi-0-all,f-chi-1-all,f-chi-2-all,f-chi-3-all,f-Z-0-all,f-Z-1-all,f-Z-2-all,f-Z-3-all,f-I-0-all,f-I-1-all,f-I-2-all,f-I-3-all,f-T-0-all,f-T-1-all,f-T-2-all,f-T-3-all,f-S-0-all,f-S-1-all,f-S-2-all,f-S-3-all,mc-chi-0-all,mc-chi-1-all,mc-chi-2-all,mc-chi-3-all,mc-Z-0-all,mc-Z-1-all,mc-Z-2-all,mc-Z-3-all,mc-I-0-all,mc-I-1-all,mc-I-2-all,mc-I-3-all,mc-T-0-all,mc-T-1-all,mc-T-2-all,mc-T-3-all,mc-S-0-all,mc-S-1-all,mc-S-2-all,mc-S-3-all,D_mc-chi-0-all,D_mc-chi-1-all,D_mc-chi-2-all,D_mc-chi-3-all,D_mc-Z-0-all,D_mc-Z-1-all,D_mc-Z-2-all,D_mc-Z-3-all,D_mc-I-0-all,D_mc-I-1-all,D_mc-I-2-all,D_mc-I-3-all,D_mc-T-0-all,D_mc-T-1-all,D_mc-T-2-all,D_mc-T-3-all,D_mc-S-0-all,D_mc-S-1-all,D_mc-S-2-all,D_mc-S-3-all,name
278.5729,515.1872,1151.3631999999996,1607.5104,8380.0,13728.0,16804.0,17232.0,33.0,72.0,130.0,196.0,202.0,528.0,748.0,888.0,23.5166,57.539999999999985,94.4938,123.22680000000008,2.8560999999999996,30.104533333333332,28.73,61.89906666666667,2304.0,1984.0,1920.0,3584.0,1.0,5.333333333333333,6.666666666666667,13.333333333333334,28.666666666666668,64.0,106.0,163.33333333333334,2.1904,5.8016,7.5973333333333315,13.379199999999997,0.0,-8.799999999999999,-5.733333333333331,-14.093333333333332,0.0,214.66666666666666,280.0,565.3333333333334,0.0,0.0,0.0,0.0,0.0,16.666666666666668,15.333333333333334,40.0,0.0,3.973333333333334,4.7333333333333325,10.693333333333333,KAVTEI_clean_primitive
278.5729,515.1872,1151.3631999999998,1607.5104,8380.0,13728.0,16804.0,17232.0,33.0,72.0,130.0,196.0,202.0,528.0,748.0,888.0,23.5166,57.539999999999985,94.4938,123.22680000000003,2.8560999999999996,30.104533333333332,28.73,61.89906666666667,2304.0,1984.0,1920.0,3584.0,1.0,5.333333333333333,6.666666666666667,13.333333333333334,28.666666666666668,64.0,106.0,163.33333333333334,2.1904,5.8016,7.5973333333333315,13.379199999999997,0.0,-8.799999999999999,-5.733333333333331,-14.093333333333332,0.0,214.66666666666666,280.0,565.3333333333334,0.0,0.0,0.0,0.0,0.0,16.666666666666668,15.333333333333334,40.0,0.0,3.973333333333334,4.7333333333333325,10.693333333333333,KAVTEI_clean_primitive
