f-sbu-chi-0,f-sbu-chi-1,f-sbu-chi-2,f-sbu-chi-3,f-sbu-Z-0,f-sbu-Z-1,f-sbu-Z-2,f-sbu-Z-3,f-sbu-I-0,f-sbu-I-1,f-sbu-I-2,f-sbu-I-3,f-sbu-T-0,f-sbu-T-1,f-sbu-T-2,f-sbu-T-3,f-sbu-S-0,f-sbu-S-1,f-sbu-S-2,f-sbu-S-3,mc-chi-0,mc-chi-1,mc-chi-2,mc-chi-3,mc-Z-0,mc-Z-1,mc-Z-2,mc-Z-3,mc-I-0,mc-I-1,mc-I-2,mc-I-3,mc-T-0,mc-T-1,mc-T-2,mc-T-3,mc-S-0,mc-S-1,mc-S-2,mc-S-3,D_mc-chi-0,D_mc-chi-1,D_mc-chi-2,D_mc-chi-3,D_mc-Z-0,D_mc-Z-1,D_mc-Z-2,D_mc-Z-3,D_mc-I-0,D_mc-I-1,D_mc-I-2,D_mc-I-3,D_mc-T-0,D_mc-T-1,D_mc-T-2,D_mc-T-3,D_mc-S-0,D_mc-S-1,D_mc-S-2,D_mc-S-3,name
264.7398999999999,462.63839999999976,1335.3168000000003,1713.3120000000001,1843.0,5040.0,9960.0,13536.0,31.0,72.0,150.0,228.0,222.0,636.0,1116.0,1428.0,21.526300000000003,57.1164,108.47460000000005,156.01799999999994,1.7161000000000002,26.5144,23.4752,69.823,144.0,564.0,720.0,1392.0,1.0,6.0,8.0,18.0,36.0,84.0,180.0,252.0,1.9321,6.116,10.286,17.652999999999995,0.0,-12.379999999999997,-7.439999999999999,-29.719999999999995,0.0,25.0,36.0,100.0,0.0,0.0,0.0,0.0,0.0,22.0,18.0,66.0,0.0,3.939999999999999,3.7199999999999993,12.319999999999995,DAFJOM
264.7399,462.6383999999999,1335.3168000000003,1713.312,1843.0,5040.0,9960.0,13536.0,31.0,72.0,150.0,228.0,222.0,636.0,1116.0,1428.0,21.526300000000003,57.116400000000006,108.47460000000007,156.01799999999997,1.7161000000000002,26.5144,23.4752,69.823,144.0,564.0,720.0,1392.0,1.0,6.0,8.0,18.0,36.0,84.0,180.0,252.0,1.9321,6.116,10.286,17.652999999999995,0.0,-12.379999999999997,-7.439999999999999,-29.719999999999995,0.0,25.0,36.0,100.0,0.0,0.0,0.0,0.0,0.0,22.0,18.0,66.0,0.0,3.939999999999999,3.7199999999999993,12.319999999999995,DAFJOM
