f-lig-chi-0,f-lig-chi-1,f-lig-chi-2,f-lig-chi-3,f-lig-Z-0,f-lig-Z-1,f-lig-Z-2,f-lig-Z-3,f-lig-I-0,f-lig-I-1,f-lig-I-2,f-lig-I-3,f-lig-T-0,f-lig-T-1,f-lig-T-2,f-lig-T-3,f-lig-S-0,f-lig-S-1,f-lig-S-2,f-lig-S-3,name
205.44140000000004,446.6070000000003,729.734,811.0552,716.0,1656.0,2096.0,1978.0,34.0,70.0,116.0,134.0,186.0,448.0,592.0,624.0,12.741000000000012,31.40060000000002,44.99240000000001,47.14860000000001,ZOMNIA_clean_primitive
