f-lig-chi-0,f-lig-chi-1,f-lig-chi-2,f-lig-chi-3,f-lig-Z-0,f-lig-Z-1,f-lig-Z-2,f-lig-Z-3,f-lig-I-0,f-lig-I-1,f-lig-I-2,f-lig-I-3,f-lig-T-0,f-lig-T-1,f-lig-T-2,f-lig-T-3,f-lig-S-0,f-lig-S-1,f-lig-S-2,f-lig-S-3,name
170.7757,375.1560000000002,608.9150000000002,741.7820000000002,580.0,1368.0,1766.0,1640.0,29.0,60.0,100.0,128.0,160.0,400.0,550.0,584.0,10.749300000000009,26.826800000000006,39.12359999999999,42.650400000000005,FEFVES_clean_primitive
170.7757,375.1560000000002,608.9150000000002,741.7820000000002,580.0,1368.0,1766.0,1640.0,29.0,60.0,100.0,128.0,160.0,400.0,550.0,584.0,10.749300000000009,26.826800000000006,39.12359999999999,42.650400000000005,FEFVES_clean_primitive
89.1829,169.779,249.07819999999995,244.6086,409.0,780.0,1034.0,906.0,12.0,24.0,34.0,34.0,58.0,132.0,158.0,132.0,5.565999999999999,12.1352,16.021,14.4938,FEFVES_clean_primitive
89.1829,169.779,249.07819999999995,244.60860000000005,409.0,780.0,1034.0,906.0,12.0,24.0,34.0,34.0,58.0,132.0,158.0,132.0,5.565999999999999,12.135200000000003,16.021,14.4938,FEFVES_clean_primitive
