f-chi-0-all,f-chi-1-all,f-chi-2-all,f-chi-3-all,f-Z-0-all,f-Z-1-all,f-Z-2-all,f-Z-3-all,f-I-0-all,f-I-1-all,f-I-2-all,f-I-3-all,f-T-0-all,f-T-1-all,f-T-2-all,f-T-3-all,f-S-0-all,f-S-1-all,f-S-2-all,f-S-3-all,mc-chi-0-all,mc-chi-1-all,mc-chi-2-all,mc-chi-3-all,mc-Z-0-all,mc-Z-1-all,mc-Z-2-all,mc-Z-3-all,mc-I-0-all,mc-I-1-all,mc-I-2-all,mc-I-3-all,mc-T-0-all,mc-T-1-all,mc-T-2-all,mc-T-3-all,mc-S-0-all,mc-S-1-all,mc-S-2-all,mc-S-3-all,D_mc-chi-0-all,D_mc-chi-1-all,D_mc-chi-2-all,D_mc-chi-3-all,D_mc-Z-0-all,D_mc-Z-1-all,D_mc-Z-2-all,D_mc-Z-3-all,D_mc-I-0-all,D_mc-I-1-all,D_mc-I-2-all,D_mc-I-3-all,D_mc-T-0-all,D_mc-T-1-all,D_mc-T-2-all,D_mc-T-3-all,D_mc-S-0-all,D_mc-S-1-all,D_mc-S-2-all,D_mc-S-3-all,name
377.9716999999999,755.1615999999996,1985.8383999999987,2928.083200000001,13446.0,23360.0,52288.0,53040.0,45.0,108.0,226.0,384.0,342.0,1060.0,1930.0,2620.0,32.554400000000015,89.0468,173.05579999999992,259.67600000000004,2.8561,30.78697142857143,32.70874285714286,84.78971428571427,2304.0,2029.7142857142858,5636.571428571428,5156.571428571428,1.0,5.428571428571429,8.285714285714286,16.857142857142858,29.714285714285715,78.57142857142857,152.28571428571428,219.42857142857142,2.1904,5.8988571428571435,10.736342857142855,17.33291428571429,0.0,-9.042857142857143,-5.3514285714285705,-21.682857142857138,0.0,218.28571428571428,280.2857142857143,701.7142857142857,0.0,0.0,0.0,0.0,0.0,15.428571428571429,17.714285714285715,52.285714285714285,0.0,4.048571428571429,5.008571428571429,13.237142857142858,PUNFIO_clean_primitive
191.7102,340.16,649.9724000000001,988.1727999999999,5620.0,8544.0,10916.0,8208.0,24.0,48.0,80.0,120.0,128.0,328.0,432.0,424.0,16.943,37.830000000000005,60.56840000000002,72.21440000000004,2.8561,30.78697142857143,32.70874285714286,84.78971428571427,2304.0,2029.7142857142858,5636.571428571428,5156.571428571428,1.0,5.428571428571429,8.285714285714286,16.857142857142858,29.714285714285715,78.57142857142857,152.28571428571428,219.42857142857142,2.1904,5.8988571428571435,10.736342857142855,17.33291428571429,0.0,-9.042857142857143,-5.3514285714285705,-21.682857142857138,0.0,218.28571428571428,280.2857142857143,701.7142857142857,0.0,0.0,0.0,0.0,0.0,15.428571428571429,17.714285714285715,52.285714285714285,0.0,4.048571428571429,5.008571428571429,13.237142857142858,PUNFIO_clean_primitive
