f-lig-chi-0,f-lig-chi-1,f-lig-chi-2,f-lig-chi-3,f-lig-Z-0,f-lig-Z-1,f-lig-Z-2,f-lig-Z-3,f-lig-I-0,f-lig-I-1,f-lig-I-2,f-lig-I-3,f-lig-T-0,f-lig-T-1,f-lig-T-2,f-lig-T-3,f-lig-S-0,f-lig-S-1,f-lig-S-2,f-lig-S-3,name
355.606,733.8702000000004,1235.0112000000001,1426.7340000000002,1915.0,4380.0,5796.0,6582.0,53.0,112.0,180.0,216.0,292.0,712.0,1010.0,1236.0,24.253100000000003,58.62720000000003,86.27680000000001,104.09220000000002,LUKRUE_clean_h_primitive
345.92599999999993,711.4302,1190.1311999999996,1345.8179999999998,1913.0,4356.0,5748.0,6504.0,51.0,108.0,172.0,202.0,280.0,678.0,954.0,1156.0,23.979300000000002,57.48760000000003,83.9976,100.4292,LUKRUE_clean_h_primitive
350.7659999999999,722.6502000000002,1212.5712000000003,1389.1139999999998,1914.0,4368.0,5772.0,6570.0,52.0,110.0,176.0,210.0,286.0,696.0,990.0,1206.0,24.116200000000024,58.05740000000003,85.13719999999999,102.923,LUKRUE_clean_h_primitive
355.6059999999999,733.8702000000001,1235.0112000000006,1426.7340000000008,1915.0,4380.0,5796.0,6582.0,53.0,112.0,180.0,216.0,292.0,712.0,1010.0,1236.0,24.25310000000003,58.62720000000004,86.27679999999998,104.09220000000002,LUKRUE_clean_h_primitive
