f-lig-chi-0,f-lig-chi-1,f-lig-chi-2,f-lig-chi-3,f-lig-Z-0,f-lig-Z-1,f-lig-Z-2,f-lig-Z-3,f-lig-I-0,f-lig-I-1,f-lig-I-2,f-lig-I-3,f-lig-T-0,f-lig-T-1,f-lig-T-2,f-lig-T-3,f-lig-S-0,f-lig-S-1,f-lig-S-2,f-lig-S-3,name
163.39640000000003,370.59400000000005,575.4064000000001,623.5930000000001,638.0,1516.0,2104.0,1792.0,26.0,56.0,88.0,102.0,144.0,360.0,520.0,502.0,10.7338,26.766400000000008,39.460000000000015,39.335800000000006,UVINAP_clean_primitive
163.39640000000003,370.59400000000005,575.4064000000001,623.5930000000001,638.0,1516.0,2104.0,1792.0,26.0,56.0,88.0,102.0,144.0,360.0,520.0,502.0,10.7338,26.766400000000008,39.460000000000015,39.335800000000006,UVINAP_clean_primitive
163.39640000000003,370.594,575.4064000000001,623.5930000000002,638.0,1516.0,2104.0,1792.0,26.0,56.0,88.0,102.0,144.0,360.0,520.0,502.0,10.7338,26.766400000000004,39.460000000000015,39.33580000000001,UVINAP_clean_primitive
163.39640000000003,370.59400000000005,575.4064000000001,623.5930000000002,638.0,1516.0,2104.0,1792.0,26.0,56.0,88.0,102.0,144.0,360.0,520.0,502.0,10.7338,26.766400000000004,39.460000000000015,39.33580000000001,UVINAP_clean_primitive
