f-chi-0-all,f-chi-1-all,f-chi-2-all,f-chi-3-all,f-Z-0-all,f-Z-1-all,f-Z-2-all,f-Z-3-all,f-I-0-all,f-I-1-all,f-I-2-all,f-I-3-all,f-T-0-all,f-T-1-all,f-T-2-all,f-T-3-all,f-S-0-all,f-S-1-all,f-S-2-all,f-S-3-all,mc-chi-0-all,mc-chi-1-all,mc-chi-2-all,mc-chi-3-all,mc-Z-0-all,mc-Z-1-all,mc-Z-2-all,mc-Z-3-all,mc-I-0-all,mc-I-1-all,mc-I-2-all,mc-I-3-all,mc-T-0-all,mc-T-1-all,mc-T-2-all,mc-T-3-all,mc-S-0-all,mc-S-1-all,mc-S-2-all,mc-S-3-all,D_mc-chi-0-all,D_mc-chi-1-all,D_mc-chi-2-all,D_mc-chi-3-all,D_mc-Z-0-all,D_mc-Z-1-all,D_mc-Z-2-all,D_mc-Z-3-all,D_mc-I-0-all,D_mc-I-1-all,D_mc-I-2-all,D_mc-I-3-all,D_mc-T-0-all,D_mc-T-1-all,D_mc-T-2-all,D_mc-T-3-all,D_mc-S-0-all,D_mc-S-1-all,D_mc-S-2-all,D_mc-S-3-all,name
248.60759999999988,423.8079999999998,863.4303999999997,985.2159999999993,6000.0,10240.0,10624.0,13312.0,28.0,64.0,96.0,128.0,160.0,384.0,512.0,640.0,23.54680000000002,54.896,73.03680000000001,90.8704,1.8125,17.887999999999998,13.259999999999998,31.147999999999996,1172.0,1088.0,816.0,1904.0,1.0,4.0,4.0,8.0,16.0,32.0,48.0,80.0,2.5693000000000006,4.6136,4.8664000000000005,9.48,0.0,-8.559999999999999,-5.0,-13.560000000000002,0.0,104.0,112.0,216.0,0.0,0.0,0.0,0.0,0.0,8.0,4.0,12.0,0.0,3.4000000000000004,3.24,6.640000000000002,GAXWAF_clean_primitive
248.60759999999988,423.8079999999999,863.4303999999997,985.2159999999994,6000.0,10240.0,10624.0,13312.0,28.0,64.0,96.0,128.0,160.0,384.0,512.0,640.0,23.546800000000022,54.895999999999994,73.03680000000001,90.8704,1.8125,17.887999999999998,13.259999999999998,31.147999999999996,1172.0,1088.0,816.0,1904.0,1.0,4.0,4.0,8.0,16.0,32.0,48.0,80.0,2.5693000000000006,4.6136,4.8664000000000005,9.48,0.0,-8.559999999999999,-5.0,-13.560000000000002,0.0,104.0,112.0,216.0,0.0,0.0,0.0,0.0,0.0,8.0,4.0,12.0,0.0,3.4000000000000004,3.24,6.640000000000002,GAXWAF_clean_primitive
