f-sbu-chi-0,f-sbu-chi-1,f-sbu-chi-2,f-sbu-chi-3,f-sbu-Z-0,f-sbu-Z-1,f-sbu-Z-2,f-sbu-Z-3,f-sbu-I-0,f-sbu-I-1,f-sbu-I-2,f-sbu-I-3,f-sbu-T-0,f-sbu-T-1,f-sbu-T-2,f-sbu-T-3,f-sbu-S-0,f-sbu-S-1,f-sbu-S-2,f-sbu-S-3,mc-chi-0,mc-chi-1,mc-chi-2,mc-chi-3,mc-Z-0,mc-Z-1,mc-Z-2,mc-Z-3,mc-I-0,mc-I-1,mc-I-2,mc-I-3,mc-T-0,mc-T-1,mc-T-2,mc-T-3,mc-S-0,mc-S-1,mc-S-2,mc-S-3,D_mc-chi-0,D_mc-chi-1,D_mc-chi-2,D_mc-chi-3,D_mc-Z-0,D_mc-Z-1,D_mc-Z-2,D_mc-Z-3,D_mc-I-0,D_mc-I-1,D_mc-I-2,D_mc-I-3,D_mc-T-0,D_mc-T-1,D_mc-T-2,D_mc-T-3,D_mc-S-0,D_mc-S-1,D_mc-S-2,D_mc-S-3,name
447.14199999999977,921.9488000000001,3452.7128000000002,4056.547199999999,8800.0,23936.0,45632.0,57600.0,52.0,144.0,368.0,528.0,528.0,1744.0,3560.0,4688.0,36.50560000000001,117.90240000000007,255.43119999999993,370.7088000000002,1.7689000000000001,36.60160000000001,30.669800000000002,82.0344,1600.0,2560.0,5120.0,5760.0,1.0,8.0,10.0,20.0,64.0,160.0,320.0,416.0,2.3716000000000004,8.9936,14.229600000000003,22.97680000000001,0.0,-16.88,-9.759999999999998,-35.07999999999999,0.0,256.0,272.0,656.0,0.0,0.0,0.0,0.0,0.0,44.0,40.0,108.0,0.0,6.480000000000003,6.16,15.879999999999999,WUTBAQ
447.14199999999977,921.9488000000001,3452.7127999999993,4056.547200000001,8800.0,23936.0,45632.0,57600.0,52.0,144.0,368.0,528.0,528.0,1744.0,3560.0,4688.0,36.50560000000001,117.90240000000006,255.4311999999999,370.7088000000001,1.7689000000000001,36.60160000000001,30.669800000000002,82.0344,1600.0,2560.0,5120.0,5760.0,1.0,8.0,10.0,20.0,64.0,160.0,320.0,416.0,2.3716000000000004,8.9936,14.229600000000003,22.97680000000001,0.0,-16.88,-9.759999999999998,-35.07999999999999,0.0,256.0,272.0,656.0,0.0,0.0,0.0,0.0,0.0,44.0,40.0,108.0,0.0,6.480000000000003,6.16,15.879999999999999,WUTBAQ
