f-lig-chi-0,f-lig-chi-1,f-lig-chi-2,f-lig-chi-3,f-lig-Z-0,f-lig-Z-1,f-lig-Z-2,f-lig-Z-3,f-lig-I-0,f-lig-I-1,f-lig-I-2,f-lig-I-3,f-lig-T-0,f-lig-T-1,f-lig-T-2,f-lig-T-3,f-lig-S-0,f-lig-S-1,f-lig-S-2,f-lig-S-3,name
164.2842,325.496,506.5876,562.3178,768.0,1526.0,2254.0,2246.0,22.0,46.0,70.0,80.0,116.0,282.0,390.0,390.0,10.4326,23.747400000000003,34.51980000000001,36.1144,FUFREE_clean_primitive
164.2842,325.49600000000004,506.58759999999995,562.3178,768.0,1526.0,2254.0,2246.0,22.0,46.0,70.0,80.0,116.0,282.0,390.0,390.0,10.4326,23.747400000000003,34.519800000000004,36.11440000000001,FUFREE_clean_primitive
164.2842,325.4959999999999,506.5876,562.3177999999999,768.0,1526.0,2254.0,2246.0,22.0,46.0,70.0,80.0,116.0,282.0,390.0,390.0,10.4326,23.747400000000003,34.51980000000001,36.1144,FUFREE_clean_primitive
164.2842,325.496,506.5876,562.3177999999999,768.0,1526.0,2254.0,2246.0,22.0,46.0,70.0,80.0,116.0,282.0,390.0,390.0,10.4326,23.747400000000006,34.519800000000004,36.11440000000001,FUFREE_clean_primitive
