f-chi-0-all,f-chi-1-all,f-chi-2-all,f-chi-3-all,f-Z-0-all,f-Z-1-all,f-Z-2-all,f-Z-3-all,f-I-0-all,f-I-1-all,f-I-2-all,f-I-3-all,f-T-0-all,f-T-1-all,f-T-2-all,f-T-3-all,f-S-0-all,f-S-1-all,f-S-2-all,f-S-3-all,mc-chi-0-all,mc-chi-1-all,mc-chi-2-all,mc-chi-3-all,mc-Z-0-all,mc-Z-1-all,mc-Z-2-all,mc-Z-3-all,mc-I-0-all,mc-I-1-all,mc-I-2-all,mc-I-3-all,mc-T-0-all,mc-T-1-all,mc-T-2-all,mc-T-3-all,mc-S-0-all,mc-S-1-all,mc-S-2-all,mc-S-3-all,D_mc-chi-0-all,D_mc-chi-1-all,D_mc-chi-2-all,D_mc-chi-3-all,D_mc-Z-0-all,D_mc-Z-1-all,D_mc-Z-2-all,D_mc-Z-3-all,D_mc-I-0-all,D_mc-I-1-all,D_mc-I-2-all,D_mc-I-3-all,D_mc-T-0-all,D_mc-T-1-all,D_mc-T-2-all,D_mc-T-3-all,D_mc-S-0-all,D_mc-S-1-all,D_mc-S-2-all,D_mc-S-3-all,name
192.69579999999996,375.35400000000016,761.1524,1012.4359999999999,2364.0,5344.0,7772.0,7432.0,24.0,52.0,92.0,124.0,144.0,380.0,564.0,564.0,15.6872,36.80680000000001,62.416399999999996,74.72440000000002,3.3489000000000004,30.012000000000004,32.6655,60.4998,676.0,988.0,1092.0,1794.0,1.0,5.0,7.0,12.0,25.0,60.0,105.0,140.0,1.5625,4.6125,6.737500000000001,10.375,0.0,-7.249999999999998,-5.039999999999998,-11.099999999999996,0.0,92.0,140.0,243.0,0.0,0.0,0.0,0.0,0.0,13.0,14.0,32.0,0.0,2.56,3.36,6.700000000000001,FUFREE_clean_primitive
192.69579999999996,375.35400000000016,761.1524,1012.4359999999999,2364.0,5344.0,7772.0,7432.0,24.0,52.0,92.0,124.0,144.0,380.0,564.0,564.0,15.6872,36.80680000000002,62.416399999999996,74.72440000000002,3.3489000000000004,30.012000000000004,32.6655,60.4998,676.0,988.0,1092.0,1794.0,1.0,5.0,7.0,12.0,25.0,60.0,105.0,140.0,1.5625,4.6125,6.737500000000001,10.375,0.0,-7.249999999999998,-5.039999999999998,-11.099999999999996,0.0,92.0,140.0,243.0,0.0,0.0,0.0,0.0,0.0,13.0,14.0,32.0,0.0,2.56,3.36,6.700000000000001,FUFREE_clean_primitive
