f-link-chi-0,f-link-chi-1,f-link-chi-2,f-link-chi-3,f-link-Z-0,f-link-Z-1,f-link-Z-2,f-link-Z-3,f-link-I-0,f-link-I-1,f-link-I-2,f-link-I-3,f-link-T-0,f-link-T-1,f-link-T-2,f-link-T-3,f-link-S-0,f-link-S-1,f-link-S-2,f-link-S-3,name
269.89919999999995,507.07359999999994,799.7032,1006.6461999999999,1320.0,2482.0,3784.0,4288.0,34.0,70.0,108.0,140.0,178.0,438.0,620.0,692.0,16.7618,37.01020000000001,55.17880000000001,66.44120000000002,ESAREX
269.89919999999995,507.07359999999994,799.7032,1006.6461999999999,1320.0,2482.0,3784.0,4288.0,34.0,70.0,108.0,140.0,178.0,438.0,620.0,692.0,16.7618,37.01020000000001,55.17880000000001,66.44120000000002,ESAREX
185.93390000000002,412.5900000000001,706.3574,806.344,608.0,1464.0,1910.0,1444.0,31.0,64.0,112.0,140.0,176.0,448.0,622.0,592.0,10.9623,27.78160000000001,41.6488,41.7084,ESAREX
185.93390000000002,412.5900000000002,706.3573999999999,806.3439999999999,608.0,1464.0,1910.0,1444.0,31.0,64.0,112.0,140.0,176.0,448.0,622.0,592.0,10.9623,27.78160000000001,41.6488,41.708400000000005,ESAREX
185.93390000000005,412.5900000000001,706.3574000000002,806.3440000000002,608.0,1464.0,1910.0,1444.0,31.0,64.0,112.0,140.0,176.0,448.0,622.0,592.0,10.9623,27.781600000000005,41.64880000000001,41.7084,ESAREX
185.93390000000005,412.5900000000001,706.3574000000001,806.344,608.0,1464.0,1910.0,1444.0,31.0,64.0,112.0,140.0,176.0,448.0,622.0,592.0,10.9623,27.78160000000001,41.648800000000016,41.70840000000001,ESAREX
