f-chi-0-all,f-chi-1-all,f-chi-2-all,f-chi-3-all,f-Z-0-all,f-Z-1-all,f-Z-2-all,f-Z-3-all,f-I-0-all,f-I-1-all,f-I-2-all,f-I-3-all,f-T-0-all,f-T-1-all,f-T-2-all,f-T-3-all,f-S-0-all,f-S-1-all,f-S-2-all,f-S-3-all,mc-chi-0-all,mc-chi-1-all,mc-chi-2-all,mc-chi-3-all,mc-Z-0-all,mc-Z-1-all,mc-Z-2-all,mc-Z-3-all,mc-I-0-all,mc-I-1-all,mc-I-2-all,mc-I-3-all,mc-T-0-all,mc-T-1-all,mc-T-2-all,mc-T-3-all,mc-S-0-all,mc-S-1-all,mc-S-2-all,mc-S-3-all,D_mc-chi-0-all,D_mc-chi-1-all,D_mc-chi-2-all,D_mc-chi-3-all,D_mc-Z-0-all,D_mc-Z-1-all,D_mc-Z-2-all,D_mc-Z-3-all,D_mc-I-0-all,D_mc-I-1-all,D_mc-I-2-all,D_mc-I-3-all,D_mc-T-0-all,D_mc-T-1-all,D_mc-T-2-all,D_mc-T-3-all,D_mc-S-0-all,D_mc-S-1-all,D_mc-S-2-all,D_mc-S-3-all,name
209.58199999999994,409.99039999999997,1889.8222,1345.9671999999998,8090.0,19376.0,25330.0,17296.0,24.0,72.0,198.0,176.0,344.0,1344.0,1948.0,1256.0,18.519000000000005,70.1888,132.4876,117.82319999999999,1.2768999999999997,36.86059999999999,18.565899999999996,38.60079999999999,3481.0,4484.0,5605.0,4720.0,1.0,10.0,7.0,12.0,100.0,280.0,300.0,320.0,3.0976,12.988800000000001,11.2288,15.9808,0.0,-21.319999999999997,-8.52,-20.6,0.0,514.0,318.0,628.0,0.0,0.0,0.0,0.0,0.0,72.0,40.0,88.0,0.0,10.219999999999999,5.94,12.04,NARPOO_clean_primitive
209.58199999999994,409.99039999999997,1889.8222,1345.9671999999998,8090.0,19376.0,25330.0,17296.0,24.0,72.0,198.0,176.0,344.0,1344.0,1948.0,1256.0,18.519000000000005,70.1888,132.4876,117.82319999999997,1.2768999999999997,36.86059999999999,18.565899999999996,38.60079999999999,3481.0,4484.0,5605.0,4720.0,1.0,10.0,7.0,12.0,100.0,280.0,300.0,320.0,3.0976,12.988800000000001,11.2288,15.9808,0.0,-21.319999999999997,-8.52,-20.6,0.0,514.0,318.0,628.0,0.0,0.0,0.0,0.0,0.0,72.0,40.0,88.0,0.0,10.219999999999999,5.94,12.04,NARPOO_clean_primitive
