f-chi-0-all,f-chi-1-all,f-chi-2-all,f-chi-3-all,f-Z-0-all,f-Z-1-all,f-Z-2-all,f-Z-3-all,f-I-0-all,f-I-1-all,f-I-2-all,f-I-3-all,f-T-0-all,f-T-1-all,f-T-2-all,f-T-3-all,f-S-0-all,f-S-1-all,f-S-2-all,f-S-3-all,mc-chi-0-all,mc-chi-1-all,mc-chi-2-all,mc-chi-3-all,mc-Z-0-all,mc-Z-1-all,mc-Z-2-all,mc-Z-3-all,mc-I-0-all,mc-I-1-all,mc-I-2-all,mc-I-3-all,mc-T-0-all,mc-T-1-all,mc-T-2-all,mc-T-3-all,mc-S-0-all,mc-S-1-all,mc-S-2-all,mc-S-3-all,D_mc-chi-0-all,D_mc-chi-1-all,D_mc-chi-2-all,D_mc-chi-3-all,D_mc-Z-0-all,D_mc-Z-1-all,D_mc-Z-2-all,D_mc-Z-3-all,D_mc-I-0-all,D_mc-I-1-all,D_mc-I-2-all,D_mc-I-3-all,D_mc-T-0-all,D_mc-T-1-all,D_mc-T-2-all,D_mc-T-3-all,D_mc-S-0-all,D_mc-S-1-all,D_mc-S-2-all,D_mc-S-3-all,name
347.35089999999985,664.0928000000001,1865.2871999999993,2234.5088,4891.0,12424.0,21932.0,26584.0,39.0,100.0,206.0,292.0,346.0,1148.0,1824.0,2084.0,27.585500000000025,78.07800000000002,140.29740000000007,192.51960000000005,2.4025000000000003,30.454399999999993,23.8514,70.15919999999998,625.0,1060.0,2140.0,2640.0,1.0,6.0,6.8,14.4,36.8,97.6,167.2,212.4,1.9320999999999997,5.687879999999999,9.0906,14.878559999999997,0.0,-10.348,-4.848,-22.944,0.0,107.6,84.4,254.4,0.0,0.0,0.0,0.0,0.0,20.8,14.0,51.6,0.0,4.248,2.912,9.312000000000001,XOVYIR_clean_primitive
347.35089999999997,664.0927999999999,1865.2872,2234.5087999999996,4891.0,12424.0,21932.0,26584.0,39.0,100.0,206.0,292.0,346.0,1148.0,1824.0,2084.0,27.585500000000014,78.07800000000003,140.2974,192.51960000000008,2.4025000000000003,30.454399999999993,23.8514,70.15919999999998,625.0,1060.0,2140.0,2640.0,1.0,6.0,6.8,14.4,36.8,97.6,167.2,212.4,1.9320999999999997,5.687879999999999,9.0906,14.878559999999997,0.0,-10.348,-4.848,-22.944,0.0,107.6,84.4,254.4,0.0,0.0,0.0,0.0,0.0,20.8,14.0,51.6,0.0,4.248,2.912,9.312000000000001,XOVYIR_clean_primitive
