f-lig-chi-0,f-lig-chi-1,f-lig-chi-2,f-lig-chi-3,f-lig-Z-0,f-lig-Z-1,f-lig-Z-2,f-lig-Z-3,f-lig-I-0,f-lig-I-1,f-lig-I-2,f-lig-I-3,f-lig-T-0,f-lig-T-1,f-lig-T-2,f-lig-T-3,f-lig-S-0,f-lig-S-1,f-lig-S-2,f-lig-S-3,name
130.548,240.55599999999998,361.18839999999994,431.38699999999994,612.0,1108.0,1636.0,1640.0,17.0,34.0,50.0,62.0,84.0,202.0,274.0,278.0,7.955299999999999,17.357000000000003,24.723399999999998,27.460600000000007,TUKCUZ_clean_primitive
130.548,240.55599999999998,361.18839999999994,431.38699999999994,612.0,1108.0,1636.0,1640.0,17.0,34.0,50.0,62.0,84.0,202.0,274.0,278.0,7.955299999999999,17.357,24.7234,27.4606,TUKCUZ_clean_primitive
211.0671,484.2450000000001,770.7396000000001,832.4580000000001,846.0,2052.0,2910.0,2514.0,33.0,72.0,114.0,132.0,186.0,468.0,690.0,684.0,13.9113,34.834800000000016,52.07700000000001,52.896,TUKCUZ_clean_primitive
211.0671,484.2450000000001,770.7396000000001,832.4579999999997,846.0,2052.0,2910.0,2514.0,33.0,72.0,114.0,132.0,186.0,468.0,690.0,684.0,13.9113,34.83480000000001,52.07700000000002,52.89600000000002,TUKCUZ_clean_primitive
211.06710000000004,484.2450000000001,770.7396000000001,832.4579999999999,846.0,2052.0,2910.0,2514.0,33.0,72.0,114.0,132.0,186.0,468.0,690.0,684.0,13.911299999999999,34.834800000000016,52.07700000000002,52.89600000000002,TUKCUZ_clean_primitive
211.0671,484.2450000000001,770.7396000000002,832.4579999999999,846.0,2052.0,2910.0,2514.0,33.0,72.0,114.0,132.0,186.0,468.0,690.0,684.0,13.9113,34.834800000000016,52.07700000000001,52.89600000000002,TUKCUZ_clean_primitive
130.548,240.55599999999998,361.18839999999994,431.387,612.0,1108.0,1636.0,1640.0,17.0,34.0,50.0,62.0,84.0,202.0,274.0,278.0,7.9553,17.357,24.7234,27.460600000000003,TUKCUZ_clean_primitive
130.548,240.55599999999998,361.18839999999994,431.38699999999994,612.0,1108.0,1636.0,1640.0,17.0,34.0,50.0,62.0,84.0,202.0,274.0,278.0,7.9553,17.357000000000003,24.723399999999998,27.460600000000007,TUKCUZ_clean_primitive
