f-chi-0-all,f-chi-1-all,f-chi-2-all,f-chi-3-all,f-Z-0-all,f-Z-1-all,f-Z-2-all,f-Z-3-all,f-I-0-all,f-I-1-all,f-I-2-all,f-I-3-all,f-T-0-all,f-T-1-all,f-T-2-all,f-T-3-all,f-S-0-all,f-S-1-all,f-S-2-all,f-S-3-all,mc-chi-0-all,mc-chi-1-all,mc-chi-2-all,mc-chi-3-all,mc-Z-0-all,mc-Z-1-all,mc-Z-2-all,mc-Z-3-all,mc-I-0-all,mc-I-1-all,mc-I-2-all,mc-I-3-all,mc-T-0-all,mc-T-1-all,mc-T-2-all,mc-T-3-all,mc-S-0-all,mc-S-1-all,mc-S-2-all,mc-S-3-all,D_mc-chi-0-all,D_mc-chi-1-all,D_mc-chi-2-all,D_mc-chi-3-all,D_mc-Z-0-all,D_mc-Z-1-all,D_mc-Z-2-all,D_mc-Z-3-all,D_mc-I-0-all,D_mc-I-1-all,D_mc-I-2-all,D_mc-I-3-all,D_mc-T-0-all,D_mc-T-1-all,D_mc-T-2-all,D_mc-T-3-all,D_mc-S-0-all,D_mc-S-1-all,D_mc-S-2-all,D_mc-S-3-all,name
1028.4558,2318.5076000000026,4085.036799999996,5192.036000000001,48112.0,49120.0,62364.0,78080.0,136.0,336.0,548.0,712.0,884.0,2296.0,3584.0,4400.0,98.11959999999996,238.63160000000036,378.83599999999984,479.81719999999973,3.153674999999999,17.078300000000002,21.177937499999995,37.10918749999999,2680.75,1240.5,1374.25,2252.75,1.0,3.125,4.75,8.0,10.375,25.625,43.25,58.25,1.9428250000000005,3.2576999999999994,4.8677624999999995,7.578125000000001,0.0,-4.848750000000003,-3.6787500000000004,-7.047500000000002,0.0,140.375,215.125,362.25,0.0,0.0,0.0,0.0,0.0,2.5,1.5,6.25,0.0,2.0987499999999994,2.983749999999999,5.4575000000000005,JOXPIX_clean_primitive
