f-chi-0-all,f-chi-1-all,f-chi-2-all,f-chi-3-all,f-Z-0-all,f-Z-1-all,f-Z-2-all,f-Z-3-all,f-I-0-all,f-I-1-all,f-I-2-all,f-I-3-all,f-T-0-all,f-T-1-all,f-T-2-all,f-T-3-all,f-S-0-all,f-S-1-all,f-S-2-all,f-S-3-all,mc-chi-0-all,mc-chi-1-all,mc-chi-2-all,mc-chi-3-all,mc-Z-0-all,mc-Z-1-all,mc-Z-2-all,mc-Z-3-all,mc-I-0-all,mc-I-1-all,mc-I-2-all,mc-I-3-all,mc-T-0-all,mc-T-1-all,mc-T-2-all,mc-T-3-all,mc-S-0-all,mc-S-1-all,mc-S-2-all,mc-S-3-all,D_mc-chi-0-all,D_mc-chi-1-all,D_mc-chi-2-all,D_mc-chi-3-all,D_mc-Z-0-all,D_mc-Z-1-all,D_mc-Z-2-all,D_mc-Z-3-all,D_mc-I-0-all,D_mc-I-1-all,D_mc-I-2-all,D_mc-I-3-all,D_mc-T-0-all,D_mc-T-1-all,D_mc-T-2-all,D_mc-T-3-all,D_mc-S-0-all,D_mc-S-1-all,D_mc-S-2-all,D_mc-S-3-all,name
352.6496999999998,665.0207999999999,1502.7383999999997,1764.1695999999997,13360.0,20544.0,28928.0,29376.0,39.0,92.0,158.0,220.0,258.0,684.0,996.0,1212.0,29.790600000000026,76.5916,117.52300000000005,152.6868,2.856099999999999,27.905279999999998,21.246679999999998,53.84340000000001,2304.0,1843.2,3110.4,3571.2,1.0,4.8,5.2,10.4,23.6,50.8,80.8,122.0,2.1904,5.18592,6.766560000000001,11.49664,0.0,-8.4,-3.783999999999998,-14.283999999999997,0.0,192.0,184.8,424.8,0.0,0.0,0.0,0.0,0.0,13.2,8.4,24.8,0.0,3.6,3.1239999999999997,7.6240000000000006,RUGYOJ_clean_primitive
352.6496999999998,665.0207999999999,1502.7383999999997,1764.1695999999997,13360.0,20544.0,28928.0,29376.0,39.0,92.0,158.0,220.0,258.0,684.0,996.0,1212.0,29.79060000000003,76.5916,117.52300000000005,152.6868,2.856099999999999,27.905279999999998,21.246679999999998,53.84340000000001,2304.0,1843.2,3110.4,3571.2,1.0,4.8,5.2,10.4,23.6,50.8,80.8,122.0,2.1904,5.18592,6.766560000000001,11.49664,0.0,-8.4,-3.783999999999998,-14.283999999999997,0.0,192.0,184.8,424.8,0.0,0.0,0.0,0.0,0.0,13.2,8.4,24.8,0.0,3.6,3.1239999999999997,7.6240000000000006,RUGYOJ_clean_primitive
