f-lig-chi-0,f-lig-chi-1,f-lig-chi-2,f-lig-chi-3,f-lig-Z-0,f-lig-Z-1,f-lig-Z-2,f-lig-Z-3,f-lig-I-0,f-lig-I-1,f-lig-I-2,f-lig-I-3,f-lig-T-0,f-lig-T-1,f-lig-T-2,f-lig-T-3,f-lig-S-0,f-lig-S-1,f-lig-S-2,f-lig-S-3,name
573.3132000000003,1202.5290000000007,1961.4248000000023,2364.177999999999,2382.0,5136.0,7592.0,9232.0,86.0,182.0,296.0,364.0,478.0,1174.0,1688.0,2092.0,36.58940000000001,88.44219999999999,133.16559999999998,164.66039999999995,WUYXEV_clean_primitive
573.3131999999999,1202.5290000000005,1961.4248000000023,2364.1780000000003,2382.0,5136.0,7592.0,9232.0,86.0,182.0,296.0,364.0,478.0,1174.0,1688.0,2092.0,36.589400000000026,88.44219999999999,133.1655999999999,164.66039999999998,WUYXEV_clean_primitive
573.3132000000004,1202.5290000000007,1961.4248000000016,2364.178,2382.0,5136.0,7592.0,9232.0,86.0,182.0,296.0,364.0,478.0,1174.0,1688.0,2092.0,36.589400000000005,88.44219999999997,133.1656,164.66039999999995,WUYXEV_clean_primitive
573.3131999999999,1202.5290000000005,1961.4248000000025,2364.1780000000003,2382.0,5136.0,7592.0,9232.0,86.0,182.0,296.0,364.0,478.0,1174.0,1688.0,2092.0,36.58940000000003,88.44220000000001,133.16559999999996,164.66039999999995,WUYXEV_clean_primitive
