f-chi-0-all,f-chi-1-all,f-chi-2-all,f-chi-3-all,f-Z-0-all,f-Z-1-all,f-Z-2-all,f-Z-3-all,f-I-0-all,f-I-1-all,f-I-2-all,f-I-3-all,f-T-0-all,f-T-1-all,f-T-2-all,f-T-3-all,f-S-0-all,f-S-1-all,f-S-2-all,f-S-3-all,mc-chi-0-all,mc-chi-1-all,mc-chi-2-all,mc-chi-3-all,mc-Z-0-all,mc-Z-1-all,mc-Z-2-all,mc-Z-3-all,mc-I-0-all,mc-I-1-all,mc-I-2-all,mc-I-3-all,mc-T-0-all,mc-T-1-all,mc-T-2-all,mc-T-3-all,mc-S-0-all,mc-S-1-all,mc-S-2-all,mc-S-3-all,D_mc-chi-0-all,D_mc-chi-1-all,D_mc-chi-2-all,D_mc-chi-3-all,D_mc-Z-0-all,D_mc-Z-1-all,D_mc-Z-2-all,D_mc-Z-3-all,D_mc-I-0-all,D_mc-I-1-all,D_mc-I-2-all,D_mc-I-3-all,D_mc-T-0-all,D_mc-T-1-all,D_mc-T-2-all,D_mc-T-3-all,D_mc-S-0-all,D_mc-S-1-all,D_mc-S-2-all,D_mc-S-3-all,name
248.5097999999999,469.76639999999975,1273.4768000000001,1286.5599999999995,9889.0,16800.0,27512.0,23712.0,27.0,68.0,130.0,164.0,214.0,616.0,954.0,1048.0,20.472800000000007,58.63359999999999,95.9266,115.83640000000001,2.620083333333333,33.196,22.11756666666666,54.80949999999999,2581.5,2424.0,4986.0,4194.0,1.0,6.0,6.0,11.333333333333334,36.0,80.0,132.0,168.0,2.295733333333333,6.628399999999999,8.589999999999998,12.918133333333335,0.0,-10.99,-4.503333333333333,-16.986666666666668,0.0,255.0,211.0,502.6666666666667,0.0,0.0,0.0,0.0,0.0,22.666666666666668,14.0,40.0,0.0,4.7,3.513333333333333,8.84666666666667,WUYXEV_clean_primitive
249.9258999999999,489.9935999999999,1291.7831999999999,1320.272,8224.0,15360.0,23552.0,21312.0,27.0,68.0,130.0,164.0,214.0,616.0,954.0,1048.0,19.840800000000005,56.8816,92.89460000000003,112.91640000000001,2.620083333333333,33.196,22.11756666666666,54.80949999999999,2581.5,2424.0,4986.0,4194.0,1.0,6.0,6.0,11.333333333333334,36.0,80.0,132.0,168.0,2.295733333333333,6.628399999999999,8.589999999999998,12.918133333333335,0.0,-10.99,-4.503333333333333,-16.986666666666668,0.0,255.0,211.0,502.6666666666667,0.0,0.0,0.0,0.0,0.0,22.666666666666668,14.0,40.0,0.0,4.7,3.513333333333333,8.84666666666667,WUYXEV_clean_primitive
