f-link-chi-0,f-link-chi-1,f-link-chi-2,f-link-chi-3,f-link-Z-0,f-link-Z-1,f-link-Z-2,f-link-Z-3,f-link-I-0,f-link-I-1,f-link-I-2,f-link-I-3,f-link-T-0,f-link-T-1,f-link-T-2,f-link-T-3,f-link-S-0,f-link-S-1,f-link-S-2,f-link-S-3,name
170.77570000000003,375.1560000000002,608.9150000000002,741.7819999999999,580.0,1368.0,1766.0,1640.0,29.0,60.0,100.0,128.0,160.0,400.0,550.0,584.0,10.749300000000002,26.82680000000001,39.1236,42.6504,RUYNOQ
289.36459999999994,539.4686,826.4231999999998,1029.3379999999995,1472.0,2744.0,4128.0,4808.0,34.0,70.0,108.0,140.0,178.0,438.0,636.0,780.0,17.493000000000002,37.943000000000005,57.399600000000014,71.2428,RUYNOQ
170.7757,375.15600000000023,608.9150000000002,741.782,580.0,1368.0,1766.0,1640.0,29.0,60.0,100.0,128.0,160.0,400.0,550.0,584.0,10.749300000000003,26.826800000000013,39.1236,42.65039999999999,RUYNOQ
289.36459999999994,539.4686,826.4232,1029.3379999999997,1472.0,2744.0,4128.0,4808.0,34.0,70.0,108.0,140.0,178.0,438.0,636.0,780.0,17.493000000000002,37.943000000000005,57.3996,71.2428,RUYNOQ
170.77570000000003,375.1560000000002,608.9150000000002,741.7819999999999,580.0,1368.0,1766.0,1640.0,29.0,60.0,100.0,128.0,160.0,400.0,550.0,584.0,10.749300000000002,26.82680000000001,39.1236,42.650400000000005,RUYNOQ
289.36459999999994,539.4686,826.4231999999998,1029.3379999999995,1472.0,2744.0,4128.0,4808.0,34.0,70.0,108.0,140.0,178.0,438.0,636.0,780.0,17.493000000000002,37.943000000000005,57.399600000000014,71.2428,RUYNOQ
170.7757,375.15600000000023,608.9150000000002,741.782,580.0,1368.0,1766.0,1640.0,29.0,60.0,100.0,128.0,160.0,400.0,550.0,584.0,10.749300000000003,26.826800000000013,39.123599999999996,42.65039999999999,RUYNOQ
289.36459999999994,539.4686,826.4232,1029.3379999999997,1472.0,2744.0,4128.0,4808.0,34.0,70.0,108.0,140.0,178.0,438.0,636.0,780.0,17.493000000000002,37.943000000000005,57.3996,71.2428,RUYNOQ
