f-sbu-chi-0,f-sbu-chi-1,f-sbu-chi-2,f-sbu-chi-3,f-sbu-Z-0,f-sbu-Z-1,f-sbu-Z-2,f-sbu-Z-3,f-sbu-I-0,f-sbu-I-1,f-sbu-I-2,f-sbu-I-3,f-sbu-T-0,f-sbu-T-1,f-sbu-T-2,f-sbu-T-3,f-sbu-S-0,f-sbu-S-1,f-sbu-S-2,f-sbu-S-3,mc-chi-0,mc-chi-1,mc-chi-2,mc-chi-3,mc-Z-0,mc-Z-1,mc-Z-2,mc-Z-3,mc-I-0,mc-I-1,mc-I-2,mc-I-3,mc-T-0,mc-T-1,mc-T-2,mc-T-3,mc-S-0,mc-S-1,mc-S-2,mc-S-3,D_mc-chi-0,D_mc-chi-1,D_mc-chi-2,D_mc-chi-3,D_mc-Z-0,D_mc-Z-1,D_mc-Z-2,D_mc-Z-3,D_mc-I-0,D_mc-I-1,D_mc-I-2,D_mc-I-3,D_mc-T-0,D_mc-T-1,D_mc-T-2,D_mc-T-3,D_mc-S-0,D_mc-S-1,D_mc-S-2,D_mc-S-3,name
215.37739999999997,398.5024,875.6364,1198.7008,5748.0,10272.0,12132.0,9360.0,26.0,56.0,100.0,144.0,164.0,448.0,588.0,544.0,18.008800000000004,44.400000000000006,71.34320000000001,85.7048,2.8560999999999996,33.5296,30.1665,56.6657,2304.0,2208.0,2016.0,2976.0,1.0,6.0,7.0,13.0,36.0,84.0,126.0,174.0,2.1904,6.5416,7.977199999999999,12.328399999999998,0.0,-9.7,-6.019999999999998,-11.559999999999997,0.0,242.0,294.0,562.0,0.0,0.0,0.0,0.0,0.0,22.0,21.0,49.0,0.0,4.46,4.97,10.91,RUYNOQ
215.37739999999997,398.5024,875.6364,1198.7008,5748.0,10272.0,12132.0,9360.0,26.0,56.0,100.0,144.0,164.0,448.0,588.0,544.0,18.008800000000004,44.400000000000006,71.34320000000001,85.7048,2.8560999999999996,33.5296,30.1665,56.6657,2304.0,2208.0,2016.0,2976.0,1.0,6.0,7.0,13.0,36.0,84.0,126.0,174.0,2.1904,6.5416,7.977199999999999,12.328399999999998,0.0,-9.7,-6.019999999999998,-11.559999999999997,0.0,242.0,294.0,562.0,0.0,0.0,0.0,0.0,0.0,22.0,21.0,49.0,0.0,4.46,4.97,10.91,RUYNOQ
