f-chi-0-all,f-chi-1-all,f-chi-2-all,f-chi-3-all,f-Z-0-all,f-Z-1-all,f-Z-2-all,f-Z-3-all,f-I-0-all,f-I-1-all,f-I-2-all,f-I-3-all,f-T-0-all,f-T-1-all,f-T-2-all,f-T-3-all,f-S-0-all,f-S-1-all,f-S-2-all,f-S-3-all,mc-chi-0-all,mc-chi-1-all,mc-chi-2-all,mc-chi-3-all,mc-Z-0-all,mc-Z-1-all,mc-Z-2-all,mc-Z-3-all,mc-I-0-all,mc-I-1-all,mc-I-2-all,mc-I-3-all,mc-T-0-all,mc-T-1-all,mc-T-2-all,mc-T-3-all,mc-S-0-all,mc-S-1-all,mc-S-2-all,mc-S-3-all,D_mc-chi-0-all,D_mc-chi-1-all,D_mc-chi-2-all,D_mc-chi-3-all,D_mc-Z-0-all,D_mc-Z-1-all,D_mc-Z-2-all,D_mc-Z-3-all,D_mc-I-0-all,D_mc-I-1-all,D_mc-I-2-all,D_mc-I-3-all,D_mc-T-0-all,D_mc-T-1-all,D_mc-T-2-all,D_mc-T-3-all,D_mc-S-0-all,D_mc-S-1-all,D_mc-S-2-all,D_mc-S-3-all,name
142.2223,268.816,394.69160000000005,403.9519999999999,2416.0,4508.0,4496.0,2992.0,17.0,36.0,46.0,48.0,90.0,216.0,228.0,176.0,12.2815,27.594,33.4038,28.885199999999998,3.61,25.384,19.38,34.275999999999996,841.0,899.0,696.0,986.0,1.0,4.0,4.0,7.0,16.0,36.0,48.0,64.0,1.9043999999999996,4.057199999999999,4.2504,6.279,0.0,-5.760000000000001,-2.5999999999999996,-4.74,0.0,85.0,92.0,169.0,0.0,0.0,0.0,0.0,0.0,7.0,4.0,12.0,0.0,2.5799999999999996,2.4399999999999995,5.109999999999999,FATVOM_clean_primitive
142.2223,268.816,394.69160000000005,403.9519999999998,2416.0,4508.0,4496.0,2992.0,17.0,36.0,46.0,48.0,90.0,216.0,228.0,176.0,12.2815,27.594000000000005,33.4038,28.885199999999998,3.61,25.384,19.38,34.275999999999996,841.0,899.0,696.0,986.0,1.0,4.0,4.0,7.0,16.0,36.0,48.0,64.0,1.9043999999999996,4.057199999999999,4.2504,6.279,0.0,-5.760000000000001,-2.5999999999999996,-4.74,0.0,85.0,92.0,169.0,0.0,0.0,0.0,0.0,0.0,7.0,4.0,12.0,0.0,2.5799999999999996,2.4399999999999995,5.109999999999999,FATVOM_clean_primitive
