f-chi-0-all,f-chi-1-all,f-chi-2-all,f-chi-3-all,f-Z-0-all,f-Z-1-all,f-Z-2-all,f-Z-3-all,f-I-0-all,f-I-1-all,f-I-2-all,f-I-3-all,f-T-0-all,f-T-1-all,f-T-2-all,f-T-3-all,f-S-0-all,f-S-1-all,f-S-2-all,f-S-3-all,mc-chi-0-all,mc-chi-1-all,mc-chi-2-all,mc-chi-3-all,mc-Z-0-all,mc-Z-1-all,mc-Z-2-all,mc-Z-3-all,mc-I-0-all,mc-I-1-all,mc-I-2-all,mc-I-3-all,mc-T-0-all,mc-T-1-all,mc-T-2-all,mc-T-3-all,mc-S-0-all,mc-S-1-all,mc-S-2-all,mc-S-3-all,D_mc-chi-0-all,D_mc-chi-1-all,D_mc-chi-2-all,D_mc-chi-3-all,D_mc-Z-0-all,D_mc-Z-1-all,D_mc-Z-2-all,D_mc-Z-3-all,D_mc-I-0-all,D_mc-I-1-all,D_mc-I-2-all,D_mc-I-3-all,D_mc-T-0-all,D_mc-T-1-all,D_mc-T-2-all,D_mc-T-3-all,D_mc-S-0-all,D_mc-S-1-all,D_mc-S-2-all,D_mc-S-3-all,name
172.392,330.0479999999999,688.2868000000001,930.3679999999998,2580.0,5628.0,7264.0,8224.0,20.0,44.0,76.0,112.0,120.0,308.0,428.0,512.0,13.940199999999999,33.872000000000014,53.68679999999999,70.3264,3.61,31.919999999999998,29.069999999999997,63.574,841.0,1131.0,1044.0,2030.0,1.0,5.0,6.0,12.0,25.0,55.0,90.0,140.0,1.9043999999999996,5.0645999999999995,6.3755999999999995,11.4264,0.0,-7.300000000000001,-3.8999999999999995,-10.660000000000002,0.0,106.0,138.0,278.0,0.0,0.0,0.0,0.0,0.0,14.0,12.0,32.0,0.0,3.2299999999999995,3.6599999999999993,8.279999999999998,BUSQUC_clean_primitive
172.392,330.0479999999999,688.2868000000001,930.3679999999998,2580.0,5628.0,7264.0,8224.0,20.0,44.0,76.0,112.0,120.0,308.0,428.0,512.0,13.940199999999999,33.872000000000014,53.68679999999999,70.32640000000002,3.61,31.919999999999998,29.069999999999997,63.574,841.0,1131.0,1044.0,2030.0,1.0,5.0,6.0,12.0,25.0,55.0,90.0,140.0,1.9043999999999996,5.0645999999999995,6.3755999999999995,11.4264,0.0,-7.300000000000001,-3.8999999999999995,-10.660000000000002,0.0,106.0,138.0,278.0,0.0,0.0,0.0,0.0,0.0,14.0,12.0,32.0,0.0,3.2299999999999995,3.6599999999999993,8.279999999999998,BUSQUC_clean_primitive
