f-chi-0-all,f-chi-1-all,f-chi-2-all,f-chi-3-all,f-Z-0-all,f-Z-1-all,f-Z-2-all,f-Z-3-all,f-I-0-all,f-I-1-all,f-I-2-all,f-I-3-all,f-T-0-all,f-T-1-all,f-T-2-all,f-T-3-all,f-S-0-all,f-S-1-all,f-S-2-all,f-S-3-all,mc-chi-0-all,mc-chi-1-all,mc-chi-2-all,mc-chi-3-all,mc-Z-0-all,mc-Z-1-all,mc-Z-2-all,mc-Z-3-all,mc-I-0-all,mc-I-1-all,mc-I-2-all,mc-I-3-all,mc-T-0-all,mc-T-1-all,mc-T-2-all,mc-T-3-all,mc-S-0-all,mc-S-1-all,mc-S-2-all,mc-S-3-all,D_mc-chi-0-all,D_mc-chi-1-all,D_mc-chi-2-all,D_mc-chi-3-all,D_mc-Z-0-all,D_mc-Z-1-all,D_mc-Z-2-all,D_mc-Z-3-all,D_mc-I-0-all,D_mc-I-1-all,D_mc-I-2-all,D_mc-I-3-all,D_mc-T-0-all,D_mc-T-1-all,D_mc-T-2-all,D_mc-T-3-all,D_mc-S-0-all,D_mc-S-1-all,D_mc-S-2-all,D_mc-S-3-all,name
292.3767999999999,621.4015999999996,1385.9696,1683.2607999999996,5087.0,11936.0,19880.0,22912.0,33.0,84.0,150.0,220.0,258.0,780.0,1268.0,1508.0,22.547200000000014,63.218000000000025,104.03540000000001,140.86080000000004,3.534399999999999,31.042559999999998,26.868959999999998,67.74767999999999,729.0,1036.8,2235.6,2268.0,1.0,4.8,6.4,11.2,23.6,62.8,107.2,134.0,1.5876000000000001,4.41504,7.086240000000001,10.44288,0.0,-7.488000000000001,-2.2600000000000002,-14.98,0.0,91.2,90.0,218.4,0.0,0.0,0.0,0.0,0.0,10.8,10.4,28.0,0.0,2.5440000000000005,2.4400000000000004,5.824000000000001,GIZVER_clean_primitive
292.37679999999995,621.4015999999997,1385.9696,1683.2607999999993,5087.0,11936.0,19880.0,22912.0,33.0,84.0,150.0,220.0,258.0,780.0,1268.0,1508.0,22.547200000000007,63.21800000000004,104.03540000000001,140.86080000000007,3.534399999999999,31.042559999999998,26.868959999999998,67.74767999999999,729.0,1036.8,2235.6,2268.0,1.0,4.8,6.4,11.2,23.6,62.8,107.2,134.0,1.5876000000000001,4.41504,7.086240000000001,10.44288,0.0,-7.488000000000001,-2.2600000000000002,-14.98,0.0,91.2,90.0,218.4,0.0,0.0,0.0,0.0,0.0,10.8,10.4,28.0,0.0,2.5440000000000005,2.4400000000000004,5.824000000000001,GIZVER_clean_primitive
