f-chi-0-all,f-chi-1-all,f-chi-2-all,f-chi-3-all,f-Z-0-all,f-Z-1-all,f-Z-2-all,f-Z-3-all,f-I-0-all,f-I-1-all,f-I-2-all,f-I-3-all,f-T-0-all,f-T-1-all,f-T-2-all,f-T-3-all,f-S-0-all,f-S-1-all,f-S-2-all,f-S-3-all,mc-chi-0-all,mc-chi-1-all,mc-chi-2-all,mc-chi-3-all,mc-Z-0-all,mc-Z-1-all,mc-Z-2-all,mc-Z-3-all,mc-I-0-all,mc-I-1-all,mc-I-2-all,mc-I-3-all,mc-T-0-all,mc-T-1-all,mc-T-2-all,mc-T-3-all,mc-S-0-all,mc-S-1-all,mc-S-2-all,mc-S-3-all,D_mc-chi-0-all,D_mc-chi-1-all,D_mc-chi-2-all,D_mc-chi-3-all,D_mc-Z-0-all,D_mc-Z-1-all,D_mc-Z-2-all,D_mc-Z-3-all,D_mc-I-0-all,D_mc-I-1-all,D_mc-I-2-all,D_mc-I-3-all,D_mc-T-0-all,D_mc-T-1-all,D_mc-T-2-all,D_mc-T-3-all,D_mc-S-0-all,D_mc-S-1-all,D_mc-S-2-all,D_mc-S-3-all,name
638.0440000000007,1207.5720000000003,5630.272399999999,5671.3319999999985,28000.0,60448.0,108944.0,115232.0,70.0,200.0,564.0,752.0,876.0,3184.0,5544.0,6800.0,52.68219999999999,188.42640000000026,392.0147999999996,543.2143999999995,1.4399999999999997,37.816,23.27999999999999,79.24000000000001,4096.0,4693.333333333333,10752.0,9685.333333333334,1.0,9.333333333333334,8.666666666666666,21.333333333333332,87.33333333333333,225.33333333333334,366.0,504.6666666666667,2.8560999999999996,11.559600000000001,14.387533333333328,26.409066666666664,0.0,-20.313333333333336,-9.0,-40.43333333333336,0.0,524.0,386.6666666666667,1214.0,0.0,0.0,0.0,0.0,0.0,63.333333333333336,41.333333333333336,145.33333333333334,0.0,8.933333333333334,6.133333333333333,20.426666666666673,MAKFOW_clean_primitive
