f-chi-0-all,f-chi-1-all,f-chi-2-all,f-chi-3-all,f-Z-0-all,f-Z-1-all,f-Z-2-all,f-Z-3-all,f-I-0-all,f-I-1-all,f-I-2-all,f-I-3-all,f-T-0-all,f-T-1-all,f-T-2-all,f-T-3-all,f-S-0-all,f-S-1-all,f-S-2-all,f-S-3-all,mc-chi-0-all,mc-chi-1-all,mc-chi-2-all,mc-chi-3-all,mc-Z-0-all,mc-Z-1-all,mc-Z-2-all,mc-Z-3-all,mc-I-0-all,mc-I-1-all,mc-I-2-all,mc-I-3-all,mc-T-0-all,mc-T-1-all,mc-T-2-all,mc-T-3-all,mc-S-0-all,mc-S-1-all,mc-S-2-all,mc-S-3-all,D_mc-chi-0-all,D_mc-chi-1-all,D_mc-chi-2-all,D_mc-chi-3-all,D_mc-Z-0-all,D_mc-Z-1-all,D_mc-Z-2-all,D_mc-Z-3-all,D_mc-I-0-all,D_mc-I-1-all,D_mc-I-2-all,D_mc-I-3-all,D_mc-T-0-all,D_mc-T-1-all,D_mc-T-2-all,D_mc-T-3-all,D_mc-S-0-all,D_mc-S-1-all,D_mc-S-2-all,D_mc-S-3-all,name
66.70129999999999,108.95359999999997,150.27120000000002,186.048,2549.0,2968.0,2844.0,1008.0,9.0,16.0,20.0,24.0,36.0,80.0,80.0,48.0,6.260000000000001,12.3,14.634799999999998,13.86,3.7249,23.468799999999998,19.685999999999996,19.685999999999996,2209.0,1316.0,1128.0,1128.0,1.0,4.0,4.0,4.0,16.0,32.0,32.0,48.0,1.6384,3.84,3.9424,3.9424,0.0,-4.44,-2.4799999999999995,-2.4799999999999995,0.0,160.0,164.0,164.0,0.0,0.0,0.0,0.0,0.0,8.0,8.0,4.0,0.0,2.12,2.04,2.04,XOPKOD_clean_primitive
66.70129999999999,108.95359999999997,150.27120000000002,186.048,2549.0,2968.0,2844.0,1008.0,9.0,16.0,20.0,24.0,36.0,80.0,80.0,48.0,6.260000000000001,12.3,14.634799999999998,13.86,3.7249,23.468799999999998,19.685999999999996,19.685999999999996,2209.0,1316.0,1128.0,1128.0,1.0,4.0,4.0,4.0,16.0,32.0,32.0,48.0,1.6384,3.84,3.9424,3.9424,0.0,-4.44,-2.4799999999999995,-2.4799999999999995,0.0,160.0,164.0,164.0,0.0,0.0,0.0,0.0,0.0,8.0,8.0,4.0,0.0,2.12,2.04,2.04,XOPKOD_clean_primitive
