f-lig-chi-0,f-lig-chi-1,f-lig-chi-2,f-lig-chi-3,f-lig-Z-0,f-lig-Z-1,f-lig-Z-2,f-lig-Z-3,f-lig-I-0,f-lig-I-1,f-lig-I-2,f-lig-I-3,f-lig-T-0,f-lig-T-1,f-lig-T-2,f-lig-T-3,f-lig-S-0,f-lig-S-1,f-lig-S-2,f-lig-S-3,name
99.69800000000001,160.39499999999998,270.7443999999999,322.1674,467.0,732.0,1066.0,976.0,12.0,22.0,36.0,42.0,58.0,136.0,144.0,98.0,5.446799999999999,10.887800000000002,15.481200000000001,15.517000000000001,DAWBUA_clean_primitive
144.91320000000002,317.271,477.11000000000007,548.8170000000001,540.0,1248.0,1592.0,1434.0,24.0,50.0,76.0,92.0,126.0,306.0,412.0,416.0,9.6088,23.361800000000006,32.558000000000014,33.85000000000001,DAWBUA_clean_primitive
144.91320000000002,317.27100000000013,477.1100000000001,548.817,540.0,1248.0,1592.0,1434.0,24.0,50.0,76.0,92.0,126.0,306.0,412.0,416.0,9.608799999999999,23.361800000000006,32.55800000000001,33.85,DAWBUA_clean_primitive
99.69800000000001,160.39499999999995,270.7443999999999,322.1674,467.0,732.0,1066.0,976.0,12.0,22.0,36.0,42.0,58.0,136.0,144.0,98.0,5.446799999999999,10.887800000000002,15.481200000000001,15.516999999999998,DAWBUA_clean_primitive
99.69800000000001,160.39499999999995,270.7444,322.1674,467.0,732.0,1066.0,976.0,12.0,22.0,36.0,42.0,58.0,136.0,144.0,98.0,5.446799999999999,10.887800000000006,15.481200000000001,15.517,DAWBUA_clean_primitive
99.69800000000001,160.39499999999998,270.7443999999999,322.16740000000004,467.0,732.0,1066.0,976.0,12.0,22.0,36.0,42.0,58.0,136.0,144.0,98.0,5.446799999999999,10.887800000000002,15.481200000000001,15.517,DAWBUA_clean_primitive
