f-chi-0-all,f-chi-1-all,f-chi-2-all,f-chi-3-all,f-Z-0-all,f-Z-1-all,f-Z-2-all,f-Z-3-all,f-I-0-all,f-I-1-all,f-I-2-all,f-I-3-all,f-T-0-all,f-T-1-all,f-T-2-all,f-T-3-all,f-S-0-all,f-S-1-all,f-S-2-all,f-S-3-all,mc-chi-0-all,mc-chi-1-all,mc-chi-2-all,mc-chi-3-all,mc-Z-0-all,mc-Z-1-all,mc-Z-2-all,mc-Z-3-all,mc-I-0-all,mc-I-1-all,mc-I-2-all,mc-I-3-all,mc-T-0-all,mc-T-1-all,mc-T-2-all,mc-T-3-all,mc-S-0-all,mc-S-1-all,mc-S-2-all,mc-S-3-all,D_mc-chi-0-all,D_mc-chi-1-all,D_mc-chi-2-all,D_mc-chi-3-all,D_mc-Z-0-all,D_mc-Z-1-all,D_mc-Z-2-all,D_mc-Z-3-all,D_mc-I-0-all,D_mc-I-1-all,D_mc-I-2-all,D_mc-I-3-all,D_mc-T-0-all,D_mc-T-1-all,D_mc-T-2-all,D_mc-T-3-all,D_mc-S-0-all,D_mc-S-1-all,D_mc-S-2-all,D_mc-S-3-all,name
404.7961999999998,775.4319999999997,2092.8651999999993,2786.4928,10736.0,22000.0,40948.0,41200.0,52.0,136.0,268.0,400.0,440.0,1416.0,2476.0,2904.0,44.782799999999966,125.60239999999999,230.74200000000005,290.6624000000001,0.9025,17.176,15.896666666666663,37.506,1444.0,1596.0,4002.6666666666665,3496.0,1.0,5.333333333333333,8.0,12.666666666666666,29.333333333333332,85.33333333333333,144.0,176.0,3.4225,7.227333333333334,14.405333333333337,17.45166666666667,0.0,-13.013333333333334,-9.133333333333333,-27.446666666666673,0.0,160.66666666666666,198.66666666666666,389.3333333333333,0.0,0.0,0.0,0.0,0.0,14.0,19.333333333333332,34.666666666666664,0.0,5.960000000000001,7.013333333333333,14.000000000000005,WUBHEI_clean_primitive
