f-chi-0-all,f-chi-1-all,f-chi-2-all,f-chi-3-all,f-Z-0-all,f-Z-1-all,f-Z-2-all,f-Z-3-all,f-I-0-all,f-I-1-all,f-I-2-all,f-I-3-all,f-T-0-all,f-T-1-all,f-T-2-all,f-T-3-all,f-S-0-all,f-S-1-all,f-S-2-all,f-S-3-all,mc-chi-0-all,mc-chi-1-all,mc-chi-2-all,mc-chi-3-all,mc-Z-0-all,mc-Z-1-all,mc-Z-2-all,mc-Z-3-all,mc-I-0-all,mc-I-1-all,mc-I-2-all,mc-I-3-all,mc-T-0-all,mc-T-1-all,mc-T-2-all,mc-T-3-all,mc-S-0-all,mc-S-1-all,mc-S-2-all,mc-S-3-all,D_mc-chi-0-all,D_mc-chi-1-all,D_mc-chi-2-all,D_mc-chi-3-all,D_mc-Z-0-all,D_mc-Z-1-all,D_mc-Z-2-all,D_mc-Z-3-all,D_mc-I-0-all,D_mc-I-1-all,D_mc-I-2-all,D_mc-I-3-all,D_mc-T-0-all,D_mc-T-1-all,D_mc-T-2-all,D_mc-T-3-all,D_mc-S-0-all,D_mc-S-1-all,D_mc-S-2-all,D_mc-S-3-all,name
149.8572,277.40159999999986,854.2568000000002,652.7743999999997,1936.0,5376.0,7680.0,6144.0,16.0,40.0,84.0,80.0,128.0,352.0,528.0,448.0,10.926399999999997,31.244000000000003,54.0436,50.80799999999999,2.7556,34.2624,19.6876,39.773599999999995,576.0,1152.0,1152.0,1344.0,1.0,6.0,5.0,8.0,36.0,72.0,108.0,120.0,1.6129,5.562600000000001,5.5245,7.620000000000001,0.0,-10.68,-3.5599999999999996,-10.68,0.0,96.0,72.0,136.0,0.0,0.0,0.0,0.0,0.0,24.0,12.0,28.0,0.0,3.24,2.0,4.16,MINVOU01_clean_primitive
149.8572,277.40159999999986,854.2568000000001,652.7743999999998,1936.0,5376.0,7680.0,6144.0,16.0,40.0,84.0,80.0,128.0,352.0,528.0,448.0,10.9264,31.244000000000007,54.043599999999984,50.808,2.7556,34.2624,19.6876,39.773599999999995,576.0,1152.0,1152.0,1344.0,1.0,6.0,5.0,8.0,36.0,72.0,108.0,120.0,1.6129,5.562600000000001,5.5245,7.620000000000001,0.0,-10.68,-3.5599999999999996,-10.68,0.0,96.0,72.0,136.0,0.0,0.0,0.0,0.0,0.0,24.0,12.0,28.0,0.0,3.24,2.0,4.16,MINVOU01_clean_primitive
