f-chi-0-all,f-chi-1-all,f-chi-2-all,f-chi-3-all,f-Z-0-all,f-Z-1-all,f-Z-2-all,f-Z-3-all,f-I-0-all,f-I-1-all,f-I-2-all,f-I-3-all,f-T-0-all,f-T-1-all,f-T-2-all,f-T-3-all,f-S-0-all,f-S-1-all,f-S-2-all,f-S-3-all,mc-chi-0-all,mc-chi-1-all,mc-chi-2-all,mc-chi-3-all,mc-Z-0-all,mc-Z-1-all,mc-Z-2-all,mc-Z-3-all,mc-I-0-all,mc-I-1-all,mc-I-2-all,mc-I-3-all,mc-T-0-all,mc-T-1-all,mc-T-2-all,mc-T-3-all,mc-S-0-all,mc-S-1-all,mc-S-2-all,mc-S-3-all,D_mc-chi-0-all,D_mc-chi-1-all,D_mc-chi-2-all,D_mc-chi-3-all,D_mc-Z-0-all,D_mc-Z-1-all,D_mc-Z-2-all,D_mc-Z-3-all,D_mc-I-0-all,D_mc-I-1-all,D_mc-I-2-all,D_mc-I-3-all,D_mc-T-0-all,D_mc-T-1-all,D_mc-T-2-all,D_mc-T-3-all,D_mc-S-0-all,D_mc-S-1-all,D_mc-S-2-all,D_mc-S-3-all,name
252.78199999999993,513.2479999999999,1202.1095999999993,1354.5344000000002,10528.0,16896.0,33280.0,29952.0,28.0,72.0,128.0,176.0,216.0,624.0,1008.0,1248.0,22.031200000000005,61.2032,100.88560000000003,132.1008,2.8560999999999996,29.068000000000005,22.9502,63.74680000000001,2304.0,1920.0,5760.0,4224.0,1.0,5.0,6.0,12.0,25.0,60.0,110.0,150.0,2.1904,5.402,8.9392,13.2016,0.0,-8.75,-3.4399999999999986,-17.439999999999998,0.0,200.0,168.0,488.0,0.0,0.0,0.0,0.0,0.0,13.0,8.0,30.0,0.0,3.75,2.84,8.840000000000002,WOWBIV_clean_primitive
252.78199999999993,513.2479999999999,1202.1095999999993,1354.5344000000002,10528.0,16896.0,33280.0,29952.0,28.0,72.0,128.0,176.0,216.0,624.0,1008.0,1248.0,22.031200000000002,61.2032,100.88560000000001,132.1008,2.8560999999999996,29.068000000000005,22.9502,63.74680000000001,2304.0,1920.0,5760.0,4224.0,1.0,5.0,6.0,12.0,25.0,60.0,110.0,150.0,2.1904,5.402,8.9392,13.2016,0.0,-8.75,-3.4399999999999986,-17.439999999999998,0.0,200.0,168.0,488.0,0.0,0.0,0.0,0.0,0.0,13.0,8.0,30.0,0.0,3.75,2.84,8.840000000000002,WOWBIV_clean_primitive
