f-sbu-chi-0,f-sbu-chi-1,f-sbu-chi-2,f-sbu-chi-3,f-sbu-Z-0,f-sbu-Z-1,f-sbu-Z-2,f-sbu-Z-3,f-sbu-I-0,f-sbu-I-1,f-sbu-I-2,f-sbu-I-3,f-sbu-T-0,f-sbu-T-1,f-sbu-T-2,f-sbu-T-3,f-sbu-S-0,f-sbu-S-1,f-sbu-S-2,f-sbu-S-3,mc-chi-0,mc-chi-1,mc-chi-2,mc-chi-3,mc-Z-0,mc-Z-1,mc-Z-2,mc-Z-3,mc-I-0,mc-I-1,mc-I-2,mc-I-3,mc-T-0,mc-T-1,mc-T-2,mc-T-3,mc-S-0,mc-S-1,mc-S-2,mc-S-3,D_mc-chi-0,D_mc-chi-1,D_mc-chi-2,D_mc-chi-3,D_mc-Z-0,D_mc-Z-1,D_mc-Z-2,D_mc-Z-3,D_mc-I-0,D_mc-I-1,D_mc-I-2,D_mc-I-3,D_mc-T-0,D_mc-T-1,D_mc-T-2,D_mc-T-3,D_mc-S-0,D_mc-S-1,D_mc-S-2,D_mc-S-3,name
170.8842,339.1904,841.3134,986.2815999999998,5506.0,10128.0,15472.0,10848.0,20.0,48.0,92.0,120.0,152.0,456.0,686.0,624.0,14.5122,39.6616,67.4346,76.10960000000001,2.8560999999999996,34.205600000000004,28.713099999999997,55.8714,2304.0,2256.0,4032.0,3312.0,1.0,6.0,7.0,12.0,36.0,90.0,144.0,174.0,2.1904,6.5120000000000005,9.027999999999999,12.283999999999997,0.0,-10.1,-5.159999999999998,-12.779999999999998,0.0,241.0,252.0,507.0,0.0,0.0,0.0,0.0,0.0,21.0,18.0,43.0,0.0,4.48,4.26,9.46,Cd_2-6-NDC_0_5_PCA
170.88419999999996,339.19039999999995,841.3134000000001,986.2815999999998,5506.0,10128.0,15472.0,10848.0,20.0,48.0,92.0,120.0,152.0,456.0,686.0,624.0,14.5122,39.6616,67.43459999999999,76.10960000000001,2.8560999999999996,34.205600000000004,28.713099999999997,55.8714,2304.0,2256.0,4032.0,3312.0,1.0,6.0,7.0,12.0,36.0,90.0,144.0,174.0,2.1904,6.5120000000000005,9.027999999999999,12.283999999999997,0.0,-10.1,-5.159999999999998,-12.779999999999998,0.0,241.0,252.0,507.0,0.0,0.0,0.0,0.0,0.0,21.0,18.0,43.0,0.0,4.48,4.26,9.46,Cd_2-6-NDC_0_5_PCA
