f-chi-0-all,f-chi-1-all,f-chi-2-all,f-chi-3-all,f-Z-0-all,f-Z-1-all,f-Z-2-all,f-Z-3-all,f-I-0-all,f-I-1-all,f-I-2-all,f-I-3-all,f-T-0-all,f-T-1-all,f-T-2-all,f-T-3-all,f-S-0-all,f-S-1-all,f-S-2-all,f-S-3-all,mc-chi-0-all,mc-chi-1-all,mc-chi-2-all,mc-chi-3-all,mc-Z-0-all,mc-Z-1-all,mc-Z-2-all,mc-Z-3-all,mc-I-0-all,mc-I-1-all,mc-I-2-all,mc-I-3-all,mc-T-0-all,mc-T-1-all,mc-T-2-all,mc-T-3-all,mc-S-0-all,mc-S-1-all,mc-S-2-all,mc-S-3-all,D_mc-chi-0-all,D_mc-chi-1-all,D_mc-chi-2-all,D_mc-chi-3-all,D_mc-Z-0-all,D_mc-Z-1-all,D_mc-Z-2-all,D_mc-Z-3-all,D_mc-I-0-all,D_mc-I-1-all,D_mc-I-2-all,D_mc-I-3-all,D_mc-T-0-all,D_mc-T-1-all,D_mc-T-2-all,D_mc-T-3-all,D_mc-S-0-all,D_mc-S-1-all,D_mc-S-2-all,D_mc-S-3-all,name
5292.7863999999845,11980.464000000093,38502.79039999997,38364.561600000154,634864.0,746160.0,2798384.0,2146176.0,568.0,1632.0,3840.0,4976.0,5856.0,17984.0,33344.0,50672.0,524.1855999999942,1635.8351999999886,3068.9232000000075,4780.300800000022,4.711059999999997,38.95360000000001,22.83766000000004,115.0114599999999,5077.0,3049.0,21370.0,8922.8,1.0,5.4,5.0,15.866666666666667,30.2,67.33333333333333,139.86666666666667,193.6,2.3247999999999966,6.010559999999994,10.231999999999992,17.62550666666666,0.0,-7.145999999999995,-1.4200000000000044,-20.07866666666663,0.0,339.6,53.0,1003.9333333333333,0.0,0.0,0.0,0.0,0.0,18.2,3.6666666666666665,52.8,0.0,4.2779999999999925,0.989999999999999,12.448000000000013,DUYREV_clean_primitive
