f-lig-chi-0,f-lig-chi-1,f-lig-chi-2,f-lig-chi-3,f-lig-Z-0,f-lig-Z-1,f-lig-Z-2,f-lig-Z-3,f-lig-I-0,f-lig-I-1,f-lig-I-2,f-lig-I-3,f-lig-T-0,f-lig-T-1,f-lig-T-2,f-lig-T-3,f-lig-S-0,f-lig-S-1,f-lig-S-2,f-lig-S-3,name
248.46939999999998,542.9459999999999,933.0003999999999,1310.5079999999998,1060.0,2400.0,3952.0,5274.0,38.0,84.0,144.0,206.0,228.0,612.0,1008.0,1304.0,16.8182,42.16520000000001,70.10720000000002,94.71019999999999,FUTKEL_manual_primitive
248.46939999999995,542.9460000000001,933.0004000000001,1310.508,1060.0,2400.0,3952.0,5274.0,38.0,84.0,144.0,206.0,228.0,612.0,1008.0,1304.0,16.818200000000008,42.16520000000001,70.10720000000002,94.7102,FUTKEL_manual_primitive
248.46939999999998,542.946,933.0003999999998,1310.5079999999998,1060.0,2400.0,3952.0,5274.0,38.0,84.0,144.0,206.0,228.0,612.0,1008.0,1304.0,16.8182,42.16520000000001,70.1072,94.71019999999999,FUTKEL_manual_primitive
248.46939999999998,542.9460000000001,933.0004000000002,1310.508,1060.0,2400.0,3952.0,5274.0,38.0,84.0,144.0,206.0,228.0,612.0,1008.0,1304.0,16.818200000000008,42.16520000000002,70.10720000000002,94.7102,FUTKEL_manual_primitive
122.22820000000003,268.8210000000001,406.2200000000001,458.81199999999995,466.0,1080.0,1400.0,1288.0,20.0,42.0,64.0,76.0,106.0,258.0,352.0,360.0,8.1492,19.850600000000004,27.907200000000007,28.971600000000013,FUTKEL_manual_primitive
122.22820000000002,268.821,406.22,458.812,466.0,1080.0,1400.0,1288.0,20.0,42.0,64.0,76.0,106.0,258.0,352.0,360.0,8.1492,19.850600000000004,27.907200000000007,28.971600000000006,FUTKEL_manual_primitive
