f-lig-chi-0,f-lig-chi-1,f-lig-chi-2,f-lig-chi-3,f-lig-Z-0,f-lig-Z-1,f-lig-Z-2,f-lig-Z-3,f-lig-I-0,f-lig-I-1,f-lig-I-2,f-lig-I-3,f-lig-T-0,f-lig-T-1,f-lig-T-2,f-lig-T-3,f-lig-S-0,f-lig-S-1,f-lig-S-2,f-lig-S-3,name
183.4444,360.8760000000001,607.0204,773.0070000000001,700.0,1392.0,2134.0,2316.0,28.0,56.0,96.0,124.0,152.0,378.0,550.0,640.0,10.889200000000002,25.56400000000001,38.984000000000016,49.00280000000002,MOYMET_clean_primitive
183.4444,360.8760000000001,607.0204,773.0070000000001,700.0,1392.0,2134.0,2316.0,28.0,56.0,96.0,124.0,152.0,378.0,550.0,640.0,10.889200000000002,25.56400000000001,38.984000000000016,49.00280000000002,MOYMET_clean_primitive
183.44439999999994,360.87600000000003,607.0203999999999,773.0070000000001,700.0,1392.0,2134.0,2316.0,28.0,56.0,96.0,124.0,152.0,378.0,550.0,640.0,10.889199999999999,25.564000000000007,38.984,49.00280000000002,MOYMET_clean_primitive
183.44439999999997,360.87600000000003,607.0203999999999,773.0070000000001,700.0,1392.0,2134.0,2316.0,28.0,56.0,96.0,124.0,152.0,378.0,550.0,640.0,10.889199999999999,25.564000000000007,38.984,49.00280000000002,MOYMET_clean_primitive
183.44439999999994,360.87600000000003,607.0204000000001,773.007,700.0,1392.0,2134.0,2316.0,28.0,56.0,96.0,124.0,152.0,378.0,550.0,640.0,10.889199999999999,25.564000000000007,38.983999999999995,49.002800000000015,MOYMET_clean_primitive
183.44439999999997,360.87600000000003,607.0204000000001,773.007,700.0,1392.0,2134.0,2316.0,28.0,56.0,96.0,124.0,152.0,378.0,550.0,640.0,10.889199999999999,25.564000000000007,38.984,49.002800000000015,MOYMET_clean_primitive
183.4444,360.8760000000001,607.0203999999999,773.0070000000003,700.0,1392.0,2134.0,2316.0,28.0,56.0,96.0,124.0,152.0,378.0,550.0,640.0,10.889200000000004,25.56400000000001,38.98400000000001,49.00280000000002,MOYMET_clean_primitive
183.4444,360.8760000000001,607.0203999999999,773.0070000000003,700.0,1392.0,2134.0,2316.0,28.0,56.0,96.0,124.0,152.0,378.0,550.0,640.0,10.889200000000004,25.56400000000001,38.98400000000001,49.00280000000003,MOYMET_clean_primitive
