name,cif_file,Di,Df,Dif,rho,VSA,GSA,VPOV,GPOV,POAV_vol_frac,PONAV_vol_frac,GPOAV,GPONAV,POAV,PONAV
VALXIS_clean,VALXIS_clean.cif,10.17011,5.92824,8.46832,0.888503,1392.19,1566.9,0.5659000000000001,0.6369140002903761,0.4163,0.1496,0.468541,0.168373,4502.76,1618.1
