f-lig-chi-0,f-lig-chi-1,f-lig-chi-2,f-lig-chi-3,f-lig-Z-0,f-lig-Z-1,f-lig-Z-2,f-lig-Z-3,f-lig-I-0,f-lig-I-1,f-lig-I-2,f-lig-I-3,f-lig-T-0,f-lig-T-1,f-lig-T-2,f-lig-T-3,f-lig-S-0,f-lig-S-1,f-lig-S-2,f-lig-S-3,name
269.0004,581.6040000000004,993.9040000000001,1344.1622000000002,966.0,2208.0,3136.0,3428.0,44.0,92.0,160.0,222.0,252.0,652.0,932.0,970.0,16.786800000000003,41.98040000000002,64.85360000000003,76.55900000000001,FOWTOC_clean_primitive
269.0004,581.6040000000003,993.9040000000001,1344.1621999999998,966.0,2208.0,3136.0,3428.0,44.0,92.0,160.0,222.0,252.0,652.0,932.0,970.0,16.786800000000003,41.98040000000002,64.85360000000001,76.559,FOWTOC_clean_primitive
269.00039999999996,581.6040000000004,993.9039999999999,1344.1622000000002,966.0,2208.0,3136.0,3428.0,44.0,92.0,160.0,222.0,252.0,652.0,932.0,970.0,16.78680000000001,41.98040000000002,64.85360000000001,76.55900000000001,FOWTOC_clean_primitive
269.0004,581.6040000000004,993.9040000000002,1344.1622,966.0,2208.0,3136.0,3428.0,44.0,92.0,160.0,222.0,252.0,652.0,932.0,970.0,16.786800000000007,41.98040000000002,64.85360000000001,76.55900000000003,FOWTOC_clean_primitive
269.0004,581.6040000000003,993.9040000000001,1344.1621999999998,966.0,2208.0,3136.0,3428.0,44.0,92.0,160.0,222.0,252.0,652.0,932.0,970.0,16.786800000000003,41.98040000000002,64.85360000000003,76.559,FOWTOC_clean_primitive
269.0004,581.6040000000005,993.9040000000002,1344.1622,966.0,2208.0,3136.0,3428.0,44.0,92.0,160.0,222.0,252.0,652.0,932.0,970.0,16.786800000000003,41.980400000000024,64.85360000000001,76.559,FOWTOC_clean_primitive
269.00039999999996,581.6040000000004,993.9040000000002,1344.1621999999995,966.0,2208.0,3136.0,3428.0,44.0,92.0,160.0,222.0,252.0,652.0,932.0,970.0,16.786800000000014,41.98040000000002,64.8536,76.55900000000001,FOWTOC_clean_primitive
269.0004,581.6040000000003,993.9040000000002,1344.1622,966.0,2208.0,3136.0,3428.0,44.0,92.0,160.0,222.0,252.0,652.0,932.0,970.0,16.786800000000007,41.980400000000024,64.85360000000001,76.55900000000001,FOWTOC_clean_primitive
44.742399999999996,62.745599999999996,71.0016,0.0,241.0,336.0,384.0,0.0,4.0,6.0,6.0,0.0,12.0,18.0,6.0,0.0,2.1612,3.285,3.1973999999999996,0.0,FOWTOC_clean_primitive
