f-chi-0-all,f-chi-1-all,f-chi-2-all,f-chi-3-all,f-Z-0-all,f-Z-1-all,f-Z-2-all,f-Z-3-all,f-I-0-all,f-I-1-all,f-I-2-all,f-I-3-all,f-T-0-all,f-T-1-all,f-T-2-all,f-T-3-all,f-S-0-all,f-S-1-all,f-S-2-all,f-S-3-all,mc-chi-0-all,mc-chi-1-all,mc-chi-2-all,mc-chi-3-all,mc-Z-0-all,mc-Z-1-all,mc-Z-2-all,mc-Z-3-all,mc-I-0-all,mc-I-1-all,mc-I-2-all,mc-I-3-all,mc-T-0-all,mc-T-1-all,mc-T-2-all,mc-T-3-all,mc-S-0-all,mc-S-1-all,mc-S-2-all,mc-S-3-all,D_mc-chi-0-all,D_mc-chi-1-all,D_mc-chi-2-all,D_mc-chi-3-all,D_mc-Z-0-all,D_mc-Z-1-all,D_mc-Z-2-all,D_mc-Z-3-all,D_mc-I-0-all,D_mc-I-1-all,D_mc-I-2-all,D_mc-I-3-all,D_mc-T-0-all,D_mc-T-1-all,D_mc-T-2-all,D_mc-T-3-all,D_mc-S-0-all,D_mc-S-1-all,D_mc-S-2-all,D_mc-S-3-all,name
242.2811999999999,462.60559999999987,1305.1332000000002,1377.0271999999993,10470.0,17900.0,26712.0,19808.0,30.0,80.0,152.0,200.0,260.0,812.0,1280.0,1312.0,27.96260000000002,74.4968,130.328,163.086,0.9411999999999999,17.255200000000002,12.31,33.75779999999999,2293.0,2015.5,3754.0,3087.0,1.0,5.0,6.0,11.5,29.0,76.5,114.0,131.5,3.331999999999999,6.4554,11.9756,15.786399999999997,0.0,-11.92,-6.08,-25.8,0.0,216.5,190.0,340.5,0.0,0.0,0.0,0.0,0.0,15.5,12.0,24.0,0.0,5.160000000000001,3.92,12.745000000000001,HOXSAQ_clean_primitive
242.2811999999999,462.60559999999987,1305.1332000000002,1377.0271999999995,10470.0,17900.0,26712.0,19808.0,30.0,80.0,152.0,200.0,260.0,812.0,1280.0,1312.0,27.96260000000002,74.4968,130.328,163.086,0.9411999999999999,17.255200000000002,12.31,33.75779999999999,2293.0,2015.5,3754.0,3087.0,1.0,5.0,6.0,11.5,29.0,76.5,114.0,131.5,3.331999999999999,6.4554,11.9756,15.786399999999997,0.0,-11.92,-6.08,-25.8,0.0,216.5,190.0,340.5,0.0,0.0,0.0,0.0,0.0,15.5,12.0,24.0,0.0,5.160000000000001,3.92,12.745000000000001,HOXSAQ_clean_primitive
