f-chi-0-all,f-chi-1-all,f-chi-2-all,f-chi-3-all,f-Z-0-all,f-Z-1-all,f-Z-2-all,f-Z-3-all,f-I-0-all,f-I-1-all,f-I-2-all,f-I-3-all,f-T-0-all,f-T-1-all,f-T-2-all,f-T-3-all,f-S-0-all,f-S-1-all,f-S-2-all,f-S-3-all,mc-chi-0-all,mc-chi-1-all,mc-chi-2-all,mc-chi-3-all,mc-Z-0-all,mc-Z-1-all,mc-Z-2-all,mc-Z-3-all,mc-I-0-all,mc-I-1-all,mc-I-2-all,mc-I-3-all,mc-T-0-all,mc-T-1-all,mc-T-2-all,mc-T-3-all,mc-S-0-all,mc-S-1-all,mc-S-2-all,mc-S-3-all,D_mc-chi-0-all,D_mc-chi-1-all,D_mc-chi-2-all,D_mc-chi-3-all,D_mc-Z-0-all,D_mc-Z-1-all,D_mc-Z-2-all,D_mc-Z-3-all,D_mc-I-0-all,D_mc-I-1-all,D_mc-I-2-all,D_mc-I-3-all,D_mc-T-0-all,D_mc-T-1-all,D_mc-T-2-all,D_mc-T-3-all,D_mc-S-0-all,D_mc-S-1-all,D_mc-S-2-all,D_mc-S-3-all,name
161.2335,319.91999999999985,804.9238,864.1279999999998,2661.0,6400.0,10162.0,8992.0,19.0,48.0,92.0,116.0,150.0,464.0,728.0,624.0,13.770699999999996,38.48559999999999,65.79719999999999,69.17479999999999,2.4025000000000003,24.882666666666665,22.165000000000003,38.97733333333333,625.0,933.3333333333334,1700.0,1466.6666666666667,1.0,4.666666666666667,6.666666666666667,8.0,22.666666666666668,64.0,92.0,88.0,1.9321,4.735266666666665,7.746933333333334,8.265866666666666,0.0,-8.82,-3.966666666666667,-12.746666666666668,0.0,79.33333333333333,98.66666666666667,141.33333333333334,0.0,0.0,0.0,0.0,0.0,9.333333333333334,12.666666666666666,18.666666666666668,0.0,3.08,3.6933333333333334,5.173333333333333,ASIRUR_clean_primitive
161.2335,319.91999999999985,804.9238,864.1279999999998,2661.0,6400.0,10162.0,8992.0,19.0,48.0,92.0,116.0,150.0,464.0,728.0,624.0,13.770699999999996,38.48559999999999,65.79719999999999,69.17479999999999,2.4025000000000003,24.882666666666665,22.165000000000003,38.97733333333333,625.0,933.3333333333334,1700.0,1466.6666666666667,1.0,4.666666666666667,6.666666666666667,8.0,22.666666666666668,64.0,92.0,88.0,1.9321,4.735266666666665,7.746933333333334,8.265866666666666,0.0,-8.82,-3.966666666666667,-12.746666666666668,0.0,79.33333333333333,98.66666666666667,141.33333333333334,0.0,0.0,0.0,0.0,0.0,9.333333333333334,12.666666666666666,18.666666666666668,0.0,3.08,3.6933333333333334,5.173333333333333,ASIRUR_clean_primitive
