f-lig-chi-0,f-lig-chi-1,f-lig-chi-2,f-lig-chi-3,f-lig-Z-0,f-lig-Z-1,f-lig-Z-2,f-lig-Z-3,f-lig-I-0,f-lig-I-1,f-lig-I-2,f-lig-I-3,f-lig-T-0,f-lig-T-1,f-lig-T-2,f-lig-T-3,f-lig-S-0,f-lig-S-1,f-lig-S-2,f-lig-S-3,name
230.5746,515.7630000000001,796.8186000000001,920.7779999999998,954.0,2232.0,3114.0,3192.0,36.0,78.0,120.0,144.0,198.0,486.0,678.0,720.0,15.690000000000001,38.484600000000015,55.72320000000002,60.78240000000003,FIRNAX_clean_primitive
230.5746,515.7630000000001,796.8186000000001,920.7779999999998,954.0,2232.0,3114.0,3192.0,36.0,78.0,120.0,144.0,198.0,486.0,678.0,720.0,15.690000000000001,38.484600000000015,55.72320000000003,60.782400000000024,FIRNAX_clean_primitive
140.71519999999998,237.25199999999995,373.63239999999996,455.76399999999995,708.0,1200.0,1840.0,2078.0,16.0,32.0,48.0,58.0,80.0,192.0,256.0,258.0,8.1568,17.3096,25.1392,28.6442,FIRNAX_clean_primitive
230.5746,515.7630000000003,796.8186000000002,920.7779999999997,954.0,2232.0,3114.0,3192.0,36.0,78.0,120.0,144.0,198.0,486.0,678.0,720.0,15.690000000000001,38.484600000000015,55.72320000000002,60.78240000000003,FIRNAX_clean_primitive
140.71519999999998,237.252,373.6324,455.76399999999984,708.0,1200.0,1840.0,2078.0,16.0,32.0,48.0,58.0,80.0,192.0,256.0,258.0,8.156799999999999,17.309600000000003,25.139200000000002,28.644200000000005,FIRNAX_clean_primitive
140.7152,237.25199999999995,373.63239999999996,455.76399999999995,708.0,1200.0,1840.0,2078.0,16.0,32.0,48.0,58.0,80.0,192.0,256.0,258.0,8.1568,17.3096,25.1392,28.644199999999998,FIRNAX_clean_primitive
