f-lig-chi-0,f-lig-chi-1,f-lig-chi-2,f-lig-chi-3,f-lig-Z-0,f-lig-Z-1,f-lig-Z-2,f-lig-Z-3,f-lig-I-0,f-lig-I-1,f-lig-I-2,f-lig-I-3,f-lig-T-0,f-lig-T-1,f-lig-T-2,f-lig-T-3,f-lig-S-0,f-lig-S-1,f-lig-S-2,f-lig-S-3,name
82.77480000000001,173.82920000000004,268.39539999999994,217.53000000000006,297.0,650.0,856.0,480.0,13.0,26.0,42.0,32.0,68.0,152.0,170.0,128.0,4.880499999999999,11.535400000000001,15.427399999999999,11.341599999999996,CUNFOH01_clean_primitive
82.77480000000001,173.8292,268.3954,217.53000000000003,297.0,650.0,856.0,480.0,13.0,26.0,42.0,32.0,68.0,152.0,170.0,128.0,4.8805,11.535400000000003,15.427399999999999,11.341599999999998,CUNFOH01_clean_primitive
82.7748,173.82920000000007,268.3954,217.53000000000003,297.0,650.0,856.0,480.0,13.0,26.0,42.0,32.0,68.0,152.0,170.0,128.0,4.8805,11.535400000000003,15.4274,11.3416,CUNFOH01_clean_primitive
82.77480000000001,173.82920000000007,268.39539999999994,217.53000000000003,297.0,650.0,856.0,480.0,13.0,26.0,42.0,32.0,68.0,152.0,170.0,128.0,4.8805,11.535400000000001,15.4274,11.341599999999996,CUNFOH01_clean_primitive
82.7748,173.82920000000001,268.3954,217.53000000000003,297.0,650.0,856.0,480.0,13.0,26.0,42.0,32.0,68.0,152.0,170.0,128.0,4.8805,11.535400000000001,15.427399999999999,11.3416,CUNFOH01_clean_primitive
82.77480000000001,173.82920000000001,268.3954,217.53000000000003,297.0,650.0,856.0,480.0,13.0,26.0,42.0,32.0,68.0,152.0,170.0,128.0,4.8805,11.535400000000001,15.427399999999999,11.3416,CUNFOH01_clean_primitive
82.77480000000001,173.82920000000004,268.3954,217.53000000000003,297.0,650.0,856.0,480.0,13.0,26.0,42.0,32.0,68.0,152.0,170.0,128.0,4.8805,11.535400000000001,15.4274,11.3416,CUNFOH01_clean_primitive
82.77480000000001,173.82920000000001,268.3954,217.53000000000003,297.0,650.0,856.0,480.0,13.0,26.0,42.0,32.0,68.0,152.0,170.0,128.0,4.8805,11.535400000000001,15.4274,11.3416,CUNFOH01_clean_primitive
