f-lig-chi-0,f-lig-chi-1,f-lig-chi-2,f-lig-chi-3,f-lig-Z-0,f-lig-Z-1,f-lig-Z-2,f-lig-Z-3,f-lig-I-0,f-lig-I-1,f-lig-I-2,f-lig-I-3,f-lig-T-0,f-lig-T-1,f-lig-T-2,f-lig-T-3,f-lig-S-0,f-lig-S-1,f-lig-S-2,f-lig-S-3,name
334.9305999999999,653.3890000000005,1033.1302,1275.657600000001,1796.0,3316.0,5152.0,5626.0,45.0,94.0,146.0,186.0,240.0,594.0,842.0,910.0,21.907200000000017,49.57380000000001,74.32100000000001,86.08940000000001,WAQFIG_clean_primitive
334.9305999999999,653.3890000000005,1033.1302,1275.657600000001,1796.0,3316.0,5152.0,5626.0,45.0,94.0,146.0,186.0,240.0,594.0,842.0,910.0,21.907200000000017,49.573800000000006,74.32100000000001,86.08940000000003,WAQFIG_clean_primitive
