f-chi-0-all,f-chi-1-all,f-chi-2-all,f-chi-3-all,f-Z-0-all,f-Z-1-all,f-Z-2-all,f-Z-3-all,f-I-0-all,f-I-1-all,f-I-2-all,f-I-3-all,f-T-0-all,f-T-1-all,f-T-2-all,f-T-3-all,f-S-0-all,f-S-1-all,f-S-2-all,f-S-3-all,mc-chi-0-all,mc-chi-1-all,mc-chi-2-all,mc-chi-3-all,mc-Z-0-all,mc-Z-1-all,mc-Z-2-all,mc-Z-3-all,mc-I-0-all,mc-I-1-all,mc-I-2-all,mc-I-3-all,mc-T-0-all,mc-T-1-all,mc-T-2-all,mc-T-3-all,mc-S-0-all,mc-S-1-all,mc-S-2-all,mc-S-3-all,D_mc-chi-0-all,D_mc-chi-1-all,D_mc-chi-2-all,D_mc-chi-3-all,D_mc-Z-0-all,D_mc-Z-1-all,D_mc-Z-2-all,D_mc-Z-3-all,D_mc-I-0-all,D_mc-I-1-all,D_mc-I-2-all,D_mc-I-3-all,D_mc-T-0-all,D_mc-T-1-all,D_mc-T-2-all,D_mc-T-3-all,D_mc-S-0-all,D_mc-S-1-all,D_mc-S-2-all,D_mc-S-3-all,name
114.2902,202.272,342.91139999999996,383.904,2392.0,4032.0,4056.0,4608.0,13.0,28.0,38.0,48.0,66.0,152.0,188.0,216.0,9.534099999999999,21.257600000000004,26.911400000000008,31.711200000000005,2.7224999999999997,19.866,14.726249999999999,34.59224999999999,900.0,840.0,630.0,1470.0,1.0,3.5,3.5,7.0,12.5,25.0,37.5,60.5,1.7161000000000002,3.3470500000000003,3.5304500000000005,6.8775,0.0,-6.265000000000001,-3.1499999999999995,-9.415,0.0,77.0,84.0,161.0,0.0,0.0,0.0,0.0,0.0,5.5,2.0,8.0,0.0,2.0300000000000002,1.8900000000000001,3.9200000000000004,WAQFIG_clean_primitive
114.2902,202.272,342.9114,383.90400000000005,2392.0,4032.0,4056.0,4608.0,13.0,28.0,38.0,48.0,66.0,152.0,188.0,216.0,9.534099999999999,21.257600000000004,26.9114,31.71120000000001,2.7224999999999997,19.866,14.726249999999999,34.59224999999999,900.0,840.0,630.0,1470.0,1.0,3.5,3.5,7.0,12.5,25.0,37.5,60.5,1.7161000000000002,3.3470500000000003,3.5304500000000005,6.8775,0.0,-6.265000000000001,-3.1499999999999995,-9.415,0.0,77.0,84.0,161.0,0.0,0.0,0.0,0.0,0.0,5.5,2.0,8.0,0.0,2.0300000000000002,1.8900000000000001,3.9200000000000004,WAQFIG_clean_primitive
