f-lig-chi-0,f-lig-chi-1,f-lig-chi-2,f-lig-chi-3,f-lig-Z-0,f-lig-Z-1,f-lig-Z-2,f-lig-Z-3,f-lig-I-0,f-lig-I-1,f-lig-I-2,f-lig-I-3,f-lig-T-0,f-lig-T-1,f-lig-T-2,f-lig-T-3,f-lig-S-0,f-lig-S-1,f-lig-S-2,f-lig-S-3,name
403.9613999999997,818.9070000000002,1361.5296,1798.6019999999996,1956.0,4008.0,6480.0,7956.0,54.0,118.0,192.0,260.0,310.0,798.0,1232.0,1492.0,26.67580000000001,62.878200000000035,99.68800000000003,127.81560000000006,FOMWOV_clean_primitive
403.9613999999997,818.9070000000002,1361.5295999999998,1798.6019999999999,1956.0,4008.0,6480.0,7956.0,54.0,118.0,192.0,260.0,310.0,798.0,1232.0,1492.0,26.67580000000001,62.878200000000035,99.68800000000003,127.81560000000006,FOMWOV_clean_primitive
408.80139999999966,834.0430000000002,1372.7495999999999,1824.9580000000005,1957.0,4024.0,6492.0,7984.0,55.0,120.0,194.0,264.0,314.0,808.0,1246.0,1512.0,26.812700000000017,63.418400000000034,100.25780000000002,128.92560000000003,FOMWOV_clean_primitive
408.80139999999966,834.0430000000002,1372.7495999999999,1824.9580000000008,1957.0,4024.0,6492.0,7984.0,55.0,120.0,194.0,264.0,314.0,808.0,1246.0,1512.0,26.812700000000017,63.418400000000034,100.25780000000003,128.92560000000003,FOMWOV_clean_primitive
408.80139999999966,834.0430000000002,1372.7495999999999,1824.958,1957.0,4024.0,6492.0,7984.0,55.0,120.0,194.0,264.0,314.0,808.0,1246.0,1512.0,26.812700000000014,63.418400000000034,100.25780000000002,128.92560000000006,FOMWOV_clean_primitive
408.80139999999966,834.0430000000003,1372.7495999999999,1824.958,1957.0,4024.0,6492.0,7984.0,55.0,120.0,194.0,264.0,314.0,808.0,1246.0,1512.0,26.812700000000014,63.418400000000034,100.25780000000002,128.92560000000006,FOMWOV_clean_primitive
