f-sbu-chi-0,f-sbu-chi-1,f-sbu-chi-2,f-sbu-chi-3,f-sbu-Z-0,f-sbu-Z-1,f-sbu-Z-2,f-sbu-Z-3,f-sbu-I-0,f-sbu-I-1,f-sbu-I-2,f-sbu-I-3,f-sbu-T-0,f-sbu-T-1,f-sbu-T-2,f-sbu-T-3,f-sbu-S-0,f-sbu-S-1,f-sbu-S-2,f-sbu-S-3,mc-chi-0,mc-chi-1,mc-chi-2,mc-chi-3,mc-Z-0,mc-Z-1,mc-Z-2,mc-Z-3,mc-I-0,mc-I-1,mc-I-2,mc-I-3,mc-T-0,mc-T-1,mc-T-2,mc-T-3,mc-S-0,mc-S-1,mc-S-2,mc-S-3,D_mc-chi-0,D_mc-chi-1,D_mc-chi-2,D_mc-chi-3,D_mc-Z-0,D_mc-Z-1,D_mc-Z-2,D_mc-Z-3,D_mc-I-0,D_mc-I-1,D_mc-I-2,D_mc-I-3,D_mc-T-0,D_mc-T-1,D_mc-T-2,D_mc-T-3,D_mc-S-0,D_mc-S-1,D_mc-S-2,D_mc-S-3,name
389.7451999999999,893.7800000000001,1812.788,2700.4656,7875.0,15272.0,32898.0,32996.0,51.0,124.0,238.0,358.0,362.0,1078.0,2082.0,2578.0,35.19310000000001,92.38239999999998,179.8728,232.69679999999994,3.61,25.77485714285715,38.81971428571428,64.543,841.0,911.4285714285714,2808.8571428571427,2154.285714285714,1.0,4.142857142857143,8.428571428571429,11.428571428571429,17.285714285714285,52.42857142857143,102.28571428571429,125.28571428571429,1.9043999999999992,4.220828571428571,9.762514285714287,11.197714285714287,0.0,-5.694285714285714,-4.417142857142859,-12.25571428571429,0.0,88.71428571428571,147.57142857142858,257.14285714285717,0.0,0.0,0.0,0.0,0.0,4.714285714285714,10.714285714285714,18.142857142857142,0.0,2.658571428571428,4.557142857142856,7.657142857142854,NIZNUH
389.7451999999999,893.7800000000002,1812.788,2700.4656,7875.0,15272.0,32898.0,32996.0,51.0,124.0,238.0,358.0,362.0,1078.0,2082.0,2578.0,35.19310000000001,92.38239999999998,179.87280000000004,232.69679999999994,3.61,25.77485714285715,38.81971428571428,64.543,841.0,911.4285714285714,2808.8571428571427,2154.285714285714,1.0,4.142857142857143,8.428571428571429,11.428571428571429,17.285714285714285,52.42857142857143,102.28571428571429,125.28571428571429,1.9043999999999992,4.220828571428571,9.762514285714287,11.197714285714287,0.0,-5.694285714285714,-4.417142857142859,-12.25571428571429,0.0,88.71428571428571,147.57142857142858,257.14285714285717,0.0,0.0,0.0,0.0,0.0,4.714285714285714,10.714285714285714,18.142857142857142,0.0,2.658571428571428,4.557142857142856,7.657142857142854,NIZNUH
