f-sbu-chi-0,f-sbu-chi-1,f-sbu-chi-2,f-sbu-chi-3,f-sbu-Z-0,f-sbu-Z-1,f-sbu-Z-2,f-sbu-Z-3,f-sbu-I-0,f-sbu-I-1,f-sbu-I-2,f-sbu-I-3,f-sbu-T-0,f-sbu-T-1,f-sbu-T-2,f-sbu-T-3,f-sbu-S-0,f-sbu-S-1,f-sbu-S-2,f-sbu-S-3,mc-chi-0,mc-chi-1,mc-chi-2,mc-chi-3,mc-Z-0,mc-Z-1,mc-Z-2,mc-Z-3,mc-I-0,mc-I-1,mc-I-2,mc-I-3,mc-T-0,mc-T-1,mc-T-2,mc-T-3,mc-S-0,mc-S-1,mc-S-2,mc-S-3,D_mc-chi-0,D_mc-chi-1,D_mc-chi-2,D_mc-chi-3,D_mc-Z-0,D_mc-Z-1,D_mc-Z-2,D_mc-Z-3,D_mc-I-0,D_mc-I-1,D_mc-I-2,D_mc-I-3,D_mc-T-0,D_mc-T-1,D_mc-T-2,D_mc-T-3,D_mc-S-0,D_mc-S-1,D_mc-S-2,D_mc-S-3,name
253.28119999999993,471.32640000000004,1652.1267999999998,1415.9703999999997,11342.0,20816.0,15852.0,10112.0,30.0,76.0,176.0,184.0,308.0,1044.0,1140.0,760.0,19.186,63.48640000000002,106.04560000000002,90.67840000000002,1.6129,37.0586,18.542,28.168599999999998,5041.0,4828.0,1846.0,3692.0,1.0,9.0,6.0,8.0,81.0,207.0,126.0,198.0,2.6244000000000005,10.773000000000001,6.1884,9.8496,0.0,-17.75,-6.979999999999999,-12.019999999999996,0.0,571.0,400.0,516.0,0.0,0.0,0.0,0.0,0.0,58.0,40.0,50.0,0.0,7.9300000000000015,5.9,6.88,AWIBAL
