f-chi-0-all,f-chi-1-all,f-chi-2-all,f-chi-3-all,f-Z-0-all,f-Z-1-all,f-Z-2-all,f-Z-3-all,f-I-0-all,f-I-1-all,f-I-2-all,f-I-3-all,f-T-0-all,f-T-1-all,f-T-2-all,f-T-3-all,f-S-0-all,f-S-1-all,f-S-2-all,f-S-3-all,mc-chi-0-all,mc-chi-1-all,mc-chi-2-all,mc-chi-3-all,mc-Z-0-all,mc-Z-1-all,mc-Z-2-all,mc-Z-3-all,mc-I-0-all,mc-I-1-all,mc-I-2-all,mc-I-3-all,mc-T-0-all,mc-T-1-all,mc-T-2-all,mc-T-3-all,mc-S-0-all,mc-S-1-all,mc-S-2-all,mc-S-3-all,D_mc-chi-0-all,D_mc-chi-1-all,D_mc-chi-2-all,D_mc-chi-3-all,D_mc-Z-0-all,D_mc-Z-1-all,D_mc-Z-2-all,D_mc-Z-3-all,D_mc-I-0-all,D_mc-I-1-all,D_mc-I-2-all,D_mc-I-3-all,D_mc-T-0-all,D_mc-T-1-all,D_mc-T-2-all,D_mc-T-3-all,D_mc-S-0-all,D_mc-S-1-all,D_mc-S-2-all,D_mc-S-3-all,name
69.46229999999998,123.11999999999999,144.9546,186.048,1263.0,1764.0,2670.0,1008.0,10.0,18.0,24.0,24.0,42.0,90.0,96.0,72.0,6.961000000000001,12.825,19.0368,13.860000000000001,2.7224999999999997,15.048,25.244999999999997,49.45049999999999,900.0,630.0,1080.0,1350.0,1.0,3.0,6.0,12.0,9.0,27.0,54.0,72.0,1.7161000000000002,2.9475000000000002,6.052200000000001,8.881800000000002,0.0,-4.17,-5.4,-10.170000000000003,0.0,69.0,144.0,315.0,0.0,0.0,0.0,0.0,0.0,0.0,0.0,12.0,0.0,1.6800000000000002,3.24,8.940000000000001,CIZMIJ_clean_primitive
69.46229999999998,123.11999999999998,144.95459999999997,186.048,1263.0,1764.0,2670.0,1008.0,10.0,18.0,24.0,24.0,42.0,90.0,96.0,72.0,6.961000000000001,12.825000000000003,19.0368,13.86,2.7224999999999997,15.048,25.244999999999997,49.45049999999999,900.0,630.0,1080.0,1350.0,1.0,3.0,6.0,12.0,9.0,27.0,54.0,72.0,1.7161000000000002,2.9475000000000002,6.052200000000001,8.881800000000002,0.0,-4.17,-5.4,-10.170000000000003,0.0,69.0,144.0,315.0,0.0,0.0,0.0,0.0,0.0,0.0,0.0,12.0,0.0,1.6800000000000002,3.24,8.940000000000001,CIZMIJ_clean_primitive
