f-lig-chi-0,f-lig-chi-1,f-lig-chi-2,f-lig-chi-3,f-lig-Z-0,f-lig-Z-1,f-lig-Z-2,f-lig-Z-3,f-lig-I-0,f-lig-I-1,f-lig-I-2,f-lig-I-3,f-lig-T-0,f-lig-T-1,f-lig-T-2,f-lig-T-3,f-lig-S-0,f-lig-S-1,f-lig-S-2,f-lig-S-3,name
165.172,280.39799999999997,437.0827999999999,492.2128,898.0,1536.0,2384.0,2674.0,18.0,36.0,52.0,58.0,88.0,204.0,260.0,280.0,10.131400000000001,20.7284,29.611599999999992,32.985,NOHLED_clean_primitive
165.172,280.39799999999997,437.08279999999996,492.2127999999999,898.0,1536.0,2384.0,2674.0,18.0,36.0,52.0,58.0,88.0,204.0,260.0,280.0,10.1314,20.728399999999997,29.6116,32.98499999999999,NOHLED_clean_primitive
165.172,280.39799999999997,437.0827999999998,492.2128,898.0,1536.0,2384.0,2674.0,18.0,36.0,52.0,58.0,88.0,204.0,260.0,280.0,10.1314,20.728400000000008,29.61159999999999,32.985,NOHLED_clean_primitive
165.172,280.39799999999997,437.0827999999998,492.2128,898.0,1536.0,2384.0,2674.0,18.0,36.0,52.0,58.0,88.0,204.0,260.0,280.0,10.1314,20.728400000000008,29.61159999999999,32.98500000000001,NOHLED_clean_primitive
