f-sbu-chi-0,f-sbu-chi-1,f-sbu-chi-2,f-sbu-chi-3,f-sbu-Z-0,f-sbu-Z-1,f-sbu-Z-2,f-sbu-Z-3,f-sbu-I-0,f-sbu-I-1,f-sbu-I-2,f-sbu-I-3,f-sbu-T-0,f-sbu-T-1,f-sbu-T-2,f-sbu-T-3,f-sbu-S-0,f-sbu-S-1,f-sbu-S-2,f-sbu-S-3,mc-chi-0,mc-chi-1,mc-chi-2,mc-chi-3,mc-Z-0,mc-Z-1,mc-Z-2,mc-Z-3,mc-I-0,mc-I-1,mc-I-2,mc-I-3,mc-T-0,mc-T-1,mc-T-2,mc-T-3,mc-S-0,mc-S-1,mc-S-2,mc-S-3,D_mc-chi-0,D_mc-chi-1,D_mc-chi-2,D_mc-chi-3,D_mc-Z-0,D_mc-Z-1,D_mc-Z-2,D_mc-Z-3,D_mc-I-0,D_mc-I-1,D_mc-I-2,D_mc-I-3,D_mc-T-0,D_mc-T-1,D_mc-T-2,D_mc-T-3,D_mc-S-0,D_mc-S-1,D_mc-S-2,D_mc-S-3,name
126.9997,272.696,585.8091999999999,671.06,1742.0,4224.0,6438.0,4144.0,16.0,40.0,72.0,80.0,116.0,336.0,556.0,400.0,11.063100000000002,28.858,49.43979999999999,47.67759999999999,2.7224999999999997,33.198,36.79499999999999,55.308,900.0,1380.0,1860.0,1320.0,1.0,6.0,9.0,12.0,36.0,96.0,180.0,72.0,1.7161000000000002,5.7902000000000005,9.589200000000002,7.598000000000002,0.0,-10.22,-7.450000000000001,-13.720000000000004,0.0,134.0,208.0,316.0,0.0,0.0,0.0,0.0,0.0,20.0,24.0,60.0,0.0,3.4400000000000004,4.470000000000001,9.92,SIFSIX-3-Zn
