f-lig-chi-0,f-lig-chi-1,f-lig-chi-2,f-lig-chi-3,f-lig-Z-0,f-lig-Z-1,f-lig-Z-2,f-lig-Z-3,f-lig-I-0,f-lig-I-1,f-lig-I-2,f-lig-I-3,f-lig-T-0,f-lig-T-1,f-lig-T-2,f-lig-T-3,f-lig-S-0,f-lig-S-1,f-lig-S-2,f-lig-S-3,name
357.7887999999999,722.7720000000004,1165.7708000000005,1523.5639999999999,1732.0,3648.0,5744.0,6768.0,53.0,112.0,180.0,248.0,292.0,744.0,1124.0,1400.0,24.40040000000001,58.45840000000003,90.842,116.30320000000002,ENITIF_clean_primitive
357.7887999999999,722.7720000000004,1165.7708000000005,1523.5639999999996,1732.0,3648.0,5744.0,6768.0,53.0,112.0,180.0,248.0,292.0,744.0,1124.0,1400.0,24.4004,58.458400000000026,90.842,116.3032,ENITIF_clean_primitive
357.78879999999987,722.7720000000007,1165.7708000000007,1523.5640000000005,1732.0,3648.0,5744.0,6768.0,53.0,112.0,180.0,248.0,292.0,744.0,1124.0,1400.0,24.400400000000023,58.45840000000003,90.84200000000003,116.3032000000001,ENITIF_clean_primitive
357.7887999999999,722.7720000000005,1165.7708000000005,1523.5639999999999,1732.0,3648.0,5744.0,6768.0,53.0,112.0,180.0,248.0,292.0,744.0,1124.0,1400.0,24.400400000000012,58.45840000000003,90.842,116.30320000000006,ENITIF_clean_primitive
