f-chi-0-all,f-chi-1-all,f-chi-2-all,f-chi-3-all,f-Z-0-all,f-Z-1-all,f-Z-2-all,f-Z-3-all,f-I-0-all,f-I-1-all,f-I-2-all,f-I-3-all,f-T-0-all,f-T-1-all,f-T-2-all,f-T-3-all,f-S-0-all,f-S-1-all,f-S-2-all,f-S-3-all,mc-chi-0-all,mc-chi-1-all,mc-chi-2-all,mc-chi-3-all,mc-Z-0-all,mc-Z-1-all,mc-Z-2-all,mc-Z-3-all,mc-I-0-all,mc-I-1-all,mc-I-2-all,mc-I-3-all,mc-T-0-all,mc-T-1-all,mc-T-2-all,mc-T-3-all,mc-S-0-all,mc-S-1-all,mc-S-2-all,mc-S-3-all,D_mc-chi-0-all,D_mc-chi-1-all,D_mc-chi-2-all,D_mc-chi-3-all,D_mc-Z-0-all,D_mc-Z-1-all,D_mc-Z-2-all,D_mc-Z-3-all,D_mc-I-0-all,D_mc-I-1-all,D_mc-I-2-all,D_mc-I-3-all,D_mc-T-0-all,D_mc-T-1-all,D_mc-T-2-all,D_mc-T-3-all,D_mc-S-0-all,D_mc-S-1-all,D_mc-S-2-all,D_mc-S-3-all,name
202.19069999999996,346.75199999999995,621.6583999999999,722.4000000000001,3756.0,6912.0,7136.0,7296.0,23.0,48.0,68.0,88.0,116.0,272.0,336.0,368.0,16.286299999999997,36.4416,47.6564,55.77200000000001,2.7224999999999997,22.703999999999997,16.83,39.53399999999999,900.0,960.0,720.0,1680.0,1.0,4.0,4.0,8.0,16.0,32.0,48.0,74.66666666666667,1.7161000000000002,3.8252,4.034800000000001,7.86,0.0,-7.159999999999999,-3.6,-10.76,0.0,88.0,96.0,184.0,0.0,0.0,0.0,0.0,0.0,8.0,4.0,13.333333333333334,0.0,2.3200000000000003,2.16,4.48,ENITIF_clean_primitive
202.19069999999996,346.75199999999995,621.6583999999999,722.4,3756.0,6912.0,7136.0,7296.0,23.0,48.0,68.0,88.0,116.0,272.0,336.0,368.0,16.286299999999997,36.44160000000001,47.6564,55.77200000000002,2.7224999999999997,22.703999999999997,16.83,39.53399999999999,900.0,960.0,720.0,1680.0,1.0,4.0,4.0,8.0,16.0,32.0,48.0,74.66666666666667,1.7161000000000002,3.8252,4.034800000000001,7.86,0.0,-7.159999999999999,-3.6,-10.76,0.0,88.0,96.0,184.0,0.0,0.0,0.0,0.0,0.0,8.0,4.0,13.333333333333334,0.0,2.3200000000000003,2.16,4.48,ENITIF_clean_primitive
