f-chi-0-all,f-chi-1-all,f-chi-2-all,f-chi-3-all,f-Z-0-all,f-Z-1-all,f-Z-2-all,f-Z-3-all,f-I-0-all,f-I-1-all,f-I-2-all,f-I-3-all,f-T-0-all,f-T-1-all,f-T-2-all,f-T-3-all,f-S-0-all,f-S-1-all,f-S-2-all,f-S-3-all,mc-chi-0-all,mc-chi-1-all,mc-chi-2-all,mc-chi-3-all,mc-Z-0-all,mc-Z-1-all,mc-Z-2-all,mc-Z-3-all,mc-I-0-all,mc-I-1-all,mc-I-2-all,mc-I-3-all,mc-T-0-all,mc-T-1-all,mc-T-2-all,mc-T-3-all,mc-S-0-all,mc-S-1-all,mc-S-2-all,mc-S-3-all,D_mc-chi-0-all,D_mc-chi-1-all,D_mc-chi-2-all,D_mc-chi-3-all,D_mc-Z-0-all,D_mc-Z-1-all,D_mc-Z-2-all,D_mc-Z-3-all,D_mc-I-0-all,D_mc-I-1-all,D_mc-I-2-all,D_mc-I-3-all,D_mc-T-0-all,D_mc-T-1-all,D_mc-T-2-all,D_mc-T-3-all,D_mc-S-0-all,D_mc-S-1-all,D_mc-S-2-all,D_mc-S-3-all,name
5293.331199999984,11989.628800000133,38511.17599999998,38383.948799999744,637720.0,748288.0,2806928.0,2150688.0,568.0,1632.0,3840.0,4976.0,5856.0,17984.0,33344.0,50672.0,522.505599999994,1631.844799999992,3062.4240000000073,4771.852799999995,4.715599999999996,38.99178666666668,22.882040000000035,115.1093199999999,5100.8,3057.866666666667,21435.2,8945.6,1.0,5.4,5.0,15.866666666666667,30.2,67.33333333333333,139.86666666666667,193.6,2.3107999999999964,5.9939333333333265,10.193239999999985,17.58122666666666,0.0,-7.13466666666666,-1.4100000000000008,-20.048666666666634,0.0,340.73333333333335,54.0,1006.9333333333333,0.0,0.0,0.0,0.0,0.0,18.2,3.6666666666666665,52.8,0.0,4.255333333333326,0.9699999999999993,12.388000000000014,DUYRAR_clean_primitive
