f-sbu-chi-0,f-sbu-chi-1,f-sbu-chi-2,f-sbu-chi-3,f-sbu-Z-0,f-sbu-Z-1,f-sbu-Z-2,f-sbu-Z-3,f-sbu-I-0,f-sbu-I-1,f-sbu-I-2,f-sbu-I-3,f-sbu-T-0,f-sbu-T-1,f-sbu-T-2,f-sbu-T-3,f-sbu-S-0,f-sbu-S-1,f-sbu-S-2,f-sbu-S-3,mc-chi-0,mc-chi-1,mc-chi-2,mc-chi-3,mc-Z-0,mc-Z-1,mc-Z-2,mc-Z-3,mc-I-0,mc-I-1,mc-I-2,mc-I-3,mc-T-0,mc-T-1,mc-T-2,mc-T-3,mc-S-0,mc-S-1,mc-S-2,mc-S-3,D_mc-chi-0,D_mc-chi-1,D_mc-chi-2,D_mc-chi-3,D_mc-Z-0,D_mc-Z-1,D_mc-Z-2,D_mc-Z-3,D_mc-I-0,D_mc-I-1,D_mc-I-2,D_mc-I-3,D_mc-T-0,D_mc-T-1,D_mc-T-2,D_mc-T-3,D_mc-S-0,D_mc-S-1,D_mc-S-2,D_mc-S-3,name
184.6892,355.9412,779.1552,995.3712,6000.0,10252.0,11636.0,10128.0,24.0,52.0,100.0,128.0,152.0,400.0,580.0,552.0,16.925400000000003,40.6024,70.3648,78.33959999999999,2.8560999999999996,27.2428,29.575,51.764700000000005,2304.0,2256.0,1776.0,2448.0,1.0,5.0,7.0,12.0,25.0,60.0,105.0,130.0,2.1904,5.846,7.385199999999999,10.596799999999998,0.0,-7.67,-5.669999999999998,-10.349999999999998,0.0,193.0,299.0,525.0,0.0,0.0,0.0,0.0,0.0,13.0,14.0,34.0,0.0,3.45,5.37,10.6,Cd_L1_Cl_H2O
184.6892,355.9411999999999,779.1552,995.3711999999999,6000.0,10252.0,11636.0,10128.0,24.0,52.0,100.0,128.0,152.0,400.0,580.0,552.0,16.9254,40.6024,70.3648,78.3396,2.8560999999999996,27.2428,29.575,51.764700000000005,2304.0,2256.0,1776.0,2448.0,1.0,5.0,7.0,12.0,25.0,60.0,105.0,130.0,2.1904,5.846,7.385199999999999,10.596799999999998,0.0,-7.67,-5.669999999999998,-10.349999999999998,0.0,193.0,299.0,525.0,0.0,0.0,0.0,0.0,0.0,13.0,14.0,34.0,0.0,3.45,5.37,10.6,Cd_L1_Cl_H2O
