f-chi-0-all,f-chi-1-all,f-chi-2-all,f-chi-3-all,f-Z-0-all,f-Z-1-all,f-Z-2-all,f-Z-3-all,f-I-0-all,f-I-1-all,f-I-2-all,f-I-3-all,f-T-0-all,f-T-1-all,f-T-2-all,f-T-3-all,f-S-0-all,f-S-1-all,f-S-2-all,f-S-3-all,mc-chi-0-all,mc-chi-1-all,mc-chi-2-all,mc-chi-3-all,mc-Z-0-all,mc-Z-1-all,mc-Z-2-all,mc-Z-3-all,mc-I-0-all,mc-I-1-all,mc-I-2-all,mc-I-3-all,mc-T-0-all,mc-T-1-all,mc-T-2-all,mc-T-3-all,mc-S-0-all,mc-S-1-all,mc-S-2-all,mc-S-3-all,D_mc-chi-0-all,D_mc-chi-1-all,D_mc-chi-2-all,D_mc-chi-3-all,D_mc-Z-0-all,D_mc-Z-1-all,D_mc-Z-2-all,D_mc-Z-3-all,D_mc-I-0-all,D_mc-I-1-all,D_mc-I-2-all,D_mc-I-3-all,D_mc-T-0-all,D_mc-T-1-all,D_mc-T-2-all,D_mc-T-3-all,D_mc-S-0-all,D_mc-S-1-all,D_mc-S-2-all,D_mc-S-3-all,name
173.81559999999996,294.74640000000005,888.8061999999998,823.1063999999997,1412.0,3872.0,6790.0,7184.0,22.0,56.0,104.0,120.0,172.0,512.0,810.0,752.0,19.682200000000012,49.9448,82.96080000000002,90.72399999999998,3.602624324324323,31.22590270270272,21.600551351351346,105.84938918918917,2920.189189189189,1892.7567567567567,14891.405405405405,6463.027027027027,1.0,4.864864864864865,5.513513513513513,16.16216216216216,24.972972972972972,60.270270270270274,132.64864864864865,191.24324324324326,2.155981081081082,5.170767567567569,11.031081081081082,17.119675675675676,0.0,-7.6578378378378344,-0.7686486486486478,-24.644324324324323,0.0,197.67567567567568,6.216216216216216,679.3513513513514,0.0,0.0,0.0,0.0,0.0,13.135135135135135,1.4594594594594594,42.972972972972975,0.0,3.5318918918918927,0.3989189189189189,11.632972972972976,JIYXUL_clean_primitive
1081.2111000000014,2400.7144000000003,8426.835200000003,8187.879600000011,112715.0,138304.0,592060.0,472776.0,117.0,352.0,844.0,1188.0,1292.0,4164.0,8254.0,13464.0,115.40489999999984,360.1655999999997,735.2863999999992,1217.5375999999997,3.602624324324323,31.22590270270272,21.600551351351346,105.84938918918917,2920.189189189189,1892.7567567567567,14891.405405405405,6463.027027027027,1.0,4.864864864864865,5.513513513513513,16.16216216216216,24.972972972972972,60.270270270270274,132.64864864864865,191.24324324324326,2.155981081081082,5.170767567567569,11.031081081081082,17.119675675675676,0.0,-7.6578378378378344,-0.7686486486486478,-24.644324324324323,0.0,197.67567567567568,6.216216216216216,679.3513513513514,0.0,0.0,0.0,0.0,0.0,13.135135135135135,1.4594594594594594,42.972972972972975,0.0,3.5318918918918927,0.3989189189189189,11.632972972972976,JIYXUL_clean_primitive
