f-lig-chi-0,f-lig-chi-1,f-lig-chi-2,f-lig-chi-3,f-lig-Z-0,f-lig-Z-1,f-lig-Z-2,f-lig-Z-3,f-lig-I-0,f-lig-I-1,f-lig-I-2,f-lig-I-3,f-lig-T-0,f-lig-T-1,f-lig-T-2,f-lig-T-3,f-lig-S-0,f-lig-S-1,f-lig-S-2,f-lig-S-3,name
89.33680000000001,174.24399999999997,264.1174,299.69700000000006,629.0,904.0,1418.0,1216.0,12.0,24.0,36.0,42.0,60.0,144.0,180.0,138.0,6.013499999999999,12.4906,17.909600000000005,18.164200000000005,NEYYUN_clean_primitive
89.33680000000003,174.24400000000003,264.11740000000003,299.697,629.0,904.0,1418.0,1216.0,12.0,24.0,36.0,42.0,60.0,144.0,180.0,138.0,6.0135,12.4906,17.9096,18.1642,NEYYUN_clean_primitive
89.33680000000001,174.244,264.1174,299.697,629.0,904.0,1418.0,1216.0,12.0,24.0,36.0,42.0,60.0,144.0,180.0,138.0,6.0135,12.4906,17.9096,18.1642,NEYYUN_clean_primitive
89.33680000000001,174.244,264.1174,299.697,629.0,904.0,1418.0,1216.0,12.0,24.0,36.0,42.0,60.0,144.0,180.0,138.0,6.013499999999999,12.4906,17.9096,18.1642,NEYYUN_clean_primitive
