f-chi-0-all,f-chi-1-all,f-chi-2-all,f-chi-3-all,f-Z-0-all,f-Z-1-all,f-Z-2-all,f-Z-3-all,f-I-0-all,f-I-1-all,f-I-2-all,f-I-3-all,f-T-0-all,f-T-1-all,f-T-2-all,f-T-3-all,f-S-0-all,f-S-1-all,f-S-2-all,f-S-3-all,mc-chi-0-all,mc-chi-1-all,mc-chi-2-all,mc-chi-3-all,mc-Z-0-all,mc-Z-1-all,mc-Z-2-all,mc-Z-3-all,mc-I-0-all,mc-I-1-all,mc-I-2-all,mc-I-3-all,mc-T-0-all,mc-T-1-all,mc-T-2-all,mc-T-3-all,mc-S-0-all,mc-S-1-all,mc-S-2-all,mc-S-3-all,D_mc-chi-0-all,D_mc-chi-1-all,D_mc-chi-2-all,D_mc-chi-3-all,D_mc-Z-0-all,D_mc-Z-1-all,D_mc-Z-2-all,D_mc-Z-3-all,D_mc-I-0-all,D_mc-I-1-all,D_mc-I-2-all,D_mc-I-3-all,D_mc-T-0-all,D_mc-T-1-all,D_mc-T-2-all,D_mc-T-3-all,D_mc-S-0-all,D_mc-S-1-all,D_mc-S-2-all,D_mc-S-3-all,name
76.99249999999999,122.73919999999998,180.96719999999996,210.528,1184.0,2176.0,2112.0,1152.0,9.0,16.0,20.0,24.0,36.0,80.0,80.0,48.0,5.967299999999999,11.563200000000002,13.848399999999996,13.490399999999998,3.6481,26.281599999999997,19.482,42.7076,784.0,896.0,672.0,1456.0,1.0,4.0,4.0,8.0,16.0,32.0,48.0,96.0,1.4641,3.5332,3.7268,7.3568,0.0,-6.12,-2.5599999999999996,-7.079999999999999,0.0,80.0,88.0,172.0,0.0,0.0,0.0,0.0,0.0,8.0,4.0,8.0,0.0,1.92,1.7599999999999998,3.5999999999999996,NEYYUN_clean_primitive
76.99249999999999,122.73919999999998,180.96719999999996,210.528,1184.0,2176.0,2112.0,1152.0,9.0,16.0,20.0,24.0,36.0,80.0,80.0,48.0,5.967299999999999,11.563200000000002,13.848399999999996,13.490399999999998,3.6481,26.281599999999997,19.482,42.7076,784.0,896.0,672.0,1456.0,1.0,4.0,4.0,8.0,16.0,32.0,48.0,96.0,1.4641,3.5332,3.7268,7.3568,0.0,-6.12,-2.5599999999999996,-7.079999999999999,0.0,80.0,88.0,172.0,0.0,0.0,0.0,0.0,0.0,8.0,4.0,8.0,0.0,1.92,1.7599999999999998,3.5999999999999996,NEYYUN_clean_primitive
