f-chi-0-all,f-chi-1-all,f-chi-2-all,f-chi-3-all,f-Z-0-all,f-Z-1-all,f-Z-2-all,f-Z-3-all,f-I-0-all,f-I-1-all,f-I-2-all,f-I-3-all,f-T-0-all,f-T-1-all,f-T-2-all,f-T-3-all,f-S-0-all,f-S-1-all,f-S-2-all,f-S-3-all,mc-chi-0-all,mc-chi-1-all,mc-chi-2-all,mc-chi-3-all,mc-Z-0-all,mc-Z-1-all,mc-Z-2-all,mc-Z-3-all,mc-I-0-all,mc-I-1-all,mc-I-2-all,mc-I-3-all,mc-T-0-all,mc-T-1-all,mc-T-2-all,mc-T-3-all,mc-S-0-all,mc-S-1-all,mc-S-2-all,mc-S-3-all,D_mc-chi-0-all,D_mc-chi-1-all,D_mc-chi-2-all,D_mc-chi-3-all,D_mc-Z-0-all,D_mc-Z-1-all,D_mc-Z-2-all,D_mc-Z-3-all,D_mc-I-0-all,D_mc-I-1-all,D_mc-I-2-all,D_mc-I-3-all,D_mc-T-0-all,D_mc-T-1-all,D_mc-T-2-all,D_mc-T-3-all,D_mc-S-0-all,D_mc-S-1-all,D_mc-S-2-all,D_mc-S-3-all,name
233.57539999999995,399.45,1407.7471999999996,1424.1779999999999,9194.0,17112.0,16304.0,15504.0,26.0,64.0,144.0,176.0,236.0,728.0,864.0,872.0,19.034399999999998,57.623999999999995,95.812,110.1744,1.44,31.956,18.359999999999996,42.06,3969.0,3906.0,2268.0,5166.0,1.0,8.0,6.0,12.0,64.0,144.0,144.0,240.0,2.8223999999999996,9.8784,7.7616,15.187199999999999,0.0,-17.03,-8.1,-20.65,0.0,442.0,342.0,674.0,0.0,0.0,0.0,0.0,0.0,46.0,30.0,66.0,0.0,7.5600000000000005,5.46,11.12,GARLUJ_clean_primitive
233.57539999999995,399.45,1407.7471999999996,1424.1779999999999,9194.0,17112.0,16304.0,15504.0,26.0,64.0,144.0,176.0,236.0,728.0,864.0,872.0,19.034399999999998,57.623999999999995,95.812,110.1744,1.44,31.956,18.359999999999996,42.06,3969.0,3906.0,2268.0,5166.0,1.0,8.0,6.0,12.0,64.0,144.0,144.0,240.0,2.8223999999999996,9.8784,7.7616,15.187199999999999,0.0,-17.03,-8.1,-20.65,0.0,442.0,342.0,674.0,0.0,0.0,0.0,0.0,0.0,46.0,30.0,66.0,0.0,7.5600000000000005,5.46,11.12,GARLUJ_clean_primitive
