f-link-chi-0,f-link-chi-1,f-link-chi-2,f-link-chi-3,f-link-Z-0,f-link-Z-1,f-link-Z-2,f-link-Z-3,f-link-I-0,f-link-I-1,f-link-I-2,f-link-I-3,f-link-T-0,f-link-T-1,f-link-T-2,f-link-T-3,f-link-S-0,f-link-S-1,f-link-S-2,f-link-S-3,name
188.92299999999997,377.09400000000005,588.2914000000001,716.262,832.0,1680.0,2440.0,2472.0,27.0,56.0,86.0,108.0,142.0,348.0,478.0,492.0,12.060300000000002,27.90480000000001,40.40060000000001,44.74360000000001,HEBHED
241.1314,538.3840000000002,857.3144000000001,1053.091,862.0,2044.0,2756.0,2704.0,40.0,84.0,136.0,174.0,220.0,548.0,760.0,814.0,15.386400000000009,38.43960000000001,56.17760000000003,62.164600000000014,HEBHED
188.92299999999997,377.094,588.2914000000001,716.2619999999998,832.0,1680.0,2440.0,2472.0,27.0,56.0,86.0,108.0,142.0,348.0,478.0,492.0,12.0603,27.904800000000012,40.40060000000001,44.74360000000001,HEBHED
241.1314,538.3840000000004,857.3144000000002,1053.091,862.0,2044.0,2756.0,2704.0,40.0,84.0,136.0,174.0,220.0,548.0,760.0,814.0,15.386400000000007,38.43960000000001,56.17760000000002,62.16459999999999,HEBHED
188.92299999999997,377.094,588.2914,716.2620000000001,832.0,1680.0,2440.0,2472.0,27.0,56.0,86.0,108.0,142.0,348.0,478.0,492.0,12.060300000000002,27.90480000000001,40.400600000000004,44.7436,HEBHED
188.92299999999997,377.0940000000001,588.2914000000001,716.262,832.0,1680.0,2440.0,2472.0,27.0,56.0,86.0,108.0,142.0,348.0,478.0,492.0,12.060300000000003,27.90480000000001,40.40060000000001,44.74359999999999,HEBHED
