f-sbu-chi-0,f-sbu-chi-1,f-sbu-chi-2,f-sbu-chi-3,f-sbu-Z-0,f-sbu-Z-1,f-sbu-Z-2,f-sbu-Z-3,f-sbu-I-0,f-sbu-I-1,f-sbu-I-2,f-sbu-I-3,f-sbu-T-0,f-sbu-T-1,f-sbu-T-2,f-sbu-T-3,f-sbu-S-0,f-sbu-S-1,f-sbu-S-2,f-sbu-S-3,mc-chi-0,mc-chi-1,mc-chi-2,mc-chi-3,mc-Z-0,mc-Z-1,mc-Z-2,mc-Z-3,mc-I-0,mc-I-1,mc-I-2,mc-I-3,mc-T-0,mc-T-1,mc-T-2,mc-T-3,mc-S-0,mc-S-1,mc-S-2,mc-S-3,D_mc-chi-0,D_mc-chi-1,D_mc-chi-2,D_mc-chi-3,D_mc-Z-0,D_mc-Z-1,D_mc-Z-2,D_mc-Z-3,D_mc-I-0,D_mc-I-1,D_mc-I-2,D_mc-I-3,D_mc-T-0,D_mc-T-1,D_mc-T-2,D_mc-T-3,D_mc-S-0,D_mc-S-1,D_mc-S-2,D_mc-S-3,name
172.2408,328.7039999999999,687.0628,929.2671999999998,2356.0,5316.0,6976.0,7968.0,20.0,44.0,76.0,112.0,120.0,308.0,428.0,512.0,13.3066,32.1104,51.46919999999999,68.92480000000002,3.5343999999999998,31.583999999999993,28.764,64.48399999999998,729.0,1053.0,972.0,2052.0,1.0,5.0,6.0,12.0,25.0,55.0,90.0,150.0,1.5876000000000001,4.6242,5.8212,10.911600000000002,0.0,-7.4,-4.02,-11.740000000000002,0.0,96.0,126.0,248.0,0.0,0.0,0.0,0.0,0.0,14.0,12.0,30.0,0.0,2.63,2.9400000000000004,6.460000000000001,HEBHED
172.24079999999998,328.70399999999984,687.0628,929.2671999999995,2356.0,5316.0,6976.0,7968.0,20.0,44.0,76.0,112.0,120.0,308.0,428.0,512.0,13.3066,32.110400000000006,51.46919999999999,68.9248,3.5343999999999998,31.583999999999993,28.764,64.48399999999998,729.0,1053.0,972.0,2052.0,1.0,5.0,6.0,12.0,25.0,55.0,90.0,150.0,1.5876000000000001,4.6242,5.8212,10.911600000000002,0.0,-7.4,-4.02,-11.740000000000002,0.0,96.0,126.0,248.0,0.0,0.0,0.0,0.0,0.0,14.0,12.0,30.0,0.0,2.63,2.9400000000000004,6.460000000000001,HEBHED
