f-chi-0-all,f-chi-1-all,f-chi-2-all,f-chi-3-all,f-Z-0-all,f-Z-1-all,f-Z-2-all,f-Z-3-all,f-I-0-all,f-I-1-all,f-I-2-all,f-I-3-all,f-T-0-all,f-T-1-all,f-T-2-all,f-T-3-all,f-S-0-all,f-S-1-all,f-S-2-all,f-S-3-all,mc-chi-0-all,mc-chi-1-all,mc-chi-2-all,mc-chi-3-all,mc-Z-0-all,mc-Z-1-all,mc-Z-2-all,mc-Z-3-all,mc-I-0-all,mc-I-1-all,mc-I-2-all,mc-I-3-all,mc-T-0-all,mc-T-1-all,mc-T-2-all,mc-T-3-all,mc-S-0-all,mc-S-1-all,mc-S-2-all,mc-S-3-all,D_mc-chi-0-all,D_mc-chi-1-all,D_mc-chi-2-all,D_mc-chi-3-all,D_mc-Z-0-all,D_mc-Z-1-all,D_mc-Z-2-all,D_mc-Z-3-all,D_mc-I-0-all,D_mc-I-1-all,D_mc-I-2-all,D_mc-I-3-all,D_mc-T-0-all,D_mc-T-1-all,D_mc-T-2-all,D_mc-T-3-all,D_mc-S-0-all,D_mc-S-1-all,D_mc-S-2-all,D_mc-S-3-all,name
284.6484000000001,544.5248000000001,975.7240000000002,1823.0271999999995,3987.0,7728.0,16362.0,16604.0,35.0,72.0,130.0,220.0,202.0,572.0,982.0,1188.0,23.956400000000002,53.969999999999985,101.85739999999998,143.36999999999998,3.61,26.954666666666668,48.53866666666665,76.11399999999999,841.0,947.3333333333334,2668.0,2378.0,1.0,4.666666666666667,9.333333333333334,14.666666666666666,22.666666666666668,68.0,126.66666666666667,158.66666666666666,1.9043999999999996,4.83,10.8928,13.910400000000001,0.0,-5.320000000000001,-7.813333333333335,-12.193333333333337,0.0,102.66666666666667,178.66666666666666,343.3333333333333,0.0,0.0,0.0,0.0,0.0,8.666666666666666,18.666666666666668,34.0,0.0,2.9399999999999995,4.9866666666666655,10.159999999999998,CISLUN_clean_primitive
284.6484000000001,544.5248000000001,975.7240000000002,1823.0271999999995,3987.0,7728.0,16362.0,16604.0,35.0,72.0,130.0,220.0,202.0,572.0,982.0,1188.0,23.956400000000002,53.969999999999985,101.85739999999998,143.36999999999998,3.61,26.954666666666668,48.53866666666665,76.11399999999999,841.0,947.3333333333334,2668.0,2378.0,1.0,4.666666666666667,9.333333333333334,14.666666666666666,22.666666666666668,68.0,126.66666666666667,158.66666666666666,1.9043999999999996,4.83,10.8928,13.910400000000001,0.0,-5.320000000000001,-7.813333333333335,-12.193333333333337,0.0,102.66666666666667,178.66666666666666,343.3333333333333,0.0,0.0,0.0,0.0,0.0,8.666666666666666,18.666666666666668,34.0,0.0,2.9399999999999995,4.9866666666666655,10.159999999999998,CISLUN_clean_primitive
