f-link-chi-0,f-link-chi-1,f-link-chi-2,f-link-chi-3,f-link-Z-0,f-link-Z-1,f-link-Z-2,f-link-Z-3,f-link-I-0,f-link-I-1,f-link-I-2,f-link-I-3,f-link-T-0,f-link-T-1,f-link-T-2,f-link-T-3,f-link-S-0,f-link-S-1,f-link-S-2,f-link-S-3,name
203.24610000000004,428.1220000000002,662.5974,817.9124000000002,804.0,1732.0,2346.0,2288.0,31.0,64.0,100.0,124.0,164.0,400.0,532.0,536.0,12.666300000000003,30.154400000000006,42.92200000000001,46.81719999999999,VOPVON
203.24610000000004,428.1220000000001,662.5974000000001,817.9124000000002,804.0,1732.0,2346.0,2288.0,31.0,64.0,100.0,124.0,164.0,400.0,532.0,536.0,12.666300000000005,30.15440000000001,42.92200000000001,46.8172,VOPVON
203.2461,428.1220000000001,662.5974000000002,817.9124000000003,804.0,1732.0,2346.0,2288.0,31.0,64.0,100.0,124.0,164.0,400.0,532.0,536.0,12.666300000000005,30.154400000000006,42.922000000000004,46.81720000000001,VOPVON
203.2461,428.1220000000002,662.5974,817.9123999999999,804.0,1732.0,2346.0,2288.0,31.0,64.0,100.0,124.0,164.0,400.0,532.0,536.0,12.666300000000001,30.15440000000001,42.922000000000004,46.8172,VOPVON
132.79600000000002,250.132,378.0084,446.227,598.0,1108.0,1626.0,1636.0,18.0,36.0,54.0,66.0,90.0,216.0,294.0,306.0,8.121799999999999,17.957600000000003,25.6286,28.69140000000001,VOPVON
132.796,250.13199999999995,378.00839999999994,446.22700000000003,598.0,1108.0,1626.0,1636.0,18.0,36.0,54.0,66.0,90.0,216.0,294.0,306.0,8.121799999999999,17.9576,25.6286,28.691400000000005,VOPVON
132.796,250.132,378.0084,446.2269999999999,598.0,1108.0,1626.0,1636.0,18.0,36.0,54.0,66.0,90.0,216.0,294.0,306.0,8.1218,17.957600000000003,25.628600000000002,28.6914,VOPVON
132.79600000000002,250.13199999999995,378.00839999999994,446.2269999999999,598.0,1108.0,1626.0,1636.0,18.0,36.0,54.0,66.0,90.0,216.0,294.0,306.0,8.121799999999999,17.957600000000006,25.628600000000002,28.691399999999998,VOPVON
