f-chi-0-all,f-chi-1-all,f-chi-2-all,f-chi-3-all,f-Z-0-all,f-Z-1-all,f-Z-2-all,f-Z-3-all,f-I-0-all,f-I-1-all,f-I-2-all,f-I-3-all,f-T-0-all,f-T-1-all,f-T-2-all,f-T-3-all,f-S-0-all,f-S-1-all,f-S-2-all,f-S-3-all,mc-chi-0-all,mc-chi-1-all,mc-chi-2-all,mc-chi-3-all,mc-Z-0-all,mc-Z-1-all,mc-Z-2-all,mc-Z-3-all,mc-I-0-all,mc-I-1-all,mc-I-2-all,mc-I-3-all,mc-T-0-all,mc-T-1-all,mc-T-2-all,mc-T-3-all,mc-S-0-all,mc-S-1-all,mc-S-2-all,mc-S-3-all,D_mc-chi-0-all,D_mc-chi-1-all,D_mc-chi-2-all,D_mc-chi-3-all,D_mc-Z-0-all,D_mc-Z-1-all,D_mc-Z-2-all,D_mc-Z-3-all,D_mc-I-0-all,D_mc-I-1-all,D_mc-I-2-all,D_mc-I-3-all,D_mc-T-0-all,D_mc-T-1-all,D_mc-T-2-all,D_mc-T-3-all,D_mc-S-0-all,D_mc-S-1-all,D_mc-S-2-all,D_mc-S-3-all,name
261.5700999999999,514.4759999999998,1490.5007999999998,1394.8479999999988,3259.0,9480.0,14124.0,14984.0,29.0,76.0,154.0,180.0,266.0,828.0,1142.0,1248.0,20.25170000000001,61.16919999999999,103.41140000000003,121.68439999999994,2.4025000000000003,34.627,21.648333333333337,59.261666666666656,625.0,1300.0,1533.3333333333333,2233.3333333333335,1.0,6.666666666666667,6.0,12.666666666666666,44.666666666666664,107.33333333333333,148.0,213.33333333333334,1.9320999999999995,6.801733333333331,7.570866666666665,13.186466666666663,0.0,-12.006666666666666,-4.666666666666665,-18.6,0.0,114.66666666666667,88.66666666666667,227.33333333333334,0.0,0.0,0.0,0.0,0.0,28.666666666666668,16.666666666666668,50.0,0.0,4.373333333333333,2.893333333333333,8.12,OXALEF_clean_primitive
