f-sbu-chi-0,f-sbu-chi-1,f-sbu-chi-2,f-sbu-chi-3,f-sbu-Z-0,f-sbu-Z-1,f-sbu-Z-2,f-sbu-Z-3,f-sbu-I-0,f-sbu-I-1,f-sbu-I-2,f-sbu-I-3,f-sbu-T-0,f-sbu-T-1,f-sbu-T-2,f-sbu-T-3,f-sbu-S-0,f-sbu-S-1,f-sbu-S-2,f-sbu-S-3,mc-chi-0,mc-chi-1,mc-chi-2,mc-chi-3,mc-Z-0,mc-Z-1,mc-Z-2,mc-Z-3,mc-I-0,mc-I-1,mc-I-2,mc-I-3,mc-T-0,mc-T-1,mc-T-2,mc-T-3,mc-S-0,mc-S-1,mc-S-2,mc-S-3,D_mc-chi-0,D_mc-chi-1,D_mc-chi-2,D_mc-chi-3,D_mc-Z-0,D_mc-Z-1,D_mc-Z-2,D_mc-Z-3,D_mc-I-0,D_mc-I-1,D_mc-I-2,D_mc-I-3,D_mc-T-0,D_mc-T-1,D_mc-T-2,D_mc-T-3,D_mc-S-0,D_mc-S-1,D_mc-S-2,D_mc-S-3,name
202.89849999999996,399.384,984.1085999999999,1039.0175999999997,3076.0,7392.0,12408.0,14016.0,22.0,54.0,102.0,132.0,156.0,426.0,726.0,840.0,15.172599999999997,40.865400000000015,70.84379999999999,91.01640000000003,3.3489000000000004,31.476000000000003,25.363799999999998,69.0276,676.0,1040.0,1976.0,2288.0,1.0,5.0,6.0,12.0,25.0,55.0,110.0,180.0,1.5625,4.5625,6.9750000000000005,11.149999999999999,0.0,-8.049999999999999,-2.879999999999999,-15.759999999999996,0.0,90.0,80.0,224.0,0.0,0.0,0.0,0.0,0.0,14.0,8.0,24.0,0.0,2.6,1.92,6.079999999999999,ONUJUE
202.89849999999996,399.384,984.1085999999998,1039.0175999999997,3076.0,7392.0,12408.0,14016.0,22.0,54.0,102.0,132.0,156.0,426.0,726.0,840.0,15.172599999999997,40.86540000000001,70.84379999999997,91.0164,3.3489000000000004,31.476000000000003,25.363799999999998,69.0276,676.0,1040.0,1976.0,2288.0,1.0,5.0,6.0,12.0,25.0,55.0,110.0,180.0,1.5625,4.5625,6.9750000000000005,11.149999999999999,0.0,-8.049999999999999,-2.879999999999999,-15.759999999999996,0.0,90.0,80.0,224.0,0.0,0.0,0.0,0.0,0.0,14.0,8.0,24.0,0.0,2.6,1.92,6.079999999999999,ONUJUE
