f-link-chi-0,f-link-chi-1,f-link-chi-2,f-link-chi-3,f-link-Z-0,f-link-Z-1,f-link-Z-2,f-link-Z-3,f-link-I-0,f-link-I-1,f-link-I-2,f-link-I-3,f-link-T-0,f-link-T-1,f-link-T-2,f-link-T-3,f-link-S-0,f-link-S-1,f-link-S-2,f-link-S-3,name
570.2832000000001,1182.0780000000002,1905.4812000000022,2476.491000000001,2520.0,5328.0,8112.0,9456.0,84.0,180.0,288.0,390.0,468.0,1188.0,1776.0,2166.0,38.139599999999994,91.19879999999995,139.7279999999999,174.45659999999998,AZAWAB
570.2832,1182.0780000000004,1905.481200000002,2476.4910000000004,2520.0,5328.0,8112.0,9456.0,84.0,180.0,288.0,390.0,468.0,1188.0,1776.0,2166.0,38.13960000000001,91.19879999999999,139.72799999999995,174.45660000000004,AZAWAB
570.2832000000001,1182.0780000000007,1905.481200000002,2476.491000000001,2520.0,5328.0,8112.0,9456.0,84.0,180.0,288.0,390.0,468.0,1188.0,1776.0,2166.0,38.139600000000016,91.19879999999999,139.72799999999998,174.45660000000007,AZAWAB
570.2832,1182.0779999999997,1905.481200000002,2476.491000000001,2520.0,5328.0,8112.0,9456.0,84.0,180.0,288.0,390.0,468.0,1188.0,1776.0,2166.0,38.139599999999994,91.19879999999993,139.72799999999992,174.4566,AZAWAB
