f-chi-0-all,f-chi-1-all,f-chi-2-all,f-chi-3-all,f-Z-0-all,f-Z-1-all,f-Z-2-all,f-Z-3-all,f-I-0-all,f-I-1-all,f-I-2-all,f-I-3-all,f-T-0-all,f-T-1-all,f-T-2-all,f-T-3-all,f-S-0-all,f-S-1-all,f-S-2-all,f-S-3-all,mc-chi-0-all,mc-chi-1-all,mc-chi-2-all,mc-chi-3-all,mc-Z-0-all,mc-Z-1-all,mc-Z-2-all,mc-Z-3-all,mc-I-0-all,mc-I-1-all,mc-I-2-all,mc-I-3-all,mc-T-0-all,mc-T-1-all,mc-T-2-all,mc-T-3-all,mc-S-0-all,mc-S-1-all,mc-S-2-all,mc-S-3-all,D_mc-chi-0-all,D_mc-chi-1-all,D_mc-chi-2-all,D_mc-chi-3-all,D_mc-Z-0-all,D_mc-Z-1-all,D_mc-Z-2-all,D_mc-Z-3-all,D_mc-I-0-all,D_mc-I-1-all,D_mc-I-2-all,D_mc-I-3-all,D_mc-T-0-all,D_mc-T-1-all,D_mc-T-2-all,D_mc-T-3-all,D_mc-S-0-all,D_mc-S-1-all,D_mc-S-2-all,D_mc-S-3-all,name
254.48919999999993,451.1903999999998,1208.4166,1514.8384,2268.0,5504.0,9792.0,13216.0,30.0,72.0,140.0,216.0,216.0,640.0,1114.0,1328.0,22.33320000000001,58.25399999999999,105.03440000000003,144.54,1.7161000000000004,22.532000000000004,20.0692,55.589850000000006,144.0,480.0,684.0,1188.0,1.0,5.0,7.5,13.5,25.0,65.0,125.0,162.5,1.9321,5.073499999999999,9.549299999999997,13.948649999999994,0.0,-10.649999999999999,-5.495000000000001,-24.749999999999993,0.0,20.0,33.0,63.0,0.0,0.0,0.0,0.0,0.0,12.0,12.5,35.0,0.0,3.3000000000000003,3.5549999999999997,8.73,EQERAU_clean_primitive
254.48919999999993,451.19039999999984,1208.4166,1514.8384,2268.0,5504.0,9792.0,13216.0,30.0,72.0,140.0,216.0,216.0,640.0,1114.0,1328.0,22.33320000000001,58.25399999999999,105.03440000000003,144.54,1.7161000000000004,22.532000000000004,20.0692,55.589850000000006,144.0,480.0,684.0,1188.0,1.0,5.0,7.5,13.5,25.0,65.0,125.0,162.5,1.9321,5.073499999999999,9.549299999999997,13.948649999999994,0.0,-10.649999999999999,-5.495000000000001,-24.749999999999993,0.0,20.0,33.0,63.0,0.0,0.0,0.0,0.0,0.0,12.0,12.5,35.0,0.0,3.3000000000000003,3.5549999999999997,8.73,EQERAU_clean_primitive
