f-lig-chi-0,f-lig-chi-1,f-lig-chi-2,f-lig-chi-3,f-lig-Z-0,f-lig-Z-1,f-lig-Z-2,f-lig-Z-3,f-lig-I-0,f-lig-I-1,f-lig-I-2,f-lig-I-3,f-lig-T-0,f-lig-T-1,f-lig-T-2,f-lig-T-3,f-lig-S-0,f-lig-S-1,f-lig-S-2,f-lig-S-3,name
121.3514,260.90740000000005,352.46600000000007,296.31500000000005,560.0,1228.0,1496.0,992.0,18.0,38.0,52.0,46.0,90.0,208.0,260.0,168.0,8.726600000000001,19.8214,25.597200000000004,19.699,HAFTOZ_clean_primitive
121.35140000000001,260.90739999999994,352.46600000000007,296.31500000000005,560.0,1228.0,1496.0,992.0,18.0,38.0,52.0,46.0,90.0,208.0,260.0,168.0,8.726600000000001,19.821400000000004,25.597200000000008,19.699000000000005,HAFTOZ_clean_primitive
121.3514,260.9074,352.466,296.31500000000005,560.0,1228.0,1496.0,992.0,18.0,38.0,52.0,46.0,90.0,208.0,260.0,168.0,8.726600000000001,19.821400000000004,25.597200000000004,19.699000000000005,HAFTOZ_clean_primitive
121.3514,260.90740000000005,352.466,296.31500000000005,560.0,1228.0,1496.0,992.0,18.0,38.0,52.0,46.0,90.0,208.0,260.0,168.0,8.7266,19.821400000000004,25.597200000000004,19.699000000000005,HAFTOZ_clean_primitive
121.3514,260.90740000000005,352.466,296.3150000000001,560.0,1228.0,1496.0,992.0,18.0,38.0,52.0,46.0,90.0,208.0,260.0,168.0,8.7266,19.821400000000004,25.597200000000004,19.699000000000005,HAFTOZ_clean_primitive
121.3514,260.90740000000005,352.466,296.3150000000001,560.0,1228.0,1496.0,992.0,18.0,38.0,52.0,46.0,90.0,208.0,260.0,168.0,8.7266,19.821400000000004,25.597200000000004,19.699000000000005,HAFTOZ_clean_primitive
