f-chi-0-all,f-chi-1-all,f-chi-2-all,f-chi-3-all,f-Z-0-all,f-Z-1-all,f-Z-2-all,f-Z-3-all,f-I-0-all,f-I-1-all,f-I-2-all,f-I-3-all,f-T-0-all,f-T-1-all,f-T-2-all,f-T-3-all,f-S-0-all,f-S-1-all,f-S-2-all,f-S-3-all,mc-chi-0-all,mc-chi-1-all,mc-chi-2-all,mc-chi-3-all,mc-Z-0-all,mc-Z-1-all,mc-Z-2-all,mc-Z-3-all,mc-I-0-all,mc-I-1-all,mc-I-2-all,mc-I-3-all,mc-T-0-all,mc-T-1-all,mc-T-2-all,mc-T-3-all,mc-S-0-all,mc-S-1-all,mc-S-2-all,mc-S-3-all,D_mc-chi-0-all,D_mc-chi-1-all,D_mc-chi-2-all,D_mc-chi-3-all,D_mc-Z-0-all,D_mc-Z-1-all,D_mc-Z-2-all,D_mc-Z-3-all,D_mc-I-0-all,D_mc-I-1-all,D_mc-I-2-all,D_mc-I-3-all,D_mc-T-0-all,D_mc-T-1-all,D_mc-T-2-all,D_mc-T-3-all,D_mc-S-0-all,D_mc-S-1-all,D_mc-S-2-all,D_mc-S-3-all,name
1017.9984000000019,2122.4496000000026,6461.896799999991,8514.878400000003,25638.0,53496.0,76152.0,84768.0,118.0,312.0,720.0,1056.0,1032.0,3048.0,5688.0,6912.0,81.60359999999991,243.39839999999978,486.90239999999875,665.9567999999992,2.6966399999999995,29.80608,26.193599999999993,44.27808,2025.0,2257.2,2203.2,3024.0,1.0,6.0,7.2,9.6,42.0,94.8,158.4,156.0,2.0815200000000003,6.6628799999999995,8.537759999999995,10.584,0.0,-11.327999999999998,-8.088000000000003,-13.967999999999998,0.0,244.8,324.0,364.8,0.0,0.0,0.0,0.0,0.0,28.8,31.2,38.4,0.0,4.667999999999998,5.5440000000000005,6.911999999999999,TAKYEL_clean_primitive
