f-sbu-chi-0,f-sbu-chi-1,f-sbu-chi-2,f-sbu-chi-3,f-sbu-Z-0,f-sbu-Z-1,f-sbu-Z-2,f-sbu-Z-3,f-sbu-I-0,f-sbu-I-1,f-sbu-I-2,f-sbu-I-3,f-sbu-T-0,f-sbu-T-1,f-sbu-T-2,f-sbu-T-3,f-sbu-S-0,f-sbu-S-1,f-sbu-S-2,f-sbu-S-3,mc-chi-0,mc-chi-1,mc-chi-2,mc-chi-3,mc-Z-0,mc-Z-1,mc-Z-2,mc-Z-3,mc-I-0,mc-I-1,mc-I-2,mc-I-3,mc-T-0,mc-T-1,mc-T-2,mc-T-3,mc-S-0,mc-S-1,mc-S-2,mc-S-3,D_mc-chi-0,D_mc-chi-1,D_mc-chi-2,D_mc-chi-3,D_mc-Z-0,D_mc-Z-1,D_mc-Z-2,D_mc-Z-3,D_mc-I-0,D_mc-I-1,D_mc-I-2,D_mc-I-3,D_mc-T-0,D_mc-T-1,D_mc-T-2,D_mc-T-3,D_mc-S-0,D_mc-S-1,D_mc-S-2,D_mc-S-3,name
184.26579999999998,358.21119999999996,674.1073999999999,953.6930000000002,1684.0,3922.0,5180.0,4652.0,26.0,52.0,90.0,124.0,148.0,386.0,492.0,482.0,12.529000000000003,29.8172,46.830199999999984,59.22919999999999,2.7224999999999997,32.736,36.71249999999999,61.14899999999999,900.0,1380.0,1320.0,2100.0,1.0,6.0,9.0,14.0,36.0,90.0,138.0,180.0,1.7161000000000002,5.7902000000000005,8.0303,11.8686,0.0,-9.940000000000001,-7.400000000000002,-13.960000000000003,0.0,134.0,226.0,350.0,0.0,0.0,0.0,0.0,0.0,21.0,31.0,54.0,0.0,3.4400000000000004,5.66,9.280000000000001,QUDJUV
184.2658,358.2112,674.1074,953.6930000000001,1684.0,3922.0,5180.0,4652.0,26.0,52.0,90.0,124.0,148.0,386.0,492.0,482.0,12.529000000000002,29.8172,46.830199999999984,59.229199999999985,2.7224999999999997,32.736,36.71249999999999,61.14899999999999,900.0,1380.0,1320.0,2100.0,1.0,6.0,9.0,14.0,36.0,90.0,138.0,180.0,1.7161000000000002,5.7902000000000005,8.0303,11.8686,0.0,-9.940000000000001,-7.400000000000002,-13.960000000000003,0.0,134.0,226.0,350.0,0.0,0.0,0.0,0.0,0.0,21.0,31.0,54.0,0.0,3.4400000000000004,5.66,9.280000000000001,QUDJUV
