f-lig-chi-0,f-lig-chi-1,f-lig-chi-2,f-lig-chi-3,f-lig-Z-0,f-lig-Z-1,f-lig-Z-2,f-lig-Z-3,f-lig-I-0,f-lig-I-1,f-lig-I-2,f-lig-I-3,f-lig-T-0,f-lig-T-1,f-lig-T-2,f-lig-T-3,f-lig-S-0,f-lig-S-1,f-lig-S-2,f-lig-S-3,name
181.01379999999997,338.0591999999999,630.9671999999999,595.885,1132.0,2544.0,3060.0,3016.0,26.0,52.0,88.0,90.0,140.0,324.0,420.0,458.0,11.556799999999997,27.611600000000006,39.49159999999999,43.395800000000015,KASPOL_clean_primitive
181.01379999999997,338.0591999999999,630.9671999999999,595.885,1132.0,2544.0,3060.0,3016.0,26.0,52.0,88.0,90.0,140.0,324.0,420.0,458.0,11.556799999999997,27.611600000000006,39.49159999999999,43.395800000000015,KASPOL_clean_primitive
