f-lig-chi-0,f-lig-chi-1,f-lig-chi-2,f-lig-chi-3,f-lig-Z-0,f-lig-Z-1,f-lig-Z-2,f-lig-Z-3,f-lig-I-0,f-lig-I-1,f-lig-I-2,f-lig-I-3,f-lig-T-0,f-lig-T-1,f-lig-T-2,f-lig-T-3,f-lig-S-0,f-lig-S-1,f-lig-S-2,f-lig-S-3,name
73.6386,134.5506,176.2208,114.66879999999999,396.0,726.0,950.0,616.0,8.0,16.0,20.0,12.0,36.0,78.0,86.0,40.0,4.5016,9.119200000000001,11.309200000000002,6.6899999999999995,UMELUU_clean_primitive
73.6386,134.55059999999997,176.2208,114.66879999999999,396.0,726.0,950.0,616.0,8.0,16.0,20.0,12.0,36.0,78.0,86.0,40.0,4.5016,9.119200000000003,11.3092,6.6899999999999995,UMELUU_clean_primitive
73.6386,134.55059999999997,176.2208,114.6688,396.0,726.0,950.0,616.0,8.0,16.0,20.0,12.0,36.0,78.0,86.0,40.0,4.5016,9.119200000000003,11.309200000000002,6.6899999999999995,UMELUU_clean_primitive
73.6386,134.55059999999997,176.22079999999994,114.66879999999999,396.0,726.0,950.0,616.0,8.0,16.0,20.0,12.0,36.0,78.0,86.0,40.0,4.5016,9.119200000000003,11.309200000000004,6.6899999999999995,UMELUU_clean_primitive
73.6386,134.55059999999997,176.22079999999994,114.66879999999999,396.0,726.0,950.0,616.0,8.0,16.0,20.0,12.0,36.0,78.0,86.0,40.0,4.5016,9.119200000000003,11.309200000000002,6.6899999999999995,UMELUU_clean_primitive
73.6386,134.5506,176.2208,114.66879999999999,396.0,726.0,950.0,616.0,8.0,16.0,20.0,12.0,36.0,78.0,86.0,40.0,4.5016,9.119200000000001,11.309200000000002,6.6899999999999995,UMELUU_clean_primitive
73.6386,134.5506,176.2208,114.66879999999998,396.0,726.0,950.0,616.0,8.0,16.0,20.0,12.0,36.0,78.0,86.0,40.0,4.5016,9.119200000000001,11.3092,6.689999999999999,UMELUU_clean_primitive
73.6386,134.55059999999997,176.22079999999997,114.66879999999999,396.0,726.0,950.0,616.0,8.0,16.0,20.0,12.0,36.0,78.0,86.0,40.0,4.5016,9.119200000000001,11.309200000000002,6.6899999999999995,UMELUU_clean_primitive
