f-chi-0-all,f-chi-1-all,f-chi-2-all,f-chi-3-all,f-Z-0-all,f-Z-1-all,f-Z-2-all,f-Z-3-all,f-I-0-all,f-I-1-all,f-I-2-all,f-I-3-all,f-T-0-all,f-T-1-all,f-T-2-all,f-T-3-all,f-S-0-all,f-S-1-all,f-S-2-all,f-S-3-all,mc-chi-0-all,mc-chi-1-all,mc-chi-2-all,mc-chi-3-all,mc-Z-0-all,mc-Z-1-all,mc-Z-2-all,mc-Z-3-all,mc-I-0-all,mc-I-1-all,mc-I-2-all,mc-I-3-all,mc-T-0-all,mc-T-1-all,mc-T-2-all,mc-T-3-all,mc-S-0-all,mc-S-1-all,mc-S-2-all,mc-S-3-all,D_mc-chi-0-all,D_mc-chi-1-all,D_mc-chi-2-all,D_mc-chi-3-all,D_mc-Z-0-all,D_mc-Z-1-all,D_mc-Z-2-all,D_mc-Z-3-all,D_mc-I-0-all,D_mc-I-1-all,D_mc-I-2-all,D_mc-I-3-all,D_mc-T-0-all,D_mc-T-1-all,D_mc-T-2-all,D_mc-T-3-all,D_mc-S-0-all,D_mc-S-1-all,D_mc-S-2-all,D_mc-S-3-all,name
499.8517999999997,933.4783999999997,2358.521600000002,2898.406400000002,16448.0,27648.0,29696.0,38400.0,54.0,128.0,240.0,352.0,368.0,960.0,1408.0,1856.0,39.681599999999996,105.11999999999995,166.7247999999999,231.03039999999982,2.8560999999999996,31.005866666666662,22.983999999999998,53.98986666666668,2304.0,2048.0,1536.0,3584.0,1.0,5.333333333333333,5.333333333333333,10.666666666666666,29.333333333333332,58.666666666666664,88.0,146.66666666666666,2.1904,5.762133333333334,6.077866666666666,11.840000000000002,0.0,-9.333333333333334,-4.586666666666665,-13.919999999999996,0.0,213.33333333333334,224.0,437.3333333333333,0.0,0.0,0.0,0.0,0.0,18.666666666666668,13.333333333333334,32.0,0.0,4.0,3.7866666666666666,7.786666666666669,CUKXAJ_clean_primitive
