f-link-chi-0,f-link-chi-1,f-link-chi-2,f-link-chi-3,f-link-Z-0,f-link-Z-1,f-link-Z-2,f-link-Z-3,f-link-I-0,f-link-I-1,f-link-I-2,f-link-I-3,f-link-T-0,f-link-T-1,f-link-T-2,f-link-T-3,f-link-S-0,f-link-S-1,f-link-S-2,f-link-S-3,name
96.51319999999998,420.13800000000003,576.198,252.57319999999996,530.0,2304.0,3168.0,1394.0,14.0,60.0,84.0,38.0,264.0,1152.0,1536.0,648.0,8.2398,35.20440000000001,49.43400000000001,22.469400000000004,EZOGAC
99.35439999999998,174.21599999999995,247.5603999999999,231.3869999999999,544.0,960.0,1360.0,1272.0,12.0,24.0,32.0,30.0,56.0,124.0,140.0,114.0,6.8748000000000005,13.983200000000004,18.486400000000003,17.294200000000004,EZOGAC
99.35439999999998,174.21599999999995,247.5603999999999,231.3869999999999,544.0,960.0,1360.0,1272.0,12.0,24.0,32.0,30.0,56.0,124.0,140.0,114.0,6.8748000000000005,13.983200000000004,18.486400000000003,17.294200000000004,EZOGAC
96.51319999999998,420.13800000000003,576.1979999999999,252.57319999999996,530.0,2304.0,3168.0,1394.0,14.0,60.0,84.0,38.0,264.0,1152.0,1536.0,648.0,8.239800000000002,35.204400000000014,49.43400000000002,22.469400000000004,EZOGAC
96.5132,420.138,576.1979999999999,252.57319999999996,530.0,2304.0,3168.0,1394.0,14.0,60.0,84.0,38.0,264.0,1152.0,1536.0,648.0,8.239800000000002,35.20440000000001,49.43400000000002,22.469400000000004,EZOGAC
99.3544,174.21599999999995,247.5603999999999,231.3869999999999,544.0,960.0,1360.0,1272.0,12.0,24.0,32.0,30.0,56.0,124.0,140.0,114.0,6.8748,13.983200000000004,18.4864,17.294200000000004,EZOGAC
99.35439999999998,174.21599999999995,247.5603999999999,231.38699999999994,544.0,960.0,1360.0,1272.0,12.0,24.0,32.0,30.0,56.0,124.0,140.0,114.0,6.874800000000001,13.983200000000004,18.486400000000003,17.294200000000004,EZOGAC
99.3544,174.21599999999995,247.5603999999999,231.3869999999999,544.0,960.0,1360.0,1272.0,12.0,24.0,32.0,30.0,56.0,124.0,140.0,114.0,6.8748,13.983200000000005,18.4864,17.294200000000004,EZOGAC
99.3544,174.21599999999995,247.5603999999999,231.3869999999999,544.0,960.0,1360.0,1272.0,12.0,24.0,32.0,30.0,56.0,124.0,140.0,114.0,6.8748,13.983200000000005,18.4864,17.294200000000004,EZOGAC
