f-sbu-chi-0,f-sbu-chi-1,f-sbu-chi-2,f-sbu-chi-3,f-sbu-Z-0,f-sbu-Z-1,f-sbu-Z-2,f-sbu-Z-3,f-sbu-I-0,f-sbu-I-1,f-sbu-I-2,f-sbu-I-3,f-sbu-T-0,f-sbu-T-1,f-sbu-T-2,f-sbu-T-3,f-sbu-S-0,f-sbu-S-1,f-sbu-S-2,f-sbu-S-3,mc-chi-0,mc-chi-1,mc-chi-2,mc-chi-3,mc-Z-0,mc-Z-1,mc-Z-2,mc-Z-3,mc-I-0,mc-I-1,mc-I-2,mc-I-3,mc-T-0,mc-T-1,mc-T-2,mc-T-3,mc-S-0,mc-S-1,mc-S-2,mc-S-3,D_mc-chi-0,D_mc-chi-1,D_mc-chi-2,D_mc-chi-3,D_mc-Z-0,D_mc-Z-1,D_mc-Z-2,D_mc-Z-3,D_mc-I-0,D_mc-I-1,D_mc-I-2,D_mc-I-3,D_mc-T-0,D_mc-T-1,D_mc-T-2,D_mc-T-3,D_mc-S-0,D_mc-S-1,D_mc-S-2,D_mc-S-3,name
224.48819999999995,688.8419999999999,1317.0148,1861.7915999999987,2754.0,7440.0,12832.0,16594.0,28.0,96.0,172.0,238.0,388.0,1612.0,2624.0,2498.0,17.8028,61.96080000000002,112.51480000000006,149.14540000000002,3.6481,32.087999999999994,48.70499999999999,74.9866,784.0,1092.0,1680.0,2576.0,1.0,5.0,10.0,14.0,25.0,75.0,180.0,220.0,1.4641,4.4407,9.317,12.8502,0.0,-7.25,-6.399999999999998,-12.519999999999998,0.0,101.0,220.0,300.0,0.0,0.0,0.0,0.0,0.0,10.0,14.0,26.0,0.0,2.3799999999999994,4.3999999999999995,6.319999999999999,EZOGAC
224.48819999999995,688.8419999999999,1317.0147999999997,1861.7915999999989,2754.0,7440.0,12832.0,16594.0,28.0,96.0,172.0,238.0,388.0,1612.0,2624.0,2498.0,17.802800000000005,61.960800000000006,112.51479999999998,149.14540000000005,3.6481,32.087999999999994,48.70499999999999,74.9866,784.0,1092.0,1680.0,2576.0,1.0,5.0,10.0,14.0,25.0,75.0,180.0,220.0,1.4641,4.4407,9.317,12.8502,0.0,-7.25,-6.399999999999998,-12.519999999999998,0.0,101.0,220.0,300.0,0.0,0.0,0.0,0.0,0.0,10.0,14.0,26.0,0.0,2.3799999999999994,4.3999999999999995,6.319999999999999,EZOGAC
224.48819999999995,688.8419999999999,1317.0147999999997,1861.7915999999989,2754.0,7440.0,12832.0,16594.0,28.0,96.0,172.0,238.0,388.0,1612.0,2624.0,2498.0,17.802800000000005,61.960800000000006,112.51479999999998,149.14540000000005,3.6481,32.087999999999994,48.70499999999999,74.9866,784.0,1092.0,1680.0,2576.0,1.0,5.0,10.0,14.0,25.0,75.0,180.0,220.0,1.4641,4.4407,9.317,12.8502,0.0,-7.25,-6.399999999999998,-12.519999999999998,0.0,101.0,220.0,300.0,0.0,0.0,0.0,0.0,0.0,10.0,14.0,26.0,0.0,2.3799999999999994,4.3999999999999995,6.319999999999999,EZOGAC
