f-lig-chi-0,f-lig-chi-1,f-lig-chi-2,f-lig-chi-3,f-lig-Z-0,f-lig-Z-1,f-lig-Z-2,f-lig-Z-3,f-lig-I-0,f-lig-I-1,f-lig-I-2,f-lig-I-3,f-lig-T-0,f-lig-T-1,f-lig-T-2,f-lig-T-3,f-lig-S-0,f-lig-S-1,f-lig-S-2,f-lig-S-3,name
171.96320000000003,326.41560000000015,646.9799999999999,831.2656000000001,857.0,1836.0,2280.0,2116.0,25.0,50.0,96.0,132.0,146.0,380.0,540.0,578.0,10.0068,24.18540000000001,38.0854,43.9584,GAJZEY_clean_primitive
171.96320000000003,326.41560000000004,646.9799999999999,831.2656,857.0,1836.0,2280.0,2116.0,25.0,50.0,96.0,132.0,146.0,380.0,540.0,578.0,10.006800000000002,24.18540000000001,38.0854,43.958400000000005,GAJZEY_clean_primitive
171.96320000000003,326.41560000000015,646.9799999999999,831.2656000000001,857.0,1836.0,2280.0,2116.0,25.0,50.0,96.0,132.0,146.0,380.0,540.0,578.0,10.006799999999997,24.18540000000001,38.08540000000001,43.958400000000005,GAJZEY_clean_primitive
171.96320000000003,326.41560000000015,646.9799999999999,831.2656000000001,857.0,1836.0,2280.0,2116.0,25.0,50.0,96.0,132.0,146.0,380.0,540.0,578.0,10.006799999999997,24.18540000000001,38.08540000000001,43.9584,GAJZEY_clean_primitive
