f-chi-0-all,f-chi-1-all,f-chi-2-all,f-chi-3-all,f-Z-0-all,f-Z-1-all,f-Z-2-all,f-Z-3-all,f-I-0-all,f-I-1-all,f-I-2-all,f-I-3-all,f-T-0-all,f-T-1-all,f-T-2-all,f-T-3-all,f-S-0-all,f-S-1-all,f-S-2-all,f-S-3-all,mc-chi-0-all,mc-chi-1-all,mc-chi-2-all,mc-chi-3-all,mc-Z-0-all,mc-Z-1-all,mc-Z-2-all,mc-Z-3-all,mc-I-0-all,mc-I-1-all,mc-I-2-all,mc-I-3-all,mc-T-0-all,mc-T-1-all,mc-T-2-all,mc-T-3-all,mc-S-0-all,mc-S-1-all,mc-S-2-all,mc-S-3-all,D_mc-chi-0-all,D_mc-chi-1-all,D_mc-chi-2-all,D_mc-chi-3-all,D_mc-Z-0-all,D_mc-Z-1-all,D_mc-Z-2-all,D_mc-Z-3-all,D_mc-I-0-all,D_mc-I-1-all,D_mc-I-2-all,D_mc-I-3-all,D_mc-T-0-all,D_mc-T-1-all,D_mc-T-2-all,D_mc-T-3-all,D_mc-S-0-all,D_mc-S-1-all,D_mc-S-2-all,D_mc-S-3-all,name
156.5374,287.02199999999993,1011.0127999999999,580.0605999999998,8434.0,17304.0,22064.0,11626.0,18.0,52.0,108.0,76.0,208.0,724.0,908.0,562.0,16.002999999999997,54.90959999999998,81.39779999999998,58.71540000000002,1.2995999999999999,26.026199999999996,13.531799999999999,26.0604,3600.0,3780.0,5700.0,2700.0,1.0,7.0,5.0,8.0,49.0,133.0,147.0,133.0,3.0276,9.465599999999998,8.8218,9.082799999999999,0.0,-14.850000000000001,-6.17,-13.74,0.0,357.0,205.0,435.0,0.0,0.0,0.0,0.0,0.0,30.0,14.0,37.0,0.0,6.739999999999999,3.63,8.7,GAJZEY_clean_primitive
156.5374,287.02199999999993,1011.0127999999999,580.0605999999999,8434.0,17304.0,22064.0,11626.0,18.0,52.0,108.0,76.0,208.0,724.0,908.0,562.0,16.002999999999997,54.9096,81.39779999999998,58.71540000000002,1.2995999999999999,26.026199999999996,13.531799999999999,26.0604,3600.0,3780.0,5700.0,2700.0,1.0,7.0,5.0,8.0,49.0,133.0,147.0,133.0,3.0276,9.465599999999998,8.8218,9.082799999999999,0.0,-14.850000000000001,-6.17,-13.74,0.0,357.0,205.0,435.0,0.0,0.0,0.0,0.0,0.0,30.0,14.0,37.0,0.0,6.739999999999999,3.63,8.7,GAJZEY_clean_primitive
