f-chi-0-all,f-chi-1-all,f-chi-2-all,f-chi-3-all,f-Z-0-all,f-Z-1-all,f-Z-2-all,f-Z-3-all,f-I-0-all,f-I-1-all,f-I-2-all,f-I-3-all,f-T-0-all,f-T-1-all,f-T-2-all,f-T-3-all,f-S-0-all,f-S-1-all,f-S-2-all,f-S-3-all,mc-chi-0-all,mc-chi-1-all,mc-chi-2-all,mc-chi-3-all,mc-Z-0-all,mc-Z-1-all,mc-Z-2-all,mc-Z-3-all,mc-I-0-all,mc-I-1-all,mc-I-2-all,mc-I-3-all,mc-T-0-all,mc-T-1-all,mc-T-2-all,mc-T-3-all,mc-S-0-all,mc-S-1-all,mc-S-2-all,mc-S-3-all,D_mc-chi-0-all,D_mc-chi-1-all,D_mc-chi-2-all,D_mc-chi-3-all,D_mc-Z-0-all,D_mc-Z-1-all,D_mc-Z-2-all,D_mc-Z-3-all,D_mc-I-0-all,D_mc-I-1-all,D_mc-I-2-all,D_mc-I-3-all,D_mc-T-0-all,D_mc-T-1-all,D_mc-T-2-all,D_mc-T-3-all,D_mc-S-0-all,D_mc-S-1-all,D_mc-S-2-all,D_mc-S-3-all,name
251.18939999999992,583.5184000000002,1698.0878000000002,1969.1128000000003,4630.0,11504.0,24970.0,24692.0,30.0,88.0,204.0,256.0,316.0,1084.0,2232.0,2188.0,23.178600000000014,71.51279999999997,148.59560000000005,173.37399999999997,2.4025000000000003,29.791000000000007,33.526500000000006,61.05450000000001,625.0,1062.5,2987.5,2287.5,1.0,6.0,9.0,12.0,36.0,102.0,213.0,171.0,1.9321,5.893599999999999,11.842799999999999,12.301499999999997,0.0,-9.919999999999998,-7.68,-20.79,0.0,107.5,105.5,208.5,0.0,0.0,0.0,0.0,0.0,19.0,18.5,43.5,0.0,4.1000000000000005,3.9899999999999998,7.829999999999999,FUWYAY_clean_primitive
251.18939999999992,583.5183999999999,1698.0878000000002,1969.1128000000003,4630.0,11504.0,24970.0,24692.0,30.0,88.0,204.0,256.0,316.0,1084.0,2232.0,2188.0,23.178600000000014,71.51279999999998,148.59560000000005,173.37399999999997,2.4025000000000003,29.791000000000007,33.526500000000006,61.05450000000001,625.0,1062.5,2987.5,2287.5,1.0,6.0,9.0,12.0,36.0,102.0,213.0,171.0,1.9321,5.893599999999999,11.842799999999999,12.301499999999997,0.0,-9.919999999999998,-7.68,-20.79,0.0,107.5,105.5,208.5,0.0,0.0,0.0,0.0,0.0,19.0,18.5,43.5,0.0,4.1000000000000005,3.9899999999999998,7.829999999999999,FUWYAY_clean_primitive
