f-chi-0-all,f-chi-1-all,f-chi-2-all,f-chi-3-all,f-Z-0-all,f-Z-1-all,f-Z-2-all,f-Z-3-all,f-I-0-all,f-I-1-all,f-I-2-all,f-I-3-all,f-T-0-all,f-T-1-all,f-T-2-all,f-T-3-all,f-S-0-all,f-S-1-all,f-S-2-all,f-S-3-all,mc-chi-0-all,mc-chi-1-all,mc-chi-2-all,mc-chi-3-all,mc-Z-0-all,mc-Z-1-all,mc-Z-2-all,mc-Z-3-all,mc-I-0-all,mc-I-1-all,mc-I-2-all,mc-I-3-all,mc-T-0-all,mc-T-1-all,mc-T-2-all,mc-T-3-all,mc-S-0-all,mc-S-1-all,mc-S-2-all,mc-S-3-all,D_mc-chi-0-all,D_mc-chi-1-all,D_mc-chi-2-all,D_mc-chi-3-all,D_mc-Z-0-all,D_mc-Z-1-all,D_mc-Z-2-all,D_mc-Z-3-all,D_mc-I-0-all,D_mc-I-1-all,D_mc-I-2-all,D_mc-I-3-all,D_mc-T-0-all,D_mc-T-1-all,D_mc-T-2-all,D_mc-T-3-all,D_mc-S-0-all,D_mc-S-1-all,D_mc-S-2-all,D_mc-S-3-all,name
158.25359999999998,293.4095999999999,545.2171999999999,826.0607999999997,2230.0,4628.0,6800.0,6048.0,20.0,40.0,68.0,104.0,108.0,286.0,410.0,404.0,12.5146,27.978600000000004,45.33679999999999,55.604199999999985,3.5343999999999998,28.350399999999993,33.3794,62.35019999999999,729.0,945.0,1512.0,1863.0,1.0,4.5,7.5,11.5,20.5,54.5,90.5,113.0,1.5876000000000001,4.1643,6.8859,9.897300000000001,0.0,-6.62,-3.6550000000000002,-11.545000000000002,0.0,86.5,146.5,241.5,0.0,0.0,0.0,0.0,0.0,8.5,14.0,27.0,0.0,2.365,3.9850000000000003,6.635000000000002,AHOBEG_clean_primitive
158.25359999999998,293.40959999999984,545.2171999999999,826.0608,2230.0,4628.0,6800.0,6048.0,20.0,40.0,68.0,104.0,108.0,286.0,410.0,404.0,12.5146,27.9786,45.3368,55.60419999999999,3.5343999999999998,28.350399999999993,33.3794,62.35019999999999,729.0,945.0,1512.0,1863.0,1.0,4.5,7.5,11.5,20.5,54.5,90.5,113.0,1.5876000000000001,4.1643,6.8859,9.897300000000001,0.0,-6.62,-3.6550000000000002,-11.545000000000002,0.0,86.5,146.5,241.5,0.0,0.0,0.0,0.0,0.0,8.5,14.0,27.0,0.0,2.365,3.9850000000000003,6.635000000000002,AHOBEG_clean_primitive
