f-chi-0-all,f-chi-1-all,f-chi-2-all,f-chi-3-all,f-Z-0-all,f-Z-1-all,f-Z-2-all,f-Z-3-all,f-I-0-all,f-I-1-all,f-I-2-all,f-I-3-all,f-T-0-all,f-T-1-all,f-T-2-all,f-T-3-all,f-S-0-all,f-S-1-all,f-S-2-all,f-S-3-all,mc-chi-0-all,mc-chi-1-all,mc-chi-2-all,mc-chi-3-all,mc-Z-0-all,mc-Z-1-all,mc-Z-2-all,mc-Z-3-all,mc-I-0-all,mc-I-1-all,mc-I-2-all,mc-I-3-all,mc-T-0-all,mc-T-1-all,mc-T-2-all,mc-T-3-all,mc-S-0-all,mc-S-1-all,mc-S-2-all,mc-S-3-all,D_mc-chi-0-all,D_mc-chi-1-all,D_mc-chi-2-all,D_mc-chi-3-all,D_mc-Z-0-all,D_mc-Z-1-all,D_mc-Z-2-all,D_mc-Z-3-all,D_mc-I-0-all,D_mc-I-1-all,D_mc-I-2-all,D_mc-I-3-all,D_mc-T-0-all,D_mc-T-1-all,D_mc-T-2-all,D_mc-T-3-all,D_mc-S-0-all,D_mc-S-1-all,D_mc-S-2-all,D_mc-S-3-all,name
229.11479999999992,454.90559999999994,983.3925999999999,1097.9104,10400.0,15168.0,27520.0,21504.0,26.0,64.0,108.0,140.0,184.0,524.0,812.0,888.0,20.96540000000001,54.6332,86.91260000000001,101.4992,2.8560999999999996,26.161200000000004,21.522149999999996,52.1196,2304.0,1728.0,4608.0,3456.0,1.0,4.5,5.5,10.0,20.5,50.5,86.5,113.5,2.1904,4.861800000000001,7.843999999999999,11.0408,0.0,-7.875,-3.4399999999999986,-13.939999999999998,0.0,180.0,168.0,408.0,0.0,0.0,0.0,0.0,0.0,9.5,6.0,20.5,0.0,3.375,2.84,7.340000000000002,KASRED_clean_primitive
229.11479999999992,454.90559999999994,983.3925999999999,1097.9103999999998,10400.0,15168.0,27520.0,21504.0,26.0,64.0,108.0,140.0,184.0,524.0,812.0,888.0,20.96540000000001,54.6332,86.91260000000001,101.4992,2.8560999999999996,26.161200000000004,21.522149999999996,52.1196,2304.0,1728.0,4608.0,3456.0,1.0,4.5,5.5,10.0,20.5,50.5,86.5,113.5,2.1904,4.861800000000001,7.843999999999999,11.0408,0.0,-7.875,-3.4399999999999986,-13.939999999999998,0.0,180.0,168.0,408.0,0.0,0.0,0.0,0.0,0.0,9.5,6.0,20.5,0.0,3.375,2.84,7.340000000000002,KASRED_clean_primitive
