f-sbu-chi-0,f-sbu-chi-1,f-sbu-chi-2,f-sbu-chi-3,f-sbu-Z-0,f-sbu-Z-1,f-sbu-Z-2,f-sbu-Z-3,f-sbu-I-0,f-sbu-I-1,f-sbu-I-2,f-sbu-I-3,f-sbu-T-0,f-sbu-T-1,f-sbu-T-2,f-sbu-T-3,f-sbu-S-0,f-sbu-S-1,f-sbu-S-2,f-sbu-S-3,mc-chi-0,mc-chi-1,mc-chi-2,mc-chi-3,mc-Z-0,mc-Z-1,mc-Z-2,mc-Z-3,mc-I-0,mc-I-1,mc-I-2,mc-I-3,mc-T-0,mc-T-1,mc-T-2,mc-T-3,mc-S-0,mc-S-1,mc-S-2,mc-S-3,D_mc-chi-0,D_mc-chi-1,D_mc-chi-2,D_mc-chi-3,D_mc-Z-0,D_mc-Z-1,D_mc-Z-2,D_mc-Z-3,D_mc-I-0,D_mc-I-1,D_mc-I-2,D_mc-I-3,D_mc-T-0,D_mc-T-1,D_mc-T-2,D_mc-T-3,D_mc-S-0,D_mc-S-1,D_mc-S-2,D_mc-S-3,name
502.6965999999995,2324.3391999999994,5633.189800000005,7284.543999999998,44080.0,135424.0,932224.0,346624.0,70.0,464.0,1082.0,1328.0,3756.0,31168.0,61962.0,62304.0,85.82919999999996,494.64800000000014,1701.6216000000015,1331.0528000000006,1.7689000000000001,36.60159999999999,50.16862307692307,105.07000000000001,1600.0,2560.0,34067.692307692305,7360.0,1.0,8.0,24.692307692307693,24.0,64.0,589.5384615384615,1420.3076923076924,1192.6153846153845,2.3716000000000004,8.993600000000006,53.81707692307694,27.227200000000032,0.0,-16.88,-4.879999999999996,-47.08,0.0,256.0,136.0,776.0,0.0,0.0,0.0,0.0,0.0,-9.692307692307692,20.0,42.92307692307692,0.0,6.4799999999999995,3.0799999999999987,19.279999999999987,UiO-BPY
