f-lig-chi-0,f-lig-chi-1,f-lig-chi-2,f-lig-chi-3,f-lig-Z-0,f-lig-Z-1,f-lig-Z-2,f-lig-Z-3,f-lig-I-0,f-lig-I-1,f-lig-I-2,f-lig-I-3,f-lig-T-0,f-lig-T-1,f-lig-T-2,f-lig-T-3,f-lig-S-0,f-lig-S-1,f-lig-S-2,f-lig-S-3,name
151.66780000000003,327.70020000000005,505.1912000000001,520.855,616.0,1380.0,1748.0,1168.0,22.0,46.0,76.0,86.0,122.0,304.0,400.0,352.0,9.1526,21.8574,30.945200000000007,27.360600000000005,HUHJAW_clean_primitive
151.66780000000003,327.7002000000001,505.1912000000001,520.855,616.0,1380.0,1748.0,1168.0,22.0,46.0,76.0,86.0,122.0,304.0,400.0,352.0,9.1526,21.8574,30.945200000000007,27.360600000000005,HUHJAW_clean_primitive
