f-chi-0-all,f-chi-1-all,f-chi-2-all,f-chi-3-all,f-Z-0-all,f-Z-1-all,f-Z-2-all,f-Z-3-all,f-I-0-all,f-I-1-all,f-I-2-all,f-I-3-all,f-T-0-all,f-T-1-all,f-T-2-all,f-T-3-all,f-S-0-all,f-S-1-all,f-S-2-all,f-S-3-all,mc-chi-0-all,mc-chi-1-all,mc-chi-2-all,mc-chi-3-all,mc-Z-0-all,mc-Z-1-all,mc-Z-2-all,mc-Z-3-all,mc-I-0-all,mc-I-1-all,mc-I-2-all,mc-I-3-all,mc-T-0-all,mc-T-1-all,mc-T-2-all,mc-T-3-all,mc-S-0-all,mc-S-1-all,mc-S-2-all,mc-S-3-all,D_mc-chi-0-all,D_mc-chi-1-all,D_mc-chi-2-all,D_mc-chi-3-all,D_mc-Z-0-all,D_mc-Z-1-all,D_mc-Z-2-all,D_mc-Z-3-all,D_mc-I-0-all,D_mc-I-1-all,D_mc-I-2-all,D_mc-I-3-all,D_mc-T-0-all,D_mc-T-1-all,D_mc-T-2-all,D_mc-T-3-all,D_mc-S-0-all,D_mc-S-1-all,D_mc-S-2-all,D_mc-S-3-all,name
975.6548000000016,2177.9327999999987,6451.555199999996,8397.590400000005,16005.0,44736.0,91992.0,128160.0,113.0,312.0,696.0,1128.0,1080.0,3576.0,7056.0,10704.0,81.59759999999987,249.30960000000005,509.07120000000043,805.6572000000001,3.0293411764705893,33.94672941176469,30.691199999999988,103.85336470588231,664.0588235294117,1174.5882352941176,3034.5882352941176,3607.764705882353,1.0,5.647058823529412,8.117647058823529,18.352941176470587,32.470588235294116,88.94117647058823,188.47058823529412,289.4117647058824,1.985364705882354,5.554870588235294,10.702094117647064,18.35894117647059,0.0,-9.557647058823537,-3.5752941176470596,-27.794117647058815,0.0,101.6470588235294,94.23529411764706,336.70588235294116,0.0,0.0,0.0,0.0,0.0,16.941176470588236,13.764705882352942,54.705882352941174,0.0,3.487058823529415,3.0247058823529414,11.301176470588231,KISPOS_ion_b_primitive
975.6548000000016,2177.9327999999987,6451.555199999999,8397.590400000003,16005.0,44736.0,91992.0,128160.0,113.0,312.0,696.0,1128.0,1080.0,3576.0,7056.0,10704.0,81.59759999999987,249.30960000000005,509.07120000000043,805.6572,3.0293411764705893,33.94672941176469,30.691199999999988,103.85336470588231,664.0588235294117,1174.5882352941176,3034.5882352941176,3607.764705882353,1.0,5.647058823529412,8.117647058823529,18.352941176470587,32.470588235294116,88.94117647058823,188.47058823529412,289.4117647058824,1.985364705882354,5.554870588235294,10.702094117647064,18.35894117647059,0.0,-9.557647058823537,-3.5752941176470596,-27.794117647058815,0.0,101.6470588235294,94.23529411764706,336.70588235294116,0.0,0.0,0.0,0.0,0.0,16.941176470588236,13.764705882352942,54.705882352941174,0.0,3.487058823529415,3.0247058823529414,11.301176470588231,KISPOS_ion_b_primitive
