f-chi-0-all,f-chi-1-all,f-chi-2-all,f-chi-3-all,f-Z-0-all,f-Z-1-all,f-Z-2-all,f-Z-3-all,f-I-0-all,f-I-1-all,f-I-2-all,f-I-3-all,f-T-0-all,f-T-1-all,f-T-2-all,f-T-3-all,f-S-0-all,f-S-1-all,f-S-2-all,f-S-3-all,mc-chi-0-all,mc-chi-1-all,mc-chi-2-all,mc-chi-3-all,mc-Z-0-all,mc-Z-1-all,mc-Z-2-all,mc-Z-3-all,mc-I-0-all,mc-I-1-all,mc-I-2-all,mc-I-3-all,mc-T-0-all,mc-T-1-all,mc-T-2-all,mc-T-3-all,mc-S-0-all,mc-S-1-all,mc-S-2-all,mc-S-3-all,D_mc-chi-0-all,D_mc-chi-1-all,D_mc-chi-2-all,D_mc-chi-3-all,D_mc-Z-0-all,D_mc-Z-1-all,D_mc-Z-2-all,D_mc-Z-3-all,D_mc-I-0-all,D_mc-I-1-all,D_mc-I-2-all,D_mc-I-3-all,D_mc-T-0-all,D_mc-T-1-all,D_mc-T-2-all,D_mc-T-3-all,D_mc-S-0-all,D_mc-S-1-all,D_mc-S-2-all,D_mc-S-3-all,name
196.76099999999997,345.06719999999984,1074.8827999999999,1010.5487999999996,8744.0,14688.0,12944.0,13120.0,22.0,56.0,112.0,128.0,196.0,592.0,668.0,704.0,17.054799999999997,51.29400000000002,76.2156,83.5376,1.3688999999999998,28.624049999999997,13.425749999999999,29.9754,3844.0,3534.0,1674.0,3720.0,1.0,7.5,4.5,9.0,56.5,136.0,100.5,179.0,2.9583999999999997,9.520199999999999,5.9597999999999995,11.7132,0.0,-15.689999999999998,-6.209999999999999,-15.089999999999996,0.0,408.0,252.0,498.0,0.0,0.0,0.0,0.0,0.0,38.5,20.0,43.0,0.0,7.365,4.275,8.67,LADQOZ_clean_primitive
209.76599999999996,383.01119999999986,1252.1523999999997,819.8423999999999,8816.0,16320.0,12496.0,8288.0,24.0,64.0,132.0,104.0,252.0,832.0,800.0,512.0,18.240599999999997,58.96320000000002,84.64839999999998,64.74560000000002,1.3688999999999998,28.624049999999997,13.425749999999999,29.9754,3844.0,3534.0,1674.0,3720.0,1.0,7.5,4.5,9.0,56.5,136.0,100.5,179.0,2.9583999999999997,9.520199999999999,5.9597999999999995,11.7132,0.0,-15.689999999999998,-6.209999999999999,-15.089999999999996,0.0,408.0,252.0,498.0,0.0,0.0,0.0,0.0,0.0,38.5,20.0,43.0,0.0,7.365,4.275,8.67,LADQOZ_clean_primitive
