f-chi-0-all,f-chi-1-all,f-chi-2-all,f-chi-3-all,f-Z-0-all,f-Z-1-all,f-Z-2-all,f-Z-3-all,f-I-0-all,f-I-1-all,f-I-2-all,f-I-3-all,f-T-0-all,f-T-1-all,f-T-2-all,f-T-3-all,f-S-0-all,f-S-1-all,f-S-2-all,f-S-3-all,mc-chi-0-all,mc-chi-1-all,mc-chi-2-all,mc-chi-3-all,mc-Z-0-all,mc-Z-1-all,mc-Z-2-all,mc-Z-3-all,mc-I-0-all,mc-I-1-all,mc-I-2-all,mc-I-3-all,mc-T-0-all,mc-T-1-all,mc-T-2-all,mc-T-3-all,mc-S-0-all,mc-S-1-all,mc-S-2-all,mc-S-3-all,D_mc-chi-0-all,D_mc-chi-1-all,D_mc-chi-2-all,D_mc-chi-3-all,D_mc-Z-0-all,D_mc-Z-1-all,D_mc-Z-2-all,D_mc-Z-3-all,D_mc-I-0-all,D_mc-I-1-all,D_mc-I-2-all,D_mc-I-3-all,D_mc-T-0-all,D_mc-T-1-all,D_mc-T-2-all,D_mc-T-3-all,D_mc-S-0-all,D_mc-S-1-all,D_mc-S-2-all,D_mc-S-3-all,name
2134.1012000000032,4379.065999999983,9369.771599999998,13224.903600000001,31112.0,64496.0,118816.0,148144.0,312.0,692.0,1272.0,2020.0,1972.0,5408.0,8728.0,12068.0,176.3584000000004,440.38759999999974,755.4360000000014,1148.7780000000014,2.9873,22.216,18.625166666666665,59.091911111111116,614.0,741.3333333333334,1962.2222222222222,1771.5555555555557,1.0,3.7777777777777777,5.0,11.11111111111111,16.0,39.55555555555556,71.55555555555556,106.22222222222223,1.4803000000000004,3.373022222222222,5.970811111111113,9.215399999999999,0.0,-5.984444444444446,-1.2666666666666666,-13.968888888888891,0.0,66.44444444444444,51.111111111111114,212.44444444444446,0.0,0.0,0.0,0.0,0.0,7.111111111111111,6.666666666666667,22.88888888888889,0.0,1.8155555555555556,1.1555555555555557,5.917777777777778,CAWZUX_clean_primitive
