f-chi-0-all,f-chi-1-all,f-chi-2-all,f-chi-3-all,f-Z-0-all,f-Z-1-all,f-Z-2-all,f-Z-3-all,f-I-0-all,f-I-1-all,f-I-2-all,f-I-3-all,f-T-0-all,f-T-1-all,f-T-2-all,f-T-3-all,f-S-0-all,f-S-1-all,f-S-2-all,f-S-3-all,mc-chi-0-all,mc-chi-1-all,mc-chi-2-all,mc-chi-3-all,mc-Z-0-all,mc-Z-1-all,mc-Z-2-all,mc-Z-3-all,mc-I-0-all,mc-I-1-all,mc-I-2-all,mc-I-3-all,mc-T-0-all,mc-T-1-all,mc-T-2-all,mc-T-3-all,mc-S-0-all,mc-S-1-all,mc-S-2-all,mc-S-3-all,D_mc-chi-0-all,D_mc-chi-1-all,D_mc-chi-2-all,D_mc-chi-3-all,D_mc-Z-0-all,D_mc-Z-1-all,D_mc-Z-2-all,D_mc-Z-3-all,D_mc-I-0-all,D_mc-I-1-all,D_mc-I-2-all,D_mc-I-3-all,D_mc-T-0-all,D_mc-T-1-all,D_mc-T-2-all,D_mc-T-3-all,D_mc-S-0-all,D_mc-S-1-all,D_mc-S-2-all,D_mc-S-3-all,name
413.99939999999987,918.5448,2566.9816000000005,3245.5855999999985,16776.0,29568.0,69224.0,76160.0,50.0,136.0,296.0,448.0,464.0,1472.0,2760.0,3904.0,40.03120000000002,117.33680000000005,236.67040000000017,359.9791999999999,2.8560999999999996,30.555200000000003,27.637133333333328,88.7926,2304.0,2016.0,6240.0,5088.0,1.0,5.333333333333333,7.333333333333333,18.0,29.333333333333332,80.0,161.33333333333334,249.33333333333334,2.1904,5.781866666666667,11.188799999999999,17.612000000000005,0.0,-9.066666666666668,-3.9599999999999995,-22.119999999999994,0.0,214.0,222.0,758.0,0.0,0.0,0.0,0.0,0.0,14.666666666666666,10.0,48.666666666666664,0.0,3.986666666666667,3.293333333333333,14.74,KUQWIE_clean_primitive
