name,cif_file,Di,Df,Dif,rho,VSA,GSA,VPOV,GPOV,POAV_vol_frac,PONAV_vol_frac,GPOAV,GPONAV,POAV,PONAV
JUC-110,JUC-110.cif,6.29222,3.80174,6.29222,1.30833,457.532,349.708,0.2467,0.18856098996430565,0.1681,0.0786,0.128485,0.0600767,759.081,354.93
