f-chi-0-all,f-chi-1-all,f-chi-2-all,f-chi-3-all,f-Z-0-all,f-Z-1-all,f-Z-2-all,f-Z-3-all,f-I-0-all,f-I-1-all,f-I-2-all,f-I-3-all,f-T-0-all,f-T-1-all,f-T-2-all,f-T-3-all,f-S-0-all,f-S-1-all,f-S-2-all,f-S-3-all,mc-chi-0-all,mc-chi-1-all,mc-chi-2-all,mc-chi-3-all,mc-Z-0-all,mc-Z-1-all,mc-Z-2-all,mc-Z-3-all,mc-I-0-all,mc-I-1-all,mc-I-2-all,mc-I-3-all,mc-T-0-all,mc-T-1-all,mc-T-2-all,mc-T-3-all,mc-S-0-all,mc-S-1-all,mc-S-2-all,mc-S-3-all,D_mc-chi-0-all,D_mc-chi-1-all,D_mc-chi-2-all,D_mc-chi-3-all,D_mc-Z-0-all,D_mc-Z-1-all,D_mc-Z-2-all,D_mc-Z-3-all,D_mc-I-0-all,D_mc-I-1-all,D_mc-I-2-all,D_mc-I-3-all,D_mc-T-0-all,D_mc-T-1-all,D_mc-T-2-all,D_mc-T-3-all,D_mc-S-0-all,D_mc-S-1-all,D_mc-S-2-all,D_mc-S-3-all,name
273.68309999999997,513.5360000000001,1111.1083999999996,1661.6960000000004,8346.0,13352.0,26066.0,23628.0,33.0,72.0,134.0,208.0,206.0,572.0,946.0,1152.0,23.574200000000012,57.779999999999994,103.6666,140.954,2.8560999999999996,29.203199999999995,33.64226666666667,73.2784,2304.0,1920.0,5056.0,4320.0,1.0,5.333333333333333,8.0,15.333333333333334,28.666666666666668,71.33333333333333,138.66666666666666,181.33333333333334,2.1904,5.841066666666666,10.478399999999999,15.559733333333329,0.0,-8.266666666666666,-6.386666666666666,-17.44666666666667,0.0,216.0,278.6666666666667,646.0,0.0,0.0,0.0,0.0,0.0,15.333333333333334,16.666666666666668,47.333333333333336,0.0,3.946666666666667,4.759999999999999,12.18,ROCZIU_clean_primitive
273.68309999999997,513.5360000000001,1111.1083999999996,1661.6960000000004,8346.0,13352.0,26066.0,23628.0,33.0,72.0,134.0,208.0,206.0,572.0,946.0,1152.0,23.574200000000012,57.779999999999994,103.6666,140.954,2.8560999999999996,29.203199999999995,33.64226666666667,73.2784,2304.0,1920.0,5056.0,4320.0,1.0,5.333333333333333,8.0,15.333333333333334,28.666666666666668,71.33333333333333,138.66666666666666,181.33333333333334,2.1904,5.841066666666666,10.478399999999999,15.559733333333329,0.0,-8.266666666666666,-6.386666666666666,-17.44666666666667,0.0,216.0,278.6666666666667,646.0,0.0,0.0,0.0,0.0,0.0,15.333333333333334,16.666666666666668,47.333333333333336,0.0,3.946666666666667,4.759999999999999,12.18,ROCZIU_clean_primitive
