f-lig-chi-0,f-lig-chi-1,f-lig-chi-2,f-lig-chi-3,f-lig-Z-0,f-lig-Z-1,f-lig-Z-2,f-lig-Z-3,f-lig-I-0,f-lig-I-1,f-lig-I-2,f-lig-I-3,f-lig-T-0,f-lig-T-1,f-lig-T-2,f-lig-T-3,f-lig-S-0,f-lig-S-1,f-lig-S-2,f-lig-S-3,name
319.1691,663.7140000000003,1059.0756,1353.378,1371.0,2916.0,4344.0,4764.0,48.0,102.0,162.0,216.0,264.0,666.0,978.0,1128.0,21.25920000000001,50.86620000000002,76.84020000000001,92.2872,DAGJED_clean_primitive
319.1691,663.7140000000002,1059.0755999999997,1353.378,1371.0,2916.0,4344.0,4764.0,48.0,102.0,162.0,216.0,264.0,666.0,978.0,1128.0,21.259200000000003,50.86620000000002,76.84020000000001,92.2872,DAGJED_clean_primitive
211.0671,484.2450000000003,770.7396000000001,832.4579999999997,846.0,2052.0,2910.0,2514.0,33.0,72.0,114.0,132.0,186.0,468.0,690.0,684.0,13.9113,34.834800000000016,52.07700000000002,52.89600000000002,DAGJED_clean_primitive
211.0671,484.2450000000002,770.7396000000001,832.458,846.0,2052.0,2910.0,2514.0,33.0,72.0,114.0,132.0,186.0,468.0,690.0,684.0,13.9113,34.834800000000016,52.07700000000002,52.896000000000015,DAGJED_clean_primitive
