f-lig-chi-0,f-lig-chi-1,f-lig-chi-2,f-lig-chi-3,f-lig-Z-0,f-lig-Z-1,f-lig-Z-2,f-lig-Z-3,f-lig-I-0,f-lig-I-1,f-lig-I-2,f-lig-I-3,f-lig-T-0,f-lig-T-1,f-lig-T-2,f-lig-T-3,f-lig-S-0,f-lig-S-1,f-lig-S-2,f-lig-S-3,name
377.2634,780.0788000000001,1235.8132000000003,1493.2189999999996,1754.0,3680.0,5560.0,5828.0,52.0,112.0,176.0,222.0,288.0,724.0,1064.0,1166.0,24.6964,58.09200000000003,87.94960000000003,101.03740000000002,MIXBAY_clean_primitive
377.2634,780.0788000000003,1235.8132000000003,1493.2189999999996,1754.0,3680.0,5560.0,5828.0,52.0,112.0,176.0,222.0,288.0,724.0,1064.0,1166.0,24.696400000000004,58.09200000000003,87.94960000000005,101.03740000000003,MIXBAY_clean_primitive
377.2634,780.0788000000002,1235.8132,1493.2189999999998,1754.0,3680.0,5560.0,5828.0,52.0,112.0,176.0,222.0,288.0,724.0,1064.0,1166.0,24.696400000000004,58.09200000000003,87.94960000000002,101.0374,MIXBAY_clean_primitive
