f-sbu-chi-0,f-sbu-chi-1,f-sbu-chi-2,f-sbu-chi-3,f-sbu-Z-0,f-sbu-Z-1,f-sbu-Z-2,f-sbu-Z-3,f-sbu-I-0,f-sbu-I-1,f-sbu-I-2,f-sbu-I-3,f-sbu-T-0,f-sbu-T-1,f-sbu-T-2,f-sbu-T-3,f-sbu-S-0,f-sbu-S-1,f-sbu-S-2,f-sbu-S-3,mc-chi-0,mc-chi-1,mc-chi-2,mc-chi-3,mc-Z-0,mc-Z-1,mc-Z-2,mc-Z-3,mc-I-0,mc-I-1,mc-I-2,mc-I-3,mc-T-0,mc-T-1,mc-T-2,mc-T-3,mc-S-0,mc-S-1,mc-S-2,mc-S-3,D_mc-chi-0,D_mc-chi-1,D_mc-chi-2,D_mc-chi-3,D_mc-Z-0,D_mc-Z-1,D_mc-Z-2,D_mc-Z-3,D_mc-I-0,D_mc-I-1,D_mc-I-2,D_mc-I-3,D_mc-T-0,D_mc-T-1,D_mc-T-2,D_mc-T-3,D_mc-S-0,D_mc-S-1,D_mc-S-2,D_mc-S-3,name
840.2001999999995,2387.9808,5592.4752000000035,9403.844799999997,17632.0,37548.0,77628.0,130840.0,106.0,324.0,732.0,1192.0,1056.0,3420.0,7524.0,11688.0,81.6426,251.37000000000003,550.8971999999998,865.4832000000004,3.61,25.991999999999994,49.889249999999976,69.81549999999996,841.0,913.5,1761.75,4255.75,1.0,4.5,9.0,13.75,21.0,63.0,126.0,210.0,1.9043999999999992,4.6575,9.377099999999997,16.528950000000002,0.0,-5.130000000000002,-9.157500000000004,-10.620000000000003,0.0,99.0,200.25,252.0,0.0,0.0,0.0,0.0,0.0,7.5,15.0,17.25,0.0,2.834999999999999,5.624999999999999,6.997499999999998,UQOWUU
