f-lig-chi-0,f-lig-chi-1,f-lig-chi-2,f-lig-chi-3,f-lig-Z-0,f-lig-Z-1,f-lig-Z-2,f-lig-Z-3,f-lig-I-0,f-lig-I-1,f-lig-I-2,f-lig-I-3,f-lig-T-0,f-lig-T-1,f-lig-T-2,f-lig-T-3,f-lig-S-0,f-lig-S-1,f-lig-S-2,f-lig-S-3,name
343.6633,748.8840000000005,1154.4020000000003,1432.1928,1372.0,3120.0,4208.0,4488.0,53.0,112.0,172.0,216.0,284.0,696.0,948.0,984.0,21.942100000000007,53.34560000000003,76.11640000000001,84.50640000000001,EDAPIK_clean_h_primitive
343.6633,748.8840000000005,1154.4020000000003,1432.1928,1372.0,3120.0,4208.0,4488.0,53.0,112.0,172.0,216.0,284.0,696.0,948.0,984.0,21.942100000000007,53.34560000000003,76.11640000000001,84.50640000000001,EDAPIK_clean_h_primitive
329.1433,715.2240000000003,1084.9260000000004,1328.2208000000003,1369.0,3084.0,4134.0,4394.0,50.0,106.0,160.0,198.0,266.0,648.0,878.0,912.0,21.531400000000005,51.63620000000003,72.71240000000002,80.0146,EDAPIK_clean_h_primitive
329.1433,715.2240000000003,1084.9260000000004,1328.2208000000003,1369.0,3084.0,4134.0,4394.0,50.0,106.0,160.0,198.0,266.0,648.0,878.0,912.0,21.531400000000005,51.63620000000003,72.71240000000002,80.0146,EDAPIK_clean_h_primitive
