f-sbu-chi-0,f-sbu-chi-1,f-sbu-chi-2,f-sbu-chi-3,f-sbu-Z-0,f-sbu-Z-1,f-sbu-Z-2,f-sbu-Z-3,f-sbu-I-0,f-sbu-I-1,f-sbu-I-2,f-sbu-I-3,f-sbu-T-0,f-sbu-T-1,f-sbu-T-2,f-sbu-T-3,f-sbu-S-0,f-sbu-S-1,f-sbu-S-2,f-sbu-S-3,mc-chi-0,mc-chi-1,mc-chi-2,mc-chi-3,mc-Z-0,mc-Z-1,mc-Z-2,mc-Z-3,mc-I-0,mc-I-1,mc-I-2,mc-I-3,mc-T-0,mc-T-1,mc-T-2,mc-T-3,mc-S-0,mc-S-1,mc-S-2,mc-S-3,D_mc-chi-0,D_mc-chi-1,D_mc-chi-2,D_mc-chi-3,D_mc-Z-0,D_mc-Z-1,D_mc-Z-2,D_mc-Z-3,D_mc-I-0,D_mc-I-1,D_mc-I-2,D_mc-I-3,D_mc-T-0,D_mc-T-1,D_mc-T-2,D_mc-T-3,D_mc-S-0,D_mc-S-1,D_mc-S-2,D_mc-S-3,name
725.6612000000003,1695.0144000000003,5821.228799999999,8708.409599999999,29210.0,61590.0,176760.0,200544.0,80.0,258.0,630.0,1116.0,1110.0,4224.0,8904.0,14568.0,58.15459999999999,218.3430000000001,475.56899999999985,842.6832,1.2100000000000002,33.175999999999995,32.78000000000001,139.12800000000004,4225.0,4550.0,20735.0,16965.0,1.0,9.0,13.0,43.0,81.0,234.0,756.0,1512.0,2.8223999999999996,11.1048,22.763999999999996,48.80399999999998,0.0,-20.259999999999998,-15.5,-79.18000000000002,0.0,515.0,526.0,2534.0,0.0,0.0,0.0,0.0,0.0,55.0,33.0,219.0,0.0,8.51,8.29,43.19,IFESOD
