f-lig-chi-0,f-lig-chi-1,f-lig-chi-2,f-lig-chi-3,f-lig-Z-0,f-lig-Z-1,f-lig-Z-2,f-lig-Z-3,f-lig-I-0,f-lig-I-1,f-lig-I-2,f-lig-I-3,f-lig-T-0,f-lig-T-1,f-lig-T-2,f-lig-T-3,f-lig-S-0,f-lig-S-1,f-lig-S-2,f-lig-S-3,name
289.82640000000004,660.5520000000005,1077.13,1388.8239999999998,1080.0,2640.0,3664.0,3976.0,48.0,104.0,172.0,232.0,280.0,736.0,1096.0,1328.0,19.217600000000008,49.09520000000002,74.50999999999998,89.40719999999997,GIRZAK_clean_primitive
146.7832,265.2104,404.64359999999994,471.7679999999999,724.0,1304.0,1920.0,2022.0,18.0,36.0,54.0,66.0,90.0,216.0,294.0,314.0,8.9138,19.0376,27.5294,31.229000000000006,GIRZAK_clean_primitive
135.2332,294.83099999999996,432.2300000000001,471.81700000000006,538.0,1224.0,1544.0,1360.0,22.0,46.0,68.0,78.0,114.0,272.0,352.0,322.0,9.335,22.222200000000008,30.27880000000001,30.157400000000003,GIRZAK_clean_primitive
135.2332,294.83099999999996,432.2300000000001,471.817,538.0,1224.0,1544.0,1360.0,22.0,46.0,68.0,78.0,114.0,272.0,352.0,322.0,9.335,22.222200000000008,30.27880000000001,30.157400000000006,GIRZAK_clean_primitive
146.7832,265.21040000000005,404.64359999999994,471.76799999999986,724.0,1304.0,1920.0,2022.0,18.0,36.0,54.0,66.0,90.0,216.0,294.0,314.0,8.9138,19.0376,27.529400000000003,31.229000000000006,GIRZAK_clean_primitive
146.7832,265.2104,404.6436,471.7679999999999,724.0,1304.0,1920.0,2022.0,18.0,36.0,54.0,66.0,90.0,216.0,294.0,314.0,8.913800000000002,19.037599999999998,27.529400000000003,31.228999999999996,GIRZAK_clean_primitive
146.7832,265.2104,404.6435999999999,471.768,724.0,1304.0,1920.0,2022.0,18.0,36.0,54.0,66.0,90.0,216.0,294.0,314.0,8.9138,19.0376,27.529400000000003,31.229000000000006,GIRZAK_clean_primitive
