f-chi-0-all,f-chi-1-all,f-chi-2-all,f-chi-3-all,f-Z-0-all,f-Z-1-all,f-Z-2-all,f-Z-3-all,f-I-0-all,f-I-1-all,f-I-2-all,f-I-3-all,f-T-0-all,f-T-1-all,f-T-2-all,f-T-3-all,f-S-0-all,f-S-1-all,f-S-2-all,f-S-3-all,mc-chi-0-all,mc-chi-1-all,mc-chi-2-all,mc-chi-3-all,mc-Z-0-all,mc-Z-1-all,mc-Z-2-all,mc-Z-3-all,mc-I-0-all,mc-I-1-all,mc-I-2-all,mc-I-3-all,mc-T-0-all,mc-T-1-all,mc-T-2-all,mc-T-3-all,mc-S-0-all,mc-S-1-all,mc-S-2-all,mc-S-3-all,D_mc-chi-0-all,D_mc-chi-1-all,D_mc-chi-2-all,D_mc-chi-3-all,D_mc-Z-0-all,D_mc-Z-1-all,D_mc-Z-2-all,D_mc-Z-3-all,D_mc-I-0-all,D_mc-I-1-all,D_mc-I-2-all,D_mc-I-3-all,D_mc-T-0-all,D_mc-T-1-all,D_mc-T-2-all,D_mc-T-3-all,D_mc-S-0-all,D_mc-S-1-all,D_mc-S-2-all,D_mc-S-3-all,name
460.09609999999986,984.9830000000003,1817.4827999999989,2335.0879999999997,3602.0,8138.0,10950.0,14024.0,71.0,154.0,266.0,354.0,420.0,1064.0,1586.0,2044.0,31.459100000000024,81.3858,127.68940000000003,170.989,2.7224999999999997,27.719999999999995,25.244999999999997,55.20899999999999,900.0,1170.0,1080.0,2100.0,1.0,5.0,6.0,12.0,25.0,55.0,90.0,140.0,1.7161000000000002,4.8077000000000005,6.052200000000001,10.846800000000002,0.0,-8.55,-5.4,-13.660000000000002,0.0,111.0,144.0,290.0,0.0,0.0,0.0,0.0,0.0,14.0,12.0,32.0,0.0,2.8800000000000003,3.24,7.44,HOJLUP_clean_primitive
460.0960999999999,984.9830000000003,1817.4827999999989,2335.0879999999997,3602.0,8138.0,10950.0,14024.0,71.0,154.0,266.0,354.0,420.0,1064.0,1586.0,2044.0,31.459100000000024,81.3858,127.68940000000003,170.989,2.7224999999999997,27.719999999999995,25.244999999999997,55.20899999999999,900.0,1170.0,1080.0,2100.0,1.0,5.0,6.0,12.0,25.0,55.0,90.0,140.0,1.7161000000000002,4.8077000000000005,6.052200000000001,10.846800000000002,0.0,-8.55,-5.4,-13.660000000000002,0.0,111.0,144.0,290.0,0.0,0.0,0.0,0.0,0.0,14.0,12.0,32.0,0.0,2.8800000000000003,3.24,7.44,HOJLUP_clean_primitive
