f-chi-0-all,f-chi-1-all,f-chi-2-all,f-chi-3-all,f-Z-0-all,f-Z-1-all,f-Z-2-all,f-Z-3-all,f-I-0-all,f-I-1-all,f-I-2-all,f-I-3-all,f-T-0-all,f-T-1-all,f-T-2-all,f-T-3-all,f-S-0-all,f-S-1-all,f-S-2-all,f-S-3-all,mc-chi-0-all,mc-chi-1-all,mc-chi-2-all,mc-chi-3-all,mc-Z-0-all,mc-Z-1-all,mc-Z-2-all,mc-Z-3-all,mc-I-0-all,mc-I-1-all,mc-I-2-all,mc-I-3-all,mc-T-0-all,mc-T-1-all,mc-T-2-all,mc-T-3-all,mc-S-0-all,mc-S-1-all,mc-S-2-all,mc-S-3-all,D_mc-chi-0-all,D_mc-chi-1-all,D_mc-chi-2-all,D_mc-chi-3-all,D_mc-Z-0-all,D_mc-Z-1-all,D_mc-Z-2-all,D_mc-Z-3-all,D_mc-I-0-all,D_mc-I-1-all,D_mc-I-2-all,D_mc-I-3-all,D_mc-T-0-all,D_mc-T-1-all,D_mc-T-2-all,D_mc-T-3-all,D_mc-S-0-all,D_mc-S-1-all,D_mc-S-2-all,D_mc-S-3-all,name
214.47019999999992,387.3919999999999,928.7847999999999,1439.871999999999,2390.0,6040.0,9124.0,10592.0,26.0,56.0,108.0,176.0,164.0,448.0,652.0,752.0,17.492200000000004,42.8088,75.81559999999999,106.91039999999998,2.4025000000000003,30.752,31.62,66.58800000000001,625.0,1150.0,1200.0,2100.0,1.0,6.0,8.0,16.0,36.0,84.0,144.0,216.0,1.9320999999999997,6.143799999999999,8.562399999999998,14.678399999999996,0.0,-10.540000000000001,-7.999999999999999,-18.16,0.0,104.0,152.0,316.0,0.0,0.0,0.0,0.0,0.0,22.0,24.0,60.0,0.0,3.9199999999999995,4.96,11.679999999999998,HIVQAG_clean_primitive
214.47019999999992,387.3919999999999,928.7847999999999,1439.871999999999,2390.0,6040.0,9124.0,10592.0,26.0,56.0,108.0,176.0,164.0,448.0,652.0,752.0,17.492200000000004,42.8088,75.8156,106.91039999999998,2.4025000000000003,30.752,31.62,66.58800000000001,625.0,1150.0,1200.0,2100.0,1.0,6.0,8.0,16.0,36.0,84.0,144.0,216.0,1.9320999999999997,6.143799999999999,8.562399999999998,14.678399999999996,0.0,-10.540000000000001,-7.999999999999999,-18.16,0.0,104.0,152.0,316.0,0.0,0.0,0.0,0.0,0.0,22.0,24.0,60.0,0.0,3.9199999999999995,4.96,11.679999999999998,HIVQAG_clean_primitive
