f-link-chi-0,f-link-chi-1,f-link-chi-2,f-link-chi-3,f-link-Z-0,f-link-Z-1,f-link-Z-2,f-link-Z-3,f-link-I-0,f-link-I-1,f-link-I-2,f-link-I-3,f-link-T-0,f-link-T-1,f-link-T-2,f-link-T-3,f-link-S-0,f-link-S-1,f-link-S-2,f-link-S-3,name
273.3186,535.6372000000001,849.3722000000001,1000.9399999999998,1314.0,2584.0,3950.0,4142.0,36.0,76.0,118.0,146.0,194.0,480.0,692.0,754.0,17.581200000000006,40.05680000000001,60.04420000000001,68.62300000000003,MAKGIR
273.31859999999995,535.6372,849.3721999999999,1000.9399999999999,1314.0,2584.0,3950.0,4142.0,36.0,76.0,118.0,146.0,194.0,480.0,692.0,754.0,17.581200000000003,40.05680000000001,60.04420000000001,68.62300000000002,MAKGIR
273.31859999999995,535.6372,849.3721999999999,1000.9400000000003,1314.0,2584.0,3950.0,4142.0,36.0,76.0,118.0,146.0,194.0,480.0,692.0,754.0,17.581200000000003,40.05680000000001,60.04420000000001,68.62300000000002,MAKGIR
273.31859999999995,535.6372,849.3721999999999,1000.9400000000003,1314.0,2584.0,3950.0,4142.0,36.0,76.0,118.0,146.0,194.0,480.0,692.0,754.0,17.581200000000003,40.05680000000001,60.04420000000001,68.62300000000002,MAKGIR
