f-lig-chi-0,f-lig-chi-1,f-lig-chi-2,f-lig-chi-3,f-lig-Z-0,f-lig-Z-1,f-lig-Z-2,f-lig-Z-3,f-lig-I-0,f-lig-I-1,f-lig-I-2,f-lig-I-3,f-lig-T-0,f-lig-T-1,f-lig-T-2,f-lig-T-3,f-lig-S-0,f-lig-S-1,f-lig-S-2,f-lig-S-3,name
144.91320000000002,317.271,477.11000000000007,548.8170000000001,540.0,1248.0,1592.0,1434.0,24.0,50.0,76.0,92.0,126.0,306.0,412.0,416.0,9.6088,23.361800000000006,32.55800000000001,33.85000000000001,UCAXEC_clean_primitive
76.52189999999999,118.62599999999998,185.07539999999997,191.264,366.0,552.0,762.0,512.0,9.0,16.0,24.0,24.0,40.0,88.0,80.0,40.0,4.184099999999999,8.008,10.367199999999999,8.8184,UCAXEC_clean_primitive
144.91320000000002,317.271,477.11,548.8170000000001,540.0,1248.0,1592.0,1434.0,24.0,50.0,76.0,92.0,126.0,306.0,412.0,416.0,9.6088,23.361800000000006,32.55800000000001,33.85,UCAXEC_clean_primitive
76.5219,118.62599999999996,185.07539999999995,191.264,366.0,552.0,762.0,512.0,9.0,16.0,24.0,24.0,40.0,88.0,80.0,40.0,4.184099999999999,8.008000000000001,10.3672,8.8184,UCAXEC_clean_primitive
76.52189999999999,118.626,185.07539999999995,191.264,366.0,552.0,762.0,512.0,9.0,16.0,24.0,24.0,40.0,88.0,80.0,40.0,4.184099999999999,8.008000000000001,10.3672,8.8184,UCAXEC_clean_primitive
76.52189999999999,118.62599999999998,185.0754,191.264,366.0,552.0,762.0,512.0,9.0,16.0,24.0,24.0,40.0,88.0,80.0,40.0,4.1841,8.008000000000001,10.3672,8.8184,UCAXEC_clean_primitive
