f-lig-chi-0,f-lig-chi-1,f-lig-chi-2,f-lig-chi-3,f-lig-Z-0,f-lig-Z-1,f-lig-Z-2,f-lig-Z-3,f-lig-I-0,f-lig-I-1,f-lig-I-2,f-lig-I-3,f-lig-T-0,f-lig-T-1,f-lig-T-2,f-lig-T-3,f-lig-S-0,f-lig-S-1,f-lig-S-2,f-lig-S-3,name
200.80890000000002,422.86499999999984,647.1095999999997,782.9010000000002,864.0,1638.0,2490.0,3096.0,27.0,60.0,96.0,114.0,174.0,474.0,630.0,852.0,11.453100000000006,27.586800000000004,40.40400000000002,51.69780000000002,ADOGEH_clean_primitive
200.80890000000002,422.86499999999984,647.1095999999997,782.9010000000002,864.0,1638.0,2490.0,3096.0,27.0,60.0,96.0,114.0,174.0,474.0,630.0,852.0,11.453100000000006,27.586800000000004,40.40400000000002,51.69780000000002,ADOGEH_clean_primitive
200.80890000000002,422.86499999999984,647.1095999999997,782.9010000000002,864.0,1638.0,2490.0,3096.0,27.0,60.0,96.0,114.0,174.0,474.0,630.0,852.0,11.453100000000006,27.586800000000004,40.40400000000002,51.69780000000002,ADOGEH_clean_primitive
200.80890000000002,422.86499999999984,647.1095999999997,782.9010000000002,864.0,1638.0,2490.0,3096.0,27.0,60.0,96.0,114.0,174.0,474.0,630.0,852.0,11.453100000000006,27.586800000000004,40.40400000000002,51.69780000000002,ADOGEH_clean_primitive
200.80889999999994,422.86499999999995,647.1095999999999,782.901,864.0,1638.0,2490.0,3096.0,27.0,60.0,96.0,114.0,174.0,474.0,630.0,852.0,11.453100000000001,27.586800000000007,40.403999999999996,51.69780000000001,ADOGEH_clean_primitive
200.80889999999994,422.86499999999995,647.1095999999999,782.901,864.0,1638.0,2490.0,3096.0,27.0,60.0,96.0,114.0,174.0,474.0,630.0,852.0,11.453100000000001,27.586800000000007,40.403999999999996,51.69780000000001,ADOGEH_clean_primitive
200.80889999999994,422.86499999999995,647.1095999999999,782.901,864.0,1638.0,2490.0,3096.0,27.0,60.0,96.0,114.0,174.0,474.0,630.0,852.0,11.453100000000001,27.586800000000007,40.403999999999996,51.69780000000001,ADOGEH_clean_primitive
200.80889999999994,422.86499999999995,647.1095999999999,782.901,864.0,1638.0,2490.0,3096.0,27.0,60.0,96.0,114.0,174.0,474.0,630.0,852.0,11.453100000000001,27.586800000000007,40.403999999999996,51.69780000000001,ADOGEH_clean_primitive
