f-chi-0-all,f-chi-1-all,f-chi-2-all,f-chi-3-all,f-Z-0-all,f-Z-1-all,f-Z-2-all,f-Z-3-all,f-I-0-all,f-I-1-all,f-I-2-all,f-I-3-all,f-T-0-all,f-T-1-all,f-T-2-all,f-T-3-all,f-S-0-all,f-S-1-all,f-S-2-all,f-S-3-all,mc-chi-0-all,mc-chi-1-all,mc-chi-2-all,mc-chi-3-all,mc-Z-0-all,mc-Z-1-all,mc-Z-2-all,mc-Z-3-all,mc-I-0-all,mc-I-1-all,mc-I-2-all,mc-I-3-all,mc-T-0-all,mc-T-1-all,mc-T-2-all,mc-T-3-all,mc-S-0-all,mc-S-1-all,mc-S-2-all,mc-S-3-all,D_mc-chi-0-all,D_mc-chi-1-all,D_mc-chi-2-all,D_mc-chi-3-all,D_mc-Z-0-all,D_mc-Z-1-all,D_mc-Z-2-all,D_mc-Z-3-all,D_mc-I-0-all,D_mc-I-1-all,D_mc-I-2-all,D_mc-I-3-all,D_mc-T-0-all,D_mc-T-1-all,D_mc-T-2-all,D_mc-T-3-all,D_mc-S-0-all,D_mc-S-1-all,D_mc-S-2-all,D_mc-S-3-all,name
106.7534,184.5632,311.74199999999996,368.12159999999994,588.0,1092.0,1762.0,2052.0,14.0,32.0,44.0,48.0,88.0,240.0,294.0,232.0,10.351799999999999,24.757600000000004,34.193999999999996,30.4808,0.9603999999999999,13.0928,10.956399999999999,20.6584,9.0,93.0,81.0,123.0,1.0,4.0,5.0,8.0,16.0,44.0,64.0,76.0,1.7689000000000001,3.9102,5.8652999999999995,7.0489999999999995,0.0,-9.440000000000001,-6.279999999999999,-13.240000000000002,0.0,-19.0,-12.0,-17.0,0.0,0.0,0.0,0.0,0.0,5.0,4.0,13.0,0.0,2.3800000000000003,2.24,5.340000000000002,XUNSIK_clean_primitive
106.75339999999998,184.56320000000002,311.742,368.1215999999999,588.0,1092.0,1762.0,2052.0,14.0,32.0,44.0,48.0,88.0,240.0,294.0,232.0,10.3518,24.757600000000004,34.193999999999996,30.4808,0.9603999999999999,13.0928,10.956399999999999,20.6584,9.0,93.0,81.0,123.0,1.0,4.0,5.0,8.0,16.0,44.0,64.0,76.0,1.7689000000000001,3.9102,5.8652999999999995,7.0489999999999995,0.0,-9.440000000000001,-6.279999999999999,-13.240000000000002,0.0,-19.0,-12.0,-17.0,0.0,0.0,0.0,0.0,0.0,5.0,4.0,13.0,0.0,2.3800000000000003,2.24,5.340000000000002,XUNSIK_clean_primitive
