name,cif_file,Di,Df,Dif,rho,VSA,GSA,VPOV,GPOV,POAV_vol_frac,PONAV_vol_frac,GPOAV,GPONAV,POAV,PONAV
POXHER,POXHER.cif,13.61005,8.01869,12.84192,0.809245,1365.91,1687.88,0.414,0.5115879616185457,0.4123,0.0017,0.509487,0.00210072,16040.6,66.1388
