f-lig-chi-0,f-lig-chi-1,f-lig-chi-2,f-lig-chi-3,f-lig-Z-0,f-lig-Z-1,f-lig-Z-2,f-lig-Z-3,f-lig-I-0,f-lig-I-1,f-lig-I-2,f-lig-I-3,f-lig-T-0,f-lig-T-1,f-lig-T-2,f-lig-T-3,f-lig-S-0,f-lig-S-1,f-lig-S-2,f-lig-S-3,name
745.4082000000013,1589.8229999999994,2564.9112000000005,3366.1859999999992,3180.0,6984.0,10560.0,11976.0,114.0,246.0,396.0,540.0,642.0,1638.0,2460.0,2940.0,50.454599999999985,122.93819999999995,188.9771999999999,233.82359999999986,RAYMIP_clean_primitive
745.4082000000013,1589.8229999999994,2564.9112000000005,3366.1859999999992,3180.0,6984.0,10560.0,11976.0,114.0,246.0,396.0,540.0,642.0,1638.0,2460.0,2940.0,50.454599999999985,122.93819999999995,188.9771999999999,233.82359999999986,RAYMIP_clean_primitive
