f-lig-chi-0,f-lig-chi-1,f-lig-chi-2,f-lig-chi-3,f-lig-Z-0,f-lig-Z-1,f-lig-Z-2,f-lig-Z-3,f-lig-I-0,f-lig-I-1,f-lig-I-2,f-lig-I-3,f-lig-T-0,f-lig-T-1,f-lig-T-2,f-lig-T-3,f-lig-S-0,f-lig-S-1,f-lig-S-2,f-lig-S-3,name
196.84570000000002,364.446,641.1035999999998,809.8140000000002,769.0,1404.0,1956.0,1776.0,28.0,54.0,96.0,126.0,150.0,372.0,474.0,510.0,10.738799999999998,24.162600000000012,35.7516,40.6794,PACZUQ_clean_primitive
196.84570000000002,364.446,641.1035999999996,809.8140000000002,769.0,1404.0,1956.0,1776.0,28.0,54.0,96.0,126.0,150.0,372.0,474.0,510.0,10.7388,24.16260000000001,35.7516,40.679399999999994,PACZUQ_clean_primitive
196.84570000000002,364.44599999999997,641.1035999999998,809.8140000000002,769.0,1404.0,1956.0,1776.0,28.0,54.0,96.0,126.0,150.0,372.0,474.0,510.0,10.7388,24.162600000000005,35.75160000000001,40.6794,PACZUQ_clean_primitive
196.84570000000002,364.44599999999997,641.1035999999999,809.8140000000001,769.0,1404.0,1956.0,1776.0,28.0,54.0,96.0,126.0,150.0,372.0,474.0,510.0,10.7388,24.162600000000005,35.75160000000001,40.6794,PACZUQ_clean_primitive
196.84570000000002,364.446,641.1035999999997,809.8140000000002,769.0,1404.0,1956.0,1776.0,28.0,54.0,96.0,126.0,150.0,372.0,474.0,510.0,10.738800000000001,24.16260000000001,35.7516,40.67939999999998,PACZUQ_clean_primitive
196.84570000000002,364.44599999999997,641.1035999999998,809.8140000000002,769.0,1404.0,1956.0,1776.0,28.0,54.0,96.0,126.0,150.0,372.0,474.0,510.0,10.738799999999998,24.162600000000005,35.75160000000001,40.6794,PACZUQ_clean_primitive
