f-chi-0-all,f-chi-1-all,f-chi-2-all,f-chi-3-all,f-Z-0-all,f-Z-1-all,f-Z-2-all,f-Z-3-all,f-I-0-all,f-I-1-all,f-I-2-all,f-I-3-all,f-T-0-all,f-T-1-all,f-T-2-all,f-T-3-all,f-S-0-all,f-S-1-all,f-S-2-all,f-S-3-all,mc-chi-0-all,mc-chi-1-all,mc-chi-2-all,mc-chi-3-all,mc-Z-0-all,mc-Z-1-all,mc-Z-2-all,mc-Z-3-all,mc-I-0-all,mc-I-1-all,mc-I-2-all,mc-I-3-all,mc-T-0-all,mc-T-1-all,mc-T-2-all,mc-T-3-all,mc-S-0-all,mc-S-1-all,mc-S-2-all,mc-S-3-all,D_mc-chi-0-all,D_mc-chi-1-all,D_mc-chi-2-all,D_mc-chi-3-all,D_mc-Z-0-all,D_mc-Z-1-all,D_mc-Z-2-all,D_mc-Z-3-all,D_mc-I-0-all,D_mc-I-1-all,D_mc-I-2-all,D_mc-I-3-all,D_mc-T-0-all,D_mc-T-1-all,D_mc-T-2-all,D_mc-T-3-all,D_mc-S-0-all,D_mc-S-1-all,D_mc-S-2-all,D_mc-S-3-all,name
413.4047999999998,961.7863999999998,2790.3304,3879.354399999999,6429.0,17880.0,36986.0,50620.0,49.0,134.0,310.0,510.0,468.0,1588.0,3210.0,4578.0,32.330700000000036,100.0182,211.46919999999986,331.58780000000013,3.5343999999999993,38.30186666666666,40.35733333333332,110.97013333333335,729.0,1278.0,3226.5,3636.0,1.0,6.0,9.5,18.666666666666668,36.0,105.0,213.0,293.0,1.5876000000000001,5.5356,10.5189,17.119200000000003,0.0,-9.093333333333334,-3.606666666666667,-23.933333333333326,0.0,114.66666666666667,137.0,369.3333333333333,0.0,0.0,0.0,0.0,0.0,18.5,21.5,63.166666666666664,0.0,3.1666666666666665,3.6216666666666666,9.933333333333332,CITZIP_manual_primitive
