f-chi-0-all,f-chi-1-all,f-chi-2-all,f-chi-3-all,f-Z-0-all,f-Z-1-all,f-Z-2-all,f-Z-3-all,f-I-0-all,f-I-1-all,f-I-2-all,f-I-3-all,f-T-0-all,f-T-1-all,f-T-2-all,f-T-3-all,f-S-0-all,f-S-1-all,f-S-2-all,f-S-3-all,mc-chi-0-all,mc-chi-1-all,mc-chi-2-all,mc-chi-3-all,mc-Z-0-all,mc-Z-1-all,mc-Z-2-all,mc-Z-3-all,mc-I-0-all,mc-I-1-all,mc-I-2-all,mc-I-3-all,mc-T-0-all,mc-T-1-all,mc-T-2-all,mc-T-3-all,mc-S-0-all,mc-S-1-all,mc-S-2-all,mc-S-3-all,D_mc-chi-0-all,D_mc-chi-1-all,D_mc-chi-2-all,D_mc-chi-3-all,D_mc-Z-0-all,D_mc-Z-1-all,D_mc-Z-2-all,D_mc-Z-3-all,D_mc-I-0-all,D_mc-I-1-all,D_mc-I-2-all,D_mc-I-3-all,D_mc-T-0-all,D_mc-T-1-all,D_mc-T-2-all,D_mc-T-3-all,D_mc-S-0-all,D_mc-S-1-all,D_mc-S-2-all,D_mc-S-3-all,name
159.46379999999996,267.35679999999996,892.6982000000002,708.3648000000001,4184.0,9792.0,12664.0,9216.0,18.0,48.0,90.0,88.0,176.0,592.0,738.0,488.0,16.626399999999997,49.78600000000001,69.85579999999999,63.3056,0.9025,22.876,10.621,25.1845,1444.0,2128.0,2736.0,2356.0,1.0,7.0,5.0,9.0,49.0,126.0,140.0,154.0,3.4225000000000003,9.4535,9.583,12.524500000000002,0.0,-17.43,-6.43,-17.96,0.0,210.0,118.0,280.0,0.0,0.0,0.0,0.0,0.0,31.0,15.0,41.0,0.0,7.840000000000001,4.07,9.88,LIDZOP_clean_primitive
159.46379999999996,267.3567999999999,892.6982000000003,708.3648000000001,4184.0,9792.0,12664.0,9216.0,18.0,48.0,90.0,88.0,176.0,592.0,738.0,488.0,16.626399999999997,49.786,69.85579999999999,63.3056,0.9025,22.876,10.621,25.1845,1444.0,2128.0,2736.0,2356.0,1.0,7.0,5.0,9.0,49.0,126.0,140.0,154.0,3.4225000000000003,9.4535,9.583,12.524500000000002,0.0,-17.43,-6.43,-17.96,0.0,210.0,118.0,280.0,0.0,0.0,0.0,0.0,0.0,31.0,15.0,41.0,0.0,7.840000000000001,4.07,9.88,LIDZOP_clean_primitive
