f-chi-0-all,f-chi-1-all,f-chi-2-all,f-chi-3-all,f-Z-0-all,f-Z-1-all,f-Z-2-all,f-Z-3-all,f-I-0-all,f-I-1-all,f-I-2-all,f-I-3-all,f-T-0-all,f-T-1-all,f-T-2-all,f-T-3-all,f-S-0-all,f-S-1-all,f-S-2-all,f-S-3-all,mc-chi-0-all,mc-chi-1-all,mc-chi-2-all,mc-chi-3-all,mc-Z-0-all,mc-Z-1-all,mc-Z-2-all,mc-Z-3-all,mc-I-0-all,mc-I-1-all,mc-I-2-all,mc-I-3-all,mc-T-0-all,mc-T-1-all,mc-T-2-all,mc-T-3-all,mc-S-0-all,mc-S-1-all,mc-S-2-all,mc-S-3-all,D_mc-chi-0-all,D_mc-chi-1-all,D_mc-chi-2-all,D_mc-chi-3-all,D_mc-Z-0-all,D_mc-Z-1-all,D_mc-Z-2-all,D_mc-Z-3-all,D_mc-I-0-all,D_mc-I-1-all,D_mc-I-2-all,D_mc-I-3-all,D_mc-T-0-all,D_mc-T-1-all,D_mc-T-2-all,D_mc-T-3-all,D_mc-S-0-all,D_mc-S-1-all,D_mc-S-2-all,D_mc-S-3-all,name
1134.6276000000012,2485.099200000002,8565.482400000004,9378.556800000011,30396.0,65472.0,105144.0,133728.0,124.0,360.0,912.0,1152.0,1272.0,3888.0,7968.0,9528.0,94.67639999999986,297.5663999999999,634.9152,815.9280000000008,3.0323999999999995,28.4316,26.490750000000006,60.20910000000001,1530.75,1776.0,2593.5,2907.0,1.0,5.25,6.75,10.5,32.25,70.5,133.5,122.25,2.1851999999999996,5.880150000000001,9.058950000000003,11.2518,0.0,-9.794999999999998,-5.122499999999998,-16.544999999999998,0.0,180.0,190.5,293.25,0.0,0.0,0.0,0.0,0.0,20.25,14.25,29.25,0.0,4.2225,4.012499999999998,7.5749999999999975,RUHFUX_clean_primitive
