f-sbu-chi-0,f-sbu-chi-1,f-sbu-chi-2,f-sbu-chi-3,f-sbu-Z-0,f-sbu-Z-1,f-sbu-Z-2,f-sbu-Z-3,f-sbu-I-0,f-sbu-I-1,f-sbu-I-2,f-sbu-I-3,f-sbu-T-0,f-sbu-T-1,f-sbu-T-2,f-sbu-T-3,f-sbu-S-0,f-sbu-S-1,f-sbu-S-2,f-sbu-S-3,mc-chi-0,mc-chi-1,mc-chi-2,mc-chi-3,mc-Z-0,mc-Z-1,mc-Z-2,mc-Z-3,mc-I-0,mc-I-1,mc-I-2,mc-I-3,mc-T-0,mc-T-1,mc-T-2,mc-T-3,mc-S-0,mc-S-1,mc-S-2,mc-S-3,D_mc-chi-0,D_mc-chi-1,D_mc-chi-2,D_mc-chi-3,D_mc-Z-0,D_mc-Z-1,D_mc-Z-2,D_mc-Z-3,D_mc-I-0,D_mc-I-1,D_mc-I-2,D_mc-I-3,D_mc-T-0,D_mc-T-1,D_mc-T-2,D_mc-T-3,D_mc-S-0,D_mc-S-1,D_mc-S-2,D_mc-S-3,name
344.4216999999999,668.7359999999995,1535.3359999999996,1832.831999999999,8068.0,15360.0,35840.0,42624.0,39.0,96.0,174.0,264.0,270.0,768.0,1416.0,1920.0,29.66550000000002,76.0368,140.15339999999998,209.8896,2.7224999999999997,22.703999999999997,21.35571428571428,75.26828571428572,900.0,960.0,3600.0,3188.5714285714284,1.0,4.0,6.285714285714286,14.0,16.857142857142858,43.42857142857143,96.57142857142857,134.28571428571428,1.7161000000000004,3.8251999999999997,8.765771428571432,13.537914285714285,0.0,-7.160000000000001,-2.5714285714285707,-22.517142857142854,0.0,88.0,68.57142857142857,313.7142857142857,0.0,0.0,0.0,0.0,0.0,6.571428571428571,3.4285714285714284,25.428571428571427,0.0,2.3200000000000003,1.542857142857143,8.005714285714287,NIMXIS
