f-lig-chi-0,f-lig-chi-1,f-lig-chi-2,f-lig-chi-3,f-lig-Z-0,f-lig-Z-1,f-lig-Z-2,f-lig-Z-3,f-lig-I-0,f-lig-I-1,f-lig-I-2,f-lig-I-3,f-lig-T-0,f-lig-T-1,f-lig-T-2,f-lig-T-3,f-lig-S-0,f-lig-S-1,f-lig-S-2,f-lig-S-3,name
195.5726,391.4972000000001,598.1344,725.2389999999999,866.0,1754.0,2488.0,2656.0,28.0,58.0,88.0,110.0,146.0,356.0,484.0,494.0,12.652400000000002,29.09140000000001,41.648,46.59660000000002,SIRZUQ_clean_primitive
195.5726,391.4972000000001,598.1344,725.2389999999999,866.0,1754.0,2488.0,2656.0,28.0,58.0,88.0,110.0,146.0,356.0,484.0,494.0,12.6524,29.09140000000001,41.64800000000001,46.59660000000001,SIRZUQ_clean_primitive
195.57259999999997,391.4972,598.1344,725.2389999999998,866.0,1754.0,2488.0,2656.0,28.0,58.0,88.0,110.0,146.0,356.0,484.0,494.0,12.652400000000002,29.091400000000004,41.648,46.59660000000002,SIRZUQ_clean_primitive
195.5726,391.4972000000001,598.1344000000001,725.2389999999998,866.0,1754.0,2488.0,2656.0,28.0,58.0,88.0,110.0,146.0,356.0,484.0,494.0,12.652400000000002,29.09140000000001,41.64800000000001,46.596600000000024,SIRZUQ_clean_primitive
195.5726,391.4972000000001,598.1344000000001,725.239,866.0,1754.0,2488.0,2656.0,28.0,58.0,88.0,110.0,146.0,356.0,484.0,494.0,12.6524,29.09140000000001,41.64800000000001,46.59660000000002,SIRZUQ_clean_primitive
195.5726,391.4972000000001,598.1344,725.2389999999998,866.0,1754.0,2488.0,2656.0,28.0,58.0,88.0,110.0,146.0,356.0,484.0,494.0,12.652400000000002,29.091400000000007,41.64800000000001,46.59660000000001,SIRZUQ_clean_primitive
