f-chi-0-all,f-chi-1-all,f-chi-2-all,f-chi-3-all,f-Z-0-all,f-Z-1-all,f-Z-2-all,f-Z-3-all,f-I-0-all,f-I-1-all,f-I-2-all,f-I-3-all,f-T-0-all,f-T-1-all,f-T-2-all,f-T-3-all,f-S-0-all,f-S-1-all,f-S-2-all,f-S-3-all,mc-chi-0-all,mc-chi-1-all,mc-chi-2-all,mc-chi-3-all,mc-Z-0-all,mc-Z-1-all,mc-Z-2-all,mc-Z-3-all,mc-I-0-all,mc-I-1-all,mc-I-2-all,mc-I-3-all,mc-T-0-all,mc-T-1-all,mc-T-2-all,mc-T-3-all,mc-S-0-all,mc-S-1-all,mc-S-2-all,mc-S-3-all,D_mc-chi-0-all,D_mc-chi-1-all,D_mc-chi-2-all,D_mc-chi-3-all,D_mc-Z-0-all,D_mc-Z-1-all,D_mc-Z-2-all,D_mc-Z-3-all,D_mc-I-0-all,D_mc-I-1-all,D_mc-I-2-all,D_mc-I-3-all,D_mc-T-0-all,D_mc-T-1-all,D_mc-T-2-all,D_mc-T-3-all,D_mc-S-0-all,D_mc-S-1-all,D_mc-S-2-all,D_mc-S-3-all,name
112.4191,195.25799999999992,472.614,456.1439999999999,1225.0,3120.0,4104.0,2496.0,13.0,28.0,50.0,52.0,78.0,200.0,272.0,168.0,8.6869,21.293199999999995,33.3274,29.229200000000002,2.4025000000000003,31.992,23.715,39.897,625.0,1200.0,900.0,1500.0,1.0,6.0,6.0,8.0,36.0,72.0,108.0,108.0,1.9320999999999997,6.088199999999999,6.421799999999999,8.228799999999998,0.0,-11.34,-5.999999999999999,-13.34,0.0,102.0,114.0,140.0,0.0,0.0,0.0,0.0,0.0,24.0,18.0,30.0,0.0,3.96,3.7199999999999998,5.2,YUKKAR_clean_primitive
112.4191,195.25799999999998,472.614,456.1439999999999,1225.0,3120.0,4104.0,2496.0,13.0,28.0,50.0,52.0,78.0,200.0,272.0,168.0,8.6869,21.29319999999999,33.3274,29.229200000000006,2.4025000000000003,31.992,23.715,39.897,625.0,1200.0,900.0,1500.0,1.0,6.0,6.0,8.0,36.0,72.0,108.0,108.0,1.9320999999999997,6.088199999999999,6.421799999999999,8.228799999999998,0.0,-11.34,-5.999999999999999,-13.34,0.0,102.0,114.0,140.0,0.0,0.0,0.0,0.0,0.0,24.0,18.0,30.0,0.0,3.96,3.7199999999999998,5.2,YUKKAR_clean_primitive
