f-lig-chi-0,f-lig-chi-1,f-lig-chi-2,f-lig-chi-3,f-lig-Z-0,f-lig-Z-1,f-lig-Z-2,f-lig-Z-3,f-lig-I-0,f-lig-I-1,f-lig-I-2,f-lig-I-3,f-lig-T-0,f-lig-T-1,f-lig-T-2,f-lig-T-3,f-lig-S-0,f-lig-S-1,f-lig-S-2,f-lig-S-3,name
172.06019999999995,313.4969999999999,501.66459999999984,579.1483999999999,813.0,1476.0,2170.0,2246.0,22.0,44.0,68.0,80.0,112.0,266.0,344.0,364.0,10.3438,22.514800000000008,32.2716,35.598400000000005,PEVLIN_clean_primitive
172.06019999999995,313.4969999999999,501.6645999999999,579.1484,813.0,1476.0,2170.0,2246.0,22.0,44.0,68.0,80.0,112.0,266.0,344.0,364.0,10.3438,22.514800000000008,32.2716,35.598400000000005,PEVLIN_clean_primitive
