f-sbu-chi-0,f-sbu-chi-1,f-sbu-chi-2,f-sbu-chi-3,f-sbu-Z-0,f-sbu-Z-1,f-sbu-Z-2,f-sbu-Z-3,f-sbu-I-0,f-sbu-I-1,f-sbu-I-2,f-sbu-I-3,f-sbu-T-0,f-sbu-T-1,f-sbu-T-2,f-sbu-T-3,f-sbu-S-0,f-sbu-S-1,f-sbu-S-2,f-sbu-S-3,mc-chi-0,mc-chi-1,mc-chi-2,mc-chi-3,mc-Z-0,mc-Z-1,mc-Z-2,mc-Z-3,mc-I-0,mc-I-1,mc-I-2,mc-I-3,mc-T-0,mc-T-1,mc-T-2,mc-T-3,mc-S-0,mc-S-1,mc-S-2,mc-S-3,D_mc-chi-0,D_mc-chi-1,D_mc-chi-2,D_mc-chi-3,D_mc-Z-0,D_mc-Z-1,D_mc-Z-2,D_mc-Z-3,D_mc-I-0,D_mc-I-1,D_mc-I-2,D_mc-I-3,D_mc-T-0,D_mc-T-1,D_mc-T-2,D_mc-T-3,D_mc-S-0,D_mc-S-1,D_mc-S-2,D_mc-S-3,name
65.6989,102.14399999999999,144.55920000000003,186.048,1240.0,2016.0,2028.0,1008.0,9.0,16.0,20.0,24.0,36.0,80.0,80.0,48.0,6.337700000000001,12.480000000000002,14.819600000000001,13.86,2.7224999999999997,20.064,16.83,33.66,900.0,840.0,720.0,1440.0,1.0,4.0,4.0,8.0,16.0,32.0,48.0,112.0,1.7161000000000002,3.93,4.034800000000001,8.069600000000001,0.0,-5.5600000000000005,-3.5999999999999996,-7.200000000000001,0.0,92.0,96.0,192.0,0.0,0.0,0.0,0.0,0.0,8.0,4.0,4.0,0.0,2.24,2.16,4.32,HIQPII
65.6989,102.14399999999998,144.5592,186.048,1240.0,2016.0,2028.0,1008.0,9.0,16.0,20.0,24.0,36.0,80.0,80.0,48.0,6.3377,12.48,14.819600000000001,13.86,2.7224999999999997,20.064,16.83,33.66,900.0,840.0,720.0,1440.0,1.0,4.0,4.0,8.0,16.0,32.0,48.0,112.0,1.7161000000000002,3.93,4.034800000000001,8.069600000000001,0.0,-5.5600000000000005,-3.5999999999999996,-7.200000000000001,0.0,92.0,96.0,192.0,0.0,0.0,0.0,0.0,0.0,8.0,4.0,4.0,0.0,2.24,2.16,4.32,HIQPII
