f-chi-0-all,f-chi-1-all,f-chi-2-all,f-chi-3-all,f-Z-0-all,f-Z-1-all,f-Z-2-all,f-Z-3-all,f-I-0-all,f-I-1-all,f-I-2-all,f-I-3-all,f-T-0-all,f-T-1-all,f-T-2-all,f-T-3-all,f-S-0-all,f-S-1-all,f-S-2-all,f-S-3-all,mc-chi-0-all,mc-chi-1-all,mc-chi-2-all,mc-chi-3-all,mc-Z-0-all,mc-Z-1-all,mc-Z-2-all,mc-Z-3-all,mc-I-0-all,mc-I-1-all,mc-I-2-all,mc-I-3-all,mc-T-0-all,mc-T-1-all,mc-T-2-all,mc-T-3-all,mc-S-0-all,mc-S-1-all,mc-S-2-all,mc-S-3-all,D_mc-chi-0-all,D_mc-chi-1-all,D_mc-chi-2-all,D_mc-chi-3-all,D_mc-Z-0-all,D_mc-Z-1-all,D_mc-Z-2-all,D_mc-Z-3-all,D_mc-I-0-all,D_mc-I-1-all,D_mc-I-2-all,D_mc-I-3-all,D_mc-T-0-all,D_mc-T-1-all,D_mc-T-2-all,D_mc-T-3-all,D_mc-S-0-all,D_mc-S-1-all,D_mc-S-2-all,D_mc-S-3-all,name
344.15519999999987,664.3327999999998,1612.751999999999,1690.2784,19530.0,25344.0,44400.0,56448.0,38.0,96.0,168.0,240.0,264.0,672.0,1056.0,1632.0,33.67320000000002,85.96480000000007,134.8408000000001,209.07199999999986,3.6300000000000003,25.22666666666667,16.060000000000002,59.803333333333335,2699.0,1632.0,3060.0,3876.0,1.0,4.0,4.0,10.0,16.0,32.0,64.0,96.0,1.9824666666666666,4.068533333333333,5.907733333333333,10.282799999999998,0.0,-6.426666666666667,-1.4266666666666659,-14.286666666666667,0.0,172.0,144.0,434.0,0.0,0.0,0.0,0.0,0.0,8.0,0.0,16.0,0.0,2.6533333333333333,1.333333333333333,6.553333333333332,GIQYUB_clean_primitive
