f-chi-0-all,f-chi-1-all,f-chi-2-all,f-chi-3-all,f-Z-0-all,f-Z-1-all,f-Z-2-all,f-Z-3-all,f-I-0-all,f-I-1-all,f-I-2-all,f-I-3-all,f-T-0-all,f-T-1-all,f-T-2-all,f-T-3-all,f-S-0-all,f-S-1-all,f-S-2-all,f-S-3-all,mc-chi-0-all,mc-chi-1-all,mc-chi-2-all,mc-chi-3-all,mc-Z-0-all,mc-Z-1-all,mc-Z-2-all,mc-Z-3-all,mc-I-0-all,mc-I-1-all,mc-I-2-all,mc-I-3-all,mc-T-0-all,mc-T-1-all,mc-T-2-all,mc-T-3-all,mc-S-0-all,mc-S-1-all,mc-S-2-all,mc-S-3-all,D_mc-chi-0-all,D_mc-chi-1-all,D_mc-chi-2-all,D_mc-chi-3-all,D_mc-Z-0-all,D_mc-Z-1-all,D_mc-Z-2-all,D_mc-Z-3-all,D_mc-I-0-all,D_mc-I-1-all,D_mc-I-2-all,D_mc-I-3-all,D_mc-T-0-all,D_mc-T-1-all,D_mc-T-2-all,D_mc-T-3-all,D_mc-S-0-all,D_mc-S-1-all,D_mc-S-2-all,D_mc-S-3-all,name
156.34740000000005,314.75999999999993,634.9512000000001,775.0319999999998,3315.0,6432.0,11910.0,10128.0,18.0,42.0,72.0,96.0,114.0,306.0,486.0,504.0,14.066699999999996,34.2954,59.31059999999998,67.32059999999998,3.61,26.144000000000002,26.599999999999998,52.06,841.0,928.0,2378.0,1856.0,1.0,4.0,6.0,9.0,16.0,40.0,80.0,92.0,1.9043999999999996,4.029599999999999,8.059199999999999,9.287399999999998,0.0,-6.16,-2.5999999999999996,-10.299999999999999,0.0,84.0,92.0,197.0,0.0,0.0,0.0,0.0,0.0,6.0,4.0,13.0,0.0,2.5999999999999996,2.4399999999999995,5.689999999999999,OZUMAZ01_clean_primitive
156.34740000000005,314.75999999999993,634.9512000000002,775.0319999999999,3315.0,6432.0,11910.0,10128.0,18.0,42.0,72.0,96.0,114.0,306.0,486.0,504.0,14.066699999999996,34.29540000000001,59.31059999999998,67.32059999999998,3.61,26.144000000000002,26.599999999999998,52.06,841.0,928.0,2378.0,1856.0,1.0,4.0,6.0,9.0,16.0,40.0,80.0,92.0,1.9043999999999996,4.029599999999999,8.059199999999999,9.287399999999998,0.0,-6.16,-2.5999999999999996,-10.299999999999999,0.0,84.0,92.0,197.0,0.0,0.0,0.0,0.0,0.0,6.0,4.0,13.0,0.0,2.5999999999999996,2.4399999999999995,5.689999999999999,OZUMAZ01_clean_primitive
