f-lig-chi-0,f-lig-chi-1,f-lig-chi-2,f-lig-chi-3,f-lig-Z-0,f-lig-Z-1,f-lig-Z-2,f-lig-Z-3,f-lig-I-0,f-lig-I-1,f-lig-I-2,f-lig-I-3,f-lig-T-0,f-lig-T-1,f-lig-T-2,f-lig-T-3,f-lig-S-0,f-lig-S-1,f-lig-S-2,f-lig-S-3,name
102.4821,221.14859999999996,307.7886,266.67260000000005,477.0,1050.0,1344.0,1022.0,14.0,30.0,42.0,38.0,72.0,168.0,216.0,176.0,6.7502,15.571799999999998,20.701800000000002,16.9254,AGUWUV_clean_primitive
169.37379999999996,292.84199999999987,461.9707999999998,539.5289999999999,874.0,1512.0,2336.0,2568.0,20.0,40.0,60.0,74.0,100.0,240.0,332.0,378.0,10.466,21.991200000000006,32.13719999999999,37.96100000000001,AGUWUV_clean_primitive
102.48209999999999,221.1486,307.78860000000003,266.67260000000005,477.0,1050.0,1344.0,1022.0,14.0,30.0,42.0,38.0,72.0,168.0,216.0,176.0,6.7502,15.5718,20.701800000000006,16.9254,AGUWUV_clean_primitive
