f-link-chi-0,f-link-chi-1,f-link-chi-2,f-link-chi-3,f-link-Z-0,f-link-Z-1,f-link-Z-2,f-link-Z-3,f-link-I-0,f-link-I-1,f-link-I-2,f-link-I-3,f-link-T-0,f-link-T-1,f-link-T-2,f-link-T-3,f-link-S-0,f-link-S-1,f-link-S-2,f-link-S-3,name
82.77480000000001,173.82920000000001,268.3954,217.53000000000006,297.0,650.0,856.0,480.0,13.0,26.0,42.0,32.0,68.0,152.0,170.0,128.0,4.8805,11.535400000000001,15.427399999999997,11.3416,CUNFOH01
82.7748,173.8292,268.3954,217.53000000000003,297.0,650.0,856.0,480.0,13.0,26.0,42.0,32.0,68.0,152.0,170.0,128.0,4.8805,11.535400000000001,15.4274,11.341599999999998,CUNFOH01
82.77480000000001,173.8292,268.3954,217.53000000000006,297.0,650.0,856.0,480.0,13.0,26.0,42.0,32.0,68.0,152.0,170.0,128.0,4.8805,11.5354,15.4274,11.341599999999998,CUNFOH01
82.7748,173.82920000000001,268.3954,217.53000000000006,297.0,650.0,856.0,480.0,13.0,26.0,42.0,32.0,68.0,152.0,170.0,128.0,4.8805,11.535400000000001,15.427399999999999,11.341599999999998,CUNFOH01
82.7748,173.82920000000004,268.39539999999994,217.53000000000003,297.0,650.0,856.0,480.0,13.0,26.0,42.0,32.0,68.0,152.0,170.0,128.0,4.8805,11.535400000000001,15.4274,11.341599999999996,CUNFOH01
82.7748,173.8292,268.3954,217.53000000000006,297.0,650.0,856.0,480.0,13.0,26.0,42.0,32.0,68.0,152.0,170.0,128.0,4.8805,11.535400000000001,15.427400000000002,11.341599999999998,CUNFOH01
82.7748,173.82920000000001,268.3954,217.53000000000003,297.0,650.0,856.0,480.0,13.0,26.0,42.0,32.0,68.0,152.0,170.0,128.0,4.8805,11.535400000000001,15.4274,11.3416,CUNFOH01
82.77480000000001,173.82920000000001,268.3954,217.53000000000003,297.0,650.0,856.0,480.0,13.0,26.0,42.0,32.0,68.0,152.0,170.0,128.0,4.8805,11.535400000000001,15.4274,11.3416,CUNFOH01
