f-chi-0-all,f-chi-1-all,f-chi-2-all,f-chi-3-all,f-Z-0-all,f-Z-1-all,f-Z-2-all,f-Z-3-all,f-I-0-all,f-I-1-all,f-I-2-all,f-I-3-all,f-T-0-all,f-T-1-all,f-T-2-all,f-T-3-all,f-S-0-all,f-S-1-all,f-S-2-all,f-S-3-all,mc-chi-0-all,mc-chi-1-all,mc-chi-2-all,mc-chi-3-all,mc-Z-0-all,mc-Z-1-all,mc-Z-2-all,mc-Z-3-all,mc-I-0-all,mc-I-1-all,mc-I-2-all,mc-I-3-all,mc-T-0-all,mc-T-1-all,mc-T-2-all,mc-T-3-all,mc-S-0-all,mc-S-1-all,mc-S-2-all,mc-S-3-all,D_mc-chi-0-all,D_mc-chi-1-all,D_mc-chi-2-all,D_mc-chi-3-all,D_mc-Z-0-all,D_mc-Z-1-all,D_mc-Z-2-all,D_mc-Z-3-all,D_mc-I-0-all,D_mc-I-1-all,D_mc-I-2-all,D_mc-I-3-all,D_mc-T-0-all,D_mc-T-1-all,D_mc-T-2-all,D_mc-T-3-all,D_mc-S-0-all,D_mc-S-1-all,D_mc-S-2-all,D_mc-S-3-all,name
196.48179999999996,324.048,926.5992000000001,918.48,15748.0,17952.0,44088.0,30912.0,22.0,54.0,102.0,132.0,156.0,426.0,726.0,840.0,19.1551,50.72040000000001,87.1248,106.78440000000003,1.2100000000000002,18.92,13.64,41.492,4900.0,2800.0,11480.0,6160.0,1.0,5.0,6.0,12.0,25.0,55.0,110.0,140.0,2.89,6.204999999999999,11.015999999999998,15.163999999999996,0.0,-11.700000000000001,-5.799999999999998,-24.519999999999996,0.0,310.0,256.0,752.0,0.0,0.0,0.0,0.0,0.0,14.0,8.0,32.0,0.0,4.8500000000000005,3.7199999999999993,11.479999999999999,BICPUA_clean_primitive
196.48179999999996,324.048,926.5992000000001,918.48,15748.0,17952.0,44088.0,30912.0,22.0,54.0,102.0,132.0,156.0,426.0,726.0,840.0,19.155100000000004,50.72040000000001,87.12480000000002,106.78440000000002,1.2100000000000002,18.92,13.64,41.492,4900.0,2800.0,11480.0,6160.0,1.0,5.0,6.0,12.0,25.0,55.0,110.0,140.0,2.89,6.204999999999999,11.015999999999998,15.163999999999996,0.0,-11.700000000000001,-5.799999999999998,-24.519999999999996,0.0,310.0,256.0,752.0,0.0,0.0,0.0,0.0,0.0,14.0,8.0,32.0,0.0,4.8500000000000005,3.7199999999999993,11.479999999999999,BICPUA_clean_primitive
