f-lig-chi-0,f-lig-chi-1,f-lig-chi-2,f-lig-chi-3,f-lig-Z-0,f-lig-Z-1,f-lig-Z-2,f-lig-Z-3,f-lig-I-0,f-lig-I-1,f-lig-I-2,f-lig-I-3,f-lig-T-0,f-lig-T-1,f-lig-T-2,f-lig-T-3,f-lig-S-0,f-lig-S-1,f-lig-S-2,f-lig-S-3,name
434.1731999999997,852.3630000000006,1324.0812000000005,1622.8710000000015,2076.0,4104.0,6096.0,6552.0,60.0,126.0,192.0,246.0,318.0,780.0,1092.0,1182.0,29.382000000000023,66.57420000000002,97.59360000000002,114.80700000000006,MUDTAH_clean_primitive
434.17319999999967,852.3630000000006,1324.0812,1622.8710000000012,2076.0,4104.0,6096.0,6552.0,60.0,126.0,192.0,246.0,318.0,780.0,1092.0,1182.0,29.382000000000023,66.57420000000002,97.59360000000002,114.80700000000007,MUDTAH_clean_primitive
434.17319999999967,852.3630000000006,1324.0812,1622.8710000000015,2076.0,4104.0,6096.0,6552.0,60.0,126.0,192.0,246.0,318.0,780.0,1092.0,1182.0,29.382000000000023,66.57420000000002,97.59360000000004,114.80700000000007,MUDTAH_clean_primitive
434.1731999999998,852.3630000000006,1324.0812000000008,1622.8710000000003,2076.0,4104.0,6096.0,6552.0,60.0,126.0,192.0,246.0,318.0,780.0,1092.0,1182.0,29.382000000000016,66.57420000000003,97.59360000000002,114.80700000000009,MUDTAH_clean_primitive
434.17319999999984,852.3630000000006,1324.0812000000008,1622.8710000000003,2076.0,4104.0,6096.0,6552.0,60.0,126.0,192.0,246.0,318.0,780.0,1092.0,1182.0,29.382000000000016,66.57420000000003,97.59360000000002,114.80700000000009,MUDTAH_clean_primitive
434.1731999999998,852.3630000000006,1324.0812000000008,1622.8710000000003,2076.0,4104.0,6096.0,6552.0,60.0,126.0,192.0,246.0,318.0,780.0,1092.0,1182.0,29.382000000000016,66.57420000000003,97.59360000000002,114.80700000000009,MUDTAH_clean_primitive
434.1731999999999,852.3630000000005,1324.0812,1622.8709999999996,2076.0,4104.0,6096.0,6552.0,60.0,126.0,192.0,246.0,318.0,780.0,1092.0,1182.0,29.382000000000005,66.57420000000002,97.59360000000004,114.80700000000007,MUDTAH_clean_primitive
434.17319999999955,852.363000000001,1324.081200000001,1622.8710000000017,2076.0,4104.0,6096.0,6552.0,60.0,126.0,192.0,246.0,318.0,780.0,1092.0,1182.0,29.38200000000003,66.5742,97.59360000000001,114.80700000000007,MUDTAH_clean_primitive
