f-lig-chi-0,f-lig-chi-1,f-lig-chi-2,f-lig-chi-3,f-lig-Z-0,f-lig-Z-1,f-lig-Z-2,f-lig-Z-3,f-lig-I-0,f-lig-I-1,f-lig-I-2,f-lig-I-3,f-lig-T-0,f-lig-T-1,f-lig-T-2,f-lig-T-3,f-lig-S-0,f-lig-S-1,f-lig-S-2,f-lig-S-3,name
140.71140000000003,305.30720000000014,447.22400000000005,500.433,564.0,1274.0,1616.0,1464.0,22.0,46.0,68.0,78.0,114.0,272.0,352.0,322.0,9.2742,22.099800000000005,30.09400000000001,29.851800000000008,DIYKED_clean_primitive
198.51919999999998,353.15520000000004,601.7236,629.0109999999997,1028.0,1824.0,3088.0,3028.0,22.0,44.0,72.0,82.0,116.0,276.0,376.0,442.0,11.471,24.0028,38.5256,42.24340000000001,DIYKED_clean_primitive
140.71140000000003,305.30720000000014,447.22400000000016,500.43300000000005,564.0,1274.0,1616.0,1464.0,22.0,46.0,68.0,78.0,114.0,272.0,352.0,322.0,9.2742,22.099800000000005,30.09400000000001,29.851800000000008,DIYKED_clean_primitive
198.5192,353.1552,601.7236,629.011,1028.0,1824.0,3088.0,3028.0,22.0,44.0,72.0,82.0,116.0,276.0,376.0,442.0,11.471,24.0028,38.5256,42.2434,DIYKED_clean_primitive
