f-chi-0-all,f-chi-1-all,f-chi-2-all,f-chi-3-all,f-Z-0-all,f-Z-1-all,f-Z-2-all,f-Z-3-all,f-I-0-all,f-I-1-all,f-I-2-all,f-I-3-all,f-T-0-all,f-T-1-all,f-T-2-all,f-T-3-all,f-S-0-all,f-S-1-all,f-S-2-all,f-S-3-all,mc-chi-0-all,mc-chi-1-all,mc-chi-2-all,mc-chi-3-all,mc-Z-0-all,mc-Z-1-all,mc-Z-2-all,mc-Z-3-all,mc-I-0-all,mc-I-1-all,mc-I-2-all,mc-I-3-all,mc-T-0-all,mc-T-1-all,mc-T-2-all,mc-T-3-all,mc-S-0-all,mc-S-1-all,mc-S-2-all,mc-S-3-all,D_mc-chi-0-all,D_mc-chi-1-all,D_mc-chi-2-all,D_mc-chi-3-all,D_mc-Z-0-all,D_mc-Z-1-all,D_mc-Z-2-all,D_mc-Z-3-all,D_mc-I-0-all,D_mc-I-1-all,D_mc-I-2-all,D_mc-I-3-all,D_mc-T-0-all,D_mc-T-1-all,D_mc-T-2-all,D_mc-T-3-all,D_mc-S-0-all,D_mc-S-1-all,D_mc-S-2-all,D_mc-S-3-all,name
210.01169999999993,393.7439999999999,888.7112,1149.2160000000001,3798.0,7896.0,13376.0,12864.0,25.0,56.0,102.0,144.0,158.0,428.0,674.0,744.0,17.531300000000005,42.7432,74.7294,93.84640000000003,2.7224999999999997,26.048,26.069999999999997,64.67999999999999,900.0,1100.0,2160.0,2580.0,1.0,4.666666666666667,6.666666666666667,13.333333333333334,22.666666666666668,54.666666666666664,108.0,165.33333333333334,1.7161000000000002,4.4802,7.667866666666666,12.418800000000003,0.0,-8.086666666666666,-4.8,-17.200000000000003,0.0,103.33333333333333,128.0,314.0,0.0,0.0,0.0,0.0,0.0,11.333333333333334,9.333333333333334,28.0,0.0,2.693333333333334,2.8800000000000003,7.986666666666668,GIYTIS_SL_primitive
