f-lig-chi-0,f-lig-chi-1,f-lig-chi-2,f-lig-chi-3,f-lig-Z-0,f-lig-Z-1,f-lig-Z-2,f-lig-Z-3,f-lig-I-0,f-lig-I-1,f-lig-I-2,f-lig-I-3,f-lig-T-0,f-lig-T-1,f-lig-T-2,f-lig-T-3,f-lig-S-0,f-lig-S-1,f-lig-S-2,f-lig-S-3,name
366.25569999999993,696.0480000000003,1134.9311999999998,1474.1309999999994,1876.0,3696.0,5826.0,6756.0,50.0,104.0,168.0,228.0,272.0,686.0,1032.0,1308.0,24.205700000000004,55.93280000000003,86.94539999999999,111.31800000000001,OCAWAT_clean_primitive
366.25569999999993,696.0480000000002,1134.9311999999998,1474.1309999999994,1876.0,3696.0,5826.0,6756.0,50.0,104.0,168.0,228.0,272.0,686.0,1032.0,1308.0,24.2057,55.93280000000003,86.9454,111.31800000000001,OCAWAT_clean_primitive
366.25569999999993,696.0480000000002,1134.9312,1474.1309999999994,1876.0,3696.0,5826.0,6756.0,50.0,104.0,168.0,228.0,272.0,686.0,1032.0,1308.0,24.205700000000004,55.932800000000036,86.9454,111.31800000000004,OCAWAT_clean_primitive
366.2556999999999,696.0480000000003,1134.9311999999998,1474.1309999999994,1876.0,3696.0,5826.0,6756.0,50.0,104.0,168.0,228.0,272.0,686.0,1032.0,1308.0,24.20570000000001,55.93280000000003,86.9454,111.31800000000004,OCAWAT_clean_primitive
