f-lig-chi-0,f-lig-chi-1,f-lig-chi-2,f-lig-chi-3,f-lig-Z-0,f-lig-Z-1,f-lig-Z-2,f-lig-Z-3,f-lig-I-0,f-lig-I-1,f-lig-I-2,f-lig-I-3,f-lig-T-0,f-lig-T-1,f-lig-T-2,f-lig-T-3,f-lig-S-0,f-lig-S-1,f-lig-S-2,f-lig-S-3,name
411.7595999999995,938.0940000000004,1674.6019999999992,2159.9014,1338.0,3360.0,4736.0,4984.0,70.0,148.0,268.0,362.0,416.0,1076.0,1620.0,1918.0,24.904600000000027,65.08040000000004,102.69399999999985,124.8482,OTODIM_clean_primitive
411.7595999999995,938.0940000000004,1674.6019999999992,2159.9014,1338.0,3360.0,4736.0,4984.0,70.0,148.0,268.0,362.0,416.0,1076.0,1620.0,1918.0,24.904600000000027,65.08040000000004,102.69399999999985,124.8482,OTODIM_clean_primitive
