f-chi-0-all,f-chi-1-all,f-chi-2-all,f-chi-3-all,f-Z-0-all,f-Z-1-all,f-Z-2-all,f-Z-3-all,f-I-0-all,f-I-1-all,f-I-2-all,f-I-3-all,f-T-0-all,f-T-1-all,f-T-2-all,f-T-3-all,f-S-0-all,f-S-1-all,f-S-2-all,f-S-3-all,mc-chi-0-all,mc-chi-1-all,mc-chi-2-all,mc-chi-3-all,mc-Z-0-all,mc-Z-1-all,mc-Z-2-all,mc-Z-3-all,mc-I-0-all,mc-I-1-all,mc-I-2-all,mc-I-3-all,mc-T-0-all,mc-T-1-all,mc-T-2-all,mc-T-3-all,mc-S-0-all,mc-S-1-all,mc-S-2-all,mc-S-3-all,D_mc-chi-0-all,D_mc-chi-1-all,D_mc-chi-2-all,D_mc-chi-3-all,D_mc-Z-0-all,D_mc-Z-1-all,D_mc-Z-2-all,D_mc-Z-3-all,D_mc-I-0-all,D_mc-I-1-all,D_mc-I-2-all,D_mc-I-3-all,D_mc-T-0-all,D_mc-T-1-all,D_mc-T-2-all,D_mc-T-3-all,D_mc-S-0-all,D_mc-S-1-all,D_mc-S-2-all,D_mc-S-3-all,name
367.51199999999983,614.2463999999995,1847.2464000000016,2298.4703999999992,17344.0,26112.0,27072.0,35328.0,40.0,96.0,192.0,288.0,288.0,768.0,1152.0,1536.0,31.738000000000017,87.24960000000006,140.3087999999999,195.17280000000014,1.3688999999999998,24.148799999999998,17.901,42.0498,3844.0,2976.0,2232.0,5208.0,1.0,6.0,6.0,12.0,36.0,72.0,108.0,180.0,2.9584,7.533600000000001,7.946399999999999,15.480000000000002,0.0,-13.620000000000001,-8.28,-21.9,0.0,324.0,336.0,660.0,0.0,0.0,0.0,0.0,0.0,24.0,18.0,42.0,0.0,5.9399999999999995,5.700000000000001,11.64,PEFRID01_clean_primitive
367.5119999999999,614.2463999999999,1847.246400000002,2298.4704,17344.0,26112.0,27072.0,35328.0,40.0,96.0,192.0,288.0,288.0,768.0,1152.0,1536.0,31.738000000000024,87.24960000000007,140.30879999999996,195.1728000000002,1.3688999999999998,24.148799999999998,17.901,42.0498,3844.0,2976.0,2232.0,5208.0,1.0,6.0,6.0,12.0,36.0,72.0,108.0,180.0,2.9584,7.533600000000001,7.946399999999999,15.480000000000002,0.0,-13.620000000000001,-8.28,-21.9,0.0,324.0,336.0,660.0,0.0,0.0,0.0,0.0,0.0,24.0,18.0,42.0,0.0,5.9399999999999995,5.700000000000001,11.64,PEFRID01_clean_primitive
