f-chi-0-all,f-chi-1-all,f-chi-2-all,f-chi-3-all,f-Z-0-all,f-Z-1-all,f-Z-2-all,f-Z-3-all,f-I-0-all,f-I-1-all,f-I-2-all,f-I-3-all,f-T-0-all,f-T-1-all,f-T-2-all,f-T-3-all,f-S-0-all,f-S-1-all,f-S-2-all,f-S-3-all,mc-chi-0-all,mc-chi-1-all,mc-chi-2-all,mc-chi-3-all,mc-Z-0-all,mc-Z-1-all,mc-Z-2-all,mc-Z-3-all,mc-I-0-all,mc-I-1-all,mc-I-2-all,mc-I-3-all,mc-T-0-all,mc-T-1-all,mc-T-2-all,mc-T-3-all,mc-S-0-all,mc-S-1-all,mc-S-2-all,mc-S-3-all,D_mc-chi-0-all,D_mc-chi-1-all,D_mc-chi-2-all,D_mc-chi-3-all,D_mc-Z-0-all,D_mc-Z-1-all,D_mc-Z-2-all,D_mc-Z-3-all,D_mc-I-0-all,D_mc-I-1-all,D_mc-I-2-all,D_mc-I-3-all,D_mc-T-0-all,D_mc-T-1-all,D_mc-T-2-all,D_mc-T-3-all,D_mc-S-0-all,D_mc-S-1-all,D_mc-S-2-all,D_mc-S-3-all,name
2079.2239999999956,4317.974400000004,14646.619200000021,19138.40640000001,65480.0,131328.0,178752.0,213120.0,232.0,624.0,1536.0,2304.0,2160.0,6480.0,12336.0,15744.0,160.4344000000006,497.02080000000103,1031.1647999999989,1462.7999999999984,2.1844999999999994,36.4812,31.747499999999988,59.2989,3396.5,3564.0,3276.0,4026.0,1.0,7.5,9.0,15.0,58.5,130.5,243.0,216.0,2.4730000000000003,8.6943,11.088000000000003,13.980599999999997,0.0,-15.195000000000006,-10.5,-20.279999999999998,0.0,385.5,492.0,819.0,0.0,0.0,0.0,0.0,0.0,42.0,42.0,87.0,0.0,6.4350000000000005,7.470000000000001,14.909999999999998,KOMJIH_clean_primitive
