f-lig-chi-0,f-lig-chi-1,f-lig-chi-2,f-lig-chi-3,f-lig-Z-0,f-lig-Z-1,f-lig-Z-2,f-lig-Z-3,f-lig-I-0,f-lig-I-1,f-lig-I-2,f-lig-I-3,f-lig-T-0,f-lig-T-1,f-lig-T-2,f-lig-T-3,f-lig-S-0,f-lig-S-1,f-lig-S-2,f-lig-S-3,name
738.3798000000013,1527.2459999999996,2517.5951999999984,3114.3690000000015,3132.0,6624.0,9756.0,10944.0,108.0,228.0,372.0,474.0,600.0,1488.0,2124.0,2550.0,46.537199999999984,111.52679999999991,167.81159999999988,200.25059999999996,ADUWON_clean_primitive
738.3798000000013,1527.2459999999996,2517.5951999999984,3114.3690000000015,3132.0,6624.0,9756.0,10944.0,108.0,228.0,372.0,474.0,600.0,1488.0,2124.0,2550.0,46.537199999999984,111.52679999999991,167.81159999999988,200.25059999999996,ADUWON_clean_primitive
738.3798000000013,1527.2459999999996,2517.595199999998,3114.3690000000015,3132.0,6624.0,9756.0,10944.0,108.0,228.0,372.0,474.0,600.0,1488.0,2124.0,2550.0,46.53719999999999,111.52679999999992,167.81159999999986,200.25059999999996,ADUWON_clean_primitive
738.3798000000013,1527.2459999999996,2517.595199999998,3114.3690000000015,3132.0,6624.0,9756.0,10944.0,108.0,228.0,372.0,474.0,600.0,1488.0,2124.0,2550.0,46.53719999999999,111.52679999999992,167.81159999999986,200.25059999999996,ADUWON_clean_primitive
