f-chi-0-all,f-chi-1-all,f-chi-2-all,f-chi-3-all,f-Z-0-all,f-Z-1-all,f-Z-2-all,f-Z-3-all,f-I-0-all,f-I-1-all,f-I-2-all,f-I-3-all,f-T-0-all,f-T-1-all,f-T-2-all,f-T-3-all,f-S-0-all,f-S-1-all,f-S-2-all,f-S-3-all,mc-chi-0-all,mc-chi-1-all,mc-chi-2-all,mc-chi-3-all,mc-Z-0-all,mc-Z-1-all,mc-Z-2-all,mc-Z-3-all,mc-I-0-all,mc-I-1-all,mc-I-2-all,mc-I-3-all,mc-T-0-all,mc-T-1-all,mc-T-2-all,mc-T-3-all,mc-S-0-all,mc-S-1-all,mc-S-2-all,mc-S-3-all,D_mc-chi-0-all,D_mc-chi-1-all,D_mc-chi-2-all,D_mc-chi-3-all,D_mc-Z-0-all,D_mc-Z-1-all,D_mc-Z-2-all,D_mc-Z-3-all,D_mc-I-0-all,D_mc-I-1-all,D_mc-I-2-all,D_mc-I-3-all,D_mc-T-0-all,D_mc-T-1-all,D_mc-T-2-all,D_mc-T-3-all,D_mc-S-0-all,D_mc-S-1-all,D_mc-S-2-all,D_mc-S-3-all,name
248.3693999999999,467.28959999999995,1271.2351999999998,1282.4319999999996,9520.0,16512.0,26720.0,23232.0,27.0,68.0,130.0,164.0,214.0,616.0,954.0,1048.0,20.678000000000008,59.15920000000001,96.83620000000002,116.71240000000004,2.3372666666666664,31.097599999999996,19.874800000000004,49.75666666666667,2736.0,2496.0,5328.0,4368.0,1.0,6.0,6.0,11.333333333333334,36.0,80.0,132.0,168.0,2.469466666666667,6.861999999999999,9.152133333333333,13.553866666666664,0.0,-11.6,-5.113333333333333,-18.613333333333333,0.0,264.0,220.0,526.6666666666666,0.0,0.0,0.0,0.0,0.0,22.666666666666668,14.0,40.0,0.0,5.02,3.833333333333332,9.700000000000001,WUYXUL_clean_primitive
248.3693999999999,467.2895999999999,1271.2351999999998,1282.4319999999998,9520.0,16512.0,26720.0,23232.0,27.0,68.0,130.0,164.0,214.0,616.0,954.0,1048.0,20.678000000000008,59.15920000000001,96.83619999999999,116.7124,2.3372666666666664,31.097599999999996,19.874800000000004,49.75666666666667,2736.0,2496.0,5328.0,4368.0,1.0,6.0,6.0,11.333333333333334,36.0,80.0,132.0,168.0,2.469466666666667,6.861999999999999,9.152133333333333,13.553866666666664,0.0,-11.6,-5.113333333333333,-18.613333333333333,0.0,264.0,220.0,526.6666666666666,0.0,0.0,0.0,0.0,0.0,22.666666666666668,14.0,40.0,0.0,5.02,3.833333333333332,9.700000000000001,WUYXUL_clean_primitive
