f-chi-0-all,f-chi-1-all,f-chi-2-all,f-chi-3-all,f-Z-0-all,f-Z-1-all,f-Z-2-all,f-Z-3-all,f-I-0-all,f-I-1-all,f-I-2-all,f-I-3-all,f-T-0-all,f-T-1-all,f-T-2-all,f-T-3-all,f-S-0-all,f-S-1-all,f-S-2-all,f-S-3-all,mc-chi-0-all,mc-chi-1-all,mc-chi-2-all,mc-chi-3-all,mc-Z-0-all,mc-Z-1-all,mc-Z-2-all,mc-Z-3-all,mc-I-0-all,mc-I-1-all,mc-I-2-all,mc-I-3-all,mc-T-0-all,mc-T-1-all,mc-T-2-all,mc-T-3-all,mc-S-0-all,mc-S-1-all,mc-S-2-all,mc-S-3-all,D_mc-chi-0-all,D_mc-chi-1-all,D_mc-chi-2-all,D_mc-chi-3-all,D_mc-Z-0-all,D_mc-Z-1-all,D_mc-Z-2-all,D_mc-Z-3-all,D_mc-I-0-all,D_mc-I-1-all,D_mc-I-2-all,D_mc-I-3-all,D_mc-T-0-all,D_mc-T-1-all,D_mc-T-2-all,D_mc-T-3-all,D_mc-S-0-all,D_mc-S-1-all,D_mc-S-2-all,D_mc-S-3-all,name
183.99499999999995,328.0383999999998,1142.6647999999998,1136.576,9696.0,15936.0,23976.0,16320.0,20.0,52.0,116.0,140.0,180.0,552.0,884.0,800.0,15.529999999999998,47.6252,84.40039999999999,91.83400000000002,1.4884,29.377599999999997,20.1544,38.79599999999999,4356.0,3696.0,6732.0,4356.0,1.0,7.0,7.0,11.0,49.0,112.0,175.0,168.0,2.7889,8.5337,10.504299999999999,12.474899999999998,0.0,-15.539999999999996,-7.9799999999999995,-18.379999999999995,0.0,406.0,360.0,660.0,0.0,0.0,0.0,0.0,0.0,33.0,24.0,53.0,0.0,6.579999999999998,5.4,10.899999999999999,NUCYIV_clean_primitive
183.99499999999998,328.0383999999998,1142.6647999999998,1136.576,9696.0,15936.0,23976.0,16320.0,20.0,52.0,116.0,140.0,180.0,552.0,884.0,800.0,15.529999999999998,47.62519999999999,84.40039999999996,91.83399999999999,1.4884,29.377599999999997,20.1544,38.79599999999999,4356.0,3696.0,6732.0,4356.0,1.0,7.0,7.0,11.0,49.0,112.0,175.0,168.0,2.7889,8.5337,10.504299999999999,12.474899999999998,0.0,-15.539999999999996,-7.9799999999999995,-18.379999999999995,0.0,406.0,360.0,660.0,0.0,0.0,0.0,0.0,0.0,33.0,24.0,53.0,0.0,6.579999999999998,5.4,10.899999999999999,NUCYIV_clean_primitive
