f-chi-0-all,f-chi-1-all,f-chi-2-all,f-chi-3-all,f-Z-0-all,f-Z-1-all,f-Z-2-all,f-Z-3-all,f-I-0-all,f-I-1-all,f-I-2-all,f-I-3-all,f-T-0-all,f-T-1-all,f-T-2-all,f-T-3-all,f-S-0-all,f-S-1-all,f-S-2-all,f-S-3-all,mc-chi-0-all,mc-chi-1-all,mc-chi-2-all,mc-chi-3-all,mc-Z-0-all,mc-Z-1-all,mc-Z-2-all,mc-Z-3-all,mc-I-0-all,mc-I-1-all,mc-I-2-all,mc-I-3-all,mc-T-0-all,mc-T-1-all,mc-T-2-all,mc-T-3-all,mc-S-0-all,mc-S-1-all,mc-S-2-all,mc-S-3-all,D_mc-chi-0-all,D_mc-chi-1-all,D_mc-chi-2-all,D_mc-chi-3-all,D_mc-Z-0-all,D_mc-Z-1-all,D_mc-Z-2-all,D_mc-Z-3-all,D_mc-I-0-all,D_mc-I-1-all,D_mc-I-2-all,D_mc-I-3-all,D_mc-T-0-all,D_mc-T-1-all,D_mc-T-2-all,D_mc-T-3-all,D_mc-S-0-all,D_mc-S-1-all,D_mc-S-2-all,D_mc-S-3-all,name
184.422,353.3619999999999,776.3552000000001,993.8624,3192.0,6868.0,8972.0,8544.0,24.0,52.0,100.0,128.0,152.0,400.0,580.0,552.0,15.976800000000003,37.91640000000001,66.9716,76.82320000000001,2.7224999999999997,26.597999999999995,28.874999999999996,50.5395,900.0,1410.0,1110.0,1530.0,1.0,5.0,7.0,12.0,25.0,60.0,105.0,130.0,1.7161000000000002,5.174499999999999,6.536900000000002,9.379600000000002,0.0,-7.870000000000002,-5.950000000000002,-10.83,0.0,103.0,173.0,309.0,0.0,0.0,0.0,0.0,0.0,13.0,14.0,34.0,0.0,2.600000000000001,4.18,8.560000000000002,IBICIH_clean_primitive
184.42199999999997,353.36199999999997,776.3552000000001,993.8624,3192.0,6868.0,8972.0,8544.0,24.0,52.0,100.0,128.0,152.0,400.0,580.0,552.0,15.9768,37.9164,66.97159999999998,76.82320000000001,2.7224999999999997,26.597999999999995,28.874999999999996,50.5395,900.0,1410.0,1110.0,1530.0,1.0,5.0,7.0,12.0,25.0,60.0,105.0,130.0,1.7161000000000002,5.174499999999999,6.536900000000002,9.379600000000002,0.0,-7.870000000000002,-5.950000000000002,-10.83,0.0,103.0,173.0,309.0,0.0,0.0,0.0,0.0,0.0,13.0,14.0,34.0,0.0,2.600000000000001,4.18,8.560000000000002,IBICIH_clean_primitive
184.422,353.36199999999997,776.3552,993.8624,3192.0,6868.0,8972.0,8544.0,24.0,52.0,100.0,128.0,152.0,400.0,580.0,552.0,15.9768,37.91640000000001,66.9716,76.82320000000001,2.7224999999999997,26.597999999999995,28.874999999999996,50.5395,900.0,1410.0,1110.0,1530.0,1.0,5.0,7.0,12.0,25.0,60.0,105.0,130.0,1.7161000000000002,5.174499999999999,6.536900000000002,9.379600000000002,0.0,-7.870000000000002,-5.950000000000002,-10.83,0.0,103.0,173.0,309.0,0.0,0.0,0.0,0.0,0.0,13.0,14.0,34.0,0.0,2.600000000000001,4.18,8.560000000000002,IBICIH_clean_primitive
