f-lig-chi-0,f-lig-chi-1,f-lig-chi-2,f-lig-chi-3,f-lig-Z-0,f-lig-Z-1,f-lig-Z-2,f-lig-Z-3,f-lig-I-0,f-lig-I-1,f-lig-I-2,f-lig-I-3,f-lig-T-0,f-lig-T-1,f-lig-T-2,f-lig-T-3,f-lig-S-0,f-lig-S-1,f-lig-S-2,f-lig-S-3,name
569.5952000000002,1236.676,2002.8848000000007,2548.1559999999986,2462.0,5500.0,8432.0,9352.0,86.0,188.0,304.0,400.0,492.0,1260.0,1904.0,2200.0,38.53179999999999,94.68040000000002,146.74399999999997,175.33920000000003,VETTOE_clean_primitive
60.33939999999999,83.18099999999998,117.51039999999998,94.66879999999999,328.0,456.0,640.0,512.0,6.0,10.0,12.0,8.0,22.0,42.0,28.0,8.0,3.3173999999999992,5.682600000000001,6.628399999999999,4.263199999999999,VETTOE_clean_primitive
