f-chi-0-all,f-chi-1-all,f-chi-2-all,f-chi-3-all,f-Z-0-all,f-Z-1-all,f-Z-2-all,f-Z-3-all,f-I-0-all,f-I-1-all,f-I-2-all,f-I-3-all,f-T-0-all,f-T-1-all,f-T-2-all,f-T-3-all,f-S-0-all,f-S-1-all,f-S-2-all,f-S-3-all,mc-chi-0-all,mc-chi-1-all,mc-chi-2-all,mc-chi-3-all,mc-Z-0-all,mc-Z-1-all,mc-Z-2-all,mc-Z-3-all,mc-I-0-all,mc-I-1-all,mc-I-2-all,mc-I-3-all,mc-T-0-all,mc-T-1-all,mc-T-2-all,mc-T-3-all,mc-S-0-all,mc-S-1-all,mc-S-2-all,mc-S-3-all,D_mc-chi-0-all,D_mc-chi-1-all,D_mc-chi-2-all,D_mc-chi-3-all,D_mc-Z-0-all,D_mc-Z-1-all,D_mc-Z-2-all,D_mc-Z-3-all,D_mc-I-0-all,D_mc-I-1-all,D_mc-I-2-all,D_mc-I-3-all,D_mc-T-0-all,D_mc-T-1-all,D_mc-T-2-all,D_mc-T-3-all,D_mc-S-0-all,D_mc-S-1-all,D_mc-S-2-all,D_mc-S-3-all,name
326.1263999999999,583.424,1243.8331999999996,1367.6063999999997,10928.0,17280.0,16256.0,15936.0,36.0,80.0,128.0,164.0,216.0,544.0,688.0,736.0,26.53440000000002,65.69999999999997,90.05240000000002,104.62360000000004,2.8560999999999996,29.068000000000005,19.39275,42.64715000000001,2304.0,1920.0,1296.0,2832.0,1.0,5.0,4.5,8.5,25.0,50.0,67.5,105.0,2.1904,5.402,5.1282,9.4498,0.0,-8.75,-3.8699999999999983,-10.869999999999997,0.0,200.0,189.0,349.0,0.0,0.0,0.0,0.0,0.0,15.0,9.0,21.5,0.0,3.75,3.1950000000000003,6.195,JUNBOL_clean_primitive
326.1263999999999,583.424,1243.8331999999996,1367.6063999999997,10928.0,17280.0,16256.0,15936.0,36.0,80.0,128.0,164.0,216.0,544.0,688.0,736.0,26.53440000000002,65.69999999999997,90.05240000000002,104.62360000000004,2.8560999999999996,29.068000000000005,19.39275,42.64715000000001,2304.0,1920.0,1296.0,2832.0,1.0,5.0,4.5,8.5,25.0,50.0,67.5,105.0,2.1904,5.402,5.1282,9.4498,0.0,-8.75,-3.8699999999999983,-10.869999999999997,0.0,200.0,189.0,349.0,0.0,0.0,0.0,0.0,0.0,15.0,9.0,21.5,0.0,3.75,3.1950000000000003,6.195,JUNBOL_clean_primitive
