f-lig-chi-0,f-lig-chi-1,f-lig-chi-2,f-lig-chi-3,f-lig-Z-0,f-lig-Z-1,f-lig-Z-2,f-lig-Z-3,f-lig-I-0,f-lig-I-1,f-lig-I-2,f-lig-I-3,f-lig-T-0,f-lig-T-1,f-lig-T-2,f-lig-T-3,f-lig-S-0,f-lig-S-1,f-lig-S-2,f-lig-S-3,name
617.5452000000005,1309.9407999999992,2263.622399999998,2690.7880000000005,3598.0,8284.0,10800.0,11240.0,90.0,196.0,328.0,416.0,524.0,1332.0,1992.0,2312.0,42.453399999999974,105.09720000000006,162.8472000000001,188.89280000000005,DIBJIJ_clean_primitive
617.5452000000005,1309.9407999999994,2263.622399999998,2690.7880000000005,3598.0,8284.0,10800.0,11240.0,90.0,196.0,328.0,416.0,524.0,1332.0,1992.0,2312.0,42.453399999999974,105.09720000000006,162.8472000000001,188.89280000000008,DIBJIJ_clean_primitive
617.5452000000005,1309.9407999999994,2263.6223999999984,2690.788,3598.0,8284.0,10800.0,11240.0,90.0,196.0,328.0,416.0,524.0,1332.0,1992.0,2312.0,42.453399999999974,105.09720000000004,162.84720000000013,188.89280000000008,DIBJIJ_clean_primitive
617.5452000000005,1309.9407999999994,2263.6223999999975,2690.788,3598.0,8284.0,10800.0,11240.0,90.0,196.0,328.0,416.0,524.0,1332.0,1992.0,2312.0,42.453399999999974,105.09720000000009,162.8472000000001,188.89280000000005,DIBJIJ_clean_primitive
