f-lig-chi-0,f-lig-chi-1,f-lig-chi-2,f-lig-chi-3,f-lig-Z-0,f-lig-Z-1,f-lig-Z-2,f-lig-Z-3,f-lig-I-0,f-lig-I-1,f-lig-I-2,f-lig-I-3,f-lig-T-0,f-lig-T-1,f-lig-T-2,f-lig-T-3,f-lig-S-0,f-lig-S-1,f-lig-S-2,f-lig-S-3,name
330.90059999999994,696.6090000000003,1073.6009999999999,1446.4019999999998,1434.0,3096.0,4428.0,5268.0,51.0,108.0,168.0,228.0,276.0,696.0,1008.0,1116.0,23.12670000000001,54.51600000000002,80.66520000000004,99.21720000000005,TAGBUZ_clean_primitive
330.90059999999994,696.6090000000002,1073.6009999999999,1446.4019999999996,1434.0,3096.0,4428.0,5268.0,51.0,108.0,168.0,228.0,276.0,696.0,1008.0,1116.0,23.12670000000001,54.51600000000002,80.66520000000003,99.21720000000003,TAGBUZ_clean_primitive
