f-chi-0-all,f-chi-1-all,f-chi-2-all,f-chi-3-all,f-Z-0-all,f-Z-1-all,f-Z-2-all,f-Z-3-all,f-I-0-all,f-I-1-all,f-I-2-all,f-I-3-all,f-T-0-all,f-T-1-all,f-T-2-all,f-T-3-all,f-S-0-all,f-S-1-all,f-S-2-all,f-S-3-all,mc-chi-0-all,mc-chi-1-all,mc-chi-2-all,mc-chi-3-all,mc-Z-0-all,mc-Z-1-all,mc-Z-2-all,mc-Z-3-all,mc-I-0-all,mc-I-1-all,mc-I-2-all,mc-I-3-all,mc-T-0-all,mc-T-1-all,mc-T-2-all,mc-T-3-all,mc-S-0-all,mc-S-1-all,mc-S-2-all,mc-S-3-all,D_mc-chi-0-all,D_mc-chi-1-all,D_mc-chi-2-all,D_mc-chi-3-all,D_mc-Z-0-all,D_mc-Z-1-all,D_mc-Z-2-all,D_mc-Z-3-all,D_mc-I-0-all,D_mc-I-1-all,D_mc-I-2-all,D_mc-I-3-all,D_mc-T-0-all,D_mc-T-1-all,D_mc-T-2-all,D_mc-T-3-all,D_mc-S-0-all,D_mc-S-1-all,D_mc-S-2-all,D_mc-S-3-all,name
91.7089,164.16,230.23919999999998,372.096,1384.0,2352.0,3756.0,2016.0,13.0,24.0,36.0,48.0,60.0,144.0,180.0,144.0,8.709300000000002,17.099999999999998,27.632400000000004,27.72,2.7224999999999997,20.064,33.66,64.31700000000001,900.0,840.0,1440.0,1740.0,1.0,4.0,8.0,16.0,16.0,48.0,96.0,112.0,1.7161000000000002,3.93,8.069600000000001,11.894800000000004,0.0,-5.5600000000000005,-7.200000000000001,-12.580000000000005,0.0,92.0,192.0,422.0,0.0,0.0,0.0,0.0,0.0,4.0,8.0,36.0,0.0,2.24,4.32,11.880000000000003,OHIHET_clean_primitive
91.7089,164.16,230.23919999999998,372.096,1384.0,2352.0,3756.0,2016.0,13.0,24.0,36.0,48.0,60.0,144.0,180.0,144.0,8.709300000000002,17.1,27.632400000000004,27.72,2.7224999999999997,20.064,33.66,64.31700000000001,900.0,840.0,1440.0,1740.0,1.0,4.0,8.0,16.0,16.0,48.0,96.0,112.0,1.7161000000000002,3.93,8.069600000000001,11.894800000000004,0.0,-5.5600000000000005,-7.200000000000001,-12.580000000000005,0.0,92.0,192.0,422.0,0.0,0.0,0.0,0.0,0.0,4.0,8.0,36.0,0.0,2.24,4.32,11.880000000000003,OHIHET_clean_primitive
