f-lig-chi-0,f-lig-chi-1,f-lig-chi-2,f-lig-chi-3,f-lig-Z-0,f-lig-Z-1,f-lig-Z-2,f-lig-Z-3,f-lig-I-0,f-lig-I-1,f-lig-I-2,f-lig-I-3,f-lig-T-0,f-lig-T-1,f-lig-T-2,f-lig-T-3,f-lig-S-0,f-lig-S-1,f-lig-S-2,f-lig-S-3,name
179.30209999999997,334.76120000000003,563.822,675.3664,1020.0,2058.0,2698.0,2736.0,24.0,48.0,78.0,98.0,126.0,308.0,408.0,422.0,11.0947,25.191200000000002,37.047799999999995,41.76240000000001,RIXBIK_clean_primitive
122.22820000000002,268.8210000000001,406.2200000000001,458.81199999999995,466.0,1080.0,1400.0,1288.0,20.0,42.0,64.0,76.0,106.0,258.0,352.0,360.0,8.1492,19.850600000000004,27.907200000000007,28.97160000000001,RIXBIK_clean_primitive
122.22820000000002,268.821,406.2200000000001,458.81199999999995,466.0,1080.0,1400.0,1288.0,20.0,42.0,64.0,76.0,106.0,258.0,352.0,360.0,8.1492,19.850600000000004,27.907200000000003,28.97160000000001,RIXBIK_clean_primitive
179.3021,334.76120000000003,563.8220000000001,675.3663999999999,1020.0,2058.0,2698.0,2736.0,24.0,48.0,78.0,98.0,126.0,308.0,408.0,422.0,11.0947,25.191200000000006,37.0478,41.76240000000001,RIXBIK_clean_primitive
179.3021,334.7612,563.8219999999999,675.3664,1020.0,2058.0,2698.0,2736.0,24.0,48.0,78.0,98.0,126.0,308.0,408.0,422.0,11.0947,25.191200000000002,37.0478,41.7624,RIXBIK_clean_primitive
122.2282,268.821,406.2200000000001,458.81200000000007,466.0,1080.0,1400.0,1288.0,20.0,42.0,64.0,76.0,106.0,258.0,352.0,360.0,8.149200000000002,19.850600000000007,27.907200000000003,28.971600000000006,RIXBIK_clean_primitive
179.3021,334.7612,563.8219999999999,675.3663999999999,1020.0,2058.0,2698.0,2736.0,24.0,48.0,78.0,98.0,126.0,308.0,408.0,422.0,11.0947,25.191200000000002,37.0478,41.76240000000001,RIXBIK_clean_primitive
122.2282,268.821,406.2200000000001,458.81200000000007,466.0,1080.0,1400.0,1288.0,20.0,42.0,64.0,76.0,106.0,258.0,352.0,360.0,8.1492,19.850600000000004,27.907200000000007,28.971600000000006,RIXBIK_clean_primitive
