f-chi-0-all,f-chi-1-all,f-chi-2-all,f-chi-3-all,f-Z-0-all,f-Z-1-all,f-Z-2-all,f-Z-3-all,f-I-0-all,f-I-1-all,f-I-2-all,f-I-3-all,f-T-0-all,f-T-1-all,f-T-2-all,f-T-3-all,f-S-0-all,f-S-1-all,f-S-2-all,f-S-3-all,mc-chi-0-all,mc-chi-1-all,mc-chi-2-all,mc-chi-3-all,mc-Z-0-all,mc-Z-1-all,mc-Z-2-all,mc-Z-3-all,mc-I-0-all,mc-I-1-all,mc-I-2-all,mc-I-3-all,mc-T-0-all,mc-T-1-all,mc-T-2-all,mc-T-3-all,mc-S-0-all,mc-S-1-all,mc-S-2-all,mc-S-3-all,D_mc-chi-0-all,D_mc-chi-1-all,D_mc-chi-2-all,D_mc-chi-3-all,D_mc-Z-0-all,D_mc-Z-1-all,D_mc-Z-2-all,D_mc-Z-3-all,D_mc-I-0-all,D_mc-I-1-all,D_mc-I-2-all,D_mc-I-3-all,D_mc-T-0-all,D_mc-T-1-all,D_mc-T-2-all,D_mc-T-3-all,D_mc-S-0-all,D_mc-S-1-all,D_mc-S-2-all,D_mc-S-3-all,name
63.19549999999999,116.6848,159.2412,70.17599999999999,2632.0,3456.0,1920.0,384.0,7.0,16.0,16.0,8.0,40.0,96.0,80.0,32.0,5.507799999999999,13.14,10.953199999999999,4.4968,2.8560999999999996,23.2544,8.619,8.619,2304.0,1536.0,576.0,576.0,1.0,4.0,2.0,2.0,16.0,32.0,24.0,24.0,2.1904,4.3216,2.2792,2.2792,0.0,-7.0,-1.7199999999999998,-1.7199999999999998,0.0,160.0,84.0,84.0,0.0,0.0,0.0,0.0,0.0,8.0,2.0,2.0,0.0,3.0,1.42,1.42,TACJIS_clean_primitive
63.19549999999999,116.6848,159.2412,70.17599999999999,2632.0,3456.0,1920.0,384.0,7.0,16.0,16.0,8.0,40.0,96.0,80.0,32.0,5.5078,13.14,10.953199999999999,4.4968,2.8560999999999996,23.2544,8.619,8.619,2304.0,1536.0,576.0,576.0,1.0,4.0,2.0,2.0,16.0,32.0,24.0,24.0,2.1904,4.3216,2.2792,2.2792,0.0,-7.0,-1.7199999999999998,-1.7199999999999998,0.0,160.0,84.0,84.0,0.0,0.0,0.0,0.0,0.0,8.0,2.0,2.0,0.0,3.0,1.42,1.42,TACJIS_clean_primitive
63.19549999999999,116.6848,159.2412,70.17599999999999,2632.0,3456.0,1920.0,384.0,7.0,16.0,16.0,8.0,40.0,96.0,80.0,32.0,5.507799999999999,13.14,10.953199999999999,4.4968,2.8560999999999996,23.2544,8.619,8.619,2304.0,1536.0,576.0,576.0,1.0,4.0,2.0,2.0,16.0,32.0,24.0,24.0,2.1904,4.3216,2.2792,2.2792,0.0,-7.0,-1.7199999999999998,-1.7199999999999998,0.0,160.0,84.0,84.0,0.0,0.0,0.0,0.0,0.0,8.0,2.0,2.0,0.0,3.0,1.42,1.42,TACJIS_clean_primitive
63.19549999999999,116.6848,159.2412,70.17599999999999,2632.0,3456.0,1920.0,384.0,7.0,16.0,16.0,8.0,40.0,96.0,80.0,32.0,5.507799999999999,13.14,10.953199999999999,4.4968,2.8560999999999996,23.2544,8.619,8.619,2304.0,1536.0,576.0,576.0,1.0,4.0,2.0,2.0,16.0,32.0,24.0,24.0,2.1904,4.3216,2.2792,2.2792,0.0,-7.0,-1.7199999999999998,-1.7199999999999998,0.0,160.0,84.0,84.0,0.0,0.0,0.0,0.0,0.0,8.0,2.0,2.0,0.0,3.0,1.42,1.42,TACJIS_clean_primitive
