f-chi-0-all,f-chi-1-all,f-chi-2-all,f-chi-3-all,f-Z-0-all,f-Z-1-all,f-Z-2-all,f-Z-3-all,f-I-0-all,f-I-1-all,f-I-2-all,f-I-3-all,f-T-0-all,f-T-1-all,f-T-2-all,f-T-3-all,f-S-0-all,f-S-1-all,f-S-2-all,f-S-3-all,mc-chi-0-all,mc-chi-1-all,mc-chi-2-all,mc-chi-3-all,mc-Z-0-all,mc-Z-1-all,mc-Z-2-all,mc-Z-3-all,mc-I-0-all,mc-I-1-all,mc-I-2-all,mc-I-3-all,mc-T-0-all,mc-T-1-all,mc-T-2-all,mc-T-3-all,mc-S-0-all,mc-S-1-all,mc-S-2-all,mc-S-3-all,D_mc-chi-0-all,D_mc-chi-1-all,D_mc-chi-2-all,D_mc-chi-3-all,D_mc-Z-0-all,D_mc-Z-1-all,D_mc-Z-2-all,D_mc-Z-3-all,D_mc-I-0-all,D_mc-I-1-all,D_mc-I-2-all,D_mc-I-3-all,D_mc-T-0-all,D_mc-T-1-all,D_mc-T-2-all,D_mc-T-3-all,D_mc-S-0-all,D_mc-S-1-all,D_mc-S-2-all,D_mc-S-3-all,name
196.80759999999995,465.91840000000013,1288.2367999999997,859.5095999999999,4312.0,14600.0,19880.0,20328.0,24.0,80.0,144.0,136.0,336.0,1272.0,1672.0,1752.0,20.98920000000001,77.47600000000001,111.83359999999996,120.95519999999996,2.4025000000000003,30.054499999999997,15.546500000000005,47.8485,625.0,1375.0,2150.0,2050.0,1.0,6.0,5.0,10.0,36.0,114.0,150.0,162.0,1.9321,6.5469,7.881299999999998,10.716899999999997,0.0,-10.090000000000002,-2.2799999999999994,-15.370000000000003,0.0,95.0,39.0,168.0,0.0,0.0,0.0,0.0,0.0,17.0,5.0,33.0,0.0,3.6299999999999994,1.2799999999999996,6.1899999999999995,ZEJCUO_clean_primitive
196.80759999999995,465.91840000000013,1288.2367999999997,859.5095999999999,4312.0,14600.0,19880.0,20328.0,24.0,80.0,144.0,136.0,336.0,1272.0,1672.0,1752.0,20.98920000000001,77.47600000000001,111.83359999999996,120.95519999999996,2.4025000000000003,30.054499999999997,15.546500000000005,47.8485,625.0,1375.0,2150.0,2050.0,1.0,6.0,5.0,10.0,36.0,114.0,150.0,162.0,1.9321,6.5469,7.881299999999998,10.716899999999997,0.0,-10.090000000000002,-2.2799999999999994,-15.370000000000003,0.0,95.0,39.0,168.0,0.0,0.0,0.0,0.0,0.0,17.0,5.0,33.0,0.0,3.6299999999999994,1.2799999999999996,6.1899999999999995,ZEJCUO_clean_primitive
