f-chi-0-all,f-chi-1-all,f-chi-2-all,f-chi-3-all,f-Z-0-all,f-Z-1-all,f-Z-2-all,f-Z-3-all,f-I-0-all,f-I-1-all,f-I-2-all,f-I-3-all,f-T-0-all,f-T-1-all,f-T-2-all,f-T-3-all,f-S-0-all,f-S-1-all,f-S-2-all,f-S-3-all,mc-chi-0-all,mc-chi-1-all,mc-chi-2-all,mc-chi-3-all,mc-Z-0-all,mc-Z-1-all,mc-Z-2-all,mc-Z-3-all,mc-I-0-all,mc-I-1-all,mc-I-2-all,mc-I-3-all,mc-T-0-all,mc-T-1-all,mc-T-2-all,mc-T-3-all,mc-S-0-all,mc-S-1-all,mc-S-2-all,mc-S-3-all,D_mc-chi-0-all,D_mc-chi-1-all,D_mc-chi-2-all,D_mc-chi-3-all,D_mc-Z-0-all,D_mc-Z-1-all,D_mc-Z-2-all,D_mc-Z-3-all,D_mc-I-0-all,D_mc-I-1-all,D_mc-I-2-all,D_mc-I-3-all,D_mc-T-0-all,D_mc-T-1-all,D_mc-T-2-all,D_mc-T-3-all,D_mc-S-0-all,D_mc-S-1-all,D_mc-S-2-all,D_mc-S-3-all,name
183.527,302.99519999999984,920.5632,1145.1072000000001,7712.0,12288.0,12960.0,16896.0,20.0,48.0,96.0,144.0,144.0,384.0,576.0,768.0,15.265999999999998,42.048,68.49119999999999,96.00959999999996,3.1388799999999994,21.229359999999996,21.5152,45.73895999999999,1345.6,4674.8,3485.8,5968.2,1.0,4.4,5.8,9.8,20.0,56.0,90.4,118.4,2.054899999999999,7.072079999999998,9.256199999999998,12.508439999999998,0.0,-5.444000000000001,-2.496,-10.276000000000002,0.0,10.8,90.0,164.8,0.0,0.0,0.0,0.0,0.0,7.2,4.8,17.4,0.0,1.4060000000000001,1.763999999999999,5.386000000000001,TAKGUK_clean_primitive
218.96439999999998,518.168,848.7307999999995,1025.5440000000006,29926.0,83368.0,142064.0,117900.0,34.0,88.0,140.0,172.0,280.0,904.0,1380.0,1496.0,41.404999999999994,126.74399999999997,201.8067999999999,231.34799999999998,3.1388799999999994,21.229359999999996,21.5152,45.73895999999999,1345.6,4674.8,3485.8,5968.2,1.0,4.4,5.8,9.8,20.0,56.0,90.4,118.4,2.054899999999999,7.072079999999998,9.256199999999998,12.508439999999998,0.0,-5.444000000000001,-2.496,-10.276000000000002,0.0,10.8,90.0,164.8,0.0,0.0,0.0,0.0,0.0,7.2,4.8,17.4,0.0,1.4060000000000001,1.763999999999999,5.386000000000001,TAKGUK_clean_primitive
