f-chi-0-all,f-chi-1-all,f-chi-2-all,f-chi-3-all,f-Z-0-all,f-Z-1-all,f-Z-2-all,f-Z-3-all,f-I-0-all,f-I-1-all,f-I-2-all,f-I-3-all,f-T-0-all,f-T-1-all,f-T-2-all,f-T-3-all,f-S-0-all,f-S-1-all,f-S-2-all,f-S-3-all,mc-chi-0-all,mc-chi-1-all,mc-chi-2-all,mc-chi-3-all,mc-Z-0-all,mc-Z-1-all,mc-Z-2-all,mc-Z-3-all,mc-I-0-all,mc-I-1-all,mc-I-2-all,mc-I-3-all,mc-T-0-all,mc-T-1-all,mc-T-2-all,mc-T-3-all,mc-S-0-all,mc-S-1-all,mc-S-2-all,mc-S-3-all,D_mc-chi-0-all,D_mc-chi-1-all,D_mc-chi-2-all,D_mc-chi-3-all,D_mc-Z-0-all,D_mc-Z-1-all,D_mc-Z-2-all,D_mc-Z-3-all,D_mc-I-0-all,D_mc-I-1-all,D_mc-I-2-all,D_mc-I-3-all,D_mc-T-0-all,D_mc-T-1-all,D_mc-T-2-all,D_mc-T-3-all,D_mc-S-0-all,D_mc-S-1-all,D_mc-S-2-all,D_mc-S-3-all,name
225.85789999999992,404.54399999999976,898.8276000000001,1083.5999999999997,3884.0,8064.0,9264.0,10944.0,25.0,56.0,94.0,132.0,150.0,376.0,520.0,648.0,17.352100000000004,42.51520000000001,63.41500000000001,83.65800000000003,2.7224999999999997,20.4336,15.146999999999997,35.58059999999999,900.0,864.0,648.0,1512.0,1.0,3.6,3.6,7.2,15.2,30.4,45.6,72.8,1.7161000000000002,3.44268,3.631320000000001,7.074000000000001,0.0,-6.444,-3.2399999999999998,-9.684000000000001,0.0,79.2,86.4,165.6,0.0,0.0,0.0,0.0,0.0,8.0,4.4,13.6,0.0,2.088,1.9440000000000002,4.032000000000001,NUFBEX_clean_primitive
39.39469999999999,57.79199999999999,40.49719999999999,35.087999999999994,1100.0,1152.0,848.0,192.0,5.0,8.0,6.0,4.0,14.0,24.0,16.0,8.0,3.9677,6.073600000000001,5.1006,2.2484,2.7224999999999997,20.4336,15.146999999999997,35.58059999999999,900.0,864.0,648.0,1512.0,1.0,3.6,3.6,7.2,15.2,30.4,45.6,72.8,1.7161000000000002,3.44268,3.631320000000001,7.074000000000001,0.0,-6.444,-3.2399999999999998,-9.684000000000001,0.0,79.2,86.4,165.6,0.0,0.0,0.0,0.0,0.0,8.0,4.4,13.6,0.0,2.088,1.9440000000000002,4.032000000000001,NUFBEX_clean_primitive
39.39469999999999,57.79199999999999,40.4972,35.087999999999994,1100.0,1152.0,848.0,192.0,5.0,8.0,6.0,4.0,14.0,24.0,16.0,8.0,3.9677,6.073600000000001,5.1006,2.2484,2.7224999999999997,20.4336,15.146999999999997,35.58059999999999,900.0,864.0,648.0,1512.0,1.0,3.6,3.6,7.2,15.2,30.4,45.6,72.8,1.7161000000000002,3.44268,3.631320000000001,7.074000000000001,0.0,-6.444,-3.2399999999999998,-9.684000000000001,0.0,79.2,86.4,165.6,0.0,0.0,0.0,0.0,0.0,8.0,4.4,13.6,0.0,2.088,1.9440000000000002,4.032000000000001,NUFBEX_clean_primitive
