f-lig-chi-0,f-lig-chi-1,f-lig-chi-2,f-lig-chi-3,f-lig-Z-0,f-lig-Z-1,f-lig-Z-2,f-lig-Z-3,f-lig-I-0,f-lig-I-1,f-lig-I-2,f-lig-I-3,f-lig-T-0,f-lig-T-1,f-lig-T-2,f-lig-T-3,f-lig-S-0,f-lig-S-1,f-lig-S-2,f-lig-S-3,name
186.20039999999997,369.1908,558.5432,629.6198,1304.0,2408.0,3204.0,3472.0,26.0,54.0,80.0,94.0,134.0,320.0,424.0,414.0,13.273599999999998,29.616000000000007,41.6292,45.54340000000001,OVICUS_clean_primitive
186.2004,369.1908,558.5432,629.6197999999999,1304.0,2408.0,3204.0,3472.0,26.0,54.0,80.0,94.0,134.0,320.0,424.0,414.0,13.2736,29.616000000000007,41.6292,45.54340000000001,OVICUS_clean_primitive
186.2004,369.19079999999997,558.5432000000001,629.6198,1304.0,2408.0,3204.0,3472.0,26.0,54.0,80.0,94.0,134.0,320.0,424.0,414.0,13.2736,29.616000000000003,41.6292,45.543400000000005,OVICUS_clean_primitive
186.2004,369.1908,558.5432,629.6197999999999,1304.0,2408.0,3204.0,3472.0,26.0,54.0,80.0,94.0,134.0,320.0,424.0,414.0,13.2736,29.616000000000003,41.6292,45.543400000000005,OVICUS_clean_primitive
