f-chi-0-all,f-chi-1-all,f-chi-2-all,f-chi-3-all,f-Z-0-all,f-Z-1-all,f-Z-2-all,f-Z-3-all,f-I-0-all,f-I-1-all,f-I-2-all,f-I-3-all,f-T-0-all,f-T-1-all,f-T-2-all,f-T-3-all,f-S-0-all,f-S-1-all,f-S-2-all,f-S-3-all,mc-chi-0-all,mc-chi-1-all,mc-chi-2-all,mc-chi-3-all,mc-Z-0-all,mc-Z-1-all,mc-Z-2-all,mc-Z-3-all,mc-I-0-all,mc-I-1-all,mc-I-2-all,mc-I-3-all,mc-T-0-all,mc-T-1-all,mc-T-2-all,mc-T-3-all,mc-S-0-all,mc-S-1-all,mc-S-2-all,mc-S-3-all,D_mc-chi-0-all,D_mc-chi-1-all,D_mc-chi-2-all,D_mc-chi-3-all,D_mc-Z-0-all,D_mc-Z-1-all,D_mc-Z-2-all,D_mc-Z-3-all,D_mc-I-0-all,D_mc-I-1-all,D_mc-I-2-all,D_mc-I-3-all,D_mc-T-0-all,D_mc-T-1-all,D_mc-T-2-all,D_mc-T-3-all,D_mc-S-0-all,D_mc-S-1-all,D_mc-S-2-all,D_mc-S-3-all,name
148.5736,293.616,623.1299999999999,795.1263999999999,2228.0,5124.0,8050.0,6420.0,18.0,40.0,72.0,96.0,116.0,328.0,480.0,416.0,12.2408,29.862000000000002,51.44699999999999,58.6012,3.5343999999999998,31.583999999999993,32.2984,65.27359999999999,729.0,1053.0,1701.0,1971.0,1.0,5.0,7.0,13.0,25.0,65.0,115.0,165.0,1.5876000000000001,4.6242,7.408800000000001,11.4786,0.0,-7.4,-4.02,-10.280000000000001,0.0,96.0,126.0,278.0,0.0,0.0,0.0,0.0,0.0,12.0,12.0,32.0,0.0,2.63,2.9400000000000004,7.270000000000001,RACZEC_clean_primitive
148.5736,293.616,623.1299999999999,795.1263999999999,2228.0,5124.0,8050.0,6420.0,18.0,40.0,72.0,96.0,116.0,328.0,480.0,416.0,12.2408,29.862000000000002,51.44699999999999,58.6012,3.5343999999999998,31.583999999999993,32.2984,65.27359999999999,729.0,1053.0,1701.0,1971.0,1.0,5.0,7.0,13.0,25.0,65.0,115.0,165.0,1.5876000000000001,4.6242,7.408800000000001,11.4786,0.0,-7.4,-4.02,-10.280000000000001,0.0,96.0,126.0,278.0,0.0,0.0,0.0,0.0,0.0,12.0,12.0,32.0,0.0,2.63,2.9400000000000004,7.270000000000001,RACZEC_clean_primitive
