f-lig-chi-0,f-lig-chi-1,f-lig-chi-2,f-lig-chi-3,f-lig-Z-0,f-lig-Z-1,f-lig-Z-2,f-lig-Z-3,f-lig-I-0,f-lig-I-1,f-lig-I-2,f-lig-I-3,f-lig-T-0,f-lig-T-1,f-lig-T-2,f-lig-T-3,f-lig-S-0,f-lig-S-1,f-lig-S-2,f-lig-S-3,name
157.3433,307.33860000000004,458.356,485.06100000000004,779.0,1530.0,2206.0,2064.0,20.0,42.0,62.0,70.0,104.0,252.0,352.0,354.0,10.128400000000003,22.563399999999998,32.2718,33.433400000000006,NAHGUB_clean_primitive
157.3433,307.33860000000004,458.356,485.06100000000004,779.0,1530.0,2206.0,2064.0,20.0,42.0,62.0,70.0,104.0,252.0,352.0,354.0,10.128400000000003,22.563399999999998,32.2718,33.433400000000006,NAHGUB_clean_primitive
157.3433,307.33860000000004,458.356,485.061,779.0,1530.0,2206.0,2064.0,20.0,42.0,62.0,70.0,104.0,252.0,352.0,354.0,10.128400000000001,22.5634,32.2718,33.433400000000006,NAHGUB_clean_primitive
157.3433,307.33860000000004,458.356,485.061,779.0,1530.0,2206.0,2064.0,20.0,42.0,62.0,70.0,104.0,252.0,352.0,354.0,10.128400000000001,22.5634,32.2718,33.433400000000006,NAHGUB_clean_primitive
