f-lig-chi-0,f-lig-chi-1,f-lig-chi-2,f-lig-chi-3,f-lig-Z-0,f-lig-Z-1,f-lig-Z-2,f-lig-Z-3,f-lig-I-0,f-lig-I-1,f-lig-I-2,f-lig-I-3,f-lig-T-0,f-lig-T-1,f-lig-T-2,f-lig-T-3,f-lig-S-0,f-lig-S-1,f-lig-S-2,f-lig-S-3,name
297.35319999999996,676.5660000000006,1065.65,1350.467,1126.0,2736.0,3848.0,4208.0,50.0,108.0,172.0,226.0,280.0,708.0,1036.0,1198.0,20.46420000000001,51.590000000000025,77.15640000000002,90.89859999999997,FUNLAD_clean_primitive
297.35319999999996,676.5660000000006,1065.65,1350.467,1126.0,2736.0,3848.0,4208.0,50.0,108.0,172.0,226.0,280.0,708.0,1036.0,1198.0,20.46420000000001,51.590000000000025,77.15640000000002,90.89859999999997,FUNLAD_clean_primitive
199.77439999999999,403.4610000000001,628.0204,772.4469999999999,842.0,1728.0,2464.0,2506.0,30.0,62.0,96.0,124.0,158.0,390.0,544.0,580.0,12.987000000000004,30.35340000000001,44.11200000000001,49.9868,FUNLAD_clean_primitive
199.77439999999999,403.4610000000001,628.0204,772.4469999999999,842.0,1728.0,2464.0,2506.0,30.0,62.0,96.0,124.0,158.0,390.0,544.0,580.0,12.987000000000004,30.35340000000001,44.11200000000001,49.986799999999995,FUNLAD_clean_primitive
199.7744,403.46100000000007,628.0204000000001,772.4469999999999,842.0,1728.0,2464.0,2506.0,30.0,62.0,96.0,124.0,158.0,390.0,544.0,580.0,12.987000000000004,30.35340000000001,44.112000000000016,49.9868,FUNLAD_clean_primitive
199.7744,403.46100000000007,628.0204000000001,772.4469999999999,842.0,1728.0,2464.0,2506.0,30.0,62.0,96.0,124.0,158.0,390.0,544.0,580.0,12.987000000000004,30.35340000000001,44.112000000000016,49.9868,FUNLAD_clean_primitive
