f-lig-chi-0,f-lig-chi-1,f-lig-chi-2,f-lig-chi-3,f-lig-Z-0,f-lig-Z-1,f-lig-Z-2,f-lig-Z-3,f-lig-I-0,f-lig-I-1,f-lig-I-2,f-lig-I-3,f-lig-T-0,f-lig-T-1,f-lig-T-2,f-lig-T-3,f-lig-S-0,f-lig-S-1,f-lig-S-2,f-lig-S-3,name
254.13640000000004,578.085,943.2824,1100.1680000000003,934.0,2280.0,3176.0,2924.0,42.0,90.0,148.0,184.0,238.0,602.0,884.0,932.0,16.57220000000001,41.96500000000002,63.26520000000001,68.8816,COKFAK_clean_primitive
254.13640000000004,578.0850000000003,943.2824000000002,1100.168,934.0,2280.0,3176.0,2924.0,42.0,90.0,148.0,184.0,238.0,602.0,884.0,932.0,16.572200000000006,41.965000000000025,63.26520000000002,68.88159999999999,COKFAK_clean_primitive
254.13640000000004,578.0850000000004,943.2824000000003,1100.168,934.0,2280.0,3176.0,2924.0,42.0,90.0,148.0,184.0,238.0,602.0,884.0,932.0,16.57220000000001,41.96500000000002,63.265200000000014,68.88160000000002,COKFAK_clean_primitive
254.13640000000004,578.0850000000004,943.2824000000005,1100.1680000000001,934.0,2280.0,3176.0,2924.0,42.0,90.0,148.0,184.0,238.0,602.0,884.0,932.0,16.572200000000013,41.965000000000025,63.26520000000001,68.88159999999999,COKFAK_clean_primitive
