f-chi-0-all,f-chi-1-all,f-chi-2-all,f-chi-3-all,f-Z-0-all,f-Z-1-all,f-Z-2-all,f-Z-3-all,f-I-0-all,f-I-1-all,f-I-2-all,f-I-3-all,f-T-0-all,f-T-1-all,f-T-2-all,f-T-3-all,f-S-0-all,f-S-1-all,f-S-2-all,f-S-3-all,mc-chi-0-all,mc-chi-1-all,mc-chi-2-all,mc-chi-3-all,mc-Z-0-all,mc-Z-1-all,mc-Z-2-all,mc-Z-3-all,mc-I-0-all,mc-I-1-all,mc-I-2-all,mc-I-3-all,mc-T-0-all,mc-T-1-all,mc-T-2-all,mc-T-3-all,mc-S-0-all,mc-S-1-all,mc-S-2-all,mc-S-3-all,D_mc-chi-0-all,D_mc-chi-1-all,D_mc-chi-2-all,D_mc-chi-3-all,D_mc-Z-0-all,D_mc-Z-1-all,D_mc-Z-2-all,D_mc-Z-3-all,D_mc-I-0-all,D_mc-I-1-all,D_mc-I-2-all,D_mc-I-3-all,D_mc-T-0-all,D_mc-T-1-all,D_mc-T-2-all,D_mc-T-3-all,D_mc-S-0-all,D_mc-S-1-all,D_mc-S-2-all,D_mc-S-3-all,name
92.52079999999998,169.7536,239.62320000000005,372.0959999999999,1213.0,2184.0,3468.0,2016.0,13.0,24.0,36.0,48.0,60.0,144.0,180.0,144.0,8.580800000000002,16.8,27.016399999999994,27.720000000000006,3.5343999999999998,28.575999999999997,47.93999999999999,93.90599999999998,729.0,945.0,1620.0,2025.0,1.0,5.0,10.0,20.0,26.0,78.0,156.0,208.0,1.5876000000000001,4.7250000000000005,9.702,14.238000000000003,0.0,-5.800000000000001,-6.699999999999999,-12.350000000000003,0.0,100.0,210.0,465.0,0.0,0.0,0.0,0.0,0.0,11.0,22.0,64.0,0.0,2.55,4.900000000000001,13.9,COKFAK_clean_primitive
346.65720000000005,770.6994000000004,1387.6064000000003,2105.5328,2147.0,5220.0,8822.0,9584.0,55.0,118.0,210.0,320.0,328.0,890.0,1434.0,1744.0,25.153000000000006,62.54500000000004,108.16819999999998,149.57199999999997,3.5343999999999998,28.575999999999997,47.93999999999999,93.90599999999998,729.0,945.0,1620.0,2025.0,1.0,5.0,10.0,20.0,26.0,78.0,156.0,208.0,1.5876000000000001,4.7250000000000005,9.702,14.238000000000003,0.0,-5.800000000000001,-6.699999999999999,-12.350000000000003,0.0,100.0,210.0,465.0,0.0,0.0,0.0,0.0,0.0,11.0,22.0,64.0,0.0,2.55,4.900000000000001,13.9,COKFAK_clean_primitive
