f-sbu-chi-0,f-sbu-chi-1,f-sbu-chi-2,f-sbu-chi-3,f-sbu-Z-0,f-sbu-Z-1,f-sbu-Z-2,f-sbu-Z-3,f-sbu-I-0,f-sbu-I-1,f-sbu-I-2,f-sbu-I-3,f-sbu-T-0,f-sbu-T-1,f-sbu-T-2,f-sbu-T-3,f-sbu-S-0,f-sbu-S-1,f-sbu-S-2,f-sbu-S-3,mc-chi-0,mc-chi-1,mc-chi-2,mc-chi-3,mc-Z-0,mc-Z-1,mc-Z-2,mc-Z-3,mc-I-0,mc-I-1,mc-I-2,mc-I-3,mc-T-0,mc-T-1,mc-T-2,mc-T-3,mc-S-0,mc-S-1,mc-S-2,mc-S-3,D_mc-chi-0,D_mc-chi-1,D_mc-chi-2,D_mc-chi-3,D_mc-Z-0,D_mc-Z-1,D_mc-Z-2,D_mc-Z-3,D_mc-I-0,D_mc-I-1,D_mc-I-2,D_mc-I-3,D_mc-T-0,D_mc-T-1,D_mc-T-2,D_mc-T-3,D_mc-S-0,D_mc-S-1,D_mc-S-2,D_mc-S-3,name
153.5242,273.2352,497.72399999999993,1019.6159999999998,1645.0,3528.0,6498.0,5460.0,19.0,36.0,66.0,120.0,102.0,288.0,426.0,360.0,12.2118,26.100000000000005,48.976199999999984,68.4,3.61,34.656,63.725999999999985,88.806,841.0,1218.0,2262.0,2436.0,1.0,6.0,12.0,18.0,36.0,108.0,180.0,252.0,1.9043999999999996,6.21,12.5856,15.6492,0.0,-6.840000000000002,-10.740000000000004,-12.540000000000006,0.0,132.0,270.0,438.0,0.0,0.0,0.0,0.0,0.0,18.0,42.0,66.0,0.0,3.7799999999999994,7.439999999999998,13.499999999999996,KOMGAV
153.52420000000004,273.2352,497.72399999999993,1019.6159999999996,1645.0,3528.0,6498.0,5460.0,19.0,36.0,66.0,120.0,102.0,288.0,426.0,360.0,12.2118,26.100000000000005,48.976199999999984,68.40000000000002,3.61,34.656,63.725999999999985,88.806,841.0,1218.0,2262.0,2436.0,1.0,6.0,12.0,18.0,36.0,108.0,180.0,252.0,1.9043999999999996,6.21,12.5856,15.6492,0.0,-6.840000000000002,-10.740000000000004,-12.540000000000006,0.0,132.0,270.0,438.0,0.0,0.0,0.0,0.0,0.0,18.0,42.0,66.0,0.0,3.7799999999999994,7.439999999999998,13.499999999999996,KOMGAV
