f-sbu-chi-0,f-sbu-chi-1,f-sbu-chi-2,f-sbu-chi-3,f-sbu-Z-0,f-sbu-Z-1,f-sbu-Z-2,f-sbu-Z-3,f-sbu-I-0,f-sbu-I-1,f-sbu-I-2,f-sbu-I-3,f-sbu-T-0,f-sbu-T-1,f-sbu-T-2,f-sbu-T-3,f-sbu-S-0,f-sbu-S-1,f-sbu-S-2,f-sbu-S-3,mc-chi-0,mc-chi-1,mc-chi-2,mc-chi-3,mc-Z-0,mc-Z-1,mc-Z-2,mc-Z-3,mc-I-0,mc-I-1,mc-I-2,mc-I-3,mc-T-0,mc-T-1,mc-T-2,mc-T-3,mc-S-0,mc-S-1,mc-S-2,mc-S-3,D_mc-chi-0,D_mc-chi-1,D_mc-chi-2,D_mc-chi-3,D_mc-Z-0,D_mc-Z-1,D_mc-Z-2,D_mc-Z-3,D_mc-I-0,D_mc-I-1,D_mc-I-2,D_mc-I-3,D_mc-T-0,D_mc-T-1,D_mc-T-2,D_mc-T-3,D_mc-S-0,D_mc-S-1,D_mc-S-2,D_mc-S-3,name
720.5056000000008,1537.2816000000003,6190.479199999998,7825.654399999996,25480.0,57024.0,95336.0,122624.0,86.0,256.0,696.0,1056.0,1080.0,3952.0,7072.0,9936.0,63.43439999999999,226.84639999999996,479.90880000000016,740.7168000000003,1.2995999999999999,34.64079999999999,24.988799999999998,69.84399999999998,3600.0,4240.0,7680.0,8560.0,1.0,9.333333333333334,9.333333333333334,20.0,88.0,240.0,341.3333333333333,453.3333333333333,3.0276,11.994399999999999,14.7552,26.007199999999997,0.0,-19.74666666666667,-11.28,-38.46666666666666,0.0,489.3333333333333,432.0,1057.3333333333333,0.0,0.0,0.0,0.0,0.0,62.666666666666664,49.333333333333336,134.66666666666666,0.0,9.346666666666666,7.759999999999999,19.85333333333333,RUVMIF
