f-chi-0-all,f-chi-1-all,f-chi-2-all,f-chi-3-all,f-Z-0-all,f-Z-1-all,f-Z-2-all,f-Z-3-all,f-I-0-all,f-I-1-all,f-I-2-all,f-I-3-all,f-T-0-all,f-T-1-all,f-T-2-all,f-T-3-all,f-S-0-all,f-S-1-all,f-S-2-all,f-S-3-all,mc-chi-0-all,mc-chi-1-all,mc-chi-2-all,mc-chi-3-all,mc-Z-0-all,mc-Z-1-all,mc-Z-2-all,mc-Z-3-all,mc-I-0-all,mc-I-1-all,mc-I-2-all,mc-I-3-all,mc-T-0-all,mc-T-1-all,mc-T-2-all,mc-T-3-all,mc-S-0-all,mc-S-1-all,mc-S-2-all,mc-S-3-all,D_mc-chi-0-all,D_mc-chi-1-all,D_mc-chi-2-all,D_mc-chi-3-all,D_mc-Z-0-all,D_mc-Z-1-all,D_mc-Z-2-all,D_mc-Z-3-all,D_mc-I-0-all,D_mc-I-1-all,D_mc-I-2-all,D_mc-I-3-all,D_mc-T-0-all,D_mc-T-1-all,D_mc-T-2-all,D_mc-T-3-all,D_mc-S-0-all,D_mc-S-1-all,D_mc-S-2-all,D_mc-S-3-all,name
119.9576,222.812,391.2001999999999,498.49199999999996,2372.0,4340.0,5642.0,3648.0,16.0,34.0,52.0,66.0,96.0,268.0,326.0,252.0,10.52,24.323800000000002,34.3508,33.8614,2.7224999999999997,22.9515,21.697499999999998,37.63649999999999,900.0,937.5,1492.5,1470.0,1.0,4.25,5.75,8.0,18.25,49.25,64.5,80.75,1.7161000000000002,3.972575,5.590425000000001,7.388400000000001,0.0,-6.897500000000001,-3.6625000000000005,-9.610000000000001,0.0,96.25,122.75,191.0,0.0,0.0,0.0,0.0,0.0,6.75,9.0,15.0,0.0,2.5350000000000006,3.265,4.84,IFENOY01_SL_primitive
119.9576,215.55200000000005,354.8121999999998,498.79999999999984,2372.0,4280.0,5656.0,3656.0,16.0,32.0,48.0,64.0,84.0,220.0,278.0,232.0,10.52,23.354400000000002,33.6848,33.513600000000004,2.7224999999999997,22.9515,21.697499999999998,37.63649999999999,900.0,937.5,1492.5,1470.0,1.0,4.25,5.75,8.0,18.25,49.25,64.5,80.75,1.7161000000000002,3.972575,5.590425000000001,7.388400000000001,0.0,-6.897500000000001,-3.6625000000000005,-9.610000000000001,0.0,96.25,122.75,191.0,0.0,0.0,0.0,0.0,0.0,6.75,9.0,15.0,0.0,2.5350000000000006,3.265,4.84,IFENOY01_SL_primitive
