f-chi-0-all,f-chi-1-all,f-chi-2-all,f-chi-3-all,f-Z-0-all,f-Z-1-all,f-Z-2-all,f-Z-3-all,f-I-0-all,f-I-1-all,f-I-2-all,f-I-3-all,f-T-0-all,f-T-1-all,f-T-2-all,f-T-3-all,f-S-0-all,f-S-1-all,f-S-2-all,f-S-3-all,mc-chi-0-all,mc-chi-1-all,mc-chi-2-all,mc-chi-3-all,mc-Z-0-all,mc-Z-1-all,mc-Z-2-all,mc-Z-3-all,mc-I-0-all,mc-I-1-all,mc-I-2-all,mc-I-3-all,mc-T-0-all,mc-T-1-all,mc-T-2-all,mc-T-3-all,mc-S-0-all,mc-S-1-all,mc-S-2-all,mc-S-3-all,D_mc-chi-0-all,D_mc-chi-1-all,D_mc-chi-2-all,D_mc-chi-3-all,D_mc-Z-0-all,D_mc-Z-1-all,D_mc-Z-2-all,D_mc-Z-3-all,D_mc-I-0-all,D_mc-I-1-all,D_mc-I-2-all,D_mc-I-3-all,D_mc-T-0-all,D_mc-T-1-all,D_mc-T-2-all,D_mc-T-3-all,D_mc-S-0-all,D_mc-S-1-all,D_mc-S-2-all,D_mc-S-3-all,name
1921.8455999999967,4524.288000000006,14446.879999999977,13813.939200000023,282716.0,312768.0,1342736.0,928384.0,200.0,592.0,1408.0,1840.0,2144.0,6704.0,12840.0,19808.0,202.3652000000018,619.5072000000015,1220.4064,1909.0375999999983,4.89477142857143,37.16674285714288,26.242971428571405,113.84417142857134,4860.928571428572,2741.1428571428573,22292.571428571428,8230.857142857143,1.0,4.857142857142857,5.285714285714286,15.285714285714286,24.714285714285715,57.285714285714285,126.42857142857143,172.85714285714286,2.158964285714288,5.199685714285715,10.750485714285718,16.279449999999994,0.0,-5.904285714285711,-0.10428571428571447,-19.10571428571429,0.0,303.7857142857143,23.0,911.8571428571429,0.0,0.0,0.0,0.0,0.0,13.285714285714286,0.2857142857142857,41.214285714285715,0.0,3.577142857142859,0.19571428571428567,11.106428571428571,WAPSUE_clean_primitive
