f-lig-chi-0,f-lig-chi-1,f-lig-chi-2,f-lig-chi-3,f-lig-Z-0,f-lig-Z-1,f-lig-Z-2,f-lig-Z-3,f-lig-I-0,f-lig-I-1,f-lig-I-2,f-lig-I-3,f-lig-T-0,f-lig-T-1,f-lig-T-2,f-lig-T-3,f-lig-S-0,f-lig-S-1,f-lig-S-2,f-lig-S-3,name
428.0976999999999,898.4670000000007,1497.6246000000008,1930.6599999999996,1663.0,3612.0,5268.0,5932.0,67.0,140.0,236.0,316.0,376.0,952.0,1350.0,1536.0,26.992300000000007,65.88120000000002,100.2388,120.67399999999998,TOVJOF_clean_primitive
326.1626999999999,670.0380000000002,1071.7236,1378.6739999999995,1434.0,3000.0,4512.0,5100.0,48.0,102.0,162.0,216.0,264.0,666.0,978.0,1128.0,21.655200000000004,51.42060000000002,77.949,94.50479999999999,TOVJOF_clean_primitive
326.16269999999986,670.0380000000004,1071.7236,1378.674,1434.0,3000.0,4512.0,5100.0,48.0,102.0,162.0,216.0,264.0,666.0,978.0,1128.0,21.6552,51.42060000000002,77.94900000000003,94.50480000000005,TOVJOF_clean_primitive
326.16269999999986,670.0380000000002,1071.7236000000003,1378.674,1434.0,3000.0,4512.0,5100.0,48.0,102.0,162.0,216.0,264.0,666.0,978.0,1128.0,21.65520000000001,51.42060000000002,77.94900000000001,94.50480000000002,TOVJOF_clean_primitive
428.09769999999986,898.4670000000009,1497.6246000000008,1930.6600000000005,1663.0,3612.0,5268.0,5932.0,67.0,140.0,236.0,316.0,376.0,952.0,1350.0,1536.0,26.99230000000002,65.88120000000002,100.2388,120.67399999999999,TOVJOF_clean_primitive
428.0976999999995,898.4670000000007,1497.6246000000006,1930.6600000000003,1663.0,3612.0,5268.0,5932.0,67.0,140.0,236.0,316.0,376.0,952.0,1350.0,1536.0,26.992300000000025,65.88120000000004,100.2388,120.67400000000004,TOVJOF_clean_primitive
326.1626999999998,670.0380000000002,1071.7236000000003,1378.6739999999995,1434.0,3000.0,4512.0,5100.0,48.0,102.0,162.0,216.0,264.0,666.0,978.0,1128.0,21.655200000000008,51.42060000000002,77.949,94.50480000000002,TOVJOF_clean_primitive
428.09769999999946,898.4670000000007,1497.6246,1930.6600000000014,1663.0,3612.0,5268.0,5932.0,67.0,140.0,236.0,316.0,376.0,952.0,1350.0,1536.0,26.99230000000002,65.88119999999999,100.2388,120.67400000000005,TOVJOF_clean_primitive
