f-link-chi-0,f-link-chi-1,f-link-chi-2,f-link-chi-3,f-link-Z-0,f-link-Z-1,f-link-Z-2,f-link-Z-3,f-link-I-0,f-link-I-1,f-link-I-2,f-link-I-3,f-link-T-0,f-link-T-1,f-link-T-2,f-link-T-3,f-link-S-0,f-link-S-1,f-link-S-2,f-link-S-3,name
134.89690000000002,254.54100000000005,403.5904,459.60200000000003,586.0,1104.0,1618.0,1682.0,19.0,38.0,60.0,70.0,98.0,234.0,316.0,346.0,8.2891,18.587800000000005,26.8076,30.242199999999997,Zn-DMOF-MM
115.57820000000002,266.67900000000014,524.286,642.4651999999999,326.0,864.0,1260.0,1010.0,20.0,42.0,84.0,110.0,126.0,336.0,516.0,498.0,6.325199999999999,17.325000000000003,29.18520000000001,31.86059999999999,Zn-DMOF-MM
134.8969,254.54100000000005,403.59040000000005,459.60200000000003,586.0,1104.0,1618.0,1682.0,19.0,38.0,60.0,70.0,98.0,234.0,316.0,346.0,8.289100000000001,18.587800000000005,26.8076,30.2422,Zn-DMOF-MM
