f-sbu-chi-0,f-sbu-chi-1,f-sbu-chi-2,f-sbu-chi-3,f-sbu-Z-0,f-sbu-Z-1,f-sbu-Z-2,f-sbu-Z-3,f-sbu-I-0,f-sbu-I-1,f-sbu-I-2,f-sbu-I-3,f-sbu-T-0,f-sbu-T-1,f-sbu-T-2,f-sbu-T-3,f-sbu-S-0,f-sbu-S-1,f-sbu-S-2,f-sbu-S-3,mc-chi-0,mc-chi-1,mc-chi-2,mc-chi-3,mc-Z-0,mc-Z-1,mc-Z-2,mc-Z-3,mc-I-0,mc-I-1,mc-I-2,mc-I-3,mc-T-0,mc-T-1,mc-T-2,mc-T-3,mc-S-0,mc-S-1,mc-S-2,mc-S-3,D_mc-chi-0,D_mc-chi-1,D_mc-chi-2,D_mc-chi-3,D_mc-Z-0,D_mc-Z-1,D_mc-Z-2,D_mc-Z-3,D_mc-I-0,D_mc-I-1,D_mc-I-2,D_mc-I-3,D_mc-T-0,D_mc-T-1,D_mc-T-2,D_mc-T-3,D_mc-S-0,D_mc-S-1,D_mc-S-2,D_mc-S-3,name
95.8551,170.07999999999998,292.70000000000005,387.19199999999995,2810.0,4272.0,4754.0,2112.0,12.0,24.0,36.0,46.0,64.0,164.0,188.0,124.0,8.4715,18.915000000000006,26.9392,26.103,2.8560999999999996,27.716,25.857,46.54260000000001,2304.0,1824.0,1728.0,2304.0,1.0,5.0,6.0,11.0,25.0,60.0,90.0,115.0,2.1904,5.4612,6.837599999999999,10.108399999999998,0.0,-7.95,-5.159999999999998,-8.949999999999998,0.0,202.0,252.0,480.0,0.0,0.0,0.0,0.0,0.0,13.0,12.0,32.0,0.0,3.71,4.26,9.45,UNIPAJ
95.8551,170.08,292.7,387.19199999999995,2810.0,4272.0,4754.0,2112.0,12.0,24.0,36.0,46.0,64.0,164.0,188.0,124.0,8.4715,18.915,26.939200000000007,26.103000000000005,2.8560999999999996,27.716,25.857,46.54260000000001,2304.0,1824.0,1728.0,2304.0,1.0,5.0,6.0,11.0,25.0,60.0,90.0,115.0,2.1904,5.4612,6.837599999999999,10.108399999999998,0.0,-7.95,-5.159999999999998,-8.949999999999998,0.0,202.0,252.0,480.0,0.0,0.0,0.0,0.0,0.0,13.0,12.0,32.0,0.0,3.71,4.26,9.45,UNIPAJ
95.8551,170.07999999999998,292.70000000000005,387.192,2810.0,4272.0,4754.0,2112.0,12.0,24.0,36.0,46.0,64.0,164.0,188.0,124.0,8.4715,18.915,26.939200000000007,26.103,2.8560999999999996,27.716,25.857,46.54260000000001,2304.0,1824.0,1728.0,2304.0,1.0,5.0,6.0,11.0,25.0,60.0,90.0,115.0,2.1904,5.4612,6.837599999999999,10.108399999999998,0.0,-7.95,-5.159999999999998,-8.949999999999998,0.0,202.0,252.0,480.0,0.0,0.0,0.0,0.0,0.0,13.0,12.0,32.0,0.0,3.71,4.26,9.45,UNIPAJ
95.8551,170.07999999999998,292.70000000000005,387.192,2810.0,4272.0,4754.0,2112.0,12.0,24.0,36.0,46.0,64.0,164.0,188.0,124.0,8.471499999999999,18.915000000000006,26.9392,26.103000000000005,2.8560999999999996,27.716,25.857,46.54260000000001,2304.0,1824.0,1728.0,2304.0,1.0,5.0,6.0,11.0,25.0,60.0,90.0,115.0,2.1904,5.4612,6.837599999999999,10.108399999999998,0.0,-7.95,-5.159999999999998,-8.949999999999998,0.0,202.0,252.0,480.0,0.0,0.0,0.0,0.0,0.0,13.0,12.0,32.0,0.0,3.71,4.26,9.45,UNIPAJ
