f-lig-chi-0,f-lig-chi-1,f-lig-chi-2,f-lig-chi-3,f-lig-Z-0,f-lig-Z-1,f-lig-Z-2,f-lig-Z-3,f-lig-I-0,f-lig-I-1,f-lig-I-2,f-lig-I-3,f-lig-T-0,f-lig-T-1,f-lig-T-2,f-lig-T-3,f-lig-S-0,f-lig-S-1,f-lig-S-2,f-lig-S-3,name
662.6992000000005,1400.9951999999976,2237.4438,2791.3710000000005,3010.0,6492.0,9852.0,10668.0,94.0,204.0,324.0,420.0,528.0,1338.0,1992.0,2268.0,43.764599999999945,104.69399999999989,159.92159999999993,189.04079999999996,PODKOK_clean_primitive
662.6992000000008,1400.9952000000003,2237.4437999999996,2791.3709999999996,3010.0,6492.0,9852.0,10668.0,94.0,204.0,324.0,420.0,528.0,1338.0,1992.0,2268.0,43.7646,104.69399999999996,159.92159999999996,189.04079999999993,PODKOK_clean_primitive
662.6992000000013,1400.9952000000003,2237.4438,2791.371,3010.0,6492.0,9852.0,10668.0,94.0,204.0,324.0,420.0,528.0,1338.0,1992.0,2268.0,43.76460000000001,104.69399999999996,159.92159999999993,189.04079999999993,PODKOK_clean_primitive
662.6992000000013,1400.9952,2237.4437999999996,2791.371,3010.0,6492.0,9852.0,10668.0,94.0,204.0,324.0,420.0,528.0,1338.0,1992.0,2268.0,43.76460000000001,104.69399999999996,159.92159999999993,189.04079999999993,PODKOK_clean_primitive
662.6992000000013,1400.9952,2237.4437999999996,2791.371,3010.0,6492.0,9852.0,10668.0,94.0,204.0,324.0,420.0,528.0,1338.0,1992.0,2268.0,43.7646,104.69399999999996,159.92159999999993,189.04079999999993,PODKOK_clean_primitive
662.699200000001,1400.9952000000012,2237.4438000000005,2791.3710000000015,3010.0,6492.0,9852.0,10668.0,94.0,204.0,324.0,420.0,528.0,1338.0,1992.0,2268.0,43.76460000000004,104.69399999999995,159.92159999999998,189.04079999999996,PODKOK_clean_primitive
662.699200000001,1400.9952000000012,2237.4438000000005,2791.3710000000015,3010.0,6492.0,9852.0,10668.0,94.0,204.0,324.0,420.0,528.0,1338.0,1992.0,2268.0,43.76460000000004,104.69399999999996,159.92159999999998,189.04079999999996,PODKOK_clean_primitive
662.6992000000009,1400.9952000000012,2237.4438000000005,2791.3710000000015,3010.0,6492.0,9852.0,10668.0,94.0,204.0,324.0,420.0,528.0,1338.0,1992.0,2268.0,43.76460000000004,104.69399999999996,159.92159999999998,189.04079999999996,PODKOK_clean_primitive
