f-lig-chi-0,f-lig-chi-1,f-lig-chi-2,f-lig-chi-3,f-lig-Z-0,f-lig-Z-1,f-lig-Z-2,f-lig-Z-3,f-lig-I-0,f-lig-I-1,f-lig-I-2,f-lig-I-3,f-lig-T-0,f-lig-T-1,f-lig-T-2,f-lig-T-3,f-lig-S-0,f-lig-S-1,f-lig-S-2,f-lig-S-3,name
174.42569999999998,280.80179999999996,583.2648,546.9569999999998,1470.0,3168.0,3600.0,3276.0,21.0,42.0,72.0,78.0,114.0,270.0,360.0,390.0,12.134999999999998,27.649800000000013,40.03799999999999,41.712600000000016,PEDMER_clean_primitive
174.42569999999998,280.80179999999996,583.2648,546.9569999999998,1470.0,3168.0,3600.0,3276.0,21.0,42.0,72.0,78.0,114.0,270.0,360.0,390.0,12.134999999999998,27.649800000000013,40.03799999999999,41.712600000000016,PEDMER_clean_primitive
