f-lig-chi-0,f-lig-chi-1,f-lig-chi-2,f-lig-chi-3,f-lig-Z-0,f-lig-Z-1,f-lig-Z-2,f-lig-Z-3,f-lig-I-0,f-lig-I-1,f-lig-I-2,f-lig-I-3,f-lig-T-0,f-lig-T-1,f-lig-T-2,f-lig-T-3,f-lig-S-0,f-lig-S-1,f-lig-S-2,f-lig-S-3,name
109.2232,369.8520000000001,656.3800000000002,562.9512000000001,394.0,1632.0,1936.0,810.0,18.0,56.0,104.0,98.0,240.0,1000.0,1224.0,560.0,6.963399999999999,28.028000000000006,41.5848,27.269,YOTROQ_clean_primitive
109.2232,369.8520000000001,656.3800000000001,562.9512000000001,394.0,1632.0,1936.0,810.0,18.0,56.0,104.0,98.0,240.0,1000.0,1224.0,560.0,6.963399999999999,28.028000000000006,41.5848,27.269,YOTROQ_clean_primitive
144.91320000000002,317.27100000000013,477.1100000000001,548.817,540.0,1248.0,1592.0,1434.0,24.0,50.0,76.0,92.0,126.0,306.0,412.0,416.0,9.608800000000004,23.361800000000006,32.55800000000001,33.85000000000001,YOTROQ_clean_primitive
144.91320000000002,317.27100000000013,477.1100000000001,548.817,540.0,1248.0,1592.0,1434.0,24.0,50.0,76.0,92.0,126.0,306.0,412.0,416.0,9.608800000000004,23.361800000000006,32.55800000000001,33.85000000000001,YOTROQ_clean_primitive
63.8532,132.906,186.41,162.23720000000003,246.0,528.0,584.0,350.0,10.0,20.0,28.0,26.0,48.0,108.0,124.0,88.0,4.0442,9.2708,11.4908,8.543399999999998,YOTROQ_clean_primitive
63.8532,132.906,186.41,162.23720000000003,246.0,528.0,584.0,350.0,10.0,20.0,28.0,26.0,48.0,108.0,124.0,88.0,4.0442,9.2708,11.4908,8.543399999999998,YOTROQ_clean_primitive
