f-lig-chi-0,f-lig-chi-1,f-lig-chi-2,f-lig-chi-3,f-lig-Z-0,f-lig-Z-1,f-lig-Z-2,f-lig-Z-3,f-lig-I-0,f-lig-I-1,f-lig-I-2,f-lig-I-3,f-lig-T-0,f-lig-T-1,f-lig-T-2,f-lig-T-3,f-lig-S-0,f-lig-S-1,f-lig-S-2,f-lig-S-3,name
405.77059999999994,812.9310000000008,1287.0388000000012,1585.381000000001,1883.0,3786.0,5746.0,6088.0,55.0,116.0,180.0,232.0,296.0,732.0,1042.0,1174.0,25.899100000000022,59.738400000000034,88.75800000000001,104.10440000000003,RIBTAZ_clean_primitive
405.77059999999994,812.9310000000008,1287.0388000000012,1585.381000000001,1883.0,3786.0,5746.0,6088.0,55.0,116.0,180.0,232.0,296.0,732.0,1042.0,1174.0,25.899100000000022,59.738400000000034,88.75800000000001,104.10440000000003,RIBTAZ_clean_primitive
405.7705999999999,812.9310000000006,1287.0388000000005,1585.3810000000003,1883.0,3786.0,5746.0,6088.0,55.0,116.0,180.0,232.0,296.0,732.0,1042.0,1174.0,25.89910000000001,59.738400000000034,88.758,104.10440000000004,RIBTAZ_clean_primitive
405.7705999999999,812.9310000000005,1287.0388000000003,1585.3810000000003,1883.0,3786.0,5746.0,6088.0,55.0,116.0,180.0,232.0,296.0,732.0,1042.0,1174.0,25.899100000000008,59.738400000000034,88.758,104.10440000000004,RIBTAZ_clean_primitive
