f-chi-0-all,f-chi-1-all,f-chi-2-all,f-chi-3-all,f-Z-0-all,f-Z-1-all,f-Z-2-all,f-Z-3-all,f-I-0-all,f-I-1-all,f-I-2-all,f-I-3-all,f-T-0-all,f-T-1-all,f-T-2-all,f-T-3-all,f-S-0-all,f-S-1-all,f-S-2-all,f-S-3-all,mc-chi-0-all,mc-chi-1-all,mc-chi-2-all,mc-chi-3-all,mc-Z-0-all,mc-Z-1-all,mc-Z-2-all,mc-Z-3-all,mc-I-0-all,mc-I-1-all,mc-I-2-all,mc-I-3-all,mc-T-0-all,mc-T-1-all,mc-T-2-all,mc-T-3-all,mc-S-0-all,mc-S-1-all,mc-S-2-all,mc-S-3-all,D_mc-chi-0-all,D_mc-chi-1-all,D_mc-chi-2-all,D_mc-chi-3-all,D_mc-Z-0-all,D_mc-Z-1-all,D_mc-Z-2-all,D_mc-Z-3-all,D_mc-I-0-all,D_mc-I-1-all,D_mc-I-2-all,D_mc-I-3-all,D_mc-T-0-all,D_mc-T-1-all,D_mc-T-2-all,D_mc-T-3-all,D_mc-S-0-all,D_mc-S-1-all,D_mc-S-2-all,D_mc-S-3-all,name
365.4835999999999,701.7959999999999,1876.9031999999995,2207.764,9916.0,18280.0,19416.0,21824.0,48.0,112.0,224.0,304.0,364.0,1076.0,1500.0,1840.0,27.524800000000017,80.1704,133.9896,172.87840000000003,1.44,31.476,21.419999999999995,46.27199999999999,4096.0,3904.0,2688.0,5248.0,1.0,8.0,7.0,14.0,64.0,152.0,168.0,272.0,2.8560999999999996,9.971,9.109099999999998,16.595799999999997,0.0,-16.630000000000003,-9.45,-21.759999999999998,0.0,451.0,406.0,814.0,0.0,0.0,0.0,0.0,0.0,45.0,35.0,78.0,0.0,7.62,6.4399999999999995,13.84,XEGKOL_clean_primitive
365.4835999999999,701.7959999999997,1876.903199999999,2207.764,9916.0,18280.0,19416.0,21824.0,48.0,112.0,224.0,304.0,364.0,1076.0,1500.0,1840.0,27.524800000000024,80.17040000000001,133.9896,172.8784000000001,1.44,31.476,21.419999999999995,46.27199999999999,4096.0,3904.0,2688.0,5248.0,1.0,8.0,7.0,14.0,64.0,152.0,168.0,272.0,2.8560999999999996,9.971,9.109099999999998,16.595799999999997,0.0,-16.630000000000003,-9.45,-21.759999999999998,0.0,451.0,406.0,814.0,0.0,0.0,0.0,0.0,0.0,45.0,35.0,78.0,0.0,7.62,6.4399999999999995,13.84,XEGKOL_clean_primitive
