f-link-chi-0,f-link-chi-1,f-link-chi-2,f-link-chi-3,f-link-Z-0,f-link-Z-1,f-link-Z-2,f-link-Z-3,f-link-I-0,f-link-I-1,f-link-I-2,f-link-I-3,f-link-T-0,f-link-T-1,f-link-T-2,f-link-T-3,f-link-S-0,f-link-S-1,f-link-S-2,f-link-S-3,name
143.9416,288.60040000000004,416.6486000000001,457.0118000000001,604.0,1228.0,1556.0,1550.0,21.0,42.0,62.0,68.0,104.0,240.0,298.0,310.0,9.046899999999999,20.252600000000005,26.7602,28.106,CUCFOX
143.94160000000002,288.60040000000004,416.64860000000004,457.0118,604.0,1228.0,1556.0,1550.0,21.0,42.0,62.0,68.0,104.0,240.0,298.0,310.0,9.046899999999999,20.252600000000005,26.760200000000005,28.106,CUCFOX
143.94160000000002,288.60040000000004,416.64860000000004,457.0118000000001,604.0,1228.0,1556.0,1550.0,21.0,42.0,62.0,68.0,104.0,240.0,298.0,310.0,9.0469,20.252600000000005,26.7602,28.10600000000001,CUCFOX
143.94160000000002,288.60040000000004,416.6486,457.01180000000005,604.0,1228.0,1556.0,1550.0,21.0,42.0,62.0,68.0,104.0,240.0,298.0,310.0,9.046900000000003,20.2526,26.7602,28.106,CUCFOX
143.94160000000002,288.6004000000001,416.6486000000002,457.0118,604.0,1228.0,1556.0,1550.0,21.0,42.0,62.0,68.0,104.0,240.0,298.0,310.0,9.0469,20.2526,26.7602,28.106,CUCFOX
143.94160000000002,288.6004000000001,416.6486000000001,457.01180000000005,604.0,1228.0,1556.0,1550.0,21.0,42.0,62.0,68.0,104.0,240.0,298.0,310.0,9.046900000000003,20.2526,26.760200000000005,28.106000000000005,CUCFOX
143.94160000000002,288.60040000000015,416.64860000000004,457.01180000000005,604.0,1228.0,1556.0,1550.0,21.0,42.0,62.0,68.0,104.0,240.0,298.0,310.0,9.046899999999999,20.252600000000005,26.760200000000005,28.106,CUCFOX
143.94160000000002,288.6004000000001,416.6486000000001,457.01180000000005,604.0,1228.0,1556.0,1550.0,21.0,42.0,62.0,68.0,104.0,240.0,298.0,310.0,9.0469,20.252600000000005,26.760200000000008,28.106000000000005,CUCFOX
