f-lig-chi-0,f-lig-chi-1,f-lig-chi-2,f-lig-chi-3,f-lig-Z-0,f-lig-Z-1,f-lig-Z-2,f-lig-Z-3,f-lig-I-0,f-lig-I-1,f-lig-I-2,f-lig-I-3,f-lig-T-0,f-lig-T-1,f-lig-T-2,f-lig-T-3,f-lig-S-0,f-lig-S-1,f-lig-S-2,f-lig-S-3,name
745.4082000000011,1589.8229999999999,2564.9112,3366.186000000001,3180.0,6984.0,10560.0,11976.0,114.0,246.0,396.0,540.0,642.0,1638.0,2460.0,2940.0,50.45460000000001,122.9381999999999,188.97720000000007,233.82360000000003,ZIJSAO_clean_primitive
745.4082000000011,1589.8229999999999,2564.9112,3366.186000000001,3180.0,6984.0,10560.0,11976.0,114.0,246.0,396.0,540.0,642.0,1638.0,2460.0,2940.0,50.45460000000001,122.9381999999999,188.97720000000007,233.82360000000003,ZIJSAO_clean_primitive
745.4082000000011,1589.8229999999999,2564.9112,3366.186000000001,3180.0,6984.0,10560.0,11976.0,114.0,246.0,396.0,540.0,642.0,1638.0,2460.0,2940.0,50.45460000000001,122.93819999999991,188.97720000000007,233.82360000000003,ZIJSAO_clean_primitive
745.4082000000011,1589.8229999999999,2564.9112,3366.186000000001,3180.0,6984.0,10560.0,11976.0,114.0,246.0,396.0,540.0,642.0,1638.0,2460.0,2940.0,50.45460000000001,122.9381999999999,188.97720000000007,233.82360000000003,ZIJSAO_clean_primitive
