f-lig-chi-0,f-lig-chi-1,f-lig-chi-2,f-lig-chi-3,f-lig-Z-0,f-lig-Z-1,f-lig-Z-2,f-lig-Z-3,f-lig-I-0,f-lig-I-1,f-lig-I-2,f-lig-I-3,f-lig-T-0,f-lig-T-1,f-lig-T-2,f-lig-T-3,f-lig-S-0,f-lig-S-1,f-lig-S-2,f-lig-S-3,name
122.2282,268.821,406.2200000000001,458.81200000000007,466.0,1080.0,1400.0,1288.0,20.0,42.0,64.0,76.0,106.0,258.0,352.0,360.0,8.1492,19.850600000000007,27.907200000000003,28.971600000000002,RAHMAP_clean_primitive
122.2282,268.821,406.2200000000001,458.81200000000007,466.0,1080.0,1400.0,1288.0,20.0,42.0,64.0,76.0,106.0,258.0,352.0,360.0,8.1492,19.850600000000007,27.907200000000003,28.971600000000002,RAHMAP_clean_primitive
220.03319999999997,366.5879999999998,586.6211999999997,694.161,1200.0,2016.0,3216.0,3816.0,24.0,48.0,72.0,90.0,120.0,288.0,408.0,522.0,13.509599999999999,27.72,41.229600000000005,51.882600000000025,RAHMAP_clean_primitive
220.03319999999997,366.5879999999998,586.6211999999997,694.1609999999998,1200.0,2016.0,3216.0,3816.0,24.0,48.0,72.0,90.0,120.0,288.0,408.0,522.0,13.509599999999999,27.719999999999995,41.229600000000005,51.882600000000025,RAHMAP_clean_primitive
