f-chi-0-all,f-chi-1-all,f-chi-2-all,f-chi-3-all,f-Z-0-all,f-Z-1-all,f-Z-2-all,f-Z-3-all,f-I-0-all,f-I-1-all,f-I-2-all,f-I-3-all,f-T-0-all,f-T-1-all,f-T-2-all,f-T-3-all,f-S-0-all,f-S-1-all,f-S-2-all,f-S-3-all,mc-chi-0-all,mc-chi-1-all,mc-chi-2-all,mc-chi-3-all,mc-Z-0-all,mc-Z-1-all,mc-Z-2-all,mc-Z-3-all,mc-I-0-all,mc-I-1-all,mc-I-2-all,mc-I-3-all,mc-T-0-all,mc-T-1-all,mc-T-2-all,mc-T-3-all,mc-S-0-all,mc-S-1-all,mc-S-2-all,mc-S-3-all,D_mc-chi-0-all,D_mc-chi-1-all,D_mc-chi-2-all,D_mc-chi-3-all,D_mc-Z-0-all,D_mc-Z-1-all,D_mc-Z-2-all,D_mc-Z-3-all,D_mc-I-0-all,D_mc-I-1-all,D_mc-I-2-all,D_mc-I-3-all,D_mc-T-0-all,D_mc-T-1-all,D_mc-T-2-all,D_mc-T-3-all,D_mc-S-0-all,D_mc-S-1-all,D_mc-S-2-all,D_mc-S-3-all,name
838.994400000001,1419.1871999999987,4473.228800000002,5085.321599999995,85616.0,128448.0,105856.0,82752.0,92.0,232.0,488.0,592.0,776.0,2376.0,3360.0,3136.0,77.8195999999999,232.52480000000025,376.5191999999997,395.1632000000002,1.6877333333333329,24.56,24.658666666666665,29.50493333333333,6764.0,6938.666666666667,3536.0,4317.333333333333,1.0,6.0,6.666666666666667,8.0,38.0,99.33333333333333,109.33333333333333,129.33333333333334,2.8123,8.3638,8.405333333333333,10.1488,0.0,-11.506666666666662,-10.866666666666669,-12.426666666666668,0.0,380.0,477.3333333333333,592.0,0.0,0.0,0.0,0.0,0.0,22.666666666666668,25.333333333333332,26.666666666666668,0.0,5.033333333333334,6.119999999999998,7.3599999999999985,HAPVAX_clean_primitive
