f-sbu-chi-0,f-sbu-chi-1,f-sbu-chi-2,f-sbu-chi-3,f-sbu-Z-0,f-sbu-Z-1,f-sbu-Z-2,f-sbu-Z-3,f-sbu-I-0,f-sbu-I-1,f-sbu-I-2,f-sbu-I-3,f-sbu-T-0,f-sbu-T-1,f-sbu-T-2,f-sbu-T-3,f-sbu-S-0,f-sbu-S-1,f-sbu-S-2,f-sbu-S-3,mc-chi-0,mc-chi-1,mc-chi-2,mc-chi-3,mc-Z-0,mc-Z-1,mc-Z-2,mc-Z-3,mc-I-0,mc-I-1,mc-I-2,mc-I-3,mc-T-0,mc-T-1,mc-T-2,mc-T-3,mc-S-0,mc-S-1,mc-S-2,mc-S-3,D_mc-chi-0,D_mc-chi-1,D_mc-chi-2,D_mc-chi-3,D_mc-Z-0,D_mc-Z-1,D_mc-Z-2,D_mc-Z-3,D_mc-I-0,D_mc-I-1,D_mc-I-2,D_mc-I-3,D_mc-T-0,D_mc-T-1,D_mc-T-2,D_mc-T-3,D_mc-S-0,D_mc-S-1,D_mc-S-2,D_mc-S-3,name
148.17719999999997,259.5207999999999,852.8096000000004,842.1119999999996,2321.0,6048.0,8096.0,4608.0,17.0,40.0,88.0,96.0,128.0,352.0,544.0,384.0,11.6633,32.775200000000005,58.91759999999999,53.96159999999998,1.0804,16.7872,12.444,16.7872,941.0,1248.0,936.0,1248.0,1.0,4.0,4.0,4.0,32.0,64.0,96.0,64.0,3.24925,4.7596,5.0203999999999995,4.7596,0.0,-8.879999999999997,-5.319999999999999,-8.879999999999997,0.0,124.0,132.0,124.0,0.0,0.0,0.0,0.0,0.0,24.0,20.0,24.0,0.0,3.6000000000000005,3.4399999999999986,3.6000000000000005,IQUNAJ
0.6723999999999999,0.0,0.0,0.0,361.0,0.0,0.0,0.0,1.0,0.0,0.0,0.0,0.0,0.0,0.0,0.0,3.8415999999999997,0.0,0.0,0.0,1.0804,16.7872,12.444,16.7872,941.0,1248.0,936.0,1248.0,1.0,4.0,4.0,4.0,32.0,64.0,96.0,64.0,3.24925,4.7596,5.0203999999999995,4.7596,0.0,-8.879999999999997,-5.319999999999999,-8.879999999999997,0.0,124.0,132.0,124.0,0.0,0.0,0.0,0.0,0.0,24.0,20.0,24.0,0.0,3.6000000000000005,3.4399999999999986,3.6000000000000005,IQUNAJ
148.17719999999997,259.5207999999999,852.8096,842.1119999999996,2321.0,6048.0,8096.0,4608.0,17.0,40.0,88.0,96.0,128.0,352.0,544.0,384.0,11.6633,32.7752,58.91759999999999,53.96159999999998,1.0804,16.7872,12.444,16.7872,941.0,1248.0,936.0,1248.0,1.0,4.0,4.0,4.0,32.0,64.0,96.0,64.0,3.24925,4.7596,5.0203999999999995,4.7596,0.0,-8.879999999999997,-5.319999999999999,-8.879999999999997,0.0,124.0,132.0,124.0,0.0,0.0,0.0,0.0,0.0,24.0,20.0,24.0,0.0,3.6000000000000005,3.4399999999999986,3.6000000000000005,IQUNAJ
0.6723999999999999,0.0,0.0,0.0,361.0,0.0,0.0,0.0,1.0,0.0,0.0,0.0,0.0,0.0,0.0,0.0,3.8415999999999997,0.0,0.0,0.0,1.0804,16.7872,12.444,16.7872,941.0,1248.0,936.0,1248.0,1.0,4.0,4.0,4.0,32.0,64.0,96.0,64.0,3.24925,4.7596,5.0203999999999995,4.7596,0.0,-8.879999999999997,-5.319999999999999,-8.879999999999997,0.0,124.0,132.0,124.0,0.0,0.0,0.0,0.0,0.0,24.0,20.0,24.0,0.0,3.6000000000000005,3.4399999999999986,3.6000000000000005,IQUNAJ
