f-lig-chi-0,f-lig-chi-1,f-lig-chi-2,f-lig-chi-3,f-lig-Z-0,f-lig-Z-1,f-lig-Z-2,f-lig-Z-3,f-lig-I-0,f-lig-I-1,f-lig-I-2,f-lig-I-3,f-lig-T-0,f-lig-T-1,f-lig-T-2,f-lig-T-3,f-lig-S-0,f-lig-S-1,f-lig-S-2,f-lig-S-3,name
179.72639999999998,396.8224000000001,572.276,580.365,780.0,1780.0,2312.0,1860.0,28.0,60.0,88.0,94.0,148.0,356.0,472.0,390.0,12.831600000000002,30.40120000000001,42.01360000000002,38.942200000000014,BIBXOB_clean_primitive
179.72639999999998,396.8224000000001,572.276,580.365,780.0,1780.0,2312.0,1860.0,28.0,60.0,88.0,94.0,148.0,356.0,472.0,390.0,12.831600000000002,30.40120000000001,42.01360000000002,38.942200000000014,BIBXOB_clean_primitive
179.7264,396.82240000000013,572.276,580.3649999999999,780.0,1780.0,2312.0,1860.0,28.0,60.0,88.0,94.0,148.0,356.0,472.0,390.0,12.831600000000002,30.40120000000001,42.01360000000002,38.94220000000001,BIBXOB_clean_primitive
179.7264,396.8224,572.2760000000001,580.3650000000001,780.0,1780.0,2312.0,1860.0,28.0,60.0,88.0,94.0,148.0,356.0,472.0,390.0,12.8316,30.40120000000001,42.01360000000002,38.942200000000014,BIBXOB_clean_primitive
179.7264,396.8224000000001,572.276,580.3650000000001,780.0,1780.0,2312.0,1860.0,28.0,60.0,88.0,94.0,148.0,356.0,472.0,390.0,12.8316,30.40120000000001,42.01360000000002,38.942200000000014,BIBXOB_clean_primitive
179.7264,396.8224000000001,572.276,580.3650000000001,780.0,1780.0,2312.0,1860.0,28.0,60.0,88.0,94.0,148.0,356.0,472.0,390.0,12.8316,30.40120000000001,42.01360000000002,38.942200000000014,BIBXOB_clean_primitive
