f-lig-chi-0,f-lig-chi-1,f-lig-chi-2,f-lig-chi-3,f-lig-Z-0,f-lig-Z-1,f-lig-Z-2,f-lig-Z-3,f-lig-I-0,f-lig-I-1,f-lig-I-2,f-lig-I-3,f-lig-T-0,f-lig-T-1,f-lig-T-2,f-lig-T-3,f-lig-S-0,f-lig-S-1,f-lig-S-2,f-lig-S-3,name
489.4119999999996,1035.8610000000008,1661.898800000001,2170.914,2074.0,4512.0,6752.0,7632.0,74.0,158.0,252.0,340.0,410.0,1038.0,1532.0,1812.0,32.389800000000015,78.21659999999999,118.50039999999994,144.75719999999998,XAFFUH_clean_primitive
489.4119999999996,1035.8610000000008,1661.898800000001,2170.914,2074.0,4512.0,6752.0,7632.0,74.0,158.0,252.0,340.0,410.0,1038.0,1532.0,1812.0,32.389800000000015,78.21659999999999,118.50039999999994,144.75719999999998,XAFFUH_clean_primitive
489.4119999999996,1035.8610000000008,1661.898800000001,2170.914,2074.0,4512.0,6752.0,7632.0,74.0,158.0,252.0,340.0,410.0,1038.0,1532.0,1812.0,32.389800000000015,78.21659999999999,118.50039999999994,144.75719999999998,XAFFUH_clean_primitive
489.4119999999996,1035.8610000000008,1661.898800000001,2170.914,2074.0,4512.0,6752.0,7632.0,74.0,158.0,252.0,340.0,410.0,1038.0,1532.0,1812.0,32.389800000000015,78.21659999999999,118.50039999999994,144.75719999999998,XAFFUH_clean_primitive
489.41199999999964,1035.861,1661.8988000000002,2170.914,2074.0,4512.0,6752.0,7632.0,74.0,158.0,252.0,340.0,410.0,1038.0,1532.0,1812.0,32.389800000000015,78.21659999999997,118.50039999999996,144.7572,XAFFUH_clean_primitive
489.41199999999964,1035.861,1661.8988000000002,2170.914,2074.0,4512.0,6752.0,7632.0,74.0,158.0,252.0,340.0,410.0,1038.0,1532.0,1812.0,32.389800000000015,78.21659999999997,118.50039999999996,144.7572,XAFFUH_clean_primitive
489.41199999999964,1035.861,1661.8988000000002,2170.914,2074.0,4512.0,6752.0,7632.0,74.0,158.0,252.0,340.0,410.0,1038.0,1532.0,1812.0,32.389800000000015,78.21659999999997,118.50039999999996,144.7572,XAFFUH_clean_primitive
489.41199999999964,1035.861,1661.8988000000002,2170.914,2074.0,4512.0,6752.0,7632.0,74.0,158.0,252.0,340.0,410.0,1038.0,1532.0,1812.0,32.389800000000015,78.21659999999997,118.50039999999996,144.7572,XAFFUH_clean_primitive
