name,cif_file,Di,Df,Dif,rho,VSA,GSA,VPOV,GPOV,POAV_vol_frac,PONAV_vol_frac,GPOAV,GPONAV,POAV,PONAV
FATKIV_clean,FATKIV_clean.cif,14.84172,10.48506,14.26224,0.799535,877.292,1097.25,0.36729999999999996,0.45939202161256226,0.346,0.0213,0.432752,0.0266405,5424.83,333.957
