f-chi-0-all,f-chi-1-all,f-chi-2-all,f-chi-3-all,f-Z-0-all,f-Z-1-all,f-Z-2-all,f-Z-3-all,f-I-0-all,f-I-1-all,f-I-2-all,f-I-3-all,f-T-0-all,f-T-1-all,f-T-2-all,f-T-3-all,f-S-0-all,f-S-1-all,f-S-2-all,f-S-3-all,mc-chi-0-all,mc-chi-1-all,mc-chi-2-all,mc-chi-3-all,mc-Z-0-all,mc-Z-1-all,mc-Z-2-all,mc-Z-3-all,mc-I-0-all,mc-I-1-all,mc-I-2-all,mc-I-3-all,mc-T-0-all,mc-T-1-all,mc-T-2-all,mc-T-3-all,mc-S-0-all,mc-S-1-all,mc-S-2-all,mc-S-3-all,D_mc-chi-0-all,D_mc-chi-1-all,D_mc-chi-2-all,D_mc-chi-3-all,D_mc-Z-0-all,D_mc-Z-1-all,D_mc-Z-2-all,D_mc-Z-3-all,D_mc-I-0-all,D_mc-I-1-all,D_mc-I-2-all,D_mc-I-3-all,D_mc-T-0-all,D_mc-T-1-all,D_mc-T-2-all,D_mc-T-3-all,D_mc-S-0-all,D_mc-S-1-all,D_mc-S-2-all,D_mc-S-3-all,name
343.88719999999984,621.5167999999998,2279.161600000001,2639.4688000000006,37894.0,60576.0,100320.0,94640.0,38.0,104.0,248.0,360.0,376.0,1168.0,1980.0,2752.0,34.39080000000002,111.6271999999999,205.60440000000006,305.2407999999998,2.447733333333333,26.759466666666665,36.72813333333333,53.732399999999984,5885.666666666667,6400.0,10349.333333333334,7257.333333333333,1.0,6.0,8.0,12.0,38.0,98.66666666666667,152.66666666666666,196.0,2.4558666666666666,8.4332,11.169333333333332,14.793066666666666,0.0,-9.28,-9.753333333333334,-18.753333333333334,0.0,348.6666666666667,388.0,832.0,0.0,0.0,0.0,0.0,0.0,21.333333333333332,21.333333333333332,44.0,0.0,4.2333333333333325,4.933333333333333,9.893333333333333,OVIWIA_clean_primitive
