f-link-chi-0,f-link-chi-1,f-link-chi-2,f-link-chi-3,f-link-Z-0,f-link-Z-1,f-link-Z-2,f-link-Z-3,f-link-I-0,f-link-I-1,f-link-I-2,f-link-I-3,f-link-T-0,f-link-T-1,f-link-T-2,f-link-T-3,f-link-S-0,f-link-S-1,f-link-S-2,f-link-S-3,name
154.59320000000002,339.7110000000001,541.3500000000001,645.1769999999999,542.0,1272.0,1644.0,1512.0,26.0,54.0,88.0,110.0,142.0,352.0,484.0,514.0,9.882600000000004,24.501400000000004,35.3848,38.09020000000002,HUXHUF
154.59320000000002,339.7110000000001,541.3500000000001,645.1769999999999,542.0,1272.0,1644.0,1512.0,26.0,54.0,88.0,110.0,142.0,352.0,484.0,514.0,9.882600000000004,24.501400000000004,35.3848,38.09020000000002,HUXHUF
154.59320000000002,339.7110000000001,541.3500000000001,645.177,542.0,1272.0,1644.0,1512.0,26.0,54.0,88.0,110.0,142.0,352.0,484.0,514.0,9.8826,24.50140000000001,35.384800000000006,38.0902,HUXHUF
154.59320000000002,339.7110000000002,541.3500000000001,645.177,542.0,1272.0,1644.0,1512.0,26.0,54.0,88.0,110.0,142.0,352.0,484.0,514.0,9.8826,24.50140000000001,35.384800000000006,38.0902,HUXHUF
231.51179999999997,450.585,781.9587999999999,1010.0504,1011.0,1980.0,3064.0,3320.0,32.0,66.0,114.0,154.0,180.0,464.0,680.0,694.0,13.9624,32.4478,50.869,60.63460000000001,HUXHUF
231.51179999999997,450.585,781.9587999999999,1010.0504,1011.0,1980.0,3064.0,3320.0,32.0,66.0,114.0,154.0,180.0,464.0,680.0,694.0,13.9624,32.4478,50.869,60.63460000000001,HUXHUF
231.5118,450.5850000000001,781.9588,1010.0504,1011.0,1980.0,3064.0,3320.0,32.0,66.0,114.0,154.0,180.0,464.0,680.0,694.0,13.962400000000004,32.44780000000001,50.869,60.63460000000003,HUXHUF
231.5118,450.5850000000001,781.9588,1010.0504,1011.0,1980.0,3064.0,3320.0,32.0,66.0,114.0,154.0,180.0,464.0,680.0,694.0,13.962400000000004,32.44780000000001,50.869,60.63460000000003,HUXHUF
