f-lig-chi-0,f-lig-chi-1,f-lig-chi-2,f-lig-chi-3,f-lig-Z-0,f-lig-Z-1,f-lig-Z-2,f-lig-Z-3,f-lig-I-0,f-lig-I-1,f-lig-I-2,f-lig-I-3,f-lig-T-0,f-lig-T-1,f-lig-T-2,f-lig-T-3,f-lig-S-0,f-lig-S-1,f-lig-S-2,f-lig-S-3,name
136.3208,236.23199999999997,371.5924,454.4013999999999,740.0,1296.0,2032.0,2476.0,16.0,32.0,48.0,58.0,80.0,192.0,256.0,250.0,9.1248,18.603200000000005,27.7264,33.40420000000001,KOKKOL_clean_primitive
136.3208,236.23199999999997,371.5924,454.40139999999985,740.0,1296.0,2032.0,2476.0,16.0,32.0,48.0,58.0,80.0,192.0,256.0,250.0,9.1248,18.603200000000005,27.7264,33.4042,KOKKOL_clean_primitive
136.3208,236.23199999999997,371.5924,454.4013999999999,740.0,1296.0,2032.0,2476.0,16.0,32.0,48.0,58.0,80.0,192.0,256.0,250.0,9.1248,18.6032,27.7264,33.4042,KOKKOL_clean_primitive
136.3208,236.23199999999997,371.59239999999994,454.4013999999999,740.0,1296.0,2032.0,2476.0,16.0,32.0,48.0,58.0,80.0,192.0,256.0,250.0,9.1248,18.6032,27.726399999999998,33.40420000000001,KOKKOL_clean_primitive
136.3208,236.23199999999997,371.59239999999994,454.4013999999999,740.0,1296.0,2032.0,2476.0,16.0,32.0,48.0,58.0,80.0,192.0,256.0,250.0,9.1248,18.6032,27.726399999999998,33.40420000000001,KOKKOL_clean_primitive
136.3208,236.23199999999997,371.59239999999994,454.4013999999999,740.0,1296.0,2032.0,2476.0,16.0,32.0,48.0,58.0,80.0,192.0,256.0,250.0,9.124799999999999,18.6032,27.726399999999998,33.40420000000001,KOKKOL_clean_primitive
