f-chi-0-all,f-chi-1-all,f-chi-2-all,f-chi-3-all,f-Z-0-all,f-Z-1-all,f-Z-2-all,f-Z-3-all,f-I-0-all,f-I-1-all,f-I-2-all,f-I-3-all,f-T-0-all,f-T-1-all,f-T-2-all,f-T-3-all,f-S-0-all,f-S-1-all,f-S-2-all,f-S-3-all,mc-chi-0-all,mc-chi-1-all,mc-chi-2-all,mc-chi-3-all,mc-Z-0-all,mc-Z-1-all,mc-Z-2-all,mc-Z-3-all,mc-I-0-all,mc-I-1-all,mc-I-2-all,mc-I-3-all,mc-T-0-all,mc-T-1-all,mc-T-2-all,mc-T-3-all,mc-S-0-all,mc-S-1-all,mc-S-2-all,mc-S-3-all,D_mc-chi-0-all,D_mc-chi-1-all,D_mc-chi-2-all,D_mc-chi-3-all,D_mc-Z-0-all,D_mc-Z-1-all,D_mc-Z-2-all,D_mc-Z-3-all,D_mc-I-0-all,D_mc-I-1-all,D_mc-I-2-all,D_mc-I-3-all,D_mc-T-0-all,D_mc-T-1-all,D_mc-T-2-all,D_mc-T-3-all,D_mc-S-0-all,D_mc-S-1-all,D_mc-S-2-all,D_mc-S-3-all,name
197.09839999999994,351.56039999999996,1078.4527999999996,1014.4015999999997,10304.0,15984.0,13664.0,13888.0,22.0,56.0,112.0,128.0,196.0,592.0,668.0,704.0,16.583,49.85199999999999,75.13759999999999,82.72000000000003,1.5376,28.755599999999998,15.81,36.0344,4624.0,3672.0,2040.0,4624.0,1.0,7.0,5.0,10.0,49.0,112.0,105.0,182.0,2.7224999999999997,8.4975,6.3525,12.441,0.0,-14.51,-6.549999999999998,-16.66,0.0,422.0,310.0,612.0,0.0,0.0,0.0,0.0,0.0,33.0,20.0,44.0,0.0,6.3999999999999995,4.3999999999999995,8.959999999999999,PAMTII_clean_primitive
197.09839999999997,351.56039999999996,1078.4527999999998,1014.4015999999995,10304.0,15984.0,13664.0,13888.0,22.0,56.0,112.0,128.0,196.0,592.0,668.0,704.0,16.583,49.852,75.13759999999998,82.72,1.5376,28.755599999999998,15.81,36.0344,4624.0,3672.0,2040.0,4624.0,1.0,7.0,5.0,10.0,49.0,112.0,105.0,182.0,2.7224999999999997,8.4975,6.3525,12.441,0.0,-14.51,-6.549999999999998,-16.66,0.0,422.0,310.0,612.0,0.0,0.0,0.0,0.0,0.0,33.0,20.0,44.0,0.0,6.3999999999999995,4.3999999999999995,8.959999999999999,PAMTII_clean_primitive
197.09839999999997,351.56039999999996,1078.4527999999998,1014.4015999999995,10304.0,15984.0,13664.0,13888.0,22.0,56.0,112.0,128.0,196.0,592.0,668.0,704.0,16.583,49.852,75.13759999999998,82.72,1.5376,28.755599999999998,15.81,36.0344,4624.0,3672.0,2040.0,4624.0,1.0,7.0,5.0,10.0,49.0,112.0,105.0,182.0,2.7224999999999997,8.4975,6.3525,12.441,0.0,-14.51,-6.549999999999998,-16.66,0.0,422.0,310.0,612.0,0.0,0.0,0.0,0.0,0.0,33.0,20.0,44.0,0.0,6.3999999999999995,4.3999999999999995,8.959999999999999,PAMTII_clean_primitive
