f-link-chi-0,f-link-chi-1,f-link-chi-2,f-link-chi-3,f-link-Z-0,f-link-Z-1,f-link-Z-2,f-link-Z-3,f-link-I-0,f-link-I-1,f-link-I-2,f-link-I-3,f-link-T-0,f-link-T-1,f-link-T-2,f-link-T-3,f-link-S-0,f-link-S-1,f-link-S-2,f-link-S-3,name
559.9151999999997,1209.9240000000007,1958.0048000000024,2458.3960000000015,2460.0,5472.0,8384.0,9256.0,84.0,184.0,296.0,384.0,480.0,1224.0,1832.0,2096.0,38.25800000000002,93.57039999999984,144.4648,170.78080000000006,UGOFUT
109.2232,369.85200000000003,656.3800000000002,562.9512,394.0,1632.0,1936.0,810.0,18.0,56.0,104.0,98.0,240.0,1000.0,1224.0,560.0,6.963400000000001,28.028000000000006,41.584800000000016,27.269000000000005,UGOFUT
559.9152000000001,1209.924,1958.0048000000006,2458.3960000000015,2460.0,5472.0,8384.0,9256.0,84.0,184.0,296.0,384.0,480.0,1224.0,1832.0,2096.0,38.257999999999996,93.5703999999999,144.4647999999999,170.78080000000003,UGOFUT
