f-chi-0-all,f-chi-1-all,f-chi-2-all,f-chi-3-all,f-Z-0-all,f-Z-1-all,f-Z-2-all,f-Z-3-all,f-I-0-all,f-I-1-all,f-I-2-all,f-I-3-all,f-T-0-all,f-T-1-all,f-T-2-all,f-T-3-all,f-S-0-all,f-S-1-all,f-S-2-all,f-S-3-all,mc-chi-0-all,mc-chi-1-all,mc-chi-2-all,mc-chi-3-all,mc-Z-0-all,mc-Z-1-all,mc-Z-2-all,mc-Z-3-all,mc-I-0-all,mc-I-1-all,mc-I-2-all,mc-I-3-all,mc-T-0-all,mc-T-1-all,mc-T-2-all,mc-T-3-all,mc-S-0-all,mc-S-1-all,mc-S-2-all,mc-S-3-all,D_mc-chi-0-all,D_mc-chi-1-all,D_mc-chi-2-all,D_mc-chi-3-all,D_mc-Z-0-all,D_mc-Z-1-all,D_mc-Z-2-all,D_mc-Z-3-all,D_mc-I-0-all,D_mc-I-1-all,D_mc-I-2-all,D_mc-I-3-all,D_mc-T-0-all,D_mc-T-1-all,D_mc-T-2-all,D_mc-T-3-all,D_mc-S-0-all,D_mc-S-1-all,D_mc-S-2-all,D_mc-S-3-all,name
233.43319999999997,396.25439999999975,1405.9112000000002,1422.5267999999999,8944.0,16864.0,16160.0,15376.0,26.0,64.0,144.0,176.0,236.0,728.0,864.0,872.0,19.306399999999996,58.56480000000002,96.5512,110.6416,1.3688999999999998,31.157099999999996,17.901,41.0085,3844.0,3844.0,2232.0,5084.0,1.0,8.0,6.0,12.0,64.0,144.0,144.0,240.0,2.9583999999999997,10.1136,7.9464,15.5488,0.0,-17.27,-8.28,-21.009999999999994,0.0,434.0,336.0,662.0,0.0,0.0,0.0,0.0,0.0,46.0,30.0,66.0,0.0,7.880000000000001,5.7,11.6,GARLOD_clean_primitive
233.43319999999997,396.25439999999975,1405.9112000000002,1422.5267999999999,8944.0,16864.0,16160.0,15376.0,26.0,64.0,144.0,176.0,236.0,728.0,864.0,872.0,19.306399999999996,58.56480000000002,96.5512,110.6416,1.3688999999999998,31.157099999999996,17.901,41.0085,3844.0,3844.0,2232.0,5084.0,1.0,8.0,6.0,12.0,64.0,144.0,144.0,240.0,2.9583999999999997,10.1136,7.9464,15.5488,0.0,-17.27,-8.28,-21.009999999999994,0.0,434.0,336.0,662.0,0.0,0.0,0.0,0.0,0.0,46.0,30.0,66.0,0.0,7.880000000000001,5.7,11.6,GARLOD_clean_primitive
