f-link-chi-0,f-link-chi-1,f-link-chi-2,f-link-chi-3,f-link-Z-0,f-link-Z-1,f-link-Z-2,f-link-Z-3,f-link-I-0,f-link-I-1,f-link-I-2,f-link-I-3,f-link-T-0,f-link-T-1,f-link-T-2,f-link-T-3,f-link-S-0,f-link-S-1,f-link-S-2,f-link-S-3,name
154.4044,306.561,486.2404,592.682,694.0,1392.0,2080.0,2264.0,22.0,46.0,72.0,92.0,118.0,294.0,424.0,476.0,10.0678,23.331000000000007,34.8104,40.550000000000004,Al_OH_1-4-NDC
154.4044,306.56100000000004,486.2404,592.682,694.0,1392.0,2080.0,2264.0,22.0,46.0,72.0,92.0,118.0,294.0,424.0,476.0,10.0678,23.331000000000007,34.8104,40.55000000000001,Al_OH_1-4-NDC
154.4044,306.561,486.2404,592.6819999999999,694.0,1392.0,2080.0,2264.0,22.0,46.0,72.0,92.0,118.0,294.0,424.0,476.0,10.067800000000002,23.331000000000007,34.8104,40.55000000000001,Al_OH_1-4-NDC
154.40439999999998,306.56100000000004,486.24040000000014,592.682,694.0,1392.0,2080.0,2264.0,22.0,46.0,72.0,92.0,118.0,294.0,424.0,476.0,10.067800000000004,23.331000000000007,34.81040000000001,40.550000000000004,Al_OH_1-4-NDC
154.40439999999998,306.56100000000004,486.2404,592.6819999999999,694.0,1392.0,2080.0,2264.0,22.0,46.0,72.0,92.0,118.0,294.0,424.0,476.0,10.0678,23.331000000000007,34.8104,40.550000000000004,Al_OH_1-4-NDC
154.40439999999998,306.56100000000004,486.24040000000014,592.682,694.0,1392.0,2080.0,2264.0,22.0,46.0,72.0,92.0,118.0,294.0,424.0,476.0,10.067800000000004,23.331000000000007,34.81040000000001,40.550000000000004,Al_OH_1-4-NDC
154.40439999999998,306.5610000000001,486.2404000000001,592.6819999999999,694.0,1392.0,2080.0,2264.0,22.0,46.0,72.0,92.0,118.0,294.0,424.0,476.0,10.0678,23.33100000000001,34.810400000000016,40.54999999999999,Al_OH_1-4-NDC
154.40439999999998,306.56100000000004,486.2404,592.6819999999999,694.0,1392.0,2080.0,2264.0,22.0,46.0,72.0,92.0,118.0,294.0,424.0,476.0,10.0678,23.331000000000007,34.8104,40.550000000000004,Al_OH_1-4-NDC
