f-chi-0-all,f-chi-1-all,f-chi-2-all,f-chi-3-all,f-Z-0-all,f-Z-1-all,f-Z-2-all,f-Z-3-all,f-I-0-all,f-I-1-all,f-I-2-all,f-I-3-all,f-T-0-all,f-T-1-all,f-T-2-all,f-T-3-all,f-S-0-all,f-S-1-all,f-S-2-all,f-S-3-all,mc-chi-0-all,mc-chi-1-all,mc-chi-2-all,mc-chi-3-all,mc-Z-0-all,mc-Z-1-all,mc-Z-2-all,mc-Z-3-all,mc-I-0-all,mc-I-1-all,mc-I-2-all,mc-I-3-all,mc-T-0-all,mc-T-1-all,mc-T-2-all,mc-T-3-all,mc-S-0-all,mc-S-1-all,mc-S-2-all,mc-S-3-all,D_mc-chi-0-all,D_mc-chi-1-all,D_mc-chi-2-all,D_mc-chi-3-all,D_mc-Z-0-all,D_mc-Z-1-all,D_mc-Z-2-all,D_mc-Z-3-all,D_mc-I-0-all,D_mc-I-1-all,D_mc-I-2-all,D_mc-I-3-all,D_mc-T-0-all,D_mc-T-1-all,D_mc-T-2-all,D_mc-T-3-all,D_mc-S-0-all,D_mc-S-1-all,D_mc-S-2-all,D_mc-S-3-all,name
466.90959999999984,980.9980000000004,2687.011999999998,3519.6059999999984,10582.0,21568.0,26468.0,31140.0,66.0,160.0,340.0,496.0,528.0,1608.0,2576.0,3344.0,35.452800000000025,107.36599999999993,199.4272,274.81360000000006,1.2100000000000002,34.089,25.85,54.664500000000004,4225.0,4680.0,5622.5,7020.0,1.0,9.5,9.5,18.0,90.5,229.0,306.5,440.0,2.8223999999999996,11.7852,13.053599999999996,21.604800000000004,0.0,-20.54,-13.049999999999995,-29.894999999999996,0.0,545.5,531.0,1062.0,0.0,0.0,0.0,0.0,0.0,66.5,58.5,126.0,0.0,8.945,8.19,17.38,KUMBUR_clean_primitive
466.9095999999997,996.1340000000002,3021.185599999998,3748.1539999999986,10582.0,23648.0,36710.0,39380.0,66.0,164.0,372.0,532.0,576.0,1864.0,3182.0,4144.0,35.452800000000025,112.2715999999999,221.29259999999988,306.2156,1.2100000000000002,34.089,25.85,54.664500000000004,4225.0,4680.0,5622.5,7020.0,1.0,9.5,9.5,18.0,90.5,229.0,306.5,440.0,2.8223999999999996,11.7852,13.053599999999996,21.604800000000004,0.0,-20.54,-13.049999999999995,-29.894999999999996,0.0,545.5,531.0,1062.0,0.0,0.0,0.0,0.0,0.0,66.5,58.5,126.0,0.0,8.945,8.19,17.38,KUMBUR_clean_primitive
