f-sbu-chi-0,f-sbu-chi-1,f-sbu-chi-2,f-sbu-chi-3,f-sbu-Z-0,f-sbu-Z-1,f-sbu-Z-2,f-sbu-Z-3,f-sbu-I-0,f-sbu-I-1,f-sbu-I-2,f-sbu-I-3,f-sbu-T-0,f-sbu-T-1,f-sbu-T-2,f-sbu-T-3,f-sbu-S-0,f-sbu-S-1,f-sbu-S-2,f-sbu-S-3,mc-chi-0,mc-chi-1,mc-chi-2,mc-chi-3,mc-Z-0,mc-Z-1,mc-Z-2,mc-Z-3,mc-I-0,mc-I-1,mc-I-2,mc-I-3,mc-T-0,mc-T-1,mc-T-2,mc-T-3,mc-S-0,mc-S-1,mc-S-2,mc-S-3,D_mc-chi-0,D_mc-chi-1,D_mc-chi-2,D_mc-chi-3,D_mc-Z-0,D_mc-Z-1,D_mc-Z-2,D_mc-Z-3,D_mc-I-0,D_mc-I-1,D_mc-I-2,D_mc-I-3,D_mc-T-0,D_mc-T-1,D_mc-T-2,D_mc-T-3,D_mc-S-0,D_mc-S-1,D_mc-S-2,D_mc-S-3,name
276.9775999999999,536.6399999999998,1628.9720000000002,2116.975999999999,3956.0,11136.0,19880.0,23200.0,32.0,80.0,176.0,268.0,272.0,892.0,1580.0,1788.0,23.369600000000002,66.69279999999999,130.7792,181.4196,2.4025000000000003,31.991999999999997,28.520000000000007,81.282,625.0,1200.0,2150.0,2850.0,1.0,6.0,8.0,17.0,36.0,96.0,180.0,243.0,1.9321,6.0882,10.286,16.471499999999995,0.0,-11.340000000000002,-5.999999999999999,-26.090000000000003,0.0,102.0,114.0,311.0,0.0,0.0,0.0,0.0,0.0,20.0,18.0,61.5,0.0,3.9600000000000004,3.7199999999999993,11.780000000000001,ONOCOK
276.9775999999999,536.6399999999998,1628.9720000000002,2116.9759999999987,3956.0,11136.0,19880.0,23200.0,32.0,80.0,176.0,268.0,272.0,892.0,1580.0,1788.0,23.369600000000002,66.69279999999999,130.7792,181.4196,2.4025000000000003,31.991999999999997,28.520000000000007,81.282,625.0,1200.0,2150.0,2850.0,1.0,6.0,8.0,17.0,36.0,96.0,180.0,243.0,1.9321,6.0882,10.286,16.471499999999995,0.0,-11.340000000000002,-5.999999999999999,-26.090000000000003,0.0,102.0,114.0,311.0,0.0,0.0,0.0,0.0,0.0,20.0,18.0,61.5,0.0,3.9600000000000004,3.7199999999999993,11.780000000000001,ONOCOK
