f-link-chi-0,f-link-chi-1,f-link-chi-2,f-link-chi-3,f-link-Z-0,f-link-Z-1,f-link-Z-2,f-link-Z-3,f-link-I-0,f-link-I-1,f-link-I-2,f-link-I-3,f-link-T-0,f-link-T-1,f-link-T-2,f-link-T-3,f-link-S-0,f-link-S-1,f-link-S-2,f-link-S-3,name
358.1840999999999,741.7440000000005,1137.1056000000003,1392.3930000000005,1587.0,3348.0,4776.0,4980.0,54.0,114.0,174.0,222.0,288.0,708.0,978.0,1014.0,24.81660000000002,57.98100000000003,83.955,95.84460000000001,RUYVIS
358.18409999999983,741.7440000000006,1137.1056000000003,1392.393,1587.0,3348.0,4776.0,4980.0,54.0,114.0,174.0,222.0,288.0,708.0,978.0,1014.0,24.81660000000001,57.98100000000003,83.95500000000003,95.84460000000003,RUYVIS
358.1840999999997,741.7440000000003,1137.1056,1392.3930000000003,1587.0,3348.0,4776.0,4980.0,54.0,114.0,174.0,222.0,288.0,708.0,978.0,1014.0,24.81660000000001,57.981000000000016,83.95500000000001,95.84460000000004,RUYVIS
358.1840999999999,741.7440000000005,1137.1056000000003,1392.3930000000005,1587.0,3348.0,4776.0,4980.0,54.0,114.0,174.0,222.0,288.0,708.0,978.0,1014.0,24.816600000000015,57.98100000000002,83.95499999999998,95.84460000000001,RUYVIS
358.18409999999983,741.7440000000003,1137.1055999999999,1392.393,1587.0,3348.0,4776.0,4980.0,54.0,114.0,174.0,222.0,288.0,708.0,978.0,1014.0,24.816600000000008,57.981000000000016,83.95500000000001,95.84460000000003,RUYVIS
358.1840999999998,741.7440000000003,1137.1055999999999,1392.3930000000003,1587.0,3348.0,4776.0,4980.0,54.0,114.0,174.0,222.0,288.0,708.0,978.0,1014.0,24.81660000000001,57.98100000000002,83.955,95.84460000000003,RUYVIS
358.1840999999998,741.7440000000003,1137.1055999999999,1392.3930000000005,1587.0,3348.0,4776.0,4980.0,54.0,114.0,174.0,222.0,288.0,708.0,978.0,1014.0,24.816600000000015,57.98100000000003,83.955,95.84460000000001,RUYVIS
358.1840999999998,741.7440000000004,1137.1056,1392.3930000000007,1587.0,3348.0,4776.0,4980.0,54.0,114.0,174.0,222.0,288.0,708.0,978.0,1014.0,24.81660000000001,57.98100000000002,83.955,95.84460000000003,RUYVIS
358.18409999999983,741.7440000000004,1137.1056000000003,1392.3930000000007,1587.0,3348.0,4776.0,4980.0,54.0,114.0,174.0,222.0,288.0,708.0,978.0,1014.0,24.816600000000008,57.98100000000003,83.95499999999998,95.84460000000003,RUYVIS
