f-link-chi-0,f-link-chi-1,f-link-chi-2,f-link-chi-3,f-link-Z-0,f-link-Z-1,f-link-Z-2,f-link-Z-3,f-link-I-0,f-link-I-1,f-link-I-2,f-link-I-3,f-link-T-0,f-link-T-1,f-link-T-2,f-link-T-3,f-link-S-0,f-link-S-1,f-link-S-2,f-link-S-3,name
108.88690000000001,189.51600000000002,320.20539999999994,384.474,442.0,744.0,1006.0,768.0,15.0,28.0,48.0,60.0,76.0,184.0,210.0,168.0,5.9174999999999995,12.658800000000003,17.844800000000003,17.9388,AWEDUC
108.88690000000001,189.51600000000002,320.20539999999994,384.474,442.0,744.0,1006.0,768.0,15.0,28.0,48.0,60.0,76.0,184.0,210.0,168.0,5.9174999999999995,12.658800000000003,17.844800000000003,17.9388,AWEDUC
341.89869999999985,787.7970000000005,1260.7985999999999,1499.8680000000002,1336.0,3276.0,4710.0,4626.0,55.0,120.0,192.0,240.0,312.0,792.0,1176.0,1272.0,22.820700000000013,57.65760000000003,87.0504,96.39959999999998,AWEDUC
341.89869999999985,787.7970000000005,1260.7985999999999,1499.8680000000002,1336.0,3276.0,4710.0,4626.0,55.0,120.0,192.0,240.0,312.0,792.0,1176.0,1272.0,22.820700000000013,57.65760000000003,87.0504,96.39959999999998,AWEDUC
341.8986999999999,787.7970000000001,1260.7986,1499.8680000000006,1336.0,3276.0,4710.0,4626.0,55.0,120.0,192.0,240.0,312.0,792.0,1176.0,1272.0,22.82070000000001,57.65760000000003,87.05039999999998,96.39959999999999,AWEDUC
341.8986999999999,787.7970000000001,1260.7986,1499.8680000000006,1336.0,3276.0,4710.0,4626.0,55.0,120.0,192.0,240.0,312.0,792.0,1176.0,1272.0,22.820700000000013,57.65760000000003,87.05039999999998,96.39959999999999,AWEDUC
