f-chi-0-all,f-chi-1-all,f-chi-2-all,f-chi-3-all,f-Z-0-all,f-Z-1-all,f-Z-2-all,f-Z-3-all,f-I-0-all,f-I-1-all,f-I-2-all,f-I-3-all,f-T-0-all,f-T-1-all,f-T-2-all,f-T-3-all,f-S-0-all,f-S-1-all,f-S-2-all,f-S-3-all,mc-chi-0-all,mc-chi-1-all,mc-chi-2-all,mc-chi-3-all,mc-Z-0-all,mc-Z-1-all,mc-Z-2-all,mc-Z-3-all,mc-I-0-all,mc-I-1-all,mc-I-2-all,mc-I-3-all,mc-T-0-all,mc-T-1-all,mc-T-2-all,mc-T-3-all,mc-S-0-all,mc-S-1-all,mc-S-2-all,mc-S-3-all,D_mc-chi-0-all,D_mc-chi-1-all,D_mc-chi-2-all,D_mc-chi-3-all,D_mc-Z-0-all,D_mc-Z-1-all,D_mc-Z-2-all,D_mc-Z-3-all,D_mc-I-0-all,D_mc-I-1-all,D_mc-I-2-all,D_mc-I-3-all,D_mc-T-0-all,D_mc-T-1-all,D_mc-T-2-all,D_mc-T-3-all,D_mc-S-0-all,D_mc-S-1-all,D_mc-S-2-all,D_mc-S-3-all,name
1112.2744000000014,2149.3920000000044,8546.744000000006,11872.01919999999,37744.0,80112.0,135752.0,160240.0,128.0,336.0,912.0,1488.0,1296.0,4256.0,8048.0,10720.0,90.12399999999991,286.7872000000002,634.0775999999993,980.0032000000008,1.4399999999999997,36.672,32.03999999999999,77.976,3969.0,4473.0,7749.0,8505.0,1.0,9.0,11.0,22.0,81.0,198.0,369.0,450.0,2.822399999999999,11.071200000000001,15.758399999999996,24.998399999999997,0.0,-19.760000000000005,-13.499999999999998,-38.58000000000002,0.0,496.0,570.0,1251.0,0.0,0.0,0.0,0.0,0.0,59.0,58.0,148.0,0.0,8.530000000000001,9.1,22.079999999999988,WEFDAO_clean_primitive
