f-sbu-chi-0,f-sbu-chi-1,f-sbu-chi-2,f-sbu-chi-3,f-sbu-Z-0,f-sbu-Z-1,f-sbu-Z-2,f-sbu-Z-3,f-sbu-I-0,f-sbu-I-1,f-sbu-I-2,f-sbu-I-3,f-sbu-T-0,f-sbu-T-1,f-sbu-T-2,f-sbu-T-3,f-sbu-S-0,f-sbu-S-1,f-sbu-S-2,f-sbu-S-3,mc-chi-0,mc-chi-1,mc-chi-2,mc-chi-3,mc-Z-0,mc-Z-1,mc-Z-2,mc-Z-3,mc-I-0,mc-I-1,mc-I-2,mc-I-3,mc-T-0,mc-T-1,mc-T-2,mc-T-3,mc-S-0,mc-S-1,mc-S-2,mc-S-3,D_mc-chi-0,D_mc-chi-1,D_mc-chi-2,D_mc-chi-3,D_mc-Z-0,D_mc-Z-1,D_mc-Z-2,D_mc-Z-3,D_mc-I-0,D_mc-I-1,D_mc-I-2,D_mc-I-3,D_mc-T-0,D_mc-T-1,D_mc-T-2,D_mc-T-3,D_mc-S-0,D_mc-S-1,D_mc-S-2,D_mc-S-3,name
96.6471,177.296,299.43199999999996,387.1919999999999,1290.0,2752.0,3314.0,2112.0,12.0,24.0,36.0,46.0,64.0,164.0,188.0,124.0,7.7452000000000005,16.9224,24.444399999999995,26.103000000000005,3.6481,31.323999999999998,29.223,57.1472,784.0,1064.0,1008.0,1960.0,1.0,5.0,6.0,11.0,25.0,60.0,90.0,165.0,1.4641,4.4649,5.5902,10.151899999999998,0.0,-6.8500000000000005,-3.839999999999999,-8.91,0.0,102.0,132.0,238.0,0.0,0.0,0.0,0.0,0.0,13.0,12.0,22.0,0.0,2.36,2.6399999999999997,4.919999999999998,SUTJIC
96.6471,177.296,299.43199999999996,387.19199999999995,1290.0,2752.0,3314.0,2112.0,12.0,24.0,36.0,46.0,64.0,164.0,188.0,124.0,7.7452000000000005,16.9224,24.4444,26.103,3.6481,31.323999999999998,29.223,57.1472,784.0,1064.0,1008.0,1960.0,1.0,5.0,6.0,11.0,25.0,60.0,90.0,165.0,1.4641,4.4649,5.5902,10.151899999999998,0.0,-6.8500000000000005,-3.839999999999999,-8.91,0.0,102.0,132.0,238.0,0.0,0.0,0.0,0.0,0.0,13.0,12.0,22.0,0.0,2.36,2.6399999999999997,4.919999999999998,SUTJIC
96.6471,177.296,299.43199999999996,387.19199999999995,1290.0,2752.0,3314.0,2112.0,12.0,24.0,36.0,46.0,64.0,164.0,188.0,124.0,7.7452000000000005,16.9224,24.444399999999998,26.103,3.6481,31.323999999999998,29.223,57.1472,784.0,1064.0,1008.0,1960.0,1.0,5.0,6.0,11.0,25.0,60.0,90.0,165.0,1.4641,4.4649,5.5902,10.151899999999998,0.0,-6.8500000000000005,-3.839999999999999,-8.91,0.0,102.0,132.0,238.0,0.0,0.0,0.0,0.0,0.0,13.0,12.0,22.0,0.0,2.36,2.6399999999999997,4.919999999999998,SUTJIC
96.6471,177.296,299.43199999999996,387.192,1290.0,2752.0,3314.0,2112.0,12.0,24.0,36.0,46.0,64.0,164.0,188.0,124.0,7.7452000000000005,16.922400000000003,24.444399999999995,26.102999999999998,3.6481,31.323999999999998,29.223,57.1472,784.0,1064.0,1008.0,1960.0,1.0,5.0,6.0,11.0,25.0,60.0,90.0,165.0,1.4641,4.4649,5.5902,10.151899999999998,0.0,-6.8500000000000005,-3.839999999999999,-8.91,0.0,102.0,132.0,238.0,0.0,0.0,0.0,0.0,0.0,13.0,12.0,22.0,0.0,2.36,2.6399999999999997,4.919999999999998,SUTJIC
