f-chi-0-all,f-chi-1-all,f-chi-2-all,f-chi-3-all,f-Z-0-all,f-Z-1-all,f-Z-2-all,f-Z-3-all,f-I-0-all,f-I-1-all,f-I-2-all,f-I-3-all,f-T-0-all,f-T-1-all,f-T-2-all,f-T-3-all,f-S-0-all,f-S-1-all,f-S-2-all,f-S-3-all,mc-chi-0-all,mc-chi-1-all,mc-chi-2-all,mc-chi-3-all,mc-Z-0-all,mc-Z-1-all,mc-Z-2-all,mc-Z-3-all,mc-I-0-all,mc-I-1-all,mc-I-2-all,mc-I-3-all,mc-T-0-all,mc-T-1-all,mc-T-2-all,mc-T-3-all,mc-S-0-all,mc-S-1-all,mc-S-2-all,mc-S-3-all,D_mc-chi-0-all,D_mc-chi-1-all,D_mc-chi-2-all,D_mc-chi-3-all,D_mc-Z-0-all,D_mc-Z-1-all,D_mc-Z-2-all,D_mc-Z-3-all,D_mc-I-0-all,D_mc-I-1-all,D_mc-I-2-all,D_mc-I-3-all,D_mc-T-0-all,D_mc-T-1-all,D_mc-T-2-all,D_mc-T-3-all,D_mc-S-0-all,D_mc-S-1-all,D_mc-S-2-all,D_mc-S-3-all,name
638.4073999999997,1321.3835999999994,5906.019999999999,6561.149199999996,22888.0,63920.0,97504.0,146768.0,66.0,204.0,604.0,776.0,936.0,3500.0,6120.0,8632.0,51.06339999999998,196.69720000000012,426.89080000000007,590.9432000000002,2.0763,38.7344,31.5136,78.86799999999998,2956.0,4512.0,5946.666666666667,10785.333333333334,1.0,8.666666666666666,8.666666666666666,17.333333333333332,78.66666666666667,218.66666666666666,281.3333333333333,412.0,2.4248999999999996,10.703133333333334,12.273333333333335,20.625533333333326,0.0,-17.00666666666667,-11.073333333333332,-26.793333333333333,0.0,398.6666666666667,324.0,600.0,0.0,0.0,0.0,0.0,0.0,54.666666666666664,42.0,92.66666666666667,0.0,7.053333333333332,5.473333333333334,12.046666666666667,DADNUU_clean_primitive
