f-chi-0-all,f-chi-1-all,f-chi-2-all,f-chi-3-all,f-Z-0-all,f-Z-1-all,f-Z-2-all,f-Z-3-all,f-I-0-all,f-I-1-all,f-I-2-all,f-I-3-all,f-T-0-all,f-T-1-all,f-T-2-all,f-T-3-all,f-S-0-all,f-S-1-all,f-S-2-all,f-S-3-all,mc-chi-0-all,mc-chi-1-all,mc-chi-2-all,mc-chi-3-all,mc-Z-0-all,mc-Z-1-all,mc-Z-2-all,mc-Z-3-all,mc-I-0-all,mc-I-1-all,mc-I-2-all,mc-I-3-all,mc-T-0-all,mc-T-1-all,mc-T-2-all,mc-T-3-all,mc-S-0-all,mc-S-1-all,mc-S-2-all,mc-S-3-all,D_mc-chi-0-all,D_mc-chi-1-all,D_mc-chi-2-all,D_mc-chi-3-all,D_mc-Z-0-all,D_mc-Z-1-all,D_mc-Z-2-all,D_mc-Z-3-all,D_mc-I-0-all,D_mc-I-1-all,D_mc-I-2-all,D_mc-I-3-all,D_mc-T-0-all,D_mc-T-1-all,D_mc-T-2-all,D_mc-T-3-all,D_mc-S-0-all,D_mc-S-1-all,D_mc-S-2-all,D_mc-S-3-all,name
300.8699000000001,584.1664000000001,1169.6444,2237.804800000001,8474.0,12992.0,31962.0,25508.0,37.0,80.0,158.0,272.0,238.0,716.0,1338.0,1520.0,25.9394,62.76,126.76339999999999,178.05,2.8560999999999996,27.40053333333333,49.5508,70.5744,2304.0,1792.0,6080.0,4128.0,1.0,5.333333333333333,10.666666666666666,15.333333333333334,28.666666666666668,86.0,168.0,188.0,2.1904,5.919999999999998,13.359466666666664,15.67813333333333,0.0,-7.2,-11.293333333333331,-15.846666666666664,0.0,218.66666666666666,385.3333333333333,650.0,0.0,0.0,0.0,0.0,0.0,12.666666666666666,26.0,46.0,0.0,3.8933333333333326,6.760000000000002,12.100000000000001,ROCZOA_clean_primitive
300.8699000000001,584.1664000000001,1169.6444,2237.804800000001,8474.0,12992.0,31962.0,25508.0,37.0,80.0,158.0,272.0,238.0,716.0,1338.0,1520.0,25.9394,62.76,126.76339999999999,178.05,2.8560999999999996,27.40053333333333,49.5508,70.5744,2304.0,1792.0,6080.0,4128.0,1.0,5.333333333333333,10.666666666666666,15.333333333333334,28.666666666666668,86.0,168.0,188.0,2.1904,5.919999999999998,13.359466666666664,15.67813333333333,0.0,-7.2,-11.293333333333331,-15.846666666666664,0.0,218.66666666666666,385.3333333333333,650.0,0.0,0.0,0.0,0.0,0.0,12.666666666666666,26.0,46.0,0.0,3.8933333333333326,6.760000000000002,12.100000000000001,ROCZOA_clean_primitive
