f-chi-0-all,f-chi-1-all,f-chi-2-all,f-chi-3-all,f-Z-0-all,f-Z-1-all,f-Z-2-all,f-Z-3-all,f-I-0-all,f-I-1-all,f-I-2-all,f-I-3-all,f-T-0-all,f-T-1-all,f-T-2-all,f-T-3-all,f-S-0-all,f-S-1-all,f-S-2-all,f-S-3-all,mc-chi-0-all,mc-chi-1-all,mc-chi-2-all,mc-chi-3-all,mc-Z-0-all,mc-Z-1-all,mc-Z-2-all,mc-Z-3-all,mc-I-0-all,mc-I-1-all,mc-I-2-all,mc-I-3-all,mc-T-0-all,mc-T-1-all,mc-T-2-all,mc-T-3-all,mc-S-0-all,mc-S-1-all,mc-S-2-all,mc-S-3-all,D_mc-chi-0-all,D_mc-chi-1-all,D_mc-chi-2-all,D_mc-chi-3-all,D_mc-Z-0-all,D_mc-Z-1-all,D_mc-Z-2-all,D_mc-Z-3-all,D_mc-I-0-all,D_mc-I-1-all,D_mc-I-2-all,D_mc-I-3-all,D_mc-T-0-all,D_mc-T-1-all,D_mc-T-2-all,D_mc-T-3-all,D_mc-S-0-all,D_mc-S-1-all,D_mc-S-2-all,D_mc-S-3-all,name
299.06039999999985,546.5472000000001,1761.4824000000006,1706.2400000000002,2244.0,6528.0,12552.0,15232.0,32.0,80.0,176.0,224.0,256.0,704.0,1216.0,1536.0,21.751600000000014,62.137600000000056,116.2216,154.52640000000008,2.5921000000000003,33.2304,21.606199999999998,71.80600000000001,169.0,624.0,650.0,1352.0,1.0,6.0,6.0,14.0,36.0,72.0,144.0,192.0,1.5876000000000001,5.5188,7.055999999999999,13.078800000000003,0.0,-10.98,-3.7599999999999985,-22.06,0.0,30.0,28.0,78.0,0.0,0.0,0.0,0.0,0.0,24.0,12.0,52.0,0.0,3.18,1.9600000000000004,7.260000000000003,JIZWOG_clean_primitive
299.06039999999985,546.5472,1761.4824000000006,1706.2400000000005,2244.0,6528.0,12552.0,15232.0,32.0,80.0,176.0,224.0,256.0,704.0,1216.0,1536.0,21.751600000000014,62.137600000000056,116.2216,154.52640000000008,2.5921000000000003,33.2304,21.606199999999998,71.80600000000001,169.0,624.0,650.0,1352.0,1.0,6.0,6.0,14.0,36.0,72.0,144.0,192.0,1.5876000000000001,5.5188,7.055999999999999,13.078800000000003,0.0,-10.98,-3.7599999999999985,-22.06,0.0,30.0,28.0,78.0,0.0,0.0,0.0,0.0,0.0,24.0,12.0,52.0,0.0,3.18,1.9600000000000004,7.260000000000003,JIZWOG_clean_primitive
