f-chi-0-all,f-chi-1-all,f-chi-2-all,f-chi-3-all,f-Z-0-all,f-Z-1-all,f-Z-2-all,f-Z-3-all,f-I-0-all,f-I-1-all,f-I-2-all,f-I-3-all,f-T-0-all,f-T-1-all,f-T-2-all,f-T-3-all,f-S-0-all,f-S-1-all,f-S-2-all,f-S-3-all,mc-chi-0-all,mc-chi-1-all,mc-chi-2-all,mc-chi-3-all,mc-Z-0-all,mc-Z-1-all,mc-Z-2-all,mc-Z-3-all,mc-I-0-all,mc-I-1-all,mc-I-2-all,mc-I-3-all,mc-T-0-all,mc-T-1-all,mc-T-2-all,mc-T-3-all,mc-S-0-all,mc-S-1-all,mc-S-2-all,mc-S-3-all,D_mc-chi-0-all,D_mc-chi-1-all,D_mc-chi-2-all,D_mc-chi-3-all,D_mc-Z-0-all,D_mc-Z-1-all,D_mc-Z-2-all,D_mc-Z-3-all,D_mc-I-0-all,D_mc-I-1-all,D_mc-I-2-all,D_mc-I-3-all,D_mc-T-0-all,D_mc-T-1-all,D_mc-T-2-all,D_mc-T-3-all,D_mc-S-0-all,D_mc-S-1-all,D_mc-S-2-all,D_mc-S-3-all,name
686.2489000000005,1873.1712000000016,5747.014800000003,5448.985599999999,29383.0,65360.0,181880.0,178848.0,79.0,264.0,596.0,752.0,1100.0,4432.0,8948.0,12032.0,67.69679999999994,240.0507999999996,478.7968000000003,669.5951999999994,3.961240000000001,37.0184,27.379019999999997,104.94476000000002,1295.5,1549.6,7204.4,4378.0,1.0,5.4,6.4,15.6,29.8,95.6,192.6,283.2,1.7355700000000005,5.235749999999998,10.519800000000005,15.117520000000004,0.0,-7.5660000000000025,-0.7259999999999994,-21.259999999999998,0.0,152.3,33.4,434.8,0.0,0.0,0.0,0.0,0.0,12.6,0.8,34.0,0.0,3.209000000000002,0.5520000000000003,9.172000000000004,UQEGII_clean_primitive
686.2489000000005,1873.1712000000016,5747.014800000002,5448.985600000002,29383.0,65360.0,181880.0,178848.0,79.0,264.0,596.0,752.0,1100.0,4432.0,8948.0,12032.0,67.69679999999994,240.0507999999996,478.7968000000003,669.5951999999993,3.961240000000001,37.0184,27.379019999999997,104.94476000000002,1295.5,1549.6,7204.4,4378.0,1.0,5.4,6.4,15.6,29.8,95.6,192.6,283.2,1.7355700000000005,5.235749999999998,10.519800000000005,15.117520000000004,0.0,-7.5660000000000025,-0.7259999999999994,-21.259999999999998,0.0,152.3,33.4,434.8,0.0,0.0,0.0,0.0,0.0,12.6,0.8,34.0,0.0,3.209000000000002,0.5520000000000003,9.172000000000004,UQEGII_clean_primitive
