f-chi-0-all,f-chi-1-all,f-chi-2-all,f-chi-3-all,f-Z-0-all,f-Z-1-all,f-Z-2-all,f-Z-3-all,f-I-0-all,f-I-1-all,f-I-2-all,f-I-3-all,f-T-0-all,f-T-1-all,f-T-2-all,f-T-3-all,f-S-0-all,f-S-1-all,f-S-2-all,f-S-3-all,mc-chi-0-all,mc-chi-1-all,mc-chi-2-all,mc-chi-3-all,mc-Z-0-all,mc-Z-1-all,mc-Z-2-all,mc-Z-3-all,mc-I-0-all,mc-I-1-all,mc-I-2-all,mc-I-3-all,mc-T-0-all,mc-T-1-all,mc-T-2-all,mc-T-3-all,mc-S-0-all,mc-S-1-all,mc-S-2-all,mc-S-3-all,D_mc-chi-0-all,D_mc-chi-1-all,D_mc-chi-2-all,D_mc-chi-3-all,D_mc-Z-0-all,D_mc-Z-1-all,D_mc-Z-2-all,D_mc-Z-3-all,D_mc-I-0-all,D_mc-I-1-all,D_mc-I-2-all,D_mc-I-3-all,D_mc-T-0-all,D_mc-T-1-all,D_mc-T-2-all,D_mc-T-3-all,D_mc-S-0-all,D_mc-S-1-all,D_mc-S-2-all,D_mc-S-3-all,name
249.92589999999993,466.73919999999987,1050.1159999999998,935.1295999999995,8224.0,13824.0,12032.0,10752.0,27.0,64.0,104.0,112.0,184.0,480.0,576.0,544.0,19.840799999999994,52.55999999999999,69.9824,71.24800000000002,2.8560999999999996,31.005866666666662,17.238,32.74093333333334,2304.0,2048.0,1152.0,2176.0,1.0,5.333333333333333,4.0,6.666666666666667,29.333333333333332,58.666666666666664,64.0,90.66666666666667,2.1904,5.762133333333334,4.5584,7.439466666666665,0.0,-9.333333333333334,-3.439999999999999,-8.106666666666664,0.0,213.33333333333334,168.0,274.6666666666667,0.0,0.0,0.0,0.0,0.0,18.666666666666668,9.333333333333334,17.333333333333332,0.0,4.0,2.84,4.84,ENITEB_clean_primitive
249.9258999999999,466.73919999999987,1050.116,935.1296,8224.0,13824.0,12032.0,10752.0,27.0,64.0,104.0,112.0,184.0,480.0,576.0,544.0,19.84080000000001,52.55999999999999,69.98239999999998,71.24800000000003,2.8560999999999996,31.005866666666662,17.238,32.74093333333334,2304.0,2048.0,1152.0,2176.0,1.0,5.333333333333333,4.0,6.666666666666667,29.333333333333332,58.666666666666664,64.0,90.66666666666667,2.1904,5.762133333333334,4.5584,7.439466666666665,0.0,-9.333333333333334,-3.439999999999999,-8.106666666666664,0.0,213.33333333333334,168.0,274.6666666666667,0.0,0.0,0.0,0.0,0.0,18.666666666666668,9.333333333333334,17.333333333333332,0.0,4.0,2.84,4.84,ENITEB_clean_primitive
