f-lig-chi-0,f-lig-chi-1,f-lig-chi-2,f-lig-chi-3,f-lig-Z-0,f-lig-Z-1,f-lig-Z-2,f-lig-Z-3,f-lig-I-0,f-lig-I-1,f-lig-I-2,f-lig-I-3,f-lig-T-0,f-lig-T-1,f-lig-T-2,f-lig-T-3,f-lig-S-0,f-lig-S-1,f-lig-S-2,f-lig-S-3,name
381.94569999999993,821.9160000000006,1336.4646,1720.206,1639.0,3636.0,5568.0,6240.0,58.0,126.0,204.0,272.0,330.0,846.0,1284.0,1504.0,25.789800000000017,63.155400000000036,97.8612,118.49359999999999,VANHEA_clean_primitive
381.94569999999993,821.9160000000006,1336.4646,1720.206,1639.0,3636.0,5568.0,6240.0,58.0,126.0,204.0,272.0,330.0,846.0,1284.0,1504.0,25.789800000000017,63.155400000000036,97.8612,118.49359999999999,VANHEA_clean_primitive
381.94569999999993,821.9160000000007,1336.4646000000005,1720.206,1639.0,3636.0,5568.0,6240.0,58.0,126.0,204.0,272.0,330.0,846.0,1284.0,1504.0,25.78980000000002,63.15540000000003,97.86119999999998,118.49359999999997,VANHEA_clean_primitive
381.9457,821.9160000000006,1336.4646000000005,1720.206,1639.0,3636.0,5568.0,6240.0,58.0,126.0,204.0,272.0,330.0,846.0,1284.0,1504.0,25.78980000000002,63.15540000000003,97.86119999999998,118.49359999999997,VANHEA_clean_primitive
