f-sbu-chi-0,f-sbu-chi-1,f-sbu-chi-2,f-sbu-chi-3,f-sbu-Z-0,f-sbu-Z-1,f-sbu-Z-2,f-sbu-Z-3,f-sbu-I-0,f-sbu-I-1,f-sbu-I-2,f-sbu-I-3,f-sbu-T-0,f-sbu-T-1,f-sbu-T-2,f-sbu-T-3,f-sbu-S-0,f-sbu-S-1,f-sbu-S-2,f-sbu-S-3,mc-chi-0,mc-chi-1,mc-chi-2,mc-chi-3,mc-Z-0,mc-Z-1,mc-Z-2,mc-Z-3,mc-I-0,mc-I-1,mc-I-2,mc-I-3,mc-T-0,mc-T-1,mc-T-2,mc-T-3,mc-S-0,mc-S-1,mc-S-2,mc-S-3,D_mc-chi-0,D_mc-chi-1,D_mc-chi-2,D_mc-chi-3,D_mc-Z-0,D_mc-Z-1,D_mc-Z-2,D_mc-Z-3,D_mc-I-0,D_mc-I-1,D_mc-I-2,D_mc-I-3,D_mc-T-0,D_mc-T-1,D_mc-T-2,D_mc-T-3,D_mc-S-0,D_mc-S-1,D_mc-S-2,D_mc-S-3,name
162.19349999999997,344.0719999999999,889.8598,838.8799999999999,3486.0,7640.0,12328.0,10226.0,19.0,52.0,100.0,114.0,174.0,568.0,882.0,728.0,13.1227,38.7892,64.46279999999999,66.61779999999999,2.7224999999999997,28.907999999999998,21.504999999999995,41.492,900.0,1140.0,2320.0,1760.0,1.0,5.333333333333333,6.0,8.0,28.666666666666668,78.66666666666667,115.33333333333333,100.0,1.7161000000000002,4.785866666666666,6.768333333333334,7.790133333333333,0.0,-8.72,-3.1333333333333333,-11.946666666666665,0.0,122.0,102.66666666666667,181.33333333333334,0.0,0.0,0.0,0.0,0.0,14.0,11.333333333333334,24.0,0.0,3.3333333333333335,2.6933333333333334,4.533333333333334,HIFGIO
