f-link-chi-0,f-link-chi-1,f-link-chi-2,f-link-chi-3,f-link-Z-0,f-link-Z-1,f-link-Z-2,f-link-Z-3,f-link-I-0,f-link-I-1,f-link-I-2,f-link-I-3,f-link-T-0,f-link-T-1,f-link-T-2,f-link-T-3,f-link-S-0,f-link-S-1,f-link-S-2,f-link-S-3,name
207.41299999999995,403.8228000000001,664.5906,823.934,1152.0,2384.0,3336.0,3688.0,29.0,60.0,96.0,124.0,156.0,388.0,552.0,604.0,13.633600000000003,31.776400000000006,47.7496,56.382000000000005,PUGGOP
207.41299999999998,403.8228000000001,664.5906,823.934,1152.0,2384.0,3336.0,3688.0,29.0,60.0,96.0,124.0,156.0,388.0,552.0,604.0,13.633600000000003,31.776400000000006,47.74960000000001,56.38200000000001,PUGGOP
207.41299999999998,403.82280000000003,664.5905999999998,823.9339999999999,1152.0,2384.0,3336.0,3688.0,29.0,60.0,96.0,124.0,156.0,388.0,552.0,604.0,13.633600000000003,31.776400000000002,47.74960000000001,56.38200000000001,PUGGOP
207.41299999999998,403.82280000000014,664.5906,823.934,1152.0,2384.0,3336.0,3688.0,29.0,60.0,96.0,124.0,156.0,388.0,552.0,604.0,13.633600000000001,31.776400000000006,47.7496,56.382000000000005,PUGGOP
207.41299999999998,403.8228000000001,664.5906,823.9339999999999,1152.0,2384.0,3336.0,3688.0,29.0,60.0,96.0,124.0,156.0,388.0,552.0,604.0,13.633600000000001,31.776400000000002,47.749600000000015,56.382,PUGGOP
207.41299999999998,403.82280000000003,664.5906,823.9339999999999,1152.0,2384.0,3336.0,3688.0,29.0,60.0,96.0,124.0,156.0,388.0,552.0,604.0,13.633600000000003,31.776400000000006,47.7496,56.382000000000005,PUGGOP
207.41299999999998,403.82280000000003,664.5906,823.9339999999999,1152.0,2384.0,3336.0,3688.0,29.0,60.0,96.0,124.0,156.0,388.0,552.0,604.0,13.633600000000003,31.776400000000006,47.749600000000015,56.382000000000005,PUGGOP
207.41299999999998,403.8228000000001,664.5906000000001,823.934,1152.0,2384.0,3336.0,3688.0,29.0,60.0,96.0,124.0,156.0,388.0,552.0,604.0,13.633600000000003,31.776400000000002,47.7496,56.382,PUGGOP
