f-chi-0-all,f-chi-1-all,f-chi-2-all,f-chi-3-all,f-Z-0-all,f-Z-1-all,f-Z-2-all,f-Z-3-all,f-I-0-all,f-I-1-all,f-I-2-all,f-I-3-all,f-T-0-all,f-T-1-all,f-T-2-all,f-T-3-all,f-S-0-all,f-S-1-all,f-S-2-all,f-S-3-all,mc-chi-0-all,mc-chi-1-all,mc-chi-2-all,mc-chi-3-all,mc-Z-0-all,mc-Z-1-all,mc-Z-2-all,mc-Z-3-all,mc-I-0-all,mc-I-1-all,mc-I-2-all,mc-I-3-all,mc-T-0-all,mc-T-1-all,mc-T-2-all,mc-T-3-all,mc-S-0-all,mc-S-1-all,mc-S-2-all,mc-S-3-all,D_mc-chi-0-all,D_mc-chi-1-all,D_mc-chi-2-all,D_mc-chi-3-all,D_mc-Z-0-all,D_mc-Z-1-all,D_mc-Z-2-all,D_mc-Z-3-all,D_mc-I-0-all,D_mc-I-1-all,D_mc-I-2-all,D_mc-I-3-all,D_mc-T-0-all,D_mc-T-1-all,D_mc-T-2-all,D_mc-T-3-all,D_mc-S-0-all,D_mc-S-1-all,D_mc-S-2-all,D_mc-S-3-all,name
322.6527999999999,654.6931999999997,1511.4519999999993,2010.815999999999,3733.0,9600.0,15852.0,18312.0,41.0,92.0,178.0,252.0,286.0,840.0,1324.0,1596.0,23.715400000000013,61.83520000000003,110.13820000000001,153.03159999999997,3.5343999999999993,35.895466666666664,33.47653333333333,77.76933333333332,729.0,1197.0,1944.0,2421.0,1.0,5.666666666666667,7.333333333333333,14.333333333333334,32.333333333333336,82.0,147.0,202.0,1.5876000000000001,5.237400000000001,7.938,12.763800000000003,0.0,-8.44,-4.02,-14.42,0.0,108.66666666666667,126.0,297.3333333333333,0.0,0.0,0.0,0.0,0.0,18.0,16.333333333333332,46.666666666666664,0.0,2.983333333333334,2.94,7.930000000000001,YUZRAO_clean_primitive
236.11459999999994,476.4863999999997,1094.5603999999996,1340.3871999999997,3413.0,8292.0,13108.0,13740.0,27.0,64.0,118.0,164.0,190.0,536.0,850.0,956.0,18.211599999999997,47.644800000000025,81.5682,105.34720000000002,3.5343999999999993,35.895466666666664,33.47653333333333,77.76933333333332,729.0,1197.0,1944.0,2421.0,1.0,5.666666666666667,7.333333333333333,14.333333333333334,32.333333333333336,82.0,147.0,202.0,1.5876000000000001,5.237400000000001,7.938,12.763800000000003,0.0,-8.44,-4.02,-14.42,0.0,108.66666666666667,126.0,297.3333333333333,0.0,0.0,0.0,0.0,0.0,18.0,16.333333333333332,46.666666666666664,0.0,2.983333333333334,2.94,7.930000000000001,YUZRAO_clean_primitive
