f-sbu-chi-0,f-sbu-chi-1,f-sbu-chi-2,f-sbu-chi-3,f-sbu-Z-0,f-sbu-Z-1,f-sbu-Z-2,f-sbu-Z-3,f-sbu-I-0,f-sbu-I-1,f-sbu-I-2,f-sbu-I-3,f-sbu-T-0,f-sbu-T-1,f-sbu-T-2,f-sbu-T-3,f-sbu-S-0,f-sbu-S-1,f-sbu-S-2,f-sbu-S-3,mc-chi-0,mc-chi-1,mc-chi-2,mc-chi-3,mc-Z-0,mc-Z-1,mc-Z-2,mc-Z-3,mc-I-0,mc-I-1,mc-I-2,mc-I-3,mc-T-0,mc-T-1,mc-T-2,mc-T-3,mc-S-0,mc-S-1,mc-S-2,mc-S-3,D_mc-chi-0,D_mc-chi-1,D_mc-chi-2,D_mc-chi-3,D_mc-Z-0,D_mc-Z-1,D_mc-Z-2,D_mc-Z-3,D_mc-I-0,D_mc-I-1,D_mc-I-2,D_mc-I-3,D_mc-T-0,D_mc-T-1,D_mc-T-2,D_mc-T-3,D_mc-S-0,D_mc-S-1,D_mc-S-2,D_mc-S-3,name
536.4271999999997,955.9360000000001,3137.9,3469.2799999999984,17530.0,36024.0,51784.0,37952.0,62.0,152.0,332.0,424.0,536.0,1720.0,2548.0,2184.0,46.63400000000001,136.01360000000008,242.79079999999993,269.2496,2.0100000000000002,28.38933333333333,23.586666666666662,50.36933333333334,2446.3333333333335,2722.0,4110.0,4265.333333333333,1.0,6.666666666666667,7.333333333333333,13.333333333333334,48.0,120.0,178.66666666666666,210.66666666666666,2.538866666666666,7.941333333333335,10.101999999999999,15.307600000000003,0.0,-14.266666666666666,-8.066666666666663,-20.413333333333334,0.0,290.0,284.0,564.0,0.0,0.0,0.0,0.0,0.0,31.333333333333332,25.333333333333332,60.0,0.0,5.973333333333334,5.513333333333332,11.773333333333332,LAZPIN
536.4271999999997,955.9360000000001,3137.9,3469.2799999999984,17530.0,36024.0,51784.0,37952.0,62.0,152.0,332.0,424.0,536.0,1720.0,2548.0,2184.0,46.634,136.01360000000008,242.79079999999993,269.2496,2.0100000000000002,28.38933333333333,23.586666666666662,50.36933333333334,2446.3333333333335,2722.0,4110.0,4265.333333333333,1.0,6.666666666666667,7.333333333333333,13.333333333333334,48.0,120.0,178.66666666666666,210.66666666666666,2.538866666666666,7.941333333333335,10.101999999999999,15.307600000000003,0.0,-14.266666666666666,-8.066666666666663,-20.413333333333334,0.0,290.0,284.0,564.0,0.0,0.0,0.0,0.0,0.0,31.333333333333332,25.333333333333332,60.0,0.0,5.973333333333334,5.513333333333332,11.773333333333332,LAZPIN
