f-chi-0-all,f-chi-1-all,f-chi-2-all,f-chi-3-all,f-Z-0-all,f-Z-1-all,f-Z-2-all,f-Z-3-all,f-I-0-all,f-I-1-all,f-I-2-all,f-I-3-all,f-T-0-all,f-T-1-all,f-T-2-all,f-T-3-all,f-S-0-all,f-S-1-all,f-S-2-all,f-S-3-all,mc-chi-0-all,mc-chi-1-all,mc-chi-2-all,mc-chi-3-all,mc-Z-0-all,mc-Z-1-all,mc-Z-2-all,mc-Z-3-all,mc-I-0-all,mc-I-1-all,mc-I-2-all,mc-I-3-all,mc-T-0-all,mc-T-1-all,mc-T-2-all,mc-T-3-all,mc-S-0-all,mc-S-1-all,mc-S-2-all,mc-S-3-all,D_mc-chi-0-all,D_mc-chi-1-all,D_mc-chi-2-all,D_mc-chi-3-all,D_mc-Z-0-all,D_mc-Z-1-all,D_mc-Z-2-all,D_mc-Z-3-all,D_mc-I-0-all,D_mc-I-1-all,D_mc-I-2-all,D_mc-I-3-all,D_mc-T-0-all,D_mc-T-1-all,D_mc-T-2-all,D_mc-T-3-all,D_mc-S-0-all,D_mc-S-1-all,D_mc-S-2-all,D_mc-S-3-all,name
849.7896000000012,1869.6335999999992,4739.163200000002,6595.187199999992,13140.0,32976.0,65760.0,91312.0,100.0,256.0,528.0,848.0,816.0,2512.0,4744.0,7056.0,68.58319999999993,191.072,374.6255999999999,594.4655999999997,3.5343999999999984,33.990399999999994,34.993066666666664,112.69973333333331,729.0,1134.0,2808.0,3474.0,1.0,5.333333333333333,8.0,20.0,29.333333333333332,77.33333333333333,174.66666666666666,276.0,1.5876000000000001,4.9224,9.408000000000001,17.505599999999998,0.0,-8.053333333333336,-3.573333333333333,-22.346666666666664,0.0,102.0,112.0,411.3333333333333,0.0,0.0,0.0,0.0,0.0,15.333333333333334,12.0,56.666666666666664,0.0,2.813333333333334,2.613333333333334,11.306666666666667,JIZJEJ_clean_primitive
