f-lig-chi-0,f-lig-chi-1,f-lig-chi-2,f-lig-chi-3,f-lig-Z-0,f-lig-Z-1,f-lig-Z-2,f-lig-Z-3,f-lig-I-0,f-lig-I-1,f-lig-I-2,f-lig-I-3,f-lig-T-0,f-lig-T-1,f-lig-T-2,f-lig-T-3,f-lig-S-0,f-lig-S-1,f-lig-S-2,f-lig-S-3,name
170.7757,375.15600000000006,608.9150000000001,741.7819999999999,580.0,1368.0,1766.0,1640.0,29.0,60.0,100.0,128.0,160.0,400.0,550.0,584.0,10.7493,26.826800000000006,39.12360000000001,42.650400000000005,GIYSIR_clean_primitive
170.7757,375.15600000000006,608.9150000000001,741.7819999999999,580.0,1368.0,1766.0,1640.0,29.0,60.0,100.0,128.0,160.0,400.0,550.0,584.0,10.7493,26.826800000000006,39.12360000000001,42.650400000000005,GIYSIR_clean_primitive
170.7757,375.15600000000006,608.9150000000001,741.782,580.0,1368.0,1766.0,1640.0,29.0,60.0,100.0,128.0,160.0,400.0,550.0,584.0,10.7493,26.826800000000006,39.12360000000001,42.650400000000005,GIYSIR_clean_primitive
170.7757,375.15600000000006,608.9150000000001,741.782,580.0,1368.0,1766.0,1640.0,29.0,60.0,100.0,128.0,160.0,400.0,550.0,584.0,10.7493,26.826800000000006,39.12360000000001,42.650400000000005,GIYSIR_clean_primitive
13.004999999999999,13.004999999999999,0.0,0.0,72.0,72.0,0.0,0.0,2.0,2.0,0.0,0.0,2.0,2.0,0.0,0.0,1.1858,1.1858,0.0,0.0,GIYSIR_clean_primitive
13.004999999999999,13.004999999999999,0.0,0.0,72.0,72.0,0.0,0.0,2.0,2.0,0.0,0.0,2.0,2.0,0.0,0.0,1.1858,1.1858,0.0,0.0,GIYSIR_clean_primitive
18.4832,18.4832,0.0,0.0,98.0,98.0,0.0,0.0,2.0,2.0,0.0,0.0,2.0,2.0,0.0,0.0,1.125,1.125,0.0,0.0,GIYSIR_clean_primitive
18.4832,18.4832,0.0,0.0,98.0,98.0,0.0,0.0,2.0,2.0,0.0,0.0,2.0,2.0,0.0,0.0,1.125,1.125,0.0,0.0,GIYSIR_clean_primitive
