f-chi-0-all,f-chi-1-all,f-chi-2-all,f-chi-3-all,f-Z-0-all,f-Z-1-all,f-Z-2-all,f-Z-3-all,f-I-0-all,f-I-1-all,f-I-2-all,f-I-3-all,f-T-0-all,f-T-1-all,f-T-2-all,f-T-3-all,f-S-0-all,f-S-1-all,f-S-2-all,f-S-3-all,mc-chi-0-all,mc-chi-1-all,mc-chi-2-all,mc-chi-3-all,mc-Z-0-all,mc-Z-1-all,mc-Z-2-all,mc-Z-3-all,mc-I-0-all,mc-I-1-all,mc-I-2-all,mc-I-3-all,mc-T-0-all,mc-T-1-all,mc-T-2-all,mc-T-3-all,mc-S-0-all,mc-S-1-all,mc-S-2-all,mc-S-3-all,D_mc-chi-0-all,D_mc-chi-1-all,D_mc-chi-2-all,D_mc-chi-3-all,D_mc-Z-0-all,D_mc-Z-1-all,D_mc-Z-2-all,D_mc-Z-3-all,D_mc-I-0-all,D_mc-I-1-all,D_mc-I-2-all,D_mc-I-3-all,D_mc-T-0-all,D_mc-T-1-all,D_mc-T-2-all,D_mc-T-3-all,D_mc-S-0-all,D_mc-S-1-all,D_mc-S-2-all,D_mc-S-3-all,name
198.40059999999997,350.87999999999994,946.3488000000001,961.4112000000002,2371.0,6192.0,10278.0,12096.0,22.0,54.0,102.0,132.0,156.0,426.0,726.0,840.0,19.155100000000004,50.72040000000001,87.12480000000002,106.78440000000002,1.8496000000000004,23.392,17.5712,51.29919999999999,441.0,840.0,1386.0,1848.0,1.0,5.0,6.0,12.0,25.0,55.0,110.0,140.0,2.89,6.204999999999999,11.015999999999998,15.163999999999996,0.0,-10.4,-4.759999999999999,-21.400000000000002,0.0,65.0,60.0,164.0,0.0,0.0,0.0,0.0,0.0,14.0,8.0,32.0,0.0,4.8500000000000005,3.7199999999999993,11.479999999999999,OJICUG_clean_primitive
198.40059999999997,350.87999999999994,946.3488000000001,961.4112000000002,2371.0,6192.0,10278.0,12096.0,22.0,54.0,102.0,132.0,156.0,426.0,726.0,840.0,19.155100000000004,50.72040000000001,87.12480000000002,106.78440000000002,1.8496000000000004,23.392,17.5712,51.29919999999999,441.0,840.0,1386.0,1848.0,1.0,5.0,6.0,12.0,25.0,55.0,110.0,140.0,2.89,6.204999999999999,11.015999999999998,15.163999999999996,0.0,-10.4,-4.759999999999999,-21.400000000000002,0.0,65.0,60.0,164.0,0.0,0.0,0.0,0.0,0.0,14.0,8.0,32.0,0.0,4.8500000000000005,3.7199999999999993,11.479999999999999,OJICUG_clean_primitive
