f-link-chi-0,f-link-chi-1,f-link-chi-2,f-link-chi-3,f-link-Z-0,f-link-Z-1,f-link-Z-2,f-link-Z-3,f-link-I-0,f-link-I-1,f-link-I-2,f-link-I-3,f-link-T-0,f-link-T-1,f-link-T-2,f-link-T-3,f-link-S-0,f-link-S-1,f-link-S-2,f-link-S-3,name
211.06710000000004,484.24500000000023,770.7396,832.4580000000003,846.0,2052.0,2910.0,2514.0,33.0,72.0,114.0,132.0,186.0,468.0,690.0,684.0,13.911300000000008,34.834800000000016,52.07699999999999,52.896000000000015,XICXUE
211.0671,484.2450000000004,770.7396,832.4580000000005,846.0,2052.0,2910.0,2514.0,33.0,72.0,114.0,132.0,186.0,468.0,690.0,684.0,13.911300000000008,34.83480000000001,52.077,52.89600000000001,XICXUE
1118.2692000000031,3076.444199999996,5525.209199999996,7654.265999999994,4674.0,13638.0,22548.0,25416.0,168.0,462.0,828.0,1212.0,1674.0,6126.0,8952.0,11142.0,72.26159999999989,230.87339999999946,389.03879999999947,503.5032000000005,XICXUE
1082.7684000000017,3031.309199999998,5470.194000000002,7740.1410000000005,4482.0,13386.0,22044.0,25422.0,165.0,456.0,828.0,1236.0,1650.0,6078.0,9138.0,11592.0,70.66289999999992,227.4083999999995,387.82199999999955,512.9759999999998,XICXUE
