f-sbu-chi-0,f-sbu-chi-1,f-sbu-chi-2,f-sbu-chi-3,f-sbu-Z-0,f-sbu-Z-1,f-sbu-Z-2,f-sbu-Z-3,f-sbu-I-0,f-sbu-I-1,f-sbu-I-2,f-sbu-I-3,f-sbu-T-0,f-sbu-T-1,f-sbu-T-2,f-sbu-T-3,f-sbu-S-0,f-sbu-S-1,f-sbu-S-2,f-sbu-S-3,mc-chi-0,mc-chi-1,mc-chi-2,mc-chi-3,mc-Z-0,mc-Z-1,mc-Z-2,mc-Z-3,mc-I-0,mc-I-1,mc-I-2,mc-I-3,mc-T-0,mc-T-1,mc-T-2,mc-T-3,mc-S-0,mc-S-1,mc-S-2,mc-S-3,D_mc-chi-0,D_mc-chi-1,D_mc-chi-2,D_mc-chi-3,D_mc-Z-0,D_mc-Z-1,D_mc-Z-2,D_mc-Z-3,D_mc-I-0,D_mc-I-1,D_mc-I-2,D_mc-I-3,D_mc-T-0,D_mc-T-1,D_mc-T-2,D_mc-T-3,D_mc-S-0,D_mc-S-1,D_mc-S-2,D_mc-S-3,name
437.55159999999995,841.3567999999996,1872.7514000000015,2678.131200000001,10648.0,19936.0,39140.0,39552.0,55.0,120.0,232.0,348.0,392.0,1232.0,1784.0,1864.0,38.944,95.0704,172.41519999999997,241.2887999999999,4.105974999999999,33.37624,31.236139999999995,91.92772,1225.0,1282.4,3483.2,2962.4,1.0,5.1,6.8,16.6,27.0,71.6,139.2,187.6,1.6622349999999995,4.781450000000001,8.06586,13.61691,0.0,-6.473000000000001,-2.8159999999999985,-13.461000000000002,0.0,129.4,96.8,438.2,0.0,0.0,0.0,0.0,0.0,14.1,13.2,54.8,0.0,2.7099999999999995,1.9359999999999993,10.069,MOOFOUR-1-Ni
433.9034999999999,768.6239999999995,1771.024800000001,2599.286400000001,9864.0,17472.0,30180.0,36864.0,54.0,108.0,210.0,336.0,318.0,864.0,1314.0,1584.0,37.47990000000001,84.27720000000002,147.90060000000003,230.6891999999999,4.105974999999999,33.37624,31.236139999999995,91.92772,1225.0,1282.4,3483.2,2962.4,1.0,5.1,6.8,16.6,27.0,71.6,139.2,187.6,1.6622349999999995,4.781450000000001,8.06586,13.61691,0.0,-6.473000000000001,-2.8159999999999985,-13.461000000000002,0.0,129.4,96.8,438.2,0.0,0.0,0.0,0.0,0.0,14.1,13.2,54.8,0.0,2.7099999999999995,1.9359999999999993,10.069,MOOFOUR-1-Ni
437.5515999999999,841.3567999999996,1872.7514000000012,2678.1312000000003,10648.0,19936.0,39140.0,39552.0,55.0,120.0,232.0,348.0,392.0,1232.0,1784.0,1864.0,38.943999999999996,95.07039999999999,172.4152,241.28879999999992,4.105974999999999,33.37624,31.236139999999995,91.92772,1225.0,1282.4,3483.2,2962.4,1.0,5.1,6.8,16.6,27.0,71.6,139.2,187.6,1.6622349999999995,4.781450000000001,8.06586,13.61691,0.0,-6.473000000000001,-2.8159999999999985,-13.461000000000002,0.0,129.4,96.8,438.2,0.0,0.0,0.0,0.0,0.0,14.1,13.2,54.8,0.0,2.7099999999999995,1.9359999999999993,10.069,MOOFOUR-1-Ni
