f-link-chi-0,f-link-chi-1,f-link-chi-2,f-link-chi-3,f-link-Z-0,f-link-Z-1,f-link-Z-2,f-link-Z-3,f-link-I-0,f-link-I-1,f-link-I-2,f-link-I-3,f-link-T-0,f-link-T-1,f-link-T-2,f-link-T-3,f-link-S-0,f-link-S-1,f-link-S-2,f-link-S-3,name
218.44640000000004,486.5824000000002,786.7079999999999,872.299,788.0,1876.0,2712.0,2788.0,36.0,76.0,128.0,138.0,204.0,496.0,688.0,770.0,13.926800000000005,34.959600000000016,52.257600000000025,57.39619999999997,DUKYIT
218.4464,486.5824000000002,786.7079999999999,872.2990000000001,788.0,1876.0,2712.0,2788.0,36.0,76.0,128.0,138.0,204.0,496.0,688.0,770.0,13.926800000000005,34.95960000000001,52.25760000000003,57.39619999999997,DUKYIT
218.44640000000004,486.5824000000002,786.708,872.2989999999999,788.0,1876.0,2712.0,2788.0,36.0,76.0,128.0,138.0,204.0,496.0,688.0,770.0,13.926800000000005,34.959600000000016,52.25760000000003,57.39619999999998,DUKYIT
218.44640000000004,486.5824000000002,786.708,872.2989999999999,788.0,1876.0,2712.0,2788.0,36.0,76.0,128.0,138.0,204.0,496.0,688.0,770.0,13.926800000000005,34.959600000000016,52.25760000000003,57.39619999999998,DUKYIT
