f-sbu-chi-0,f-sbu-chi-1,f-sbu-chi-2,f-sbu-chi-3,f-sbu-Z-0,f-sbu-Z-1,f-sbu-Z-2,f-sbu-Z-3,f-sbu-I-0,f-sbu-I-1,f-sbu-I-2,f-sbu-I-3,f-sbu-T-0,f-sbu-T-1,f-sbu-T-2,f-sbu-T-3,f-sbu-S-0,f-sbu-S-1,f-sbu-S-2,f-sbu-S-3,mc-chi-0,mc-chi-1,mc-chi-2,mc-chi-3,mc-Z-0,mc-Z-1,mc-Z-2,mc-Z-3,mc-I-0,mc-I-1,mc-I-2,mc-I-3,mc-T-0,mc-T-1,mc-T-2,mc-T-3,mc-S-0,mc-S-1,mc-S-2,mc-S-3,D_mc-chi-0,D_mc-chi-1,D_mc-chi-2,D_mc-chi-3,D_mc-Z-0,D_mc-Z-1,D_mc-Z-2,D_mc-Z-3,D_mc-I-0,D_mc-I-1,D_mc-I-2,D_mc-I-3,D_mc-T-0,D_mc-T-1,D_mc-T-2,D_mc-T-3,D_mc-S-0,D_mc-S-1,D_mc-S-2,D_mc-S-3,name
133.02159999999998,289.4080000000001,513.9775999999999,729.6872000000001,2138.0,4088.0,7464.0,7530.0,18.0,40.0,72.0,98.0,112.0,312.0,520.0,464.0,12.418400000000002,28.86000000000001,53.383199999999995,64.6616,3.5343999999999998,22.860799999999998,42.0368,61.06239999999998,729.0,756.0,1404.0,2673.0,1.0,4.0,8.0,13.0,16.0,48.0,96.0,176.0,1.5876000000000001,3.7800000000000002,7.660800000000001,13.23,0.0,-4.640000000000001,-7.32,-8.04,0.0,80.0,164.0,252.0,0.0,0.0,0.0,0.0,0.0,4.0,8.0,8.0,0.0,2.04,4.0,5.880000000000002,DUKYIT
133.0216,289.408,513.9776,729.6872000000001,2138.0,4088.0,7464.0,7530.0,18.0,40.0,72.0,98.0,112.0,312.0,520.0,464.0,12.418400000000002,28.86000000000001,53.3832,64.66160000000002,3.5343999999999998,22.860799999999998,42.0368,61.06239999999998,729.0,756.0,1404.0,2673.0,1.0,4.0,8.0,13.0,16.0,48.0,96.0,176.0,1.5876000000000001,3.7800000000000002,7.660800000000001,13.23,0.0,-4.640000000000001,-7.32,-8.04,0.0,80.0,164.0,252.0,0.0,0.0,0.0,0.0,0.0,4.0,8.0,8.0,0.0,2.04,4.0,5.880000000000002,DUKYIT
