f-chi-0-all,f-chi-1-all,f-chi-2-all,f-chi-3-all,f-Z-0-all,f-Z-1-all,f-Z-2-all,f-Z-3-all,f-I-0-all,f-I-1-all,f-I-2-all,f-I-3-all,f-T-0-all,f-T-1-all,f-T-2-all,f-T-3-all,f-S-0-all,f-S-1-all,f-S-2-all,f-S-3-all,mc-chi-0-all,mc-chi-1-all,mc-chi-2-all,mc-chi-3-all,mc-Z-0-all,mc-Z-1-all,mc-Z-2-all,mc-Z-3-all,mc-I-0-all,mc-I-1-all,mc-I-2-all,mc-I-3-all,mc-T-0-all,mc-T-1-all,mc-T-2-all,mc-T-3-all,mc-S-0-all,mc-S-1-all,mc-S-2-all,mc-S-3-all,D_mc-chi-0-all,D_mc-chi-1-all,D_mc-chi-2-all,D_mc-chi-3-all,D_mc-Z-0-all,D_mc-Z-1-all,D_mc-Z-2-all,D_mc-Z-3-all,D_mc-I-0-all,D_mc-I-1-all,D_mc-I-2-all,D_mc-I-3-all,D_mc-T-0-all,D_mc-T-1-all,D_mc-T-2-all,D_mc-T-3-all,D_mc-S-0-all,D_mc-S-1-all,D_mc-S-2-all,D_mc-S-3-all,name
409.7985999999998,854.8240000000003,2778.9637999999995,2876.9279999999994,5848.0,16236.0,30890.0,40968.0,46.0,132.0,304.0,404.0,496.0,1776.0,3172.0,3928.0,32.83660000000004,103.23240000000008,200.41519999999997,286.6307999999999,2.4025000000000003,33.62466666666666,24.335000000000008,86.9395,625.0,1158.3333333333333,2525.0,3200.0,1.0,6.666666666666667,7.333333333333333,17.666666666666668,44.666666666666664,125.33333333333333,224.66666666666666,303.0,1.9320999999999995,6.264266666666667,10.434266666666664,17.833699999999997,0.0,-11.36,-4.333333333333333,-28.706666666666663,0.0,120.33333333333333,82.33333333333333,313.6666666666667,0.0,0.0,0.0,0.0,0.0,26.0,16.0,74.0,0.0,4.760000000000001,2.686666666666666,11.726666666666668,WITJOA_clean_primitive
409.7985999999998,854.8240000000002,2778.9638,2876.928,5848.0,16236.0,30890.0,40968.0,46.0,132.0,304.0,404.0,496.0,1776.0,3172.0,3928.0,32.83660000000003,103.2324000000001,200.4152,286.6307999999999,2.4025000000000003,33.62466666666666,24.335000000000008,86.9395,625.0,1158.3333333333333,2525.0,3200.0,1.0,6.666666666666667,7.333333333333333,17.666666666666668,44.666666666666664,125.33333333333333,224.66666666666666,303.0,1.9320999999999995,6.264266666666667,10.434266666666664,17.833699999999997,0.0,-11.36,-4.333333333333333,-28.706666666666663,0.0,120.33333333333333,82.33333333333333,313.6666666666667,0.0,0.0,0.0,0.0,0.0,26.0,16.0,74.0,0.0,4.760000000000001,2.686666666666666,11.726666666666668,WITJOA_clean_primitive
