f-chi-0-all,f-chi-1-all,f-chi-2-all,f-chi-3-all,f-Z-0-all,f-Z-1-all,f-Z-2-all,f-Z-3-all,f-I-0-all,f-I-1-all,f-I-2-all,f-I-3-all,f-T-0-all,f-T-1-all,f-T-2-all,f-T-3-all,f-S-0-all,f-S-1-all,f-S-2-all,f-S-3-all,mc-chi-0-all,mc-chi-1-all,mc-chi-2-all,mc-chi-3-all,mc-Z-0-all,mc-Z-1-all,mc-Z-2-all,mc-Z-3-all,mc-I-0-all,mc-I-1-all,mc-I-2-all,mc-I-3-all,mc-T-0-all,mc-T-1-all,mc-T-2-all,mc-T-3-all,mc-S-0-all,mc-S-1-all,mc-S-2-all,mc-S-3-all,D_mc-chi-0-all,D_mc-chi-1-all,D_mc-chi-2-all,D_mc-chi-3-all,D_mc-Z-0-all,D_mc-Z-1-all,D_mc-Z-2-all,D_mc-Z-3-all,D_mc-I-0-all,D_mc-I-1-all,D_mc-I-2-all,D_mc-I-3-all,D_mc-T-0-all,D_mc-T-1-all,D_mc-T-2-all,D_mc-T-3-all,D_mc-S-0-all,D_mc-S-1-all,D_mc-S-2-all,D_mc-S-3-all,name
376.45139999999986,719.6479999999995,1628.971999999999,1787.4240000000004,5718.0,13504.0,19880.0,22080.0,42.0,104.0,176.0,232.0,296.0,808.0,1204.0,1416.0,31.49700000000002,83.804,130.7792000000001,162.99439999999998,2.4025000000000003,24.882666666666665,19.013333333333335,47.802,625.0,933.3333333333334,1433.3333333333333,1800.0,1.0,4.666666666666667,5.333333333333333,10.0,22.0,50.0,82.66666666666667,114.0,1.9321,4.735266666666666,6.857333333333332,10.369399999999997,0.0,-8.82,-3.9999999999999996,-15.340000000000002,0.0,79.33333333333333,76.0,178.0,0.0,0.0,0.0,0.0,0.0,11.333333333333334,6.666666666666667,21.333333333333332,0.0,3.08,2.48,6.44,YINCOP_clean_primitive
