f-chi-0-all,f-chi-1-all,f-chi-2-all,f-chi-3-all,f-Z-0-all,f-Z-1-all,f-Z-2-all,f-Z-3-all,f-I-0-all,f-I-1-all,f-I-2-all,f-I-3-all,f-T-0-all,f-T-1-all,f-T-2-all,f-T-3-all,f-S-0-all,f-S-1-all,f-S-2-all,f-S-3-all,mc-chi-0-all,mc-chi-1-all,mc-chi-2-all,mc-chi-3-all,mc-Z-0-all,mc-Z-1-all,mc-Z-2-all,mc-Z-3-all,mc-I-0-all,mc-I-1-all,mc-I-2-all,mc-I-3-all,mc-T-0-all,mc-T-1-all,mc-T-2-all,mc-T-3-all,mc-S-0-all,mc-S-1-all,mc-S-2-all,mc-S-3-all,D_mc-chi-0-all,D_mc-chi-1-all,D_mc-chi-2-all,D_mc-chi-3-all,D_mc-Z-0-all,D_mc-Z-1-all,D_mc-Z-2-all,D_mc-Z-3-all,D_mc-I-0-all,D_mc-I-1-all,D_mc-I-2-all,D_mc-I-3-all,D_mc-T-0-all,D_mc-T-1-all,D_mc-T-2-all,D_mc-T-3-all,D_mc-S-0-all,D_mc-S-1-all,D_mc-S-2-all,D_mc-S-3-all,name
651.0490000000005,1245.8220000000008,5946.0644,5838.866999999997,27310.0,61224.0,108668.0,117672.0,72.0,208.0,600.0,782.0,940.0,3488.0,6018.0,7424.0,53.66579999999997,195.15159999999992,411.22999999999996,565.3158000000004,1.4399999999999997,38.836000000000006,23.279999999999998,81.28000000000002,3969.0,4746.0,10458.0,9786.0,1.0,9.666666666666666,8.666666666666666,22.0,93.66666666666667,246.0,389.6666666666667,545.0,2.8223999999999996,11.922399999999998,14.268799999999999,27.115200000000005,0.0,-20.76333333333334,-8.999999999999998,-41.33333333333335,0.0,533.6666666666666,380.0,1230.6666666666667,0.0,0.0,0.0,0.0,0.0,68.33333333333333,43.333333333333336,156.66666666666666,0.0,9.143333333333334,6.066666666666666,20.819999999999993,MAKFIQ_clean_primitive
