f-lig-chi-0,f-lig-chi-1,f-lig-chi-2,f-lig-chi-3,f-lig-Z-0,f-lig-Z-1,f-lig-Z-2,f-lig-Z-3,f-lig-I-0,f-lig-I-1,f-lig-I-2,f-lig-I-3,f-lig-T-0,f-lig-T-1,f-lig-T-2,f-lig-T-3,f-lig-S-0,f-lig-S-1,f-lig-S-2,f-lig-S-3,name
143.014,279.5436000000001,414.1868000000001,443.30100000000004,696.0,1374.0,1958.0,1844.0,18.0,38.0,56.0,62.0,94.0,228.0,314.0,298.0,8.9738,20.2226,28.772800000000007,28.935000000000002,DUTKAG_clean_primitive
143.014,279.5436,414.1868000000001,443.30100000000004,696.0,1374.0,1958.0,1844.0,18.0,38.0,56.0,62.0,94.0,228.0,314.0,298.0,8.9738,20.222600000000007,28.7728,28.935,DUTKAG_clean_primitive
143.014,279.5436,414.1868000000001,443.30100000000004,696.0,1374.0,1958.0,1844.0,18.0,38.0,56.0,62.0,94.0,228.0,314.0,298.0,8.9738,20.222600000000007,28.7728,28.935,DUTKAG_clean_primitive
115.57820000000004,266.6790000000002,524.2859999999998,642.4652000000001,326.0,864.0,1260.0,1010.0,20.0,42.0,84.0,110.0,126.0,336.0,516.0,498.0,6.325199999999998,17.325000000000003,29.18520000000001,31.86059999999998,DUTKAG_clean_primitive
