f-chi-0-all,f-chi-1-all,f-chi-2-all,f-chi-3-all,f-Z-0-all,f-Z-1-all,f-Z-2-all,f-Z-3-all,f-I-0-all,f-I-1-all,f-I-2-all,f-I-3-all,f-T-0-all,f-T-1-all,f-T-2-all,f-T-3-all,f-S-0-all,f-S-1-all,f-S-2-all,f-S-3-all,mc-chi-0-all,mc-chi-1-all,mc-chi-2-all,mc-chi-3-all,mc-Z-0-all,mc-Z-1-all,mc-Z-2-all,mc-Z-3-all,mc-I-0-all,mc-I-1-all,mc-I-2-all,mc-I-3-all,mc-T-0-all,mc-T-1-all,mc-T-2-all,mc-T-3-all,mc-S-0-all,mc-S-1-all,mc-S-2-all,mc-S-3-all,D_mc-chi-0-all,D_mc-chi-1-all,D_mc-chi-2-all,D_mc-chi-3-all,D_mc-Z-0-all,D_mc-Z-1-all,D_mc-Z-2-all,D_mc-Z-3-all,D_mc-I-0-all,D_mc-I-1-all,D_mc-I-2-all,D_mc-I-3-all,D_mc-T-0-all,D_mc-T-1-all,D_mc-T-2-all,D_mc-T-3-all,D_mc-S-0-all,D_mc-S-1-all,D_mc-S-2-all,D_mc-S-3-all,name
356.2141999999999,619.9659999999997,2269.872800000001,2234.3779999999983,21512.0,33056.0,57848.0,52144.0,40.0,104.0,236.0,304.0,388.0,1280.0,1968.0,2316.0,31.584400000000027,96.87200000000001,171.8853999999999,223.63479999999998,1.2100000000000002,24.106500000000004,14.83625,44.263999999999996,4900.0,3570.0,8120.0,6580.0,1.0,6.5,6.0,13.25,45.0,109.0,157.0,225.75,2.89,8.100499999999998,9.83025,16.851249999999997,0.0,-14.765,-6.8874999999999975,-25.665,0.0,404.0,304.0,833.5,0.0,0.0,0.0,0.0,0.0,29.5,18.0,56.5,0.0,6.285,4.4174999999999995,12.612499999999997,KIPKAX_clean_primitive
166.27349999999998,277.303,797.1883999999999,774.8699999999999,10692.0,14192.0,21392.0,14760.0,19.0,46.0,86.0,102.0,150.0,448.0,584.0,566.0,15.259299999999998,42.34780000000001,64.86379999999998,71.2946,1.2100000000000002,24.106500000000004,14.83625,44.263999999999996,4900.0,3570.0,8120.0,6580.0,1.0,6.5,6.0,13.25,45.0,109.0,157.0,225.75,2.89,8.100499999999998,9.83025,16.851249999999997,0.0,-14.765,-6.8874999999999975,-25.665,0.0,404.0,304.0,833.5,0.0,0.0,0.0,0.0,0.0,29.5,18.0,56.5,0.0,6.285,4.4174999999999995,12.612499999999997,KIPKAX_clean_primitive
166.27349999999998,277.303,797.1884,774.8699999999999,10692.0,14192.0,21392.0,14760.0,19.0,46.0,86.0,102.0,150.0,448.0,584.0,566.0,15.259299999999998,42.34780000000001,64.86379999999998,71.2946,1.2100000000000002,24.106500000000004,14.83625,44.263999999999996,4900.0,3570.0,8120.0,6580.0,1.0,6.5,6.0,13.25,45.0,109.0,157.0,225.75,2.89,8.100499999999998,9.83025,16.851249999999997,0.0,-14.765,-6.8874999999999975,-25.665,0.0,404.0,304.0,833.5,0.0,0.0,0.0,0.0,0.0,29.5,18.0,56.5,0.0,6.285,4.4174999999999995,12.612499999999997,KIPKAX_clean_primitive
