f-link-chi-0,f-link-chi-1,f-link-chi-2,f-link-chi-3,f-link-Z-0,f-link-Z-1,f-link-Z-2,f-link-Z-3,f-link-I-0,f-link-I-1,f-link-I-2,f-link-I-3,f-link-T-0,f-link-T-1,f-link-T-2,f-link-T-3,f-link-S-0,f-link-S-1,f-link-S-2,f-link-S-3,name
487.2587999999996,1050.447000000001,1717.0808000000006,2258.894000000001,2118.0,4704.0,7280.0,8564.0,74.0,162.0,264.0,360.0,426.0,1098.0,1688.0,2072.0,33.36260000000003,82.00499999999997,128.44879999999995,161.45040000000012,KEQJEX
