f-lig-chi-0,f-lig-chi-1,f-lig-chi-2,f-lig-chi-3,f-lig-Z-0,f-lig-Z-1,f-lig-Z-2,f-lig-Z-3,f-lig-I-0,f-lig-I-1,f-lig-I-2,f-lig-I-3,f-lig-T-0,f-lig-T-1,f-lig-T-2,f-lig-T-3,f-lig-S-0,f-lig-S-1,f-lig-S-2,f-lig-S-3,name
347.6324,806.2080000000003,1323.5311999999997,1549.6218,1834.0,3912.0,5708.0,5388.0,56.0,124.0,204.0,246.0,328.0,836.0,1256.0,1366.0,24.795,62.30840000000002,95.9212,102.71299999999997,NOJBOF_clean_primitive
347.6324000000001,806.2080000000003,1323.5311999999997,1549.6218,1834.0,3912.0,5708.0,5388.0,56.0,124.0,204.0,246.0,328.0,836.0,1256.0,1366.0,24.795,62.30840000000002,95.9212,102.71299999999997,NOJBOF_clean_primitive
169.3738,292.8419999999999,461.9707999999999,539.5289999999998,874.0,1512.0,2336.0,2568.0,20.0,40.0,60.0,74.0,100.0,240.0,332.0,378.0,10.466,21.991200000000003,32.13719999999999,37.961000000000006,NOJBOF_clean_primitive
169.3738,292.8419999999999,461.9707999999999,539.5289999999998,874.0,1512.0,2336.0,2568.0,20.0,40.0,60.0,74.0,100.0,240.0,332.0,378.0,10.466,21.991200000000003,32.1372,37.96100000000001,NOJBOF_clean_primitive
