f-chi-0-all,f-chi-1-all,f-chi-2-all,f-chi-3-all,f-Z-0-all,f-Z-1-all,f-Z-2-all,f-Z-3-all,f-I-0-all,f-I-1-all,f-I-2-all,f-I-3-all,f-T-0-all,f-T-1-all,f-T-2-all,f-T-3-all,f-S-0-all,f-S-1-all,f-S-2-all,f-S-3-all,mc-chi-0-all,mc-chi-1-all,mc-chi-2-all,mc-chi-3-all,mc-Z-0-all,mc-Z-1-all,mc-Z-2-all,mc-Z-3-all,mc-I-0-all,mc-I-1-all,mc-I-2-all,mc-I-3-all,mc-T-0-all,mc-T-1-all,mc-T-2-all,mc-T-3-all,mc-S-0-all,mc-S-1-all,mc-S-2-all,mc-S-3-all,D_mc-chi-0-all,D_mc-chi-1-all,D_mc-chi-2-all,D_mc-chi-3-all,D_mc-Z-0-all,D_mc-Z-1-all,D_mc-Z-2-all,D_mc-Z-3-all,D_mc-I-0-all,D_mc-I-1-all,D_mc-I-2-all,D_mc-I-3-all,D_mc-T-0-all,D_mc-T-1-all,D_mc-T-2-all,D_mc-T-3-all,D_mc-S-0-all,D_mc-S-1-all,D_mc-S-2-all,D_mc-S-3-all,name
426.1882999999998,826.2880000000001,2511.574000000001,2756.815999999997,6599.0,17504.0,34960.0,47200.0,47.0,124.0,266.0,388.0,398.0,1208.0,2344.0,3256.0,35.56070000000004,104.09800000000008,203.27700000000002,303.18360000000007,2.4025000000000003,28.945142857142862,22.917857142857144,86.2818571428571,625.0,1085.7142857142858,2700.0,3242.8571428571427,1.0,5.428571428571429,7.142857142857143,17.142857142857142,29.714285714285715,72.0,163.42857142857142,224.57142857142858,1.9320999999999995,5.508371428571428,10.599742857142855,17.601371428571422,0.0,-10.260000000000002,-3.714285714285714,-29.094285714285718,0.0,92.28571428571429,70.57142857142857,298.85714285714283,0.0,0.0,0.0,0.0,0.0,16.571428571428573,8.857142857142858,52.57142857142857,0.0,3.5828571428571427,2.302857142857143,11.165714285714289,WITJUG_clean_primitive
426.1882999999998,826.2880000000001,2511.574,2756.815999999998,6599.0,17504.0,34960.0,47200.0,47.0,124.0,266.0,388.0,398.0,1208.0,2344.0,3256.0,35.560700000000026,104.09800000000008,203.277,303.1836,2.4025000000000003,28.945142857142862,22.917857142857144,86.2818571428571,625.0,1085.7142857142858,2700.0,3242.8571428571427,1.0,5.428571428571429,7.142857142857143,17.142857142857142,29.714285714285715,72.0,163.42857142857142,224.57142857142858,1.9320999999999995,5.508371428571428,10.599742857142855,17.601371428571422,0.0,-10.260000000000002,-3.714285714285714,-29.094285714285718,0.0,92.28571428571429,70.57142857142857,298.85714285714283,0.0,0.0,0.0,0.0,0.0,16.571428571428573,8.857142857142858,52.57142857142857,0.0,3.5828571428571427,2.302857142857143,11.165714285714289,WITJUG_clean_primitive
