f-lig-chi-0,f-lig-chi-1,f-lig-chi-2,f-lig-chi-3,f-lig-Z-0,f-lig-Z-1,f-lig-Z-2,f-lig-Z-3,f-lig-I-0,f-lig-I-1,f-lig-I-2,f-lig-I-3,f-lig-T-0,f-lig-T-1,f-lig-T-2,f-lig-T-3,f-lig-S-0,f-lig-S-1,f-lig-S-2,f-lig-S-3,name
71.1478,148.77960000000002,215.5074,149.3268,527.0,774.0,1114.0,886.0,10.0,20.0,30.0,22.0,50.0,112.0,130.0,78.0,4.886899999999999,10.1202,13.572199999999999,10.3152,PATNAB_clean_primitive
71.1478,148.77960000000002,215.5074,149.3268,527.0,774.0,1114.0,886.0,10.0,20.0,30.0,22.0,50.0,112.0,130.0,78.0,4.886899999999999,10.1202,13.572199999999999,10.3152,PATNAB_clean_primitive
71.1478,148.7796,215.50739999999996,149.3268,527.0,774.0,1114.0,886.0,10.0,20.0,30.0,22.0,50.0,112.0,130.0,78.0,4.8869,10.1202,13.572200000000002,10.3152,PATNAB_clean_primitive
71.1478,148.7796,215.50740000000002,149.3268,527.0,774.0,1114.0,886.0,10.0,20.0,30.0,22.0,50.0,112.0,130.0,78.0,4.8869,10.1202,13.572200000000002,10.3152,PATNAB_clean_primitive
71.1478,148.77960000000002,215.5074,149.3268,527.0,774.0,1114.0,886.0,10.0,20.0,30.0,22.0,50.0,112.0,130.0,78.0,4.8869,10.1202,13.572199999999999,10.3152,PATNAB_clean_primitive
71.1478,148.77960000000002,215.5074,149.32680000000002,527.0,774.0,1114.0,886.0,10.0,20.0,30.0,22.0,50.0,112.0,130.0,78.0,4.8869,10.1202,13.5722,10.3152,PATNAB_clean_primitive
71.1478,148.77960000000002,215.5074,149.3268,527.0,774.0,1114.0,886.0,10.0,20.0,30.0,22.0,50.0,112.0,130.0,78.0,4.8869,10.120199999999999,13.572199999999999,10.3152,PATNAB_clean_primitive
71.1478,148.77960000000002,215.5074,149.3268,527.0,774.0,1114.0,886.0,10.0,20.0,30.0,22.0,50.0,112.0,130.0,78.0,4.8869,10.1202,13.572199999999999,10.3152,PATNAB_clean_primitive
