f-lig-chi-0,f-lig-chi-1,f-lig-chi-2,f-lig-chi-3,f-lig-Z-0,f-lig-Z-1,f-lig-Z-2,f-lig-Z-3,f-lig-I-0,f-lig-I-1,f-lig-I-2,f-lig-I-3,f-lig-T-0,f-lig-T-1,f-lig-T-2,f-lig-T-3,f-lig-S-0,f-lig-S-1,f-lig-S-2,f-lig-S-3,name
147.4137,326.1364000000001,485.18780000000015,453.88620000000003,672.0,1528.0,2114.0,1740.0,21.0,46.0,68.0,66.0,114.0,274.0,368.0,312.0,9.958100000000004,23.763800000000003,33.469199999999994,29.025400000000005,MUTDIQ_clean_primitive
147.4137,326.1364000000001,485.18780000000015,453.88620000000003,672.0,1528.0,2114.0,1740.0,21.0,46.0,68.0,66.0,114.0,274.0,368.0,312.0,9.958100000000004,23.763800000000003,33.469199999999994,29.025400000000005,MUTDIQ_clean_primitive
147.4137,326.13640000000015,485.1878000000001,453.88620000000003,672.0,1528.0,2114.0,1740.0,21.0,46.0,68.0,66.0,114.0,274.0,368.0,312.0,9.958100000000005,23.763800000000003,33.46920000000001,29.02540000000001,MUTDIQ_clean_primitive
147.4137,326.13640000000015,485.1878000000001,453.88620000000003,672.0,1528.0,2114.0,1740.0,21.0,46.0,68.0,66.0,114.0,274.0,368.0,312.0,9.958100000000005,23.763800000000003,33.46920000000001,29.02540000000001,MUTDIQ_clean_primitive
147.4137,326.13640000000015,485.1878000000001,453.8862,672.0,1528.0,2114.0,1740.0,21.0,46.0,68.0,66.0,114.0,274.0,368.0,312.0,9.958100000000005,23.76380000000001,33.46920000000001,29.025400000000005,MUTDIQ_clean_primitive
147.4137,326.13640000000015,485.1878000000001,453.8862,672.0,1528.0,2114.0,1740.0,21.0,46.0,68.0,66.0,114.0,274.0,368.0,312.0,9.958100000000005,23.763800000000014,33.46920000000001,29.025400000000005,MUTDIQ_clean_primitive
147.4137,326.1364000000001,485.1878000000001,453.8862,672.0,1528.0,2114.0,1740.0,21.0,46.0,68.0,66.0,114.0,274.0,368.0,312.0,9.958100000000005,23.763800000000003,33.4692,29.025400000000005,MUTDIQ_clean_primitive
147.41369999999998,326.1364000000001,485.1878000000001,453.8862,672.0,1528.0,2114.0,1740.0,21.0,46.0,68.0,66.0,114.0,274.0,368.0,312.0,9.958100000000005,23.763800000000003,33.4692,29.025400000000005,MUTDIQ_clean_primitive
