f-chi-0-all,f-chi-1-all,f-chi-2-all,f-chi-3-all,f-Z-0-all,f-Z-1-all,f-Z-2-all,f-Z-3-all,f-I-0-all,f-I-1-all,f-I-2-all,f-I-3-all,f-T-0-all,f-T-1-all,f-T-2-all,f-T-3-all,f-S-0-all,f-S-1-all,f-S-2-all,f-S-3-all,mc-chi-0-all,mc-chi-1-all,mc-chi-2-all,mc-chi-3-all,mc-Z-0-all,mc-Z-1-all,mc-Z-2-all,mc-Z-3-all,mc-I-0-all,mc-I-1-all,mc-I-2-all,mc-I-3-all,mc-T-0-all,mc-T-1-all,mc-T-2-all,mc-T-3-all,mc-S-0-all,mc-S-1-all,mc-S-2-all,mc-S-3-all,D_mc-chi-0-all,D_mc-chi-1-all,D_mc-chi-2-all,D_mc-chi-3-all,D_mc-Z-0-all,D_mc-Z-1-all,D_mc-Z-2-all,D_mc-Z-3-all,D_mc-I-0-all,D_mc-I-1-all,D_mc-I-2-all,D_mc-I-3-all,D_mc-T-0-all,D_mc-T-1-all,D_mc-T-2-all,D_mc-T-3-all,D_mc-S-0-all,D_mc-S-1-all,D_mc-S-2-all,D_mc-S-3-all,name
1985.4913999999958,4600.828800000003,11714.409600000012,14359.564800000013,55802.0,98208.0,166192.0,222864.0,242.0,688.0,1416.0,2032.0,2168.0,6560.0,12520.0,16944.0,195.239400000001,555.2127999999997,1090.2344,1557.422399999998,2.2752999999999997,22.767247058823525,24.54070588235293,58.23275294117644,1335.8235294117646,1198.5882352941176,2281.8823529411766,2458.5882352941176,1.0,4.470588235294118,7.0588235294117645,13.411764705882353,20.705882352941178,56.23529411764706,115.05882352941177,148.23529411764707,2.2988999999999997,4.9254588235294126,10.006870588235293,13.426141176470587,0.0,-8.468235294117651,-4.964705882352941,-20.45176470588235,0.0,116.23529411764706,133.1764705882353,320.47058823529414,0.0,0.0,0.0,0.0,0.0,8.470588235294118,7.294117647058823,26.352941176470587,0.0,3.4564705882352964,3.637647058823529,11.181176470588241,QUBWIU_clean_primitive
