f-chi-0-all,f-chi-1-all,f-chi-2-all,f-chi-3-all,f-Z-0-all,f-Z-1-all,f-Z-2-all,f-Z-3-all,f-I-0-all,f-I-1-all,f-I-2-all,f-I-3-all,f-T-0-all,f-T-1-all,f-T-2-all,f-T-3-all,f-S-0-all,f-S-1-all,f-S-2-all,f-S-3-all,mc-chi-0-all,mc-chi-1-all,mc-chi-2-all,mc-chi-3-all,mc-Z-0-all,mc-Z-1-all,mc-Z-2-all,mc-Z-3-all,mc-I-0-all,mc-I-1-all,mc-I-2-all,mc-I-3-all,mc-T-0-all,mc-T-1-all,mc-T-2-all,mc-T-3-all,mc-S-0-all,mc-S-1-all,mc-S-2-all,mc-S-3-all,D_mc-chi-0-all,D_mc-chi-1-all,D_mc-chi-2-all,D_mc-chi-3-all,D_mc-Z-0-all,D_mc-Z-1-all,D_mc-Z-2-all,D_mc-Z-3-all,D_mc-I-0-all,D_mc-I-1-all,D_mc-I-2-all,D_mc-I-3-all,D_mc-T-0-all,D_mc-T-1-all,D_mc-T-2-all,D_mc-T-3-all,D_mc-S-0-all,D_mc-S-1-all,D_mc-S-2-all,D_mc-S-3-all,name
205.41179999999997,353.4079999999999,1173.2383999999997,1415.1119999999996,9242.0,14624.0,14818.0,18792.0,23.0,56.0,124.0,180.0,186.0,530.0,764.0,960.0,16.471099999999996,47.897600000000004,80.76039999999998,110.46600000000004,1.44,28.152,19.679999999999996,43.128,4096.0,3360.0,2336.0,5376.0,1.0,7.0,6.5,12.0,50.0,104.0,130.0,210.0,2.8560999999999996,8.3317,8.120449999999998,15.209999999999999,0.0,-15.059999999999999,-8.6,-21.540000000000006,0.0,395.5,379.5,684.0,0.0,0.0,0.0,0.0,0.0,35.5,27.5,54.0,0.0,6.899999999999999,6.18,11.279999999999998,WENKOR_clean_primitive
205.41179999999997,353.4079999999999,1173.2383999999995,1415.1119999999994,9242.0,14624.0,14818.0,18792.0,23.0,56.0,124.0,180.0,186.0,530.0,764.0,960.0,16.471099999999996,47.897600000000004,80.76039999999998,110.46600000000004,1.44,28.152,19.679999999999996,43.128,4096.0,3360.0,2336.0,5376.0,1.0,7.0,6.5,12.0,50.0,104.0,130.0,210.0,2.8560999999999996,8.3317,8.120449999999998,15.209999999999999,0.0,-15.059999999999999,-8.6,-21.540000000000006,0.0,395.5,379.5,684.0,0.0,0.0,0.0,0.0,0.0,35.5,27.5,54.0,0.0,6.899999999999999,6.18,11.279999999999998,WENKOR_clean_primitive
