f-chi-0-all,f-chi-1-all,f-chi-2-all,f-chi-3-all,f-Z-0-all,f-Z-1-all,f-Z-2-all,f-Z-3-all,f-I-0-all,f-I-1-all,f-I-2-all,f-I-3-all,f-T-0-all,f-T-1-all,f-T-2-all,f-T-3-all,f-S-0-all,f-S-1-all,f-S-2-all,f-S-3-all,mc-chi-0-all,mc-chi-1-all,mc-chi-2-all,mc-chi-3-all,mc-Z-0-all,mc-Z-1-all,mc-Z-2-all,mc-Z-3-all,mc-I-0-all,mc-I-1-all,mc-I-2-all,mc-I-3-all,mc-T-0-all,mc-T-1-all,mc-T-2-all,mc-T-3-all,mc-S-0-all,mc-S-1-all,mc-S-2-all,mc-S-3-all,D_mc-chi-0-all,D_mc-chi-1-all,D_mc-chi-2-all,D_mc-chi-3-all,D_mc-Z-0-all,D_mc-Z-1-all,D_mc-Z-2-all,D_mc-Z-3-all,D_mc-I-0-all,D_mc-I-1-all,D_mc-I-2-all,D_mc-I-3-all,D_mc-T-0-all,D_mc-T-1-all,D_mc-T-2-all,D_mc-T-3-all,D_mc-S-0-all,D_mc-S-1-all,D_mc-S-2-all,D_mc-S-3-all,name
255.6088999999999,505.3359999999997,1235.3973999999996,1345.1087999999997,4283.0,10064.0,17784.0,20528.0,28.0,68.0,128.0,172.0,200.0,564.0,960.0,1160.0,19.496500000000008,52.16580000000004,90.39359999999998,121.63260000000005,3.5912499999999996,32.594,25.890324999999997,78.841475,756.5,1100.0,2468.0,2667.5,1.0,5.0,6.0,13.0,25.0,57.5,115.0,147.5,1.5258500000000002,4.50775,7.141075000000001,11.89305,0.0,-7.725,-2.2924999999999995,-16.97,0.0,97.5,75.25,260.5,0.0,0.0,0.0,0.0,0.0,13.5,7.0,35.5,0.0,2.525,1.6274999999999997,6.425000000000002,GEGGUW_clean_primitive
255.83629999999988,507.39999999999986,1237.0761999999995,1347.9984,4393.0,10224.0,18100.0,20752.0,28.0,68.0,128.0,172.0,200.0,564.0,960.0,1160.0,19.24950000000001,51.4358,89.28359999999998,120.61060000000002,3.5912499999999996,32.594,25.890324999999997,78.841475,756.5,1100.0,2468.0,2667.5,1.0,5.0,6.0,13.0,25.0,57.5,115.0,147.5,1.5258500000000002,4.50775,7.141075000000001,11.89305,0.0,-7.725,-2.2924999999999995,-16.97,0.0,97.5,75.25,260.5,0.0,0.0,0.0,0.0,0.0,13.5,7.0,35.5,0.0,2.525,1.6274999999999997,6.425000000000002,GEGGUW_clean_primitive
