f-chi-0-all,f-chi-1-all,f-chi-2-all,f-chi-3-all,f-Z-0-all,f-Z-1-all,f-Z-2-all,f-Z-3-all,f-I-0-all,f-I-1-all,f-I-2-all,f-I-3-all,f-T-0-all,f-T-1-all,f-T-2-all,f-T-3-all,f-S-0-all,f-S-1-all,f-S-2-all,f-S-3-all,mc-chi-0-all,mc-chi-1-all,mc-chi-2-all,mc-chi-3-all,mc-Z-0-all,mc-Z-1-all,mc-Z-2-all,mc-Z-3-all,mc-I-0-all,mc-I-1-all,mc-I-2-all,mc-I-3-all,mc-T-0-all,mc-T-1-all,mc-T-2-all,mc-T-3-all,mc-S-0-all,mc-S-1-all,mc-S-2-all,mc-S-3-all,D_mc-chi-0-all,D_mc-chi-1-all,D_mc-chi-2-all,D_mc-chi-3-all,D_mc-Z-0-all,D_mc-Z-1-all,D_mc-Z-2-all,D_mc-Z-3-all,D_mc-I-0-all,D_mc-I-1-all,D_mc-I-2-all,D_mc-I-3-all,D_mc-T-0-all,D_mc-T-1-all,D_mc-T-2-all,D_mc-T-3-all,D_mc-S-0-all,D_mc-S-1-all,D_mc-S-2-all,D_mc-S-3-all,name
63.96219999999999,128.22719999999998,143.6796,139.536,2536.0,2478.0,3330.0,756.0,9.0,18.0,22.0,18.0,44.0,102.0,100.0,60.0,6.290400000000001,12.690000000000001,16.788400000000003,10.395000000000001,3.7249,17.601599999999998,24.607499999999995,46.93759999999999,2209.0,987.0,1410.0,2632.0,1.0,3.0,5.0,8.0,9.0,27.0,45.0,72.0,1.6384,2.88,4.928,7.68,0.0,-3.33,-3.0999999999999996,-8.88,0.0,120.0,205.0,320.0,0.0,0.0,0.0,0.0,0.0,0.0,0.0,0.0,0.0,1.59,2.55,4.240000000000001,FAVZEJ_clean_primitive
63.96219999999999,128.2272,143.6796,139.536,2536.0,2478.0,3330.0,756.0,9.0,18.0,22.0,18.0,44.0,102.0,100.0,60.0,6.290400000000001,12.69,16.788400000000003,10.395000000000001,3.7249,17.601599999999998,24.607499999999995,46.93759999999999,2209.0,987.0,1410.0,2632.0,1.0,3.0,5.0,8.0,9.0,27.0,45.0,72.0,1.6384,2.88,4.928,7.68,0.0,-3.33,-3.0999999999999996,-8.88,0.0,120.0,205.0,320.0,0.0,0.0,0.0,0.0,0.0,0.0,0.0,0.0,0.0,1.59,2.55,4.240000000000001,FAVZEJ_clean_primitive
