f-chi-0-all,f-chi-1-all,f-chi-2-all,f-chi-3-all,f-Z-0-all,f-Z-1-all,f-Z-2-all,f-Z-3-all,f-I-0-all,f-I-1-all,f-I-2-all,f-I-3-all,f-T-0-all,f-T-1-all,f-T-2-all,f-T-3-all,f-S-0-all,f-S-1-all,f-S-2-all,f-S-3-all,mc-chi-0-all,mc-chi-1-all,mc-chi-2-all,mc-chi-3-all,mc-Z-0-all,mc-Z-1-all,mc-Z-2-all,mc-Z-3-all,mc-I-0-all,mc-I-1-all,mc-I-2-all,mc-I-3-all,mc-T-0-all,mc-T-1-all,mc-T-2-all,mc-T-3-all,mc-S-0-all,mc-S-1-all,mc-S-2-all,mc-S-3-all,D_mc-chi-0-all,D_mc-chi-1-all,D_mc-chi-2-all,D_mc-chi-3-all,D_mc-Z-0-all,D_mc-Z-1-all,D_mc-Z-2-all,D_mc-Z-3-all,D_mc-I-0-all,D_mc-I-1-all,D_mc-I-2-all,D_mc-I-3-all,D_mc-T-0-all,D_mc-T-1-all,D_mc-T-2-all,D_mc-T-3-all,D_mc-S-0-all,D_mc-S-1-all,D_mc-S-2-all,D_mc-S-3-all,name
250.96759999999992,483.3199999999997,1111.2501999999995,1196.4320000000002,3812.0,9136.0,13798.0,15088.0,28.0,70.0,120.0,156.0,202.0,562.0,868.0,998.0,20.998000000000005,56.5458,89.54,110.3176,2.4025000000000003,25.327,19.413750000000004,49.135000000000005,625.0,950.0,1537.5,1850.0,1.0,4.75,5.5,10.25,22.75,52.75,92.0,126.5,1.9321,4.819825,7.179349999999998,10.623074999999996,0.0,-8.977500000000001,-3.9999999999999996,-15.812500000000002,0.0,80.75,76.0,182.25,0.0,0.0,0.0,0.0,0.0,11.75,7.0,22.5,0.0,3.1350000000000002,2.48,6.605,SEQTEP_clean_primitive
250.96759999999992,483.3199999999997,1111.2501999999997,1196.432,3812.0,9136.0,13798.0,15088.0,28.0,70.0,120.0,156.0,202.0,562.0,868.0,998.0,20.998000000000005,56.54579999999999,89.54000000000002,110.3176,2.4025000000000003,25.327,19.413750000000004,49.135000000000005,625.0,950.0,1537.5,1850.0,1.0,4.75,5.5,10.25,22.75,52.75,92.0,126.5,1.9321,4.819825,7.179349999999998,10.623074999999996,0.0,-8.977500000000001,-3.9999999999999996,-15.812500000000002,0.0,80.75,76.0,182.25,0.0,0.0,0.0,0.0,0.0,11.75,7.0,22.5,0.0,3.1350000000000002,2.48,6.605,SEQTEP_clean_primitive
