f-chi-0-all,f-chi-1-all,f-chi-2-all,f-chi-3-all,f-Z-0-all,f-Z-1-all,f-Z-2-all,f-Z-3-all,f-I-0-all,f-I-1-all,f-I-2-all,f-I-3-all,f-T-0-all,f-T-1-all,f-T-2-all,f-T-3-all,f-S-0-all,f-S-1-all,f-S-2-all,f-S-3-all,mc-chi-0-all,mc-chi-1-all,mc-chi-2-all,mc-chi-3-all,mc-Z-0-all,mc-Z-1-all,mc-Z-2-all,mc-Z-3-all,mc-I-0-all,mc-I-1-all,mc-I-2-all,mc-I-3-all,mc-T-0-all,mc-T-1-all,mc-T-2-all,mc-T-3-all,mc-S-0-all,mc-S-1-all,mc-S-2-all,mc-S-3-all,D_mc-chi-0-all,D_mc-chi-1-all,D_mc-chi-2-all,D_mc-chi-3-all,D_mc-Z-0-all,D_mc-Z-1-all,D_mc-Z-2-all,D_mc-Z-3-all,D_mc-I-0-all,D_mc-I-1-all,D_mc-I-2-all,D_mc-I-3-all,D_mc-T-0-all,D_mc-T-1-all,D_mc-T-2-all,D_mc-T-3-all,D_mc-S-0-all,D_mc-S-1-all,D_mc-S-2-all,D_mc-S-3-all,name
110.1921,184.22400000000005,370.5779999999999,620.1600000000001,1482.0,3192.0,4494.0,3360.0,15.0,28.0,50.0,80.0,78.0,208.0,262.0,184.0,9.834300000000002,21.03,35.38580000000001,46.20000000000002,2.7224999999999997,30.095999999999997,33.66,48.17999999999998,900.0,1260.0,1440.0,1560.0,1.0,6.0,8.0,12.0,36.0,84.0,120.0,168.0,1.7161000000000002,5.8950000000000005,8.069600000000001,10.008400000000002,0.0,-8.340000000000002,-7.200000000000001,-9.400000000000002,0.0,138.0,192.0,308.0,0.0,0.0,0.0,0.0,0.0,22.0,28.0,44.0,0.0,3.3600000000000003,4.32,8.080000000000002,HIMSAY_clean_primitive
110.1921,184.22400000000005,370.5779999999999,620.1600000000001,1482.0,3192.0,4494.0,3360.0,15.0,28.0,50.0,80.0,78.0,208.0,262.0,184.0,9.834300000000002,21.03,35.38580000000001,46.20000000000002,2.7224999999999997,30.095999999999997,33.66,48.17999999999998,900.0,1260.0,1440.0,1560.0,1.0,6.0,8.0,12.0,36.0,84.0,120.0,168.0,1.7161000000000002,5.8950000000000005,8.069600000000001,10.008400000000002,0.0,-8.340000000000002,-7.200000000000001,-9.400000000000002,0.0,138.0,192.0,308.0,0.0,0.0,0.0,0.0,0.0,22.0,28.0,44.0,0.0,3.3600000000000003,4.32,8.080000000000002,HIMSAY_clean_primitive
