f-chi-0-all,f-chi-1-all,f-chi-2-all,f-chi-3-all,f-Z-0-all,f-Z-1-all,f-Z-2-all,f-Z-3-all,f-I-0-all,f-I-1-all,f-I-2-all,f-I-3-all,f-T-0-all,f-T-1-all,f-T-2-all,f-T-3-all,f-S-0-all,f-S-1-all,f-S-2-all,f-S-3-all,mc-chi-0-all,mc-chi-1-all,mc-chi-2-all,mc-chi-3-all,mc-Z-0-all,mc-Z-1-all,mc-Z-2-all,mc-Z-3-all,mc-I-0-all,mc-I-1-all,mc-I-2-all,mc-I-3-all,mc-T-0-all,mc-T-1-all,mc-T-2-all,mc-T-3-all,mc-S-0-all,mc-S-1-all,mc-S-2-all,mc-S-3-all,D_mc-chi-0-all,D_mc-chi-1-all,D_mc-chi-2-all,D_mc-chi-3-all,D_mc-Z-0-all,D_mc-Z-1-all,D_mc-Z-2-all,D_mc-Z-3-all,D_mc-I-0-all,D_mc-I-1-all,D_mc-I-2-all,D_mc-I-3-all,D_mc-T-0-all,D_mc-T-1-all,D_mc-T-2-all,D_mc-T-3-all,D_mc-S-0-all,D_mc-S-1-all,D_mc-S-2-all,D_mc-S-3-all,name
367.79639999999984,676.9919999999996,2664.2432,2795.687999999999,18352.0,34048.0,56576.0,53472.0,40.0,110.0,266.0,360.0,422.0,1412.0,2334.0,2702.0,31.32880000000003,103.47020000000002,192.57379999999995,254.74079999999992,1.4399999999999997,31.992000000000004,20.519999999999996,58.608000000000004,4096.0,3968.0,8448.0,7296.0,1.0,7.75,7.5,15.75,60.75,149.0,230.5,308.25,2.8560999999999996,9.561174999999999,12.091949999999997,19.836375,0.0,-17.360000000000003,-8.1,-29.940000000000012,0.0,434.0,348.0,894.0,0.0,0.0,0.0,0.0,0.0,41.75,28.5,81.25,0.0,7.4399999999999995,5.52,14.88,VUKTIG_clean_primitive
367.79639999999984,676.9919999999996,2664.2431999999985,2795.688,18352.0,34048.0,56576.0,53472.0,40.0,110.0,266.0,360.0,422.0,1412.0,2334.0,2702.0,31.328800000000026,103.4702,192.57379999999998,254.74079999999998,1.4399999999999997,31.992000000000004,20.519999999999996,58.608000000000004,4096.0,3968.0,8448.0,7296.0,1.0,7.75,7.5,15.75,60.75,149.0,230.5,308.25,2.8560999999999996,9.561174999999999,12.091949999999997,19.836375,0.0,-17.360000000000003,-8.1,-29.940000000000012,0.0,434.0,348.0,894.0,0.0,0.0,0.0,0.0,0.0,41.75,28.5,81.25,0.0,7.4399999999999995,5.52,14.88,VUKTIG_clean_primitive
