f-chi-0-all,f-chi-1-all,f-chi-2-all,f-chi-3-all,f-Z-0-all,f-Z-1-all,f-Z-2-all,f-Z-3-all,f-I-0-all,f-I-1-all,f-I-2-all,f-I-3-all,f-T-0-all,f-T-1-all,f-T-2-all,f-T-3-all,f-S-0-all,f-S-1-all,f-S-2-all,f-S-3-all,mc-chi-0-all,mc-chi-1-all,mc-chi-2-all,mc-chi-3-all,mc-Z-0-all,mc-Z-1-all,mc-Z-2-all,mc-Z-3-all,mc-I-0-all,mc-I-1-all,mc-I-2-all,mc-I-3-all,mc-T-0-all,mc-T-1-all,mc-T-2-all,mc-T-3-all,mc-S-0-all,mc-S-1-all,mc-S-2-all,mc-S-3-all,D_mc-chi-0-all,D_mc-chi-1-all,D_mc-chi-2-all,D_mc-chi-3-all,D_mc-Z-0-all,D_mc-Z-1-all,D_mc-Z-2-all,D_mc-Z-3-all,D_mc-I-0-all,D_mc-I-1-all,D_mc-I-2-all,D_mc-I-3-all,D_mc-T-0-all,D_mc-T-1-all,D_mc-T-2-all,D_mc-T-3-all,D_mc-S-0-all,D_mc-S-1-all,D_mc-S-2-all,D_mc-S-3-all,name
5385.849599999984,12143.408000000129,40705.65279999997,40078.68799999992,629808.0,758672.0,2793328.0,2190656.0,576.0,1664.0,4032.0,5184.0,6112.0,18960.0,35264.0,53296.0,522.6527999999938,1658.6607999999956,3148.9600000000028,4907.9456000000155,4.6976799999999965,39.63253333333333,22.704520000000013,117.4240133333333,5030.6,3101.133333333333,21239.6,9074.533333333333,1.0,5.533333333333333,5.0,16.2,32.06666666666667,71.4,147.6,203.06666666666666,2.2764999999999964,6.105666666666661,10.096339999999985,17.82579333333333,0.0,-7.407999999999995,-1.4500000000000033,-20.528666666666645,0.0,345.0,51.0,1019.9333333333333,0.0,0.0,0.0,0.0,0.0,19.8,4.2,56.6,0.0,4.311333333333325,0.9199999999999983,12.481333333333342,DUYROF_clean_primitive
