f-chi-0-all,f-chi-1-all,f-chi-2-all,f-chi-3-all,f-Z-0-all,f-Z-1-all,f-Z-2-all,f-Z-3-all,f-I-0-all,f-I-1-all,f-I-2-all,f-I-3-all,f-T-0-all,f-T-1-all,f-T-2-all,f-T-3-all,f-S-0-all,f-S-1-all,f-S-2-all,f-S-3-all,mc-chi-0-all,mc-chi-1-all,mc-chi-2-all,mc-chi-3-all,mc-Z-0-all,mc-Z-1-all,mc-Z-2-all,mc-Z-3-all,mc-I-0-all,mc-I-1-all,mc-I-2-all,mc-I-3-all,mc-T-0-all,mc-T-1-all,mc-T-2-all,mc-T-3-all,mc-S-0-all,mc-S-1-all,mc-S-2-all,mc-S-3-all,D_mc-chi-0-all,D_mc-chi-1-all,D_mc-chi-2-all,D_mc-chi-3-all,D_mc-Z-0-all,D_mc-Z-1-all,D_mc-Z-2-all,D_mc-Z-3-all,D_mc-I-0-all,D_mc-I-1-all,D_mc-I-2-all,D_mc-I-3-all,D_mc-T-0-all,D_mc-T-1-all,D_mc-T-2-all,D_mc-T-3-all,D_mc-S-0-all,D_mc-S-1-all,D_mc-S-2-all,D_mc-S-3-all,name
156.4617,355.008,878.0196,894.5375999999998,3144.0,7584.0,13584.0,9408.0,18.0,48.0,96.0,108.0,156.0,498.0,840.0,642.0,12.7458,36.616800000000005,68.7096,68.41560000000003,3.6481,32.852,31.648699999999995,50.6341,784.0,1120.0,2408.0,1736.0,1.0,5.0,7.0,9.0,25.0,70.0,125.0,125.0,1.4641,4.4165,7.5867,8.191699999999999,0.0,-7.6499999999999995,-3.1999999999999993,-9.32,0.0,100.0,110.0,190.0,0.0,0.0,0.0,0.0,0.0,11.0,10.0,20.0,0.0,2.4,2.1999999999999997,4.119999999999998,KOSLUB_clean_primitive
156.4617,355.008,878.0196,894.5375999999998,3144.0,7584.0,13584.0,9408.0,18.0,48.0,96.0,108.0,156.0,498.0,840.0,642.0,12.7458,36.616800000000005,68.7096,68.41560000000003,3.6481,32.852,31.648699999999995,50.6341,784.0,1120.0,2408.0,1736.0,1.0,5.0,7.0,9.0,25.0,70.0,125.0,125.0,1.4641,4.4165,7.5867,8.191699999999999,0.0,-7.6499999999999995,-3.1999999999999993,-9.32,0.0,100.0,110.0,190.0,0.0,0.0,0.0,0.0,0.0,11.0,10.0,20.0,0.0,2.4,2.1999999999999997,4.119999999999998,KOSLUB_clean_primitive
