f-lig-chi-0,f-lig-chi-1,f-lig-chi-2,f-lig-chi-3,f-lig-Z-0,f-lig-Z-1,f-lig-Z-2,f-lig-Z-3,f-lig-I-0,f-lig-I-1,f-lig-I-2,f-lig-I-3,f-lig-T-0,f-lig-T-1,f-lig-T-2,f-lig-T-3,f-lig-S-0,f-lig-S-1,f-lig-S-2,f-lig-S-3,name
343.5165999999995,713.9490000000003,1109.8683999999998,1450.768000000001,1480.0,3144.0,4528.0,5200.0,52.0,110.0,172.0,232.0,282.0,710.0,1036.0,1208.0,23.174800000000012,54.99340000000002,81.65720000000002,99.94960000000012,FUXXIH_clean_primitive
367.1837999999995,749.0370000000003,1192.2907999999998,1520.944000000001,1608.0,3336.0,4976.0,5584.0,54.0,114.0,180.0,240.0,294.0,738.0,1076.0,1264.0,24.24060000000001,57.241800000000026,86.03720000000001,104.4464000000001,FUXXIH_clean_primitive
99.30130000000001,196.656,361.0952,418.1444,364.0,732.0,1052.0,812.0,15.0,30.0,56.0,68.0,86.0,220.0,294.0,204.0,5.551099999999999,13.290200000000002,20.8464,19.685999999999996,FUXXIH_clean_primitive
