f-chi-0-all,f-chi-1-all,f-chi-2-all,f-chi-3-all,f-Z-0-all,f-Z-1-all,f-Z-2-all,f-Z-3-all,f-I-0-all,f-I-1-all,f-I-2-all,f-I-3-all,f-T-0-all,f-T-1-all,f-T-2-all,f-T-3-all,f-S-0-all,f-S-1-all,f-S-2-all,f-S-3-all,mc-chi-0-all,mc-chi-1-all,mc-chi-2-all,mc-chi-3-all,mc-Z-0-all,mc-Z-1-all,mc-Z-2-all,mc-Z-3-all,mc-I-0-all,mc-I-1-all,mc-I-2-all,mc-I-3-all,mc-T-0-all,mc-T-1-all,mc-T-2-all,mc-T-3-all,mc-S-0-all,mc-S-1-all,mc-S-2-all,mc-S-3-all,D_mc-chi-0-all,D_mc-chi-1-all,D_mc-chi-2-all,D_mc-chi-3-all,D_mc-Z-0-all,D_mc-Z-1-all,D_mc-Z-2-all,D_mc-Z-3-all,D_mc-I-0-all,D_mc-I-1-all,D_mc-I-2-all,D_mc-I-3-all,D_mc-T-0-all,D_mc-T-1-all,D_mc-T-2-all,D_mc-T-3-all,D_mc-S-0-all,D_mc-S-1-all,D_mc-S-2-all,D_mc-S-3-all,name
265.29549999999995,557.6351999999999,1237.9291999999987,1812.0164000000002,3406.0,7524.0,11090.0,12268.0,36.0,80.0,162.0,254.0,246.0,718.0,1164.0,1320.0,17.339600000000008,46.93320000000001,83.10620000000002,110.5558,3.6481,30.4072,34.66013333333333,53.600966666666665,784.0,1036.0,1605.3333333333333,1717.3333333333333,1.0,4.666666666666667,8.0,9.333333333333334,22.666666666666668,65.33333333333333,92.66666666666667,106.0,1.4641,4.130133333333334,6.227466666666667,7.961800000000001,0.0,-7.006666666666667,-2.866666666666667,-10.236666666666666,0.0,93.66666666666667,166.66666666666666,200.0,0.0,0.0,0.0,0.0,0.0,9.333333333333334,20.0,20.333333333333332,0.0,2.233333333333333,4.533333333333332,4.713333333333334,FUXXIH_clean_primitive
206.57690000000002,422.5361999999999,922.8870000000002,1369.9574000000002,3263.0,7128.0,10290.0,10352.0,26.0,58.0,112.0,178.0,174.0,510.0,804.0,870.0,14.662600000000003,38.26299999999999,65.7248,84.97099999999999,3.6481,30.4072,34.66013333333333,53.600966666666665,784.0,1036.0,1605.3333333333333,1717.3333333333333,1.0,4.666666666666667,8.0,9.333333333333334,22.666666666666668,65.33333333333333,92.66666666666667,106.0,1.4641,4.130133333333334,6.227466666666667,7.961800000000001,0.0,-7.006666666666667,-2.866666666666667,-10.236666666666666,0.0,93.66666666666667,166.66666666666666,200.0,0.0,0.0,0.0,0.0,0.0,9.333333333333334,20.0,20.333333333333332,0.0,2.233333333333333,4.533333333333332,4.713333333333334,FUXXIH_clean_primitive
