f-lig-chi-0,f-lig-chi-1,f-lig-chi-2,f-lig-chi-3,f-lig-Z-0,f-lig-Z-1,f-lig-Z-2,f-lig-Z-3,f-lig-I-0,f-lig-I-1,f-lig-I-2,f-lig-I-3,f-lig-T-0,f-lig-T-1,f-lig-T-2,f-lig-T-3,f-lig-S-0,f-lig-S-1,f-lig-S-2,f-lig-S-3,name
154.5932,339.7110000000002,541.35,645.1769999999999,542.0,1272.0,1644.0,1512.0,26.0,54.0,88.0,110.0,142.0,352.0,484.0,514.0,9.8826,24.501400000000007,35.384800000000006,38.090199999999996,SOCLAZ_clean_primitive
174.98850000000002,348.78900000000004,544.0003999999999,648.0409999999998,780.0,1572.0,2276.0,2408.0,25.0,52.0,80.0,100.0,132.0,324.0,456.0,502.0,11.360100000000001,26.210800000000006,38.2304,43.66480000000001,SOCLAZ_clean_primitive
154.59320000000002,339.7110000000001,541.3500000000001,645.177,542.0,1272.0,1644.0,1512.0,26.0,54.0,88.0,110.0,142.0,352.0,484.0,514.0,9.882600000000002,24.501400000000004,35.38480000000001,38.09020000000001,SOCLAZ_clean_primitive
174.98850000000002,348.78900000000004,544.0004,648.0409999999998,780.0,1572.0,2276.0,2408.0,25.0,52.0,80.0,100.0,132.0,324.0,456.0,502.0,11.360100000000001,26.21080000000001,38.23040000000001,43.66480000000001,SOCLAZ_clean_primitive
174.9885,348.78900000000004,544.0004000000001,648.0409999999998,780.0,1572.0,2276.0,2408.0,25.0,52.0,80.0,100.0,132.0,324.0,456.0,502.0,11.3601,26.210800000000006,38.23040000000001,43.66480000000001,SOCLAZ_clean_primitive
174.9885,348.789,544.0004,648.0409999999999,780.0,1572.0,2276.0,2408.0,25.0,52.0,80.0,100.0,132.0,324.0,456.0,502.0,11.360100000000003,26.210800000000003,38.2304,43.66480000000001,SOCLAZ_clean_primitive
