f-lig-chi-0,f-lig-chi-1,f-lig-chi-2,f-lig-chi-3,f-lig-Z-0,f-lig-Z-1,f-lig-Z-2,f-lig-Z-3,f-lig-I-0,f-lig-I-1,f-lig-I-2,f-lig-I-3,f-lig-T-0,f-lig-T-1,f-lig-T-2,f-lig-T-3,f-lig-S-0,f-lig-S-1,f-lig-S-2,f-lig-S-3,name
398.67199999999974,824.0580000000009,1316.322800000001,1673.455200000002,1778.0,3744.0,5648.0,6402.0,58.0,124.0,196.0,258.0,320.0,804.0,1172.0,1344.0,26.551400000000026,63.04760000000004,95.27720000000004,114.68820000000011,NAWXER_clean_primitive
398.67199999999974,824.0580000000009,1316.322800000001,1673.455200000002,1778.0,3744.0,5648.0,6402.0,58.0,124.0,196.0,258.0,320.0,804.0,1172.0,1344.0,26.551400000000026,63.04760000000004,95.27720000000004,114.68820000000011,NAWXER_clean_primitive
