f-sbu-chi-0,f-sbu-chi-1,f-sbu-chi-2,f-sbu-chi-3,f-sbu-Z-0,f-sbu-Z-1,f-sbu-Z-2,f-sbu-Z-3,f-sbu-I-0,f-sbu-I-1,f-sbu-I-2,f-sbu-I-3,f-sbu-T-0,f-sbu-T-1,f-sbu-T-2,f-sbu-T-3,f-sbu-S-0,f-sbu-S-1,f-sbu-S-2,f-sbu-S-3,mc-chi-0,mc-chi-1,mc-chi-2,mc-chi-3,mc-Z-0,mc-Z-1,mc-Z-2,mc-Z-3,mc-I-0,mc-I-1,mc-I-2,mc-I-3,mc-T-0,mc-T-1,mc-T-2,mc-T-3,mc-S-0,mc-S-1,mc-S-2,mc-S-3,D_mc-chi-0,D_mc-chi-1,D_mc-chi-2,D_mc-chi-3,D_mc-Z-0,D_mc-Z-1,D_mc-Z-2,D_mc-Z-3,D_mc-I-0,D_mc-I-1,D_mc-I-2,D_mc-I-3,D_mc-T-0,D_mc-T-1,D_mc-T-2,D_mc-T-3,D_mc-S-0,D_mc-S-1,D_mc-S-2,D_mc-S-3,name
536.6047999999997,960.3392000000002,3140.9335999999994,3472.0319999999983,17990.0,36536.0,52580.0,38272.0,62.0,152.0,332.0,424.0,536.0,1720.0,2548.0,2184.0,45.83720000000001,133.21040000000002,239.40679999999995,267.4976000000001,2.0396,28.756266666666676,23.854266666666664,50.92840000000001,2523.0,2764.6666666666665,4214.666666666667,4330.666666666667,1.0,6.666666666666667,7.333333333333333,13.333333333333334,48.0,120.0,178.66666666666666,210.66666666666666,2.4060666666666664,7.707733333333333,9.7536,14.8876,0.0,-14.160000000000002,-7.973333333333329,-20.22666666666667,0.0,295.3333333333333,288.6666666666667,573.3333333333334,0.0,0.0,0.0,0.0,0.0,31.333333333333332,25.333333333333332,60.0,0.0,5.653333333333335,5.23333333333333,11.213333333333331,LAZPOT
536.6047999999997,960.3392000000002,3140.9335999999994,3472.0319999999983,17990.0,36536.0,52580.0,38272.0,62.0,152.0,332.0,424.0,536.0,1720.0,2548.0,2184.0,45.83720000000001,133.21040000000002,239.40679999999992,267.4976000000001,2.0396,28.756266666666676,23.854266666666664,50.92840000000001,2523.0,2764.6666666666665,4214.666666666667,4330.666666666667,1.0,6.666666666666667,7.333333333333333,13.333333333333334,48.0,120.0,178.66666666666666,210.66666666666666,2.4060666666666664,7.707733333333333,9.7536,14.8876,0.0,-14.160000000000002,-7.973333333333329,-20.22666666666667,0.0,295.3333333333333,288.6666666666667,573.3333333333334,0.0,0.0,0.0,0.0,0.0,31.333333333333332,25.333333333333332,60.0,0.0,5.653333333333335,5.23333333333333,11.213333333333331,LAZPOT
