f-sbu-chi-0,f-sbu-chi-1,f-sbu-chi-2,f-sbu-chi-3,f-sbu-Z-0,f-sbu-Z-1,f-sbu-Z-2,f-sbu-Z-3,f-sbu-I-0,f-sbu-I-1,f-sbu-I-2,f-sbu-I-3,f-sbu-T-0,f-sbu-T-1,f-sbu-T-2,f-sbu-T-3,f-sbu-S-0,f-sbu-S-1,f-sbu-S-2,f-sbu-S-3,mc-chi-0,mc-chi-1,mc-chi-2,mc-chi-3,mc-Z-0,mc-Z-1,mc-Z-2,mc-Z-3,mc-I-0,mc-I-1,mc-I-2,mc-I-3,mc-T-0,mc-T-1,mc-T-2,mc-T-3,mc-S-0,mc-S-1,mc-S-2,mc-S-3,D_mc-chi-0,D_mc-chi-1,D_mc-chi-2,D_mc-chi-3,D_mc-Z-0,D_mc-Z-1,D_mc-Z-2,D_mc-Z-3,D_mc-I-0,D_mc-I-1,D_mc-I-2,D_mc-I-3,D_mc-T-0,D_mc-T-1,D_mc-T-2,D_mc-T-3,D_mc-S-0,D_mc-S-1,D_mc-S-2,D_mc-S-3,name
383.42040000000003,732.3399999999999,1502.3127999999992,2014.3103999999996,11240.0,17376.0,22936.0,18736.0,48.0,104.0,184.0,248.0,288.0,760.0,1128.0,1128.0,33.88600000000001,80.4032,134.7504,153.552,2.8560999999999996,27.716,30.166499999999992,54.4518,2304.0,1824.0,2016.0,3024.0,1.0,5.0,7.0,12.0,25.0,60.0,105.0,130.0,2.1904,5.461199999999999,7.977199999999998,11.721599999999999,0.0,-7.950000000000001,-6.019999999999997,-11.939999999999998,0.0,202.0,294.0,513.0,0.0,0.0,0.0,0.0,0.0,13.0,14.0,34.0,0.0,3.7100000000000004,4.97,9.840000000000002,MUJRIT
383.42040000000003,732.3399999999999,1502.3127999999992,2014.3103999999996,11240.0,17376.0,22936.0,18736.0,48.0,104.0,184.0,248.0,288.0,760.0,1128.0,1128.0,33.88600000000001,80.40320000000001,134.75039999999998,153.552,2.8560999999999996,27.716,30.166499999999992,54.4518,2304.0,1824.0,2016.0,3024.0,1.0,5.0,7.0,12.0,25.0,60.0,105.0,130.0,2.1904,5.461199999999999,7.977199999999998,11.721599999999999,0.0,-7.950000000000001,-6.019999999999997,-11.939999999999998,0.0,202.0,294.0,513.0,0.0,0.0,0.0,0.0,0.0,13.0,14.0,34.0,0.0,3.7100000000000004,4.97,9.840000000000002,MUJRIT
