f-chi-0-all,f-chi-1-all,f-chi-2-all,f-chi-3-all,f-Z-0-all,f-Z-1-all,f-Z-2-all,f-Z-3-all,f-I-0-all,f-I-1-all,f-I-2-all,f-I-3-all,f-T-0-all,f-T-1-all,f-T-2-all,f-T-3-all,f-S-0-all,f-S-1-all,f-S-2-all,f-S-3-all,mc-chi-0-all,mc-chi-1-all,mc-chi-2-all,mc-chi-3-all,mc-Z-0-all,mc-Z-1-all,mc-Z-2-all,mc-Z-3-all,mc-I-0-all,mc-I-1-all,mc-I-2-all,mc-I-3-all,mc-T-0-all,mc-T-1-all,mc-T-2-all,mc-T-3-all,mc-S-0-all,mc-S-1-all,mc-S-2-all,mc-S-3-all,D_mc-chi-0-all,D_mc-chi-1-all,D_mc-chi-2-all,D_mc-chi-3-all,D_mc-Z-0-all,D_mc-Z-1-all,D_mc-Z-2-all,D_mc-Z-3-all,D_mc-I-0-all,D_mc-I-1-all,D_mc-I-2-all,D_mc-I-3-all,D_mc-T-0-all,D_mc-T-1-all,D_mc-T-2-all,D_mc-T-3-all,D_mc-S-0-all,D_mc-S-1-all,D_mc-S-2-all,D_mc-S-3-all,name
317.56679999999983,643.4279999999997,1476.8091999999997,1798.4864000000005,5268.0,11664.0,19072.0,19232.0,38.0,92.0,172.0,228.0,264.0,728.0,1216.0,1336.0,26.061400000000024,68.18360000000003,120.88440000000006,148.26680000000002,2.7224999999999997,27.72,27.967499999999998,58.06349999999998,900.0,1170.0,1980.0,2340.0,1.0,5.0,7.0,12.0,25.0,60.0,115.0,140.0,1.7161000000000004,4.8077000000000005,7.768300000000002,11.292200000000001,0.0,-8.549999999999999,-5.3999999999999995,-15.39,0.0,111.0,144.0,282.0,0.0,0.0,0.0,0.0,0.0,13.0,12.0,32.0,0.0,2.88,3.240000000000001,7.1000000000000005,IGINIX_clean_primitive
317.56679999999983,643.4279999999995,1476.8091999999997,1798.4864000000005,5268.0,11664.0,19072.0,19232.0,38.0,92.0,172.0,228.0,264.0,728.0,1216.0,1336.0,26.061400000000024,68.18360000000003,120.88440000000006,148.26680000000002,2.7224999999999997,27.72,27.967499999999998,58.06349999999998,900.0,1170.0,1980.0,2340.0,1.0,5.0,7.0,12.0,25.0,60.0,115.0,140.0,1.7161000000000004,4.8077000000000005,7.768300000000002,11.292200000000001,0.0,-8.549999999999999,-5.3999999999999995,-15.39,0.0,111.0,144.0,282.0,0.0,0.0,0.0,0.0,0.0,13.0,12.0,32.0,0.0,2.88,3.240000000000001,7.1000000000000005,IGINIX_clean_primitive
