f-lig-chi-0,f-lig-chi-1,f-lig-chi-2,f-lig-chi-3,f-lig-Z-0,f-lig-Z-1,f-lig-Z-2,f-lig-Z-3,f-lig-I-0,f-lig-I-1,f-lig-I-2,f-lig-I-3,f-lig-T-0,f-lig-T-1,f-lig-T-2,f-lig-T-3,f-lig-S-0,f-lig-S-1,f-lig-S-2,f-lig-S-3,name
149.51460000000003,332.3584,496.32840000000004,487.08599999999996,660.0,1516.0,2076.0,1728.0,22.0,48.0,72.0,74.0,120.0,292.0,404.0,356.0,10.1254,24.395200000000006,34.74640000000001,31.735000000000003,ROQVIE_clean_primitive
149.51460000000003,332.3584,496.32840000000004,487.08599999999996,660.0,1516.0,2076.0,1728.0,22.0,48.0,72.0,74.0,120.0,292.0,404.0,356.0,10.1254,24.395200000000006,34.74640000000001,31.735000000000003,ROQVIE_clean_primitive
149.5146,332.3584,496.32840000000004,487.0859999999999,660.0,1516.0,2076.0,1728.0,22.0,48.0,72.0,74.0,120.0,292.0,404.0,356.0,10.1254,24.395200000000006,34.74640000000001,31.735000000000014,ROQVIE_clean_primitive
149.5146,332.3584,496.32840000000004,487.0859999999999,660.0,1516.0,2076.0,1728.0,22.0,48.0,72.0,74.0,120.0,292.0,404.0,356.0,10.1254,24.395200000000006,34.74640000000001,31.735000000000014,ROQVIE_clean_primitive
