f-chi-0-all,f-chi-1-all,f-chi-2-all,f-chi-3-all,f-Z-0-all,f-Z-1-all,f-Z-2-all,f-Z-3-all,f-I-0-all,f-I-1-all,f-I-2-all,f-I-3-all,f-T-0-all,f-T-1-all,f-T-2-all,f-T-3-all,f-S-0-all,f-S-1-all,f-S-2-all,f-S-3-all,mc-chi-0-all,mc-chi-1-all,mc-chi-2-all,mc-chi-3-all,mc-Z-0-all,mc-Z-1-all,mc-Z-2-all,mc-Z-3-all,mc-I-0-all,mc-I-1-all,mc-I-2-all,mc-I-3-all,mc-T-0-all,mc-T-1-all,mc-T-2-all,mc-T-3-all,mc-S-0-all,mc-S-1-all,mc-S-2-all,mc-S-3-all,D_mc-chi-0-all,D_mc-chi-1-all,D_mc-chi-2-all,D_mc-chi-3-all,D_mc-Z-0-all,D_mc-Z-1-all,D_mc-Z-2-all,D_mc-Z-3-all,D_mc-I-0-all,D_mc-I-1-all,D_mc-I-2-all,D_mc-I-3-all,D_mc-T-0-all,D_mc-T-1-all,D_mc-T-2-all,D_mc-T-3-all,D_mc-S-0-all,D_mc-S-1-all,D_mc-S-2-all,D_mc-S-3-all,name
407.33499999999987,837.5688000000007,2667.288400000001,3725.4039999999977,2920.0,9376.0,20048.0,29584.0,50.0,136.0,316.0,536.0,476.0,1632.0,3316.0,4736.0,34.53460000000001,107.41200000000005,227.9163999999999,356.2471999999999,1.7161000000000002,26.689066666666665,27.073333333333334,77.32493333333333,144.0,568.0,840.0,1616.0,1.0,6.0,10.0,18.666666666666668,36.0,108.0,216.0,296.0,1.9321,6.106733333333334,12.463666666666667,18.885466666666666,0.0,-12.51333333333333,-7.566666666666667,-34.57333333333332,0.0,24.666666666666668,50.0,89.33333333333333,0.0,0.0,0.0,0.0,0.0,18.0,24.0,62.666666666666664,0.0,3.9466666666666668,4.933333333333333,12.360000000000001,NUDNEH_clean_primitive
