name,cif_file,Di,Df,Dif,rho,VSA,GSA,VPOV,GPOV,POAV_vol_frac,PONAV_vol_frac,GPOAV,GPONAV,POAV,PONAV
Zn-MOF-508-72,Zn-MOF-508-72.cif,5.25474,4.00126,5.25474,1.23997,391.254,315.534,0.22399999999999998,0.18064953184351232,0.1389,0.0851,0.112018,0.0686305,228.868,140.221
