f-lig-chi-0,f-lig-chi-1,f-lig-chi-2,f-lig-chi-3,f-lig-Z-0,f-lig-Z-1,f-lig-Z-2,f-lig-Z-3,f-lig-I-0,f-lig-I-1,f-lig-I-2,f-lig-I-3,f-lig-T-0,f-lig-T-1,f-lig-T-2,f-lig-T-3,f-lig-S-0,f-lig-S-1,f-lig-S-2,f-lig-S-3,name
104.14460000000001,236.4188000000001,345.9244,323.44700000000006,512.0,1184.0,1684.0,1328.0,14.0,32.0,48.0,46.0,80.0,200.0,292.0,238.0,7.206200000000001,17.3744,25.504000000000005,21.916600000000006,XALTOV_clean_primitive
104.14460000000001,236.41880000000003,345.92440000000005,323.44700000000006,512.0,1184.0,1684.0,1328.0,14.0,32.0,48.0,46.0,80.0,200.0,292.0,238.0,7.206200000000001,17.3744,25.504000000000005,21.916600000000003,XALTOV_clean_primitive
104.1446,236.41880000000003,345.9244,323.447,512.0,1184.0,1684.0,1328.0,14.0,32.0,48.0,46.0,80.0,200.0,292.0,238.0,7.206200000000001,17.3744,25.504000000000005,21.916600000000003,XALTOV_clean_primitive
104.14460000000001,236.41880000000003,345.9244000000001,323.44700000000006,512.0,1184.0,1684.0,1328.0,14.0,32.0,48.0,46.0,80.0,200.0,292.0,238.0,7.2062,17.3744,25.504,21.916600000000003,XALTOV_clean_primitive
104.14460000000001,236.41880000000003,345.9244000000001,323.44700000000006,512.0,1184.0,1684.0,1328.0,14.0,32.0,48.0,46.0,80.0,200.0,292.0,238.0,7.206200000000001,17.3744,25.504000000000005,21.916600000000006,XALTOV_clean_primitive
104.14460000000001,236.41880000000003,345.9244000000001,323.447,512.0,1184.0,1684.0,1328.0,14.0,32.0,48.0,46.0,80.0,200.0,292.0,238.0,7.2062,17.3744,25.504000000000005,21.916600000000006,XALTOV_clean_primitive
