f-chi-0-all,f-chi-1-all,f-chi-2-all,f-chi-3-all,f-Z-0-all,f-Z-1-all,f-Z-2-all,f-Z-3-all,f-I-0-all,f-I-1-all,f-I-2-all,f-I-3-all,f-T-0-all,f-T-1-all,f-T-2-all,f-T-3-all,f-S-0-all,f-S-1-all,f-S-2-all,f-S-3-all,mc-chi-0-all,mc-chi-1-all,mc-chi-2-all,mc-chi-3-all,mc-Z-0-all,mc-Z-1-all,mc-Z-2-all,mc-Z-3-all,mc-I-0-all,mc-I-1-all,mc-I-2-all,mc-I-3-all,mc-T-0-all,mc-T-1-all,mc-T-2-all,mc-T-3-all,mc-S-0-all,mc-S-1-all,mc-S-2-all,mc-S-3-all,D_mc-chi-0-all,D_mc-chi-1-all,D_mc-chi-2-all,D_mc-chi-3-all,D_mc-Z-0-all,D_mc-Z-1-all,D_mc-Z-2-all,D_mc-Z-3-all,D_mc-I-0-all,D_mc-I-1-all,D_mc-I-2-all,D_mc-I-3-all,D_mc-T-0-all,D_mc-T-1-all,D_mc-T-2-all,D_mc-T-3-all,D_mc-S-0-all,D_mc-S-1-all,D_mc-S-2-all,D_mc-S-3-all,name
298.45879999999994,670.5676,1187.5679999999998,1491.8591999999994,5386.0,10824.0,15060.0,18096.0,38.0,92.0,156.0,192.0,248.0,656.0,1020.0,1152.0,27.510600000000004,67.13400000000001,111.75479999999999,136.79999999999995,3.534399999999999,23.086399999999998,31.527600000000003,45.909600000000005,729.0,1026.0,1053.0,1539.0,1.0,4.0,6.0,9.0,16.0,40.0,60.0,108.0,1.5876000000000001,4.0824,5.745600000000001,8.6562,0.0,-4.760000000000001,-5.490000000000001,-7.5,0.0,70.0,123.0,186.0,0.0,0.0,0.0,0.0,0.0,6.0,9.0,9.0,0.0,1.8000000000000003,3.0,4.47,XALTOV_clean_primitive
298.45879999999994,670.5676,1187.5679999999998,1491.8591999999994,5386.0,10824.0,15060.0,18096.0,38.0,92.0,156.0,192.0,248.0,656.0,1020.0,1152.0,27.510600000000004,67.13400000000001,111.75479999999997,136.79999999999995,3.534399999999999,23.086399999999998,31.527600000000003,45.909600000000005,729.0,1026.0,1053.0,1539.0,1.0,4.0,6.0,9.0,16.0,40.0,60.0,108.0,1.5876000000000001,4.0824,5.745600000000001,8.6562,0.0,-4.760000000000001,-5.490000000000001,-7.5,0.0,70.0,123.0,186.0,0.0,0.0,0.0,0.0,0.0,6.0,9.0,9.0,0.0,1.8000000000000003,3.0,4.47,XALTOV_clean_primitive
