f-link-chi-0,f-link-chi-1,f-link-chi-2,f-link-chi-3,f-link-Z-0,f-link-Z-1,f-link-Z-2,f-link-Z-3,f-link-I-0,f-link-I-1,f-link-I-2,f-link-I-3,f-link-T-0,f-link-T-1,f-link-T-2,f-link-T-3,f-link-S-0,f-link-S-1,f-link-S-2,f-link-S-3,name
291.6392999999998,515.8140000000001,947.0332,1151.846,1362.0,2424.0,4324.0,4880.0,35.0,72.0,120.0,160.0,192.0,484.0,714.0,868.0,16.3307,36.960000000000015,59.18560000000002,74.27600000000001,OTAROR
325.5163999999999,753.0150000000001,1242.4944000000003,1531.18,1226.0,3048.0,4464.0,4588.0,54.0,118.0,196.0,252.0,314.0,806.0,1212.0,1344.0,21.86300000000001,56.102200000000025,86.7324,99.14439999999996,OTAROR
325.5163999999999,753.0150000000002,1242.4944,1531.18,1226.0,3048.0,4464.0,4588.0,54.0,118.0,196.0,252.0,314.0,806.0,1212.0,1344.0,21.863000000000014,56.102200000000025,86.7324,99.14439999999999,OTAROR
291.63929999999993,515.814,947.0332,1151.846,1362.0,2424.0,4324.0,4880.0,35.0,72.0,120.0,160.0,192.0,484.0,714.0,868.0,16.330699999999997,36.960000000000015,59.18560000000002,74.276,OTAROR
325.5163999999999,753.0150000000004,1242.4944000000003,1531.1800000000003,1226.0,3048.0,4464.0,4588.0,54.0,118.0,196.0,252.0,314.0,806.0,1212.0,1344.0,21.863000000000014,56.102200000000025,86.73239999999998,99.14439999999999,OTAROR
291.63929999999993,515.8140000000001,947.0331999999997,1151.8459999999998,1362.0,2424.0,4324.0,4880.0,35.0,72.0,120.0,160.0,192.0,484.0,714.0,868.0,16.330700000000004,36.96000000000001,59.185600000000015,74.27600000000001,OTAROR
291.6392999999999,515.8140000000001,947.0331999999997,1151.8459999999998,1362.0,2424.0,4324.0,4880.0,35.0,72.0,120.0,160.0,192.0,484.0,714.0,868.0,16.330700000000007,36.960000000000015,59.18560000000001,74.27600000000001,OTAROR
