name,cif_file,Di,Df,Dif,rho,VSA,GSA,VPOV,GPOV,POAV_vol_frac,PONAV_vol_frac,GPOAV,GPONAV,POAV,PONAV
Ni3_BTP_2,Ni3_BTP_2.cif,14.57775,6.81448,14.57775,0.802028,1298.18,1618.63,0.6052,0.7545871216466258,0.4661,0.1391,0.581152,0.173435,2974.73,887.759
