f-chi-0-all,f-chi-1-all,f-chi-2-all,f-chi-3-all,f-Z-0-all,f-Z-1-all,f-Z-2-all,f-Z-3-all,f-I-0-all,f-I-1-all,f-I-2-all,f-I-3-all,f-T-0-all,f-T-1-all,f-T-2-all,f-T-3-all,f-S-0-all,f-S-1-all,f-S-2-all,f-S-3-all,mc-chi-0-all,mc-chi-1-all,mc-chi-2-all,mc-chi-3-all,mc-Z-0-all,mc-Z-1-all,mc-Z-2-all,mc-Z-3-all,mc-I-0-all,mc-I-1-all,mc-I-2-all,mc-I-3-all,mc-T-0-all,mc-T-1-all,mc-T-2-all,mc-T-3-all,mc-S-0-all,mc-S-1-all,mc-S-2-all,mc-S-3-all,D_mc-chi-0-all,D_mc-chi-1-all,D_mc-chi-2-all,D_mc-chi-3-all,D_mc-Z-0-all,D_mc-Z-1-all,D_mc-Z-2-all,D_mc-Z-3-all,D_mc-I-0-all,D_mc-I-1-all,D_mc-I-2-all,D_mc-I-3-all,D_mc-T-0-all,D_mc-T-1-all,D_mc-T-2-all,D_mc-T-3-all,D_mc-S-0-all,D_mc-S-1-all,D_mc-S-2-all,D_mc-S-3-all,name
198.00009999999995,345.71999999999986,942.4878,953.1551999999999,1480.0,4032.0,7200.0,8640.0,22.0,54.0,102.0,132.0,156.0,426.0,726.0,840.0,16.281399999999998,43.93139999999999,75.64859999999999,95.92199999999997,1.7161000000000002,22.532,16.7942,49.413199999999996,144.0,480.0,576.0,1056.0,1.0,5.0,6.0,12.0,25.0,55.0,110.0,140.0,1.9321,5.073499999999999,8.145399999999997,12.398799999999996,0.0,-10.649999999999999,-4.96,-21.999999999999996,0.0,20.0,24.0,56.0,0.0,0.0,0.0,0.0,0.0,14.0,8.0,32.0,0.0,3.3000000000000003,2.48,7.760000000000001,DAFYAN_clean_primitive
198.00009999999995,345.71999999999986,942.4878,953.1551999999999,1480.0,4032.0,7200.0,8640.0,22.0,54.0,102.0,132.0,156.0,426.0,726.0,840.0,16.281399999999998,43.93139999999999,75.64859999999999,95.92199999999998,1.7161000000000002,22.532,16.7942,49.413199999999996,144.0,480.0,576.0,1056.0,1.0,5.0,6.0,12.0,25.0,55.0,110.0,140.0,1.9321,5.073499999999999,8.145399999999997,12.398799999999996,0.0,-10.649999999999999,-4.96,-21.999999999999996,0.0,20.0,24.0,56.0,0.0,0.0,0.0,0.0,0.0,14.0,8.0,32.0,0.0,3.3000000000000003,2.48,7.760000000000001,DAFYAN_clean_primitive
