f-link-chi-0,f-link-chi-1,f-link-chi-2,f-link-chi-3,f-link-Z-0,f-link-Z-1,f-link-Z-2,f-link-Z-3,f-link-I-0,f-link-I-1,f-link-I-2,f-link-I-3,f-link-T-0,f-link-T-1,f-link-T-2,f-link-T-3,f-link-S-0,f-link-S-1,f-link-S-2,f-link-S-3,name
126.55760000000001,226.848,352.82439999999997,415.3309999999999,2996.0,1824.0,3088.0,4004.0,16.0,32.0,48.0,58.0,80.0,192.0,256.0,250.0,9.7478,18.634000000000004,27.788000000000004,32.9338,UiO-66-Br2
126.5576,226.848,352.82439999999997,415.3309999999999,2996.0,1824.0,3088.0,4004.0,16.0,32.0,48.0,58.0,80.0,192.0,256.0,250.0,9.7478,18.634000000000007,27.788000000000004,32.9338,UiO-66-Br2
126.55760000000001,226.848,352.82439999999997,415.3309999999999,2996.0,1824.0,3088.0,4004.0,16.0,32.0,48.0,58.0,80.0,192.0,256.0,250.0,9.7478,18.634000000000004,27.788,32.9338,UiO-66-Br2
126.5576,226.84799999999996,352.82439999999997,415.3309999999999,2996.0,1824.0,3088.0,4004.0,16.0,32.0,48.0,58.0,80.0,192.0,256.0,250.0,9.7478,18.634000000000007,27.788,32.9338,UiO-66-Br2
126.5576,226.84799999999996,352.82439999999997,415.3309999999999,2996.0,1824.0,3088.0,4004.0,16.0,32.0,48.0,58.0,80.0,192.0,256.0,250.0,9.7478,18.634000000000004,27.788,32.9338,UiO-66-Br2
126.5576,226.84799999999996,352.82439999999997,415.3309999999999,2996.0,1824.0,3088.0,4004.0,16.0,32.0,48.0,58.0,80.0,192.0,256.0,250.0,9.7478,18.634000000000007,27.788000000000004,32.9338,UiO-66-Br2
