f-lig-chi-0,f-lig-chi-1,f-lig-chi-2,f-lig-chi-3,f-lig-Z-0,f-lig-Z-1,f-lig-Z-2,f-lig-Z-3,f-lig-I-0,f-lig-I-1,f-lig-I-2,f-lig-I-3,f-lig-T-0,f-lig-T-1,f-lig-T-2,f-lig-T-3,f-lig-S-0,f-lig-S-1,f-lig-S-2,f-lig-S-3,name
148.9785,283.764,458.3684,525.8113999999999,636.0,1212.0,1754.0,1880.0,21.0,42.0,68.0,80.0,110.0,264.0,344.0,364.0,8.9885,20.281800000000004,29.299600000000005,32.692400000000006,WECFAN01_clean_primitive
148.9785,283.764,458.36840000000007,525.8113999999999,636.0,1212.0,1754.0,1880.0,21.0,42.0,68.0,80.0,110.0,264.0,344.0,364.0,8.9885,20.281800000000004,29.299600000000005,32.6924,WECFAN01_clean_primitive
154.59320000000002,339.7110000000002,541.3500000000001,645.1770000000001,542.0,1272.0,1644.0,1512.0,26.0,54.0,88.0,110.0,142.0,352.0,484.0,514.0,9.882600000000002,24.501400000000007,35.38480000000001,38.0902,WECFAN01_clean_primitive
148.9785,283.76400000000007,458.36840000000007,525.8114,636.0,1212.0,1754.0,1880.0,21.0,42.0,68.0,80.0,110.0,264.0,344.0,364.0,8.9885,20.281800000000004,29.299599999999998,32.692400000000006,WECFAN01_clean_primitive
148.9785,283.76400000000007,458.3684,525.8114,636.0,1212.0,1754.0,1880.0,21.0,42.0,68.0,80.0,110.0,264.0,344.0,364.0,8.9885,20.281800000000004,29.299599999999998,32.6924,WECFAN01_clean_primitive
154.59320000000002,339.7110000000001,541.35,645.1770000000001,542.0,1272.0,1644.0,1512.0,26.0,54.0,88.0,110.0,142.0,352.0,484.0,514.0,9.8826,24.501400000000007,35.384800000000006,38.090199999999996,WECFAN01_clean_primitive
