f-lig-chi-0,f-lig-chi-1,f-lig-chi-2,f-lig-chi-3,f-lig-Z-0,f-lig-Z-1,f-lig-Z-2,f-lig-Z-3,f-lig-I-0,f-lig-I-1,f-lig-I-2,f-lig-I-3,f-lig-T-0,f-lig-T-1,f-lig-T-2,f-lig-T-3,f-lig-S-0,f-lig-S-1,f-lig-S-2,f-lig-S-3,name
239.58239999999998,469.9681999999999,722.9920000000001,871.182,1158.0,2288.0,3376.0,3600.0,31.0,66.0,100.0,128.0,172.0,432.0,596.0,688.0,15.103900000000005,34.761,50.74360000000001,59.99840000000003,YOZYUJ_clean_primitive
239.58239999999998,469.9681999999999,722.9920000000001,871.182,1158.0,2288.0,3376.0,3600.0,31.0,66.0,100.0,128.0,172.0,432.0,596.0,688.0,15.103900000000005,34.76100000000001,50.74360000000001,59.99840000000003,YOZYUJ_clean_primitive
239.58239999999998,469.96819999999997,722.9920000000001,871.1820000000002,1158.0,2288.0,3376.0,3600.0,31.0,66.0,100.0,128.0,172.0,432.0,596.0,688.0,15.103900000000005,34.76100000000001,50.743600000000015,59.998400000000004,YOZYUJ_clean_primitive
239.58239999999998,469.96819999999997,722.9920000000001,871.1820000000005,1158.0,2288.0,3376.0,3600.0,31.0,66.0,100.0,128.0,172.0,432.0,596.0,688.0,15.103900000000005,34.76100000000001,50.743600000000015,59.998400000000004,YOZYUJ_clean_primitive
227.7488,428.75699999999995,681.7808,836.0940000000002,1094.0,2064.0,3152.0,3408.0,30.0,62.0,96.0,124.0,158.0,390.0,560.0,636.0,14.571000000000003,32.571000000000005,48.55360000000001,57.75000000000003,YOZYUJ_clean_primitive
227.7488,428.75699999999995,681.7808,836.0940000000002,1094.0,2064.0,3152.0,3408.0,30.0,62.0,96.0,124.0,158.0,390.0,560.0,636.0,14.571000000000005,32.571000000000005,48.55360000000001,57.75000000000003,YOZYUJ_clean_primitive
