f-chi-0-all,f-chi-1-all,f-chi-2-all,f-chi-3-all,f-Z-0-all,f-Z-1-all,f-Z-2-all,f-Z-3-all,f-I-0-all,f-I-1-all,f-I-2-all,f-I-3-all,f-T-0-all,f-T-1-all,f-T-2-all,f-T-3-all,f-S-0-all,f-S-1-all,f-S-2-all,f-S-3-all,mc-chi-0-all,mc-chi-1-all,mc-chi-2-all,mc-chi-3-all,mc-Z-0-all,mc-Z-1-all,mc-Z-2-all,mc-Z-3-all,mc-I-0-all,mc-I-1-all,mc-I-2-all,mc-I-3-all,mc-T-0-all,mc-T-1-all,mc-T-2-all,mc-T-3-all,mc-S-0-all,mc-S-1-all,mc-S-2-all,mc-S-3-all,D_mc-chi-0-all,D_mc-chi-1-all,D_mc-chi-2-all,D_mc-chi-3-all,D_mc-Z-0-all,D_mc-Z-1-all,D_mc-Z-2-all,D_mc-Z-3-all,D_mc-I-0-all,D_mc-I-1-all,D_mc-I-2-all,D_mc-I-3-all,D_mc-T-0-all,D_mc-T-1-all,D_mc-T-2-all,D_mc-T-3-all,D_mc-S-0-all,D_mc-S-1-all,D_mc-S-2-all,D_mc-S-3-all,name
394.69699999999983,727.3159999999995,1296.8727999999996,1567.156,4513.0,9256.0,12658.0,11656.0,49.0,104.0,164.0,192.0,268.0,664.0,918.0,860.0,34.57380000000001,76.84800000000003,119.2556,119.04880000000007,2.4665999999999997,20.0384,21.032400000000003,41.933279999999996,485.8,637.6,676.8,1100.8,1.0,4.0,5.6,10.4,16.0,38.4,70.4,92.8,1.9135600000000004,4.03808,5.96904,9.05464,0.0,-7.44,-6.031999999999999,-11.784,0.0,51.2,79.2,165.6,0.0,0.0,0.0,0.0,0.0,6.4,4.8,18.4,0.0,2.5680000000000005,3.4400000000000004,7.632,AXUHEH_clean_primitive
394.69699999999983,727.3159999999995,1296.8727999999996,1567.156,4513.0,9256.0,12658.0,11656.0,49.0,104.0,164.0,192.0,268.0,664.0,918.0,860.0,34.57380000000002,76.84800000000003,119.25559999999996,119.04880000000007,2.4665999999999997,20.0384,21.032400000000003,41.933279999999996,485.8,637.6,676.8,1100.8,1.0,4.0,5.6,10.4,16.0,38.4,70.4,92.8,1.9135600000000004,4.03808,5.96904,9.05464,0.0,-7.44,-6.031999999999999,-11.784,0.0,51.2,79.2,165.6,0.0,0.0,0.0,0.0,0.0,6.4,4.8,18.4,0.0,2.5680000000000005,3.4400000000000004,7.632,AXUHEH_clean_primitive
