f-chi-0-all,f-chi-1-all,f-chi-2-all,f-chi-3-all,f-Z-0-all,f-Z-1-all,f-Z-2-all,f-Z-3-all,f-I-0-all,f-I-1-all,f-I-2-all,f-I-3-all,f-T-0-all,f-T-1-all,f-T-2-all,f-T-3-all,f-S-0-all,f-S-1-all,f-S-2-all,f-S-3-all,mc-chi-0-all,mc-chi-1-all,mc-chi-2-all,mc-chi-3-all,mc-Z-0-all,mc-Z-1-all,mc-Z-2-all,mc-Z-3-all,mc-I-0-all,mc-I-1-all,mc-I-2-all,mc-I-3-all,mc-T-0-all,mc-T-1-all,mc-T-2-all,mc-T-3-all,mc-S-0-all,mc-S-1-all,mc-S-2-all,mc-S-3-all,D_mc-chi-0-all,D_mc-chi-1-all,D_mc-chi-2-all,D_mc-chi-3-all,D_mc-Z-0-all,D_mc-Z-1-all,D_mc-Z-2-all,D_mc-Z-3-all,D_mc-I-0-all,D_mc-I-1-all,D_mc-I-2-all,D_mc-I-3-all,D_mc-T-0-all,D_mc-T-1-all,D_mc-T-2-all,D_mc-T-3-all,D_mc-S-0-all,D_mc-S-1-all,D_mc-S-2-all,D_mc-S-3-all,name
404.6079999999998,672.0384,2426.9319999999993,1959.9744,18734.0,33056.0,43048.0,46080.0,44.0,112.0,236.0,272.0,380.0,1072.0,1512.0,1840.0,37.05380000000001,109.41239999999996,171.39079999999993,220.05120000000005,1.3688999999999998,28.173599999999997,13.443299999999997,41.0787,3844.0,3472.0,3813.0,5084.0,1.0,7.0,5.0,11.5,49.0,98.0,129.5,220.5,2.9584,8.789200000000001,8.367799999999999,14.7834,0.0,-15.889999999999999,-5.640000000000001,-21.654999999999994,0.0,378.0,248.5,631.0,0.0,0.0,0.0,0.0,0.0,35.0,16.5,49.0,0.0,6.930000000000001,3.7349999999999994,11.184999999999999,LABPUB_clean_primitive
404.6079999999998,672.0384,2426.9319999999993,1959.9743999999996,18734.0,33056.0,43048.0,46080.0,44.0,112.0,236.0,272.0,380.0,1072.0,1512.0,1840.0,37.05380000000002,109.41239999999996,171.39079999999998,220.05120000000002,1.3688999999999998,28.173599999999997,13.443299999999997,41.0787,3844.0,3472.0,3813.0,5084.0,1.0,7.0,5.0,11.5,49.0,98.0,129.5,220.5,2.9584,8.789200000000001,8.367799999999999,14.7834,0.0,-15.889999999999999,-5.640000000000001,-21.654999999999994,0.0,378.0,248.5,631.0,0.0,0.0,0.0,0.0,0.0,35.0,16.5,49.0,0.0,6.930000000000001,3.7349999999999994,11.184999999999999,LABPUB_clean_primitive
