f-lig-chi-0,f-lig-chi-1,f-lig-chi-2,f-lig-chi-3,f-lig-Z-0,f-lig-Z-1,f-lig-Z-2,f-lig-Z-3,f-lig-I-0,f-lig-I-1,f-lig-I-2,f-lig-I-3,f-lig-T-0,f-lig-T-1,f-lig-T-2,f-lig-T-3,f-lig-S-0,f-lig-S-1,f-lig-S-2,f-lig-S-3,name
45.1369,54.8376,116.40959999999998,0.0,418.0,750.0,432.0,0.0,5.0,8.0,12.0,0.0,20.0,32.0,12.0,0.0,2.8591999999999995,5.427199999999999,4.818,0.0,XULRIH_clean_primitive
52.13049999999999,83.936,118.33599999999998,0.0,481.0,1088.0,640.0,0.0,5.0,10.0,10.0,0.0,26.0,56.0,18.0,0.0,3.2551999999999994,7.2562,5.329,0.0,XULRIH_clean_primitive
45.1369,54.8376,116.40959999999998,0.0,418.0,750.0,432.0,0.0,5.0,8.0,12.0,0.0,20.0,32.0,12.0,0.0,2.8591999999999995,5.427200000000001,4.818,0.0,XULRIH_clean_primitive
45.1369,54.8376,116.40959999999998,0.0,418.0,750.0,432.0,0.0,5.0,8.0,12.0,0.0,20.0,32.0,12.0,0.0,2.8592,5.4272,4.818,0.0,XULRIH_clean_primitive
52.1305,83.93599999999999,118.33599999999998,0.0,481.0,1088.0,640.0,0.0,5.0,10.0,10.0,0.0,26.0,56.0,18.0,0.0,3.2552,7.256200000000001,5.328999999999999,0.0,XULRIH_clean_primitive
45.136900000000004,54.837599999999995,116.40960000000001,0.0,418.0,750.0,432.0,0.0,5.0,8.0,12.0,0.0,20.0,32.0,12.0,0.0,2.8591999999999995,5.4272,4.818,0.0,XULRIH_clean_primitive
226.17300000000003,511.13600000000014,795.2972,924.0730000000001,906.0,2150.0,3014.0,3016.0,36.0,78.0,122.0,148.0,200.0,498.0,708.0,740.0,15.264400000000004,37.915400000000005,55.798600000000015,60.252000000000024,XULRIH_clean_primitive
226.17300000000003,511.1360000000002,795.2972000000001,924.0730000000001,906.0,2150.0,3014.0,3016.0,36.0,78.0,122.0,148.0,200.0,498.0,708.0,740.0,15.264400000000004,37.915400000000005,55.79860000000002,60.252000000000024,XULRIH_clean_primitive
