f-link-chi-0,f-link-chi-1,f-link-chi-2,f-link-chi-3,f-link-Z-0,f-link-Z-1,f-link-Z-2,f-link-Z-3,f-link-I-0,f-link-I-1,f-link-I-2,f-link-I-3,f-link-T-0,f-link-T-1,f-link-T-2,f-link-T-3,f-link-S-0,f-link-S-1,f-link-S-2,f-link-S-3,name
250.66390000000007,554.3700000000003,975.3993999999996,1169.5579999999998,760.0,1848.0,2518.0,2348.0,43.0,88.0,160.0,200.0,248.0,628.0,850.0,892.0,14.429100000000009,37.08320000000002,56.58800000000001,61.16880000000002,ESAROH
269.89919999999995,507.07359999999994,799.7032,1006.6461999999999,1320.0,2482.0,3784.0,4288.0,34.0,70.0,108.0,140.0,178.0,438.0,620.0,692.0,16.7618,37.01020000000002,55.17880000000001,66.44120000000001,ESAROH
250.66390000000007,554.3700000000002,975.3993999999997,1169.558,760.0,1848.0,2518.0,2348.0,43.0,88.0,160.0,200.0,248.0,628.0,850.0,892.0,14.42910000000001,37.08320000000001,56.58800000000001,61.168800000000026,ESAROH
269.89919999999995,507.0735999999999,799.7032,1006.6461999999998,1320.0,2482.0,3784.0,4288.0,34.0,70.0,108.0,140.0,178.0,438.0,620.0,692.0,16.7618,37.01020000000002,55.17880000000001,66.44120000000001,ESAROH
250.66390000000007,554.3700000000002,975.3993999999996,1169.5579999999998,760.0,1848.0,2518.0,2348.0,43.0,88.0,160.0,200.0,248.0,628.0,850.0,892.0,14.429100000000005,37.08320000000002,56.588,61.168800000000005,ESAROH
269.8991999999999,507.0736,799.7031999999999,1006.6461999999998,1320.0,2482.0,3784.0,4288.0,34.0,70.0,108.0,140.0,178.0,438.0,620.0,692.0,16.7618,37.01020000000001,55.17880000000001,66.4412,ESAROH
269.89919999999995,507.07359999999994,799.7031999999999,1006.6461999999998,1320.0,2482.0,3784.0,4288.0,34.0,70.0,108.0,140.0,178.0,438.0,620.0,692.0,16.7618,37.010200000000005,55.1788,66.44120000000001,ESAROH
250.66390000000007,554.3700000000002,975.3993999999998,1169.5579999999998,760.0,1848.0,2518.0,2348.0,43.0,88.0,160.0,200.0,248.0,628.0,850.0,892.0,14.429100000000009,37.08320000000002,56.587999999999994,61.168800000000005,ESAROH
