f-link-chi-0,f-link-chi-1,f-link-chi-2,f-link-chi-3,f-link-Z-0,f-link-Z-1,f-link-Z-2,f-link-Z-3,f-link-I-0,f-link-I-1,f-link-I-2,f-link-I-3,f-link-T-0,f-link-T-1,f-link-T-2,f-link-T-3,f-link-S-0,f-link-S-1,f-link-S-2,f-link-S-3,name
434.94379999999984,1034.892000000001,1919.2708000000023,2590.3489999999997,1622.0,3816.0,5752.0,7448.0,68.0,164.0,316.0,434.0,568.0,1888.0,2624.0,3670.0,26.157200000000035,73.33480000000003,118.95959999999994,160.71700000000007,HUCSEF
434.9437999999998,1034.892000000001,1919.2708000000018,2590.3489999999993,1622.0,3816.0,5752.0,7448.0,68.0,164.0,316.0,434.0,568.0,1888.0,2624.0,3670.0,26.157200000000035,73.33480000000003,118.95959999999994,160.71700000000004,HUCSEF
434.9437999999996,1034.8920000000007,1919.2708000000011,2590.3489999999983,1622.0,3816.0,5752.0,7448.0,68.0,164.0,316.0,434.0,568.0,1888.0,2624.0,3670.0,26.157200000000017,73.33479999999996,118.95959999999997,160.71700000000018,HUCSEF
434.94379999999956,1034.8920000000007,1919.270800000001,2590.348999999999,1622.0,3816.0,5752.0,7448.0,68.0,164.0,316.0,434.0,568.0,1888.0,2624.0,3670.0,26.157200000000017,73.33479999999996,118.95959999999997,160.71700000000018,HUCSEF
434.9437999999997,1034.892000000001,1919.2708000000018,2590.348999999999,1622.0,3816.0,5752.0,7448.0,68.0,164.0,316.0,434.0,568.0,1888.0,2624.0,3670.0,26.15720000000003,73.33479999999999,118.95959999999997,160.7170000000001,HUCSEF
434.9437999999997,1034.892000000001,1919.2708000000002,2590.3489999999997,1622.0,3816.0,5752.0,7448.0,68.0,164.0,316.0,434.0,568.0,1888.0,2624.0,3670.0,26.157200000000017,73.3348,118.95960000000001,160.7170000000001,HUCSEF
434.9437999999998,1034.892000000001,1919.270800000002,2590.3489999999997,1622.0,3816.0,5752.0,7448.0,68.0,164.0,316.0,434.0,568.0,1888.0,2624.0,3670.0,26.157200000000028,73.3348,118.95959999999997,160.71700000000004,HUCSEF
434.9437999999996,1034.8920000000007,1919.2708000000014,2590.3489999999983,1622.0,3816.0,5752.0,7448.0,68.0,164.0,316.0,434.0,568.0,1888.0,2624.0,3670.0,26.157200000000017,73.33479999999996,118.95959999999997,160.71700000000018,HUCSEF
