f-chi-0-all,f-chi-1-all,f-chi-2-all,f-chi-3-all,f-Z-0-all,f-Z-1-all,f-Z-2-all,f-Z-3-all,f-I-0-all,f-I-1-all,f-I-2-all,f-I-3-all,f-T-0-all,f-T-1-all,f-T-2-all,f-T-3-all,f-S-0-all,f-S-1-all,f-S-2-all,f-S-3-all,mc-chi-0-all,mc-chi-1-all,mc-chi-2-all,mc-chi-3-all,mc-Z-0-all,mc-Z-1-all,mc-Z-2-all,mc-Z-3-all,mc-I-0-all,mc-I-1-all,mc-I-2-all,mc-I-3-all,mc-T-0-all,mc-T-1-all,mc-T-2-all,mc-T-3-all,mc-S-0-all,mc-S-1-all,mc-S-2-all,mc-S-3-all,D_mc-chi-0-all,D_mc-chi-1-all,D_mc-chi-2-all,D_mc-chi-3-all,D_mc-Z-0-all,D_mc-Z-1-all,D_mc-Z-2-all,D_mc-Z-3-all,D_mc-I-0-all,D_mc-I-1-all,D_mc-I-2-all,D_mc-I-3-all,D_mc-T-0-all,D_mc-T-1-all,D_mc-T-2-all,D_mc-T-3-all,D_mc-S-0-all,D_mc-S-1-all,D_mc-S-2-all,D_mc-S-3-all,name
2067.6807999999965,4128.086400000006,14489.94720000002,18876.95999999994,38280.0,92160.0,146496.0,157056.0,232.0,624.0,1536.0,2304.0,2160.0,6480.0,12336.0,15744.0,159.1720000000006,493.86719999999775,1028.947199999998,1451.9424000000004,1.4630500000000004,30.547200000000007,26.851500000000005,49.412700000000015,1696.5,2340.0,2268.0,2214.0,1.0,7.5,9.0,15.0,58.5,130.5,243.0,216.0,2.394099999999999,8.59575,11.018699999999994,13.707899999999995,0.0,-16.919999999999998,-12.419999999999996,-23.730000000000008,0.0,232.5,324.0,513.0,0.0,0.0,0.0,0.0,0.0,42.0,42.0,87.0,0.0,6.299999999999997,7.379999999999999,14.640000000000004,NANMAS_charged_primitive
