f-sbu-chi-0,f-sbu-chi-1,f-sbu-chi-2,f-sbu-chi-3,f-sbu-Z-0,f-sbu-Z-1,f-sbu-Z-2,f-sbu-Z-3,f-sbu-I-0,f-sbu-I-1,f-sbu-I-2,f-sbu-I-3,f-sbu-T-0,f-sbu-T-1,f-sbu-T-2,f-sbu-T-3,f-sbu-S-0,f-sbu-S-1,f-sbu-S-2,f-sbu-S-3,mc-chi-0,mc-chi-1,mc-chi-2,mc-chi-3,mc-Z-0,mc-Z-1,mc-Z-2,mc-Z-3,mc-I-0,mc-I-1,mc-I-2,mc-I-3,mc-T-0,mc-T-1,mc-T-2,mc-T-3,mc-S-0,mc-S-1,mc-S-2,mc-S-3,D_mc-chi-0,D_mc-chi-1,D_mc-chi-2,D_mc-chi-3,D_mc-Z-0,D_mc-Z-1,D_mc-Z-2,D_mc-Z-3,D_mc-I-0,D_mc-I-1,D_mc-I-2,D_mc-I-3,D_mc-T-0,D_mc-T-1,D_mc-T-2,D_mc-T-3,D_mc-S-0,D_mc-S-1,D_mc-S-2,D_mc-S-3,name
481.0883999999997,952.7424,2763.9312000000004,3537.6959999999985,16764.0,30624.0,57156.0,58368.0,54.0,132.0,288.0,456.0,420.0,1236.0,2220.0,2856.0,36.02159999999999,104.85719999999996,198.0012,278.2175999999999,3.1683999999999997,36.73919999999999,32.32479999999999,79.388,2401.0,2352.0,6076.0,5096.0,1.0,6.0,8.0,14.0,36.0,84.0,156.0,204.0,2.0164000000000004,6.2196,9.4572,14.739599999999998,0.0,-9.959999999999997,-3.9199999999999995,-19.680000000000003,0.0,246.0,268.0,582.0,0.0,0.0,0.0,0.0,0.0,22.0,22.0,50.0,0.0,4.14,4.7,9.499999999999998,VASGII
481.0883999999997,952.7424,2763.9312000000004,3537.6959999999995,16764.0,30624.0,57156.0,58368.0,54.0,132.0,288.0,456.0,420.0,1236.0,2220.0,2856.0,36.02159999999999,104.85719999999996,198.0012,278.2175999999999,3.1683999999999997,36.73919999999999,32.32479999999999,79.388,2401.0,2352.0,6076.0,5096.0,1.0,6.0,8.0,14.0,36.0,84.0,156.0,204.0,2.0164000000000004,6.2196,9.4572,14.739599999999998,0.0,-9.959999999999997,-3.9199999999999995,-19.680000000000003,0.0,246.0,268.0,582.0,0.0,0.0,0.0,0.0,0.0,22.0,22.0,50.0,0.0,4.14,4.7,9.499999999999998,VASGII
