f-lig-chi-0,f-lig-chi-1,f-lig-chi-2,f-lig-chi-3,f-lig-Z-0,f-lig-Z-1,f-lig-Z-2,f-lig-Z-3,f-lig-I-0,f-lig-I-1,f-lig-I-2,f-lig-I-3,f-lig-T-0,f-lig-T-1,f-lig-T-2,f-lig-T-3,f-lig-S-0,f-lig-S-1,f-lig-S-2,f-lig-S-3,name
83.9989,183.70199999999997,276.0946,221.1924,379.0,852.0,1156.0,846.0,12.0,26.0,38.0,32.0,64.0,150.0,200.0,152.0,5.6251999999999995,13.320999999999998,18.4238,14.370399999999998,XEDPON_clean_primitive
83.99889999999999,183.70200000000003,276.0946,221.19240000000002,379.0,852.0,1156.0,846.0,12.0,26.0,38.0,32.0,64.0,150.0,200.0,152.0,5.6252,13.321,18.423800000000004,14.3704,XEDPON_clean_primitive
83.99889999999999,183.702,276.0946,221.1924,379.0,852.0,1156.0,846.0,12.0,26.0,38.0,32.0,64.0,150.0,200.0,152.0,5.625200000000001,13.320999999999998,18.4238,14.3704,XEDPON_clean_primitive
83.99889999999999,183.702,276.0946,221.1924,379.0,852.0,1156.0,846.0,12.0,26.0,38.0,32.0,64.0,150.0,200.0,152.0,5.6252,13.321,18.4238,14.370399999999998,XEDPON_clean_primitive
