f-lig-chi-0,f-lig-chi-1,f-lig-chi-2,f-lig-chi-3,f-lig-Z-0,f-lig-Z-1,f-lig-Z-2,f-lig-Z-3,f-lig-I-0,f-lig-I-1,f-lig-I-2,f-lig-I-3,f-lig-T-0,f-lig-T-1,f-lig-T-2,f-lig-T-3,f-lig-S-0,f-lig-S-1,f-lig-S-2,f-lig-S-3,name
451.76489999999995,942.6330000000007,1563.9425999999999,1895.6970000000013,1791.0,3852.0,5652.0,6444.0,69.0,144.0,240.0,294.0,384.0,942.0,1332.0,1650.0,28.058100000000007,68.00640000000003,102.1704,122.83260000000006,NIRGAY_clean_primitive
451.7649,942.6330000000005,1563.942600000001,1895.6970000000001,1791.0,3852.0,5652.0,6444.0,69.0,144.0,240.0,294.0,384.0,942.0,1332.0,1650.0,28.058100000000003,68.00640000000003,102.1704,122.83259999999999,NIRGAY_clean_primitive
451.7649,942.6330000000007,1563.9426,1895.697000000001,1791.0,3852.0,5652.0,6444.0,69.0,144.0,240.0,294.0,384.0,942.0,1332.0,1650.0,28.058100000000003,68.00640000000003,102.17040000000003,122.83260000000003,NIRGAY_clean_primitive
451.7649,942.6330000000007,1563.9426000000003,1895.6970000000006,1791.0,3852.0,5652.0,6444.0,69.0,144.0,240.0,294.0,384.0,942.0,1332.0,1650.0,28.058100000000003,68.00640000000001,102.1704,122.83260000000001,NIRGAY_clean_primitive
