f-chi-0-all,f-chi-1-all,f-chi-2-all,f-chi-3-all,f-Z-0-all,f-Z-1-all,f-Z-2-all,f-Z-3-all,f-I-0-all,f-I-1-all,f-I-2-all,f-I-3-all,f-T-0-all,f-T-1-all,f-T-2-all,f-T-3-all,f-S-0-all,f-S-1-all,f-S-2-all,f-S-3-all,mc-chi-0-all,mc-chi-1-all,mc-chi-2-all,mc-chi-3-all,mc-Z-0-all,mc-Z-1-all,mc-Z-2-all,mc-Z-3-all,mc-I-0-all,mc-I-1-all,mc-I-2-all,mc-I-3-all,mc-T-0-all,mc-T-1-all,mc-T-2-all,mc-T-3-all,mc-S-0-all,mc-S-1-all,mc-S-2-all,mc-S-3-all,D_mc-chi-0-all,D_mc-chi-1-all,D_mc-chi-2-all,D_mc-chi-3-all,D_mc-Z-0-all,D_mc-Z-1-all,D_mc-Z-2-all,D_mc-Z-3-all,D_mc-I-0-all,D_mc-I-1-all,D_mc-I-2-all,D_mc-I-3-all,D_mc-T-0-all,D_mc-T-1-all,D_mc-T-2-all,D_mc-T-3-all,D_mc-S-0-all,D_mc-S-1-all,D_mc-S-2-all,D_mc-S-3-all,name
176.39209999999994,331.6159999999998,767.1515999999999,826.6319999999997,2795.0,6256.0,9684.0,9648.0,20.0,48.0,84.0,106.0,136.0,374.0,582.0,600.0,15.215599999999998,38.7484,63.257999999999996,73.16059999999999,2.4025000000000003,23.105333333333334,19.013333333333335,44.24733333333334,625.0,866.6666666666666,1433.3333333333333,1666.6666666666667,1.0,4.333333333333333,5.333333333333333,9.333333333333334,20.333333333333332,47.0,83.0,102.0,1.9321,4.397033333333333,6.857333333333332,9.69293333333333,0.0,-8.19,-3.9999999999999996,-14.08,0.0,73.66666666666667,76.0,166.66666666666666,0.0,0.0,0.0,0.0,0.0,10.333333333333334,6.333333333333333,18.333333333333332,0.0,2.86,2.48,6.0,NIRGAY_clean_primitive
176.3921,331.6159999999999,767.1515999999999,826.632,2795.0,6256.0,9684.0,9648.0,20.0,48.0,84.0,106.0,136.0,374.0,582.0,600.0,15.215599999999998,38.748400000000004,63.257999999999996,73.1606,2.4025000000000003,23.105333333333334,19.013333333333335,44.24733333333334,625.0,866.6666666666666,1433.3333333333333,1666.6666666666667,1.0,4.333333333333333,5.333333333333333,9.333333333333334,20.333333333333332,47.0,83.0,102.0,1.9321,4.397033333333333,6.857333333333332,9.69293333333333,0.0,-8.19,-3.9999999999999996,-14.08,0.0,73.66666666666667,76.0,166.66666666666666,0.0,0.0,0.0,0.0,0.0,10.333333333333334,6.333333333333333,18.333333333333332,0.0,2.86,2.48,6.0,NIRGAY_clean_primitive
