f-sbu-chi-0,f-sbu-chi-1,f-sbu-chi-2,f-sbu-chi-3,f-sbu-Z-0,f-sbu-Z-1,f-sbu-Z-2,f-sbu-Z-3,f-sbu-I-0,f-sbu-I-1,f-sbu-I-2,f-sbu-I-3,f-sbu-T-0,f-sbu-T-1,f-sbu-T-2,f-sbu-T-3,f-sbu-S-0,f-sbu-S-1,f-sbu-S-2,f-sbu-S-3,mc-chi-0,mc-chi-1,mc-chi-2,mc-chi-3,mc-Z-0,mc-Z-1,mc-Z-2,mc-Z-3,mc-I-0,mc-I-1,mc-I-2,mc-I-3,mc-T-0,mc-T-1,mc-T-2,mc-T-3,mc-S-0,mc-S-1,mc-S-2,mc-S-3,D_mc-chi-0,D_mc-chi-1,D_mc-chi-2,D_mc-chi-3,D_mc-Z-0,D_mc-Z-1,D_mc-Z-2,D_mc-Z-3,D_mc-I-0,D_mc-I-1,D_mc-I-2,D_mc-I-3,D_mc-T-0,D_mc-T-1,D_mc-T-2,D_mc-T-3,D_mc-S-0,D_mc-S-1,D_mc-S-2,D_mc-S-3,name
1473.5012000000013,2712.895999999997,6277.73159999999,8918.361600000002,29312.0,58880.0,109816.0,129664.0,192.0,416.0,768.0,1264.0,1192.0,3296.0,5144.0,6752.0,138.0423999999999,321.0991999999999,557.3568000000006,854.025600000001,2.987299999999998,22.215999999999994,18.625166666666665,59.0919111111111,614.0,741.3333333333334,1962.2222222222222,1771.5555555555557,1.0,3.7777777777777777,5.0,11.11111111111111,16.0,39.55555555555556,71.55555555555556,106.22222222222223,1.4802999999999993,3.3730222222222226,5.970811111111113,9.215399999999999,0.0,-5.9844444444444465,-1.2666666666666666,-13.968888888888891,0.0,66.44444444444444,51.111111111111114,212.44444444444446,0.0,0.0,0.0,0.0,0.0,7.111111111111111,6.666666666666667,22.88888888888889,0.0,1.8155555555555551,1.155555555555556,5.917777777777781,CAWZUX
