f-link-chi-0,f-link-chi-1,f-link-chi-2,f-link-chi-3,f-link-Z-0,f-link-Z-1,f-link-Z-2,f-link-Z-3,f-link-I-0,f-link-I-1,f-link-I-2,f-link-I-3,f-link-T-0,f-link-T-1,f-link-T-2,f-link-T-3,f-link-S-0,f-link-S-1,f-link-S-2,f-link-S-3,name
269.89919999999995,507.0736,799.7031999999999,1006.6461999999999,1320.0,2482.0,3784.0,4288.0,34.0,70.0,108.0,140.0,178.0,438.0,620.0,692.0,16.761800000000004,37.01020000000001,55.1788,66.44120000000001,ESASAU
269.89919999999995,507.0736,799.7032,1006.6461999999999,1320.0,2482.0,3784.0,4288.0,34.0,70.0,108.0,140.0,178.0,438.0,620.0,692.0,16.761800000000004,37.01020000000001,55.1788,66.44120000000001,ESASAU
266.8464,589.8150000000004,1042.9643999999996,1266.1629999999996,798.0,1944.0,2640.0,2476.0,46.0,94.0,172.0,218.0,266.0,676.0,916.0,964.0,15.29580000000001,39.408600000000014,60.326800000000006,65.72900000000003,ESASAU
266.8464,589.8150000000004,1042.9643999999996,1266.1629999999996,798.0,1944.0,2640.0,2476.0,46.0,94.0,172.0,218.0,266.0,676.0,916.0,964.0,15.29580000000001,39.408600000000014,60.326800000000006,65.72900000000003,ESASAU
266.8464000000001,589.8150000000004,1042.9643999999996,1266.1629999999998,798.0,1944.0,2640.0,2476.0,46.0,94.0,172.0,218.0,266.0,676.0,916.0,964.0,15.295800000000007,39.40860000000002,60.32680000000001,65.729,ESASAU
266.8464000000001,589.8150000000004,1042.9643999999996,1266.1629999999998,798.0,1944.0,2640.0,2476.0,46.0,94.0,172.0,218.0,266.0,676.0,916.0,964.0,15.295800000000007,39.40860000000002,60.32680000000001,65.729,ESASAU
269.89919999999995,507.07359999999994,799.7031999999999,1006.6461999999999,1320.0,2482.0,3784.0,4288.0,34.0,70.0,108.0,140.0,178.0,438.0,620.0,692.0,16.7618,37.010200000000005,55.17880000000001,66.44120000000002,ESASAU
269.89919999999995,507.07359999999994,799.7031999999999,1006.6461999999998,1320.0,2482.0,3784.0,4288.0,34.0,70.0,108.0,140.0,178.0,438.0,620.0,692.0,16.7618,37.010200000000005,55.17880000000001,66.44120000000002,ESASAU
