f-sbu-chi-0,f-sbu-chi-1,f-sbu-chi-2,f-sbu-chi-3,f-sbu-Z-0,f-sbu-Z-1,f-sbu-Z-2,f-sbu-Z-3,f-sbu-I-0,f-sbu-I-1,f-sbu-I-2,f-sbu-I-3,f-sbu-T-0,f-sbu-T-1,f-sbu-T-2,f-sbu-T-3,f-sbu-S-0,f-sbu-S-1,f-sbu-S-2,f-sbu-S-3,mc-chi-0,mc-chi-1,mc-chi-2,mc-chi-3,mc-Z-0,mc-Z-1,mc-Z-2,mc-Z-3,mc-I-0,mc-I-1,mc-I-2,mc-I-3,mc-T-0,mc-T-1,mc-T-2,mc-T-3,mc-S-0,mc-S-1,mc-S-2,mc-S-3,D_mc-chi-0,D_mc-chi-1,D_mc-chi-2,D_mc-chi-3,D_mc-Z-0,D_mc-Z-1,D_mc-Z-2,D_mc-Z-3,D_mc-I-0,D_mc-I-1,D_mc-I-2,D_mc-I-3,D_mc-T-0,D_mc-T-1,D_mc-T-2,D_mc-T-3,D_mc-S-0,D_mc-S-1,D_mc-S-2,D_mc-S-3,name
194.28729999999996,259.1775999999999,2027.5712,0.0,3573.0,11340.0,10368.0,0.0,13.0,28.0,128.0,0.0,168.0,400.0,216.0,0.0,8.009200000000002,25.8724,64.52480000000001,0.0,3.9637,60.68839999999997,9.842999999999998,9.842999999999998,2405.0,3412.0,564.0,564.0,1.0,8.0,2.0,2.0,80.0,112.0,16.0,32.0,1.7992,7.8839999999999995,1.9712,1.9712,0.0,-13.799999999999999,-1.2399999999999998,-1.2399999999999998,0.0,332.0,82.0,82.0,0.0,0.0,0.0,0.0,0.0,68.0,4.0,0.0,0.0,5.199999999999999,1.02,1.02,DOFQOF
194.28729999999996,259.1775999999999,2027.5712,0.0,3573.0,11340.0,10368.0,0.0,13.0,28.0,128.0,0.0,168.0,400.0,216.0,0.0,8.009200000000002,25.8724,64.52480000000003,0.0,3.9637,60.68839999999997,9.842999999999998,9.842999999999998,2405.0,3412.0,564.0,564.0,1.0,8.0,2.0,2.0,80.0,112.0,16.0,32.0,1.7992,7.8839999999999995,1.9712,1.9712,0.0,-13.799999999999999,-1.2399999999999998,-1.2399999999999998,0.0,332.0,82.0,82.0,0.0,0.0,0.0,0.0,0.0,68.0,4.0,0.0,0.0,5.199999999999999,1.02,1.02,DOFQOF
66.70129999999999,108.95360000000001,150.27120000000002,186.048,2549.0,2968.0,2844.0,1008.0,9.0,16.0,20.0,24.0,36.0,80.0,80.0,48.0,6.260000000000001,12.299999999999999,14.6348,13.86,3.9637,60.68839999999997,9.842999999999998,9.842999999999998,2405.0,3412.0,564.0,564.0,1.0,8.0,2.0,2.0,80.0,112.0,16.0,32.0,1.7992,7.8839999999999995,1.9712,1.9712,0.0,-13.799999999999999,-1.2399999999999998,-1.2399999999999998,0.0,332.0,82.0,82.0,0.0,0.0,0.0,0.0,0.0,68.0,4.0,0.0,0.0,5.199999999999999,1.02,1.02,DOFQOF
66.70129999999999,108.95359999999998,150.2712,186.048,2549.0,2968.0,2844.0,1008.0,9.0,16.0,20.0,24.0,36.0,80.0,80.0,48.0,6.26,12.3,14.6348,13.86,3.9637,60.68839999999997,9.842999999999998,9.842999999999998,2405.0,3412.0,564.0,564.0,1.0,8.0,2.0,2.0,80.0,112.0,16.0,32.0,1.7992,7.8839999999999995,1.9712,1.9712,0.0,-13.799999999999999,-1.2399999999999998,-1.2399999999999998,0.0,332.0,82.0,82.0,0.0,0.0,0.0,0.0,0.0,68.0,4.0,0.0,0.0,5.199999999999999,1.02,1.02,DOFQOF
