f-sbu-chi-0,f-sbu-chi-1,f-sbu-chi-2,f-sbu-chi-3,f-sbu-Z-0,f-sbu-Z-1,f-sbu-Z-2,f-sbu-Z-3,f-sbu-I-0,f-sbu-I-1,f-sbu-I-2,f-sbu-I-3,f-sbu-T-0,f-sbu-T-1,f-sbu-T-2,f-sbu-T-3,f-sbu-S-0,f-sbu-S-1,f-sbu-S-2,f-sbu-S-3,mc-chi-0,mc-chi-1,mc-chi-2,mc-chi-3,mc-Z-0,mc-Z-1,mc-Z-2,mc-Z-3,mc-I-0,mc-I-1,mc-I-2,mc-I-3,mc-T-0,mc-T-1,mc-T-2,mc-T-3,mc-S-0,mc-S-1,mc-S-2,mc-S-3,D_mc-chi-0,D_mc-chi-1,D_mc-chi-2,D_mc-chi-3,D_mc-Z-0,D_mc-Z-1,D_mc-Z-2,D_mc-Z-3,D_mc-I-0,D_mc-I-1,D_mc-I-2,D_mc-I-3,D_mc-T-0,D_mc-T-1,D_mc-T-2,D_mc-T-3,D_mc-S-0,D_mc-S-1,D_mc-S-2,D_mc-S-3,name
225.13239999999996,413.07519999999994,971.4888,1119.1007999999995,6034.0,10432.0,14496.0,16832.0,26.0,64.0,112.0,156.0,184.0,516.0,820.0,984.0,21.3896,55.4508,94.0504,118.34759999999999,1.8604999999999998,20.9324,16.5054,48.106,1212.5,1136.0,1764.0,2448.0,1.0,4.5,6.0,12.0,20.5,50.0,94.0,129.5,2.29645,4.964,9.2542,13.539349999999999,0.0,-9.395,-4.959999999999999,-22.379999999999995,0.0,106.0,94.0,247.5,0.0,0.0,0.0,0.0,0.0,9.5,6.0,24.5,0.0,3.5150000000000006,2.98,9.295000000000002,KEYMUY
225.13239999999993,413.0752,971.4888,1119.1008000000002,6034.0,10432.0,14496.0,16832.0,26.0,64.0,112.0,156.0,184.0,516.0,820.0,984.0,21.389600000000005,55.4508,94.05040000000001,118.3476,1.8604999999999998,20.9324,16.5054,48.106,1212.5,1136.0,1764.0,2448.0,1.0,4.5,6.0,12.0,20.5,50.0,94.0,129.5,2.29645,4.964,9.2542,13.539349999999999,0.0,-9.395,-4.959999999999999,-22.379999999999995,0.0,106.0,94.0,247.5,0.0,0.0,0.0,0.0,0.0,9.5,6.0,24.5,0.0,3.5150000000000006,2.98,9.295000000000002,KEYMUY
