f-lig-chi-0,f-lig-chi-1,f-lig-chi-2,f-lig-chi-3,f-lig-Z-0,f-lig-Z-1,f-lig-Z-2,f-lig-Z-3,f-lig-I-0,f-lig-I-1,f-lig-I-2,f-lig-I-3,f-lig-T-0,f-lig-T-1,f-lig-T-2,f-lig-T-3,f-lig-S-0,f-lig-S-1,f-lig-S-2,f-lig-S-3,name
339.20939999999996,723.7410000000006,1138.5303999999996,1457.2970000000003,1356.0,3000.0,4288.0,4682.0,54.0,114.0,180.0,240.0,294.0,738.0,1060.0,1208.0,22.656600000000015,55.02420000000003,81.59560000000002,96.68320000000001,ASOVEL_clean_primitive
339.20939999999996,723.7410000000004,1138.5304000000003,1457.2969999999991,1356.0,3000.0,4288.0,4682.0,54.0,114.0,180.0,240.0,294.0,738.0,1060.0,1208.0,22.656600000000008,55.02420000000002,81.59559999999999,96.68319999999997,ASOVEL_clean_primitive
339.20939999999996,723.7410000000006,1138.5303999999996,1457.2970000000005,1356.0,3000.0,4288.0,4682.0,54.0,114.0,180.0,240.0,294.0,738.0,1060.0,1208.0,22.65660000000001,55.02420000000003,81.59560000000002,96.6832,ASOVEL_clean_primitive
339.20939999999996,723.7410000000006,1138.5304000000003,1457.2969999999993,1356.0,3000.0,4288.0,4682.0,54.0,114.0,180.0,240.0,294.0,738.0,1060.0,1208.0,22.656600000000008,55.02420000000003,81.5956,96.68319999999997,ASOVEL_clean_primitive
