f-lig-chi-0,f-lig-chi-1,f-lig-chi-2,f-lig-chi-3,f-lig-Z-0,f-lig-Z-1,f-lig-Z-2,f-lig-Z-3,f-lig-I-0,f-lig-I-1,f-lig-I-2,f-lig-I-3,f-lig-T-0,f-lig-T-1,f-lig-T-2,f-lig-T-3,f-lig-S-0,f-lig-S-1,f-lig-S-2,f-lig-S-3,name
344.7509,767.2106000000005,1251.5342000000005,1609.5740000000005,1574.0,3566.0,5384.0,6518.0,47.0,108.0,178.0,234.0,312.0,888.0,1328.0,1594.0,21.731900000000007,55.59880000000002,85.99060000000003,107.39300000000004,ERIWAF_clean_primitive
344.7509,767.2106000000005,1251.5342000000005,1609.5740000000005,1574.0,3566.0,5384.0,6518.0,47.0,108.0,178.0,234.0,312.0,888.0,1328.0,1594.0,21.731900000000007,55.59880000000002,85.99060000000003,107.39300000000004,ERIWAF_clean_primitive
344.7509,767.2105999999999,1251.5342,1609.5739999999996,1574.0,3566.0,5384.0,6518.0,47.0,108.0,178.0,234.0,312.0,888.0,1328.0,1594.0,21.73190000000001,55.59880000000002,85.99059999999999,107.39300000000006,ERIWAF_clean_primitive
344.7509,767.2106,1251.5342000000005,1609.5739999999994,1574.0,3566.0,5384.0,6518.0,47.0,108.0,178.0,234.0,312.0,888.0,1328.0,1594.0,21.731900000000014,55.59880000000004,85.99060000000001,107.39300000000006,ERIWAF_clean_primitive
344.75089999999994,767.2106,1251.5342000000005,1609.5739999999994,1574.0,3566.0,5384.0,6518.0,47.0,108.0,178.0,234.0,312.0,888.0,1328.0,1594.0,21.73190000000001,55.59880000000003,85.99060000000003,107.39300000000006,ERIWAF_clean_primitive
344.75089999999994,767.2106,1251.5342000000005,1609.5739999999992,1574.0,3566.0,5384.0,6518.0,47.0,108.0,178.0,234.0,312.0,888.0,1328.0,1594.0,21.73190000000001,55.598800000000026,85.99060000000003,107.39300000000006,ERIWAF_clean_primitive
