f-lig-chi-0,f-lig-chi-1,f-lig-chi-2,f-lig-chi-3,f-lig-Z-0,f-lig-Z-1,f-lig-Z-2,f-lig-Z-3,f-lig-I-0,f-lig-I-1,f-lig-I-2,f-lig-I-3,f-lig-T-0,f-lig-T-1,f-lig-T-2,f-lig-T-3,f-lig-S-0,f-lig-S-1,f-lig-S-2,f-lig-S-3,name
305.8200999999999,652.3410000000001,1034.0593999999999,1314.8629999999998,1270.0,2796.0,4076.0,4460.0,47.0,100.0,158.0,208.0,258.0,648.0,942.0,1086.0,20.269500000000008,49.033600000000014,73.2038,86.86440000000002,IQOHON_clean_primitive
305.8200999999999,652.3410000000001,1034.0593999999999,1314.8629999999998,1270.0,2796.0,4076.0,4460.0,47.0,100.0,158.0,208.0,258.0,648.0,942.0,1086.0,20.269500000000008,49.033600000000014,73.2038,86.86440000000002,IQOHON_clean_primitive
299.5063999999999,779.0250000000003,1349.7523999999999,1646.960999999999,1082.0,3192.0,4424.0,4332.0,50.0,122.0,216.0,278.0,398.0,1304.0,1776.0,1888.0,19.491400000000016,58.47380000000003,91.26239999999997,102.47259999999994,IQOHON_clean_primitive
299.5063999999999,779.0250000000004,1349.7524,1646.9609999999998,1082.0,3192.0,4424.0,4332.0,50.0,122.0,216.0,278.0,398.0,1304.0,1776.0,1888.0,19.491400000000016,58.47380000000003,91.26239999999997,102.47259999999994,IQOHON_clean_primitive
305.8200999999999,652.3410000000003,1034.0594,1314.8629999999998,1270.0,2796.0,4076.0,4460.0,47.0,100.0,158.0,208.0,258.0,648.0,942.0,1086.0,20.26950000000001,49.03360000000003,73.2038,86.86440000000002,IQOHON_clean_primitive
305.8200999999999,652.3410000000003,1034.0594,1314.8629999999998,1270.0,2796.0,4076.0,4460.0,47.0,100.0,158.0,208.0,258.0,648.0,942.0,1086.0,20.26950000000001,49.03360000000003,73.2038,86.86440000000002,IQOHON_clean_primitive
