f-chi-0-all,f-chi-1-all,f-chi-2-all,f-chi-3-all,f-Z-0-all,f-Z-1-all,f-Z-2-all,f-Z-3-all,f-I-0-all,f-I-1-all,f-I-2-all,f-I-3-all,f-T-0-all,f-T-1-all,f-T-2-all,f-T-3-all,f-S-0-all,f-S-1-all,f-S-2-all,f-S-3-all,mc-chi-0-all,mc-chi-1-all,mc-chi-2-all,mc-chi-3-all,mc-Z-0-all,mc-Z-1-all,mc-Z-2-all,mc-Z-3-all,mc-I-0-all,mc-I-1-all,mc-I-2-all,mc-I-3-all,mc-T-0-all,mc-T-1-all,mc-T-2-all,mc-T-3-all,mc-S-0-all,mc-S-1-all,mc-S-2-all,mc-S-3-all,D_mc-chi-0-all,D_mc-chi-1-all,D_mc-chi-2-all,D_mc-chi-3-all,D_mc-Z-0-all,D_mc-Z-1-all,D_mc-Z-2-all,D_mc-Z-3-all,D_mc-I-0-all,D_mc-I-1-all,D_mc-I-2-all,D_mc-I-3-all,D_mc-T-0-all,D_mc-T-1-all,D_mc-T-2-all,D_mc-T-3-all,D_mc-S-0-all,D_mc-S-1-all,D_mc-S-2-all,D_mc-S-3-all,name
265.0558,581.3163999999999,1165.5756000000001,1726.4987999999996,3565.0,7856.0,12534.0,15582.0,33.0,80.0,146.0,218.0,226.0,628.0,1042.0,1272.0,21.88580000000001,56.06760000000004,99.65259999999999,138.39520000000005,3.5343999999999998,28.17493333333333,36.9984,60.56106666666665,729.0,936.0,1242.0,2214.0,1.0,4.666666666666667,7.333333333333333,12.0,22.666666666666668,57.333333333333336,101.33333333333333,134.66666666666666,1.5876000000000001,4.3596,7.0644,10.894800000000002,0.0,-6.213333333333334,-5.8933333333333335,-9.653333333333334,0.0,91.33333333333333,152.0,242.0,0.0,0.0,0.0,0.0,0.0,10.666666666666666,13.333333333333334,30.666666666666668,0.0,2.4200000000000004,3.633333333333334,6.473333333333334,EJONOH_clean_primitive
