f-lig-chi-0,f-lig-chi-1,f-lig-chi-2,f-lig-chi-3,f-lig-Z-0,f-lig-Z-1,f-lig-Z-2,f-lig-Z-3,f-lig-I-0,f-lig-I-1,f-lig-I-2,f-lig-I-3,f-lig-T-0,f-lig-T-1,f-lig-T-2,f-lig-T-3,f-lig-S-0,f-lig-S-1,f-lig-S-2,f-lig-S-3,name
155.137,324.8912000000001,511.0126,565.135,643.0,1382.0,1978.0,1870.0,23.0,48.0,76.0,86.0,124.0,302.0,418.0,432.0,9.7775,23.193200000000004,33.7372,35.695800000000006,GEDLIM_clean_primitive
155.137,324.8912000000001,511.0126,565.135,643.0,1382.0,1978.0,1870.0,23.0,48.0,76.0,86.0,124.0,302.0,418.0,432.0,9.7775,23.193200000000004,33.7372,35.695800000000006,GEDLIM_clean_primitive
155.137,324.8912000000001,511.0126,565.135,643.0,1382.0,1978.0,1870.0,23.0,48.0,76.0,86.0,124.0,302.0,418.0,432.0,9.7775,23.1932,33.73720000000001,35.695800000000006,GEDLIM_clean_primitive
155.137,324.8912000000001,511.0126,565.135,643.0,1382.0,1978.0,1870.0,23.0,48.0,76.0,86.0,124.0,302.0,418.0,432.0,9.7775,23.193200000000004,33.7372,35.695800000000006,GEDLIM_clean_primitive
155.137,324.89120000000014,511.01260000000013,565.135,643.0,1382.0,1978.0,1870.0,23.0,48.0,76.0,86.0,124.0,302.0,418.0,432.0,9.7775,23.193200000000008,33.7372,35.69580000000001,GEDLIM_clean_primitive
155.137,324.8912,511.01260000000013,565.135,643.0,1382.0,1978.0,1870.0,23.0,48.0,76.0,86.0,124.0,302.0,418.0,432.0,9.7775,23.193200000000008,33.73720000000001,35.695800000000006,GEDLIM_clean_primitive
155.137,324.8912,511.01260000000013,565.135,643.0,1382.0,1978.0,1870.0,23.0,48.0,76.0,86.0,124.0,302.0,418.0,432.0,9.7775,23.193200000000008,33.73720000000001,35.695800000000006,GEDLIM_clean_primitive
155.137,324.8912000000001,511.01260000000013,565.135,643.0,1382.0,1978.0,1870.0,23.0,48.0,76.0,86.0,124.0,302.0,418.0,432.0,9.7775,23.193200000000008,33.7372,35.695800000000006,GEDLIM_clean_primitive
