f-sbu-chi-0,f-sbu-chi-1,f-sbu-chi-2,f-sbu-chi-3,f-sbu-Z-0,f-sbu-Z-1,f-sbu-Z-2,f-sbu-Z-3,f-sbu-I-0,f-sbu-I-1,f-sbu-I-2,f-sbu-I-3,f-sbu-T-0,f-sbu-T-1,f-sbu-T-2,f-sbu-T-3,f-sbu-S-0,f-sbu-S-1,f-sbu-S-2,f-sbu-S-3,mc-chi-0,mc-chi-1,mc-chi-2,mc-chi-3,mc-Z-0,mc-Z-1,mc-Z-2,mc-Z-3,mc-I-0,mc-I-1,mc-I-2,mc-I-3,mc-T-0,mc-T-1,mc-T-2,mc-T-3,mc-S-0,mc-S-1,mc-S-2,mc-S-3,D_mc-chi-0,D_mc-chi-1,D_mc-chi-2,D_mc-chi-3,D_mc-Z-0,D_mc-Z-1,D_mc-Z-2,D_mc-Z-3,D_mc-I-0,D_mc-I-1,D_mc-I-2,D_mc-I-3,D_mc-T-0,D_mc-T-1,D_mc-T-2,D_mc-T-3,D_mc-S-0,D_mc-S-1,D_mc-S-2,D_mc-S-3,name
436.93359999999973,878.9996000000001,2617.6833999999994,4712.169000000002,3767.0,10896.0,20346.0,29260.0,61.0,156.0,360.0,680.0,544.0,1880.0,3732.0,5208.0,38.95020000000001,122.30879999999996,251.2007999999999,369.31560000000025,1.202057142857143,18.73325714285715,21.800171428571424,43.18564285714285,292.42857142857144,651.4285714285714,856.8571428571429,1464.0,1.0,5.428571428571429,11.142857142857142,12.428571428571429,30.0,104.0,154.57142857142858,203.14285714285714,2.7425142857142855,6.499085714285713,13.4556,14.469699999999998,0.0,-13.228571428571428,-11.35142857142857,-26.108571428571427,0.0,38.0,100.57142857142857,121.28571428571429,0.0,0.0,0.0,0.0,0.0,11.428571428571429,34.285714285714285,27.857142857142858,0.0,4.94,9.922857142857142,11.382857142857144,ELUBEU
