f-lig-chi-0,f-lig-chi-1,f-lig-chi-2,f-lig-chi-3,f-lig-Z-0,f-lig-Z-1,f-lig-Z-2,f-lig-Z-3,f-lig-I-0,f-lig-I-1,f-lig-I-2,f-lig-I-3,f-lig-T-0,f-lig-T-1,f-lig-T-2,f-lig-T-3,f-lig-S-0,f-lig-S-1,f-lig-S-2,f-lig-S-3,name
154.5932,339.7110000000001,541.3500000000001,645.1770000000001,542.0,1272.0,1644.0,1512.0,26.0,54.0,88.0,110.0,142.0,352.0,484.0,514.0,9.882600000000002,24.501400000000004,35.384800000000006,38.09020000000001,YARKEJ_clean_primitive
154.59320000000002,339.7110000000001,541.35,645.177,542.0,1272.0,1644.0,1512.0,26.0,54.0,88.0,110.0,142.0,352.0,484.0,514.0,9.882600000000004,24.501400000000007,35.384800000000006,38.09020000000002,YARKEJ_clean_primitive
239.58239999999998,450.84,712.9418,870.4039999999999,1158.0,2184.0,3320.0,3620.0,31.0,64.0,98.0,124.0,162.0,396.0,554.0,620.0,15.103900000000001,33.63360000000001,49.49300000000001,58.02520000000003,YARKEJ_clean_primitive
239.58239999999995,450.8399999999999,712.9418000000001,870.4039999999997,1158.0,2184.0,3320.0,3620.0,31.0,64.0,98.0,124.0,162.0,396.0,554.0,620.0,15.103900000000001,33.633600000000015,49.49300000000001,58.02520000000002,YARKEJ_clean_primitive
154.59320000000002,339.7110000000002,541.3500000000001,645.1769999999999,542.0,1272.0,1644.0,1512.0,26.0,54.0,88.0,110.0,142.0,352.0,484.0,514.0,9.882600000000002,24.501400000000004,35.3848,38.090199999999996,YARKEJ_clean_primitive
154.59320000000002,339.7110000000001,541.3500000000001,645.1769999999999,542.0,1272.0,1644.0,1512.0,26.0,54.0,88.0,110.0,142.0,352.0,484.0,514.0,9.8826,24.501400000000007,35.384800000000006,38.090199999999996,YARKEJ_clean_primitive
