f-chi-0-all,f-chi-1-all,f-chi-2-all,f-chi-3-all,f-Z-0-all,f-Z-1-all,f-Z-2-all,f-Z-3-all,f-I-0-all,f-I-1-all,f-I-2-all,f-I-3-all,f-T-0-all,f-T-1-all,f-T-2-all,f-T-3-all,f-S-0-all,f-S-1-all,f-S-2-all,f-S-3-all,mc-chi-0-all,mc-chi-1-all,mc-chi-2-all,mc-chi-3-all,mc-Z-0-all,mc-Z-1-all,mc-Z-2-all,mc-Z-3-all,mc-I-0-all,mc-I-1-all,mc-I-2-all,mc-I-3-all,mc-T-0-all,mc-T-1-all,mc-T-2-all,mc-T-3-all,mc-S-0-all,mc-S-1-all,mc-S-2-all,mc-S-3-all,D_mc-chi-0-all,D_mc-chi-1-all,D_mc-chi-2-all,D_mc-chi-3-all,D_mc-Z-0-all,D_mc-Z-1-all,D_mc-Z-2-all,D_mc-Z-3-all,D_mc-I-0-all,D_mc-I-1-all,D_mc-I-2-all,D_mc-I-3-all,D_mc-T-0-all,D_mc-T-1-all,D_mc-T-2-all,D_mc-T-3-all,D_mc-S-0-all,D_mc-S-1-all,D_mc-S-2-all,D_mc-S-3-all,name
339.8098,648.6591999999998,1079.7351999999996,1577.3788000000002,10986.0,13892.0,20432.0,16104.0,42.0,88.0,140.0,192.0,228.0,580.0,812.0,844.0,30.384600000000013,67.02,107.8136,121.72240000000005,2.8560999999999996,21.564399999999996,30.082000000000004,47.979099999999995,2304.0,1416.0,1992.0,2784.0,1.0,4.0,6.5,10.5,17.0,44.5,74.0,113.0,2.1904,4.3956,7.333399999999999,10.633799999999999,0.0,-6.000000000000001,-6.814999999999999,-10.644999999999998,0.0,162.5,270.5,446.0,0.0,0.0,0.0,0.0,0.0,6.5,10.5,20.5,0.0,2.95,4.665,8.355000000000002,EKOKIA_clean_primitive
339.8098,648.6591999999998,1079.7351999999998,1577.3788000000002,10986.0,13892.0,20432.0,16104.0,42.0,88.0,140.0,192.0,228.0,580.0,812.0,844.0,30.384600000000013,67.02,107.8136,121.72240000000005,2.8560999999999996,21.564399999999996,30.082000000000004,47.979099999999995,2304.0,1416.0,1992.0,2784.0,1.0,4.0,6.5,10.5,17.0,44.5,74.0,113.0,2.1904,4.3956,7.333399999999999,10.633799999999999,0.0,-6.000000000000001,-6.814999999999999,-10.644999999999998,0.0,162.5,270.5,446.0,0.0,0.0,0.0,0.0,0.0,6.5,10.5,20.5,0.0,2.95,4.665,8.355000000000002,EKOKIA_clean_primitive
