name,cif_file,Di,Df,Dif,rho,VSA,GSA,VPOV,GPOV,POAV_vol_frac,PONAV_vol_frac,GPOAV,GPONAV,POAV,PONAV
QOSXOM,QOSXOM.cif,11.03802,8.53557,11.01618,1.03996,1106.22,1063.71,0.28350000000000003,0.27260663871687374,0.2797,0.0038,0.268954,0.003654,5821.39,79.0893
