f-lig-chi-0,f-lig-chi-1,f-lig-chi-2,f-lig-chi-3,f-lig-Z-0,f-lig-Z-1,f-lig-Z-2,f-lig-Z-3,f-lig-I-0,f-lig-I-1,f-lig-I-2,f-lig-I-3,f-lig-T-0,f-lig-T-1,f-lig-T-2,f-lig-T-3,f-lig-S-0,f-lig-S-1,f-lig-S-2,f-lig-S-3,name
238.10909999999996,479.34900000000005,768.3756000000001,966.073,1077.0,2196.0,3336.0,3628.0,34.0,72.0,114.0,150.0,186.0,468.0,690.0,790.0,15.694600000000008,36.775200000000005,55.77300000000001,66.6598,NAJTAW_clean_primitive
238.10909999999996,479.34900000000005,768.3756000000001,966.073,1077.0,2196.0,3336.0,3628.0,34.0,72.0,114.0,150.0,186.0,468.0,690.0,790.0,15.694600000000008,36.775200000000005,55.77300000000001,66.6598,NAJTAW_clean_primitive
238.10909999999996,479.3490000000001,768.3756000000002,966.073,1077.0,2196.0,3336.0,3628.0,34.0,72.0,114.0,150.0,186.0,468.0,690.0,790.0,15.694600000000007,36.77520000000001,55.77300000000001,66.65980000000002,NAJTAW_clean_primitive
238.10909999999996,479.3490000000001,768.3756000000002,966.073,1077.0,2196.0,3336.0,3628.0,34.0,72.0,114.0,150.0,186.0,468.0,690.0,790.0,15.694600000000007,36.77520000000001,55.77300000000001,66.65980000000002,NAJTAW_clean_primitive
