f-chi-0-all,f-chi-1-all,f-chi-2-all,f-chi-3-all,f-Z-0-all,f-Z-1-all,f-Z-2-all,f-Z-3-all,f-I-0-all,f-I-1-all,f-I-2-all,f-I-3-all,f-T-0-all,f-T-1-all,f-T-2-all,f-T-3-all,f-S-0-all,f-S-1-all,f-S-2-all,f-S-3-all,mc-chi-0-all,mc-chi-1-all,mc-chi-2-all,mc-chi-3-all,mc-Z-0-all,mc-Z-1-all,mc-Z-2-all,mc-Z-3-all,mc-I-0-all,mc-I-1-all,mc-I-2-all,mc-I-3-all,mc-T-0-all,mc-T-1-all,mc-T-2-all,mc-T-3-all,mc-S-0-all,mc-S-1-all,mc-S-2-all,mc-S-3-all,D_mc-chi-0-all,D_mc-chi-1-all,D_mc-chi-2-all,D_mc-chi-3-all,D_mc-Z-0-all,D_mc-Z-1-all,D_mc-Z-2-all,D_mc-Z-3-all,D_mc-I-0-all,D_mc-I-1-all,D_mc-I-2-all,D_mc-I-3-all,D_mc-T-0-all,D_mc-T-1-all,D_mc-T-2-all,D_mc-T-3-all,D_mc-S-0-all,D_mc-S-1-all,D_mc-S-2-all,D_mc-S-3-all,name
196.44319999999993,338.57399999999984,1071.3128,1006.6959999999995,9506.0,15336.0,13304.0,13504.0,22.0,56.0,112.0,128.0,196.0,592.0,668.0,704.0,16.7828,50.47,75.59960000000002,83.07040000000003,1.2100000000000002,25.508999999999997,14.025,31.965999999999998,4225.0,3510.0,1950.0,4420.0,1.0,7.0,5.0,10.0,49.0,112.0,105.0,182.0,2.8223999999999996,8.652,6.468,12.6672,0.0,-15.489999999999998,-7.249999999999998,-18.06,0.0,401.0,295.0,582.0,0.0,0.0,0.0,0.0,0.0,33.0,20.0,44.0,0.0,6.61,4.55,9.26,NAJTAW_clean_primitive
196.44319999999993,338.57399999999984,1071.3128,1006.6959999999995,9506.0,15336.0,13304.0,13504.0,22.0,56.0,112.0,128.0,196.0,592.0,668.0,704.0,16.7828,50.47,75.59960000000002,83.07040000000003,1.2100000000000002,25.508999999999997,14.025,31.965999999999998,4225.0,3510.0,1950.0,4420.0,1.0,7.0,5.0,10.0,49.0,112.0,105.0,182.0,2.8223999999999996,8.652,6.468,12.6672,0.0,-15.489999999999998,-7.249999999999998,-18.06,0.0,401.0,295.0,582.0,0.0,0.0,0.0,0.0,0.0,33.0,20.0,44.0,0.0,6.61,4.55,9.26,NAJTAW_clean_primitive
