f-lig-chi-0,f-lig-chi-1,f-lig-chi-2,f-lig-chi-3,f-lig-Z-0,f-lig-Z-1,f-lig-Z-2,f-lig-Z-3,f-lig-I-0,f-lig-I-1,f-lig-I-2,f-lig-I-3,f-lig-T-0,f-lig-T-1,f-lig-T-2,f-lig-T-3,f-lig-S-0,f-lig-S-1,f-lig-S-2,f-lig-S-3,name
353.0702999999999,655.7580000000004,1121.1960000000001,1365.170399999999,1614.0,2988.0,4494.0,4644.0,45.0,90.0,150.0,186.0,240.0,582.0,762.0,876.0,20.306100000000015,44.767800000000015,66.3102,78.26459999999999,CUKXOW_clean_primitive
353.0702999999999,655.7580000000005,1121.1960000000001,1365.170399999999,1614.0,2988.0,4494.0,4644.0,45.0,90.0,150.0,186.0,240.0,582.0,762.0,876.0,20.306100000000015,44.76780000000001,66.3102,78.26459999999999,CUKXOW_clean_primitive
