f-chi-0-all,f-chi-1-all,f-chi-2-all,f-chi-3-all,f-Z-0-all,f-Z-1-all,f-Z-2-all,f-Z-3-all,f-I-0-all,f-I-1-all,f-I-2-all,f-I-3-all,f-T-0-all,f-T-1-all,f-T-2-all,f-T-3-all,f-S-0-all,f-S-1-all,f-S-2-all,f-S-3-all,mc-chi-0-all,mc-chi-1-all,mc-chi-2-all,mc-chi-3-all,mc-Z-0-all,mc-Z-1-all,mc-Z-2-all,mc-Z-3-all,mc-I-0-all,mc-I-1-all,mc-I-2-all,mc-I-3-all,mc-T-0-all,mc-T-1-all,mc-T-2-all,mc-T-3-all,mc-S-0-all,mc-S-1-all,mc-S-2-all,mc-S-3-all,D_mc-chi-0-all,D_mc-chi-1-all,D_mc-chi-2-all,D_mc-chi-3-all,D_mc-Z-0-all,D_mc-Z-1-all,D_mc-Z-2-all,D_mc-Z-3-all,D_mc-I-0-all,D_mc-I-1-all,D_mc-I-2-all,D_mc-I-3-all,D_mc-T-0-all,D_mc-T-1-all,D_mc-T-2-all,D_mc-T-3-all,D_mc-S-0-all,D_mc-S-1-all,D_mc-S-2-all,D_mc-S-3-all,name
183.43819999999997,316.47999999999996,1076.2096,952.8799999999994,9434.0,15712.0,21754.0,15200.0,20.0,52.0,108.0,120.0,180.0,552.0,812.0,720.0,15.596999999999996,47.8296,77.3462,80.73800000000003,1.2100000000000002,26.488,15.235,32.945,4225.0,3640.0,6175.0,4550.0,1.0,7.0,6.0,10.0,49.0,112.0,154.0,210.0,2.8223999999999996,8.5848,9.290399999999998,12.599999999999998,0.0,-16.38,-7.249999999999998,-18.949999999999996,0.0,399.0,295.0,580.0,0.0,0.0,0.0,0.0,0.0,33.0,20.0,40.0,0.0,6.65,4.55,9.3,CUKXOW_clean_primitive
183.43819999999997,316.47999999999996,1076.2096,952.8799999999995,9434.0,15712.0,21754.0,15200.0,20.0,52.0,108.0,120.0,180.0,552.0,812.0,720.0,15.596999999999996,47.82959999999999,77.3462,80.73800000000003,1.2100000000000002,26.488,15.235,32.945,4225.0,3640.0,6175.0,4550.0,1.0,7.0,6.0,10.0,49.0,112.0,154.0,210.0,2.8223999999999996,8.5848,9.290399999999998,12.599999999999998,0.0,-16.38,-7.249999999999998,-18.949999999999996,0.0,399.0,295.0,580.0,0.0,0.0,0.0,0.0,0.0,33.0,20.0,40.0,0.0,6.65,4.55,9.3,CUKXOW_clean_primitive
