f-chi-0-all,f-chi-1-all,f-chi-2-all,f-chi-3-all,f-Z-0-all,f-Z-1-all,f-Z-2-all,f-Z-3-all,f-I-0-all,f-I-1-all,f-I-2-all,f-I-3-all,f-T-0-all,f-T-1-all,f-T-2-all,f-T-3-all,f-S-0-all,f-S-1-all,f-S-2-all,f-S-3-all,mc-chi-0-all,mc-chi-1-all,mc-chi-2-all,mc-chi-3-all,mc-Z-0-all,mc-Z-1-all,mc-Z-2-all,mc-Z-3-all,mc-I-0-all,mc-I-1-all,mc-I-2-all,mc-I-3-all,mc-T-0-all,mc-T-1-all,mc-T-2-all,mc-T-3-all,mc-S-0-all,mc-S-1-all,mc-S-2-all,mc-S-3-all,D_mc-chi-0-all,D_mc-chi-1-all,D_mc-chi-2-all,D_mc-chi-3-all,D_mc-Z-0-all,D_mc-Z-1-all,D_mc-Z-2-all,D_mc-Z-3-all,D_mc-I-0-all,D_mc-I-1-all,D_mc-I-2-all,D_mc-I-3-all,D_mc-T-0-all,D_mc-T-1-all,D_mc-T-2-all,D_mc-T-3-all,D_mc-S-0-all,D_mc-S-1-all,D_mc-S-2-all,D_mc-S-3-all,name
264.7398999999999,462.6383999999998,1335.3168000000003,1713.3119999999994,1843.0,5040.0,9960.0,13536.0,31.0,72.0,150.0,228.0,222.0,636.0,1116.0,1428.0,21.5263,57.116400000000006,108.47460000000008,156.01799999999994,1.7161000000000002,26.5144,23.475199999999997,69.823,144.0,564.0,720.0,1392.0,1.0,6.0,8.0,18.0,36.0,84.0,180.0,252.0,1.9321,6.116,10.286,17.652999999999995,0.0,-12.379999999999997,-7.439999999999999,-29.719999999999988,0.0,25.0,36.0,100.0,0.0,0.0,0.0,0.0,0.0,22.0,18.0,66.0,0.0,3.939999999999999,3.7199999999999993,12.32,WAQDOJ_charged_primitive
264.7398999999999,462.6383999999997,1335.3168000000003,1713.3120000000008,1843.0,5040.0,9960.0,13536.0,31.0,72.0,150.0,228.0,222.0,636.0,1116.0,1428.0,21.526300000000013,57.1164,108.47460000000004,156.01799999999997,1.7161000000000002,26.5144,23.475199999999997,69.823,144.0,564.0,720.0,1392.0,1.0,6.0,8.0,18.0,36.0,84.0,180.0,252.0,1.9321,6.116,10.286,17.652999999999995,0.0,-12.379999999999997,-7.439999999999999,-29.719999999999988,0.0,25.0,36.0,100.0,0.0,0.0,0.0,0.0,0.0,22.0,18.0,66.0,0.0,3.939999999999999,3.7199999999999993,12.32,WAQDOJ_charged_primitive
