f-lig-chi-0,f-lig-chi-1,f-lig-chi-2,f-lig-chi-3,f-lig-Z-0,f-lig-Z-1,f-lig-Z-2,f-lig-Z-3,f-lig-I-0,f-lig-I-1,f-lig-I-2,f-lig-I-3,f-lig-T-0,f-lig-T-1,f-lig-T-2,f-lig-T-3,f-lig-S-0,f-lig-S-1,f-lig-S-2,f-lig-S-3,name
416.2640999999999,876.3840000000007,1460.5806000000011,1846.0380000000005,1599.0,3492.0,5196.0,5988.0,66.0,138.0,234.0,300.0,372.0,930.0,1362.0,1728.0,26.459400000000013,64.81860000000003,99.34499999999998,123.61080000000001,WUDTOG_clean_primitive
416.2640999999999,876.3840000000007,1460.580600000001,1846.0380000000005,1599.0,3492.0,5196.0,5988.0,66.0,138.0,234.0,300.0,372.0,930.0,1362.0,1728.0,26.459400000000013,64.81860000000003,99.345,123.61080000000003,WUDTOG_clean_primitive
