f-sbu-chi-0,f-sbu-chi-1,f-sbu-chi-2,f-sbu-chi-3,f-sbu-Z-0,f-sbu-Z-1,f-sbu-Z-2,f-sbu-Z-3,f-sbu-I-0,f-sbu-I-1,f-sbu-I-2,f-sbu-I-3,f-sbu-T-0,f-sbu-T-1,f-sbu-T-2,f-sbu-T-3,f-sbu-S-0,f-sbu-S-1,f-sbu-S-2,f-sbu-S-3,mc-chi-0,mc-chi-1,mc-chi-2,mc-chi-3,mc-Z-0,mc-Z-1,mc-Z-2,mc-Z-3,mc-I-0,mc-I-1,mc-I-2,mc-I-3,mc-T-0,mc-T-1,mc-T-2,mc-T-3,mc-S-0,mc-S-1,mc-S-2,mc-S-3,D_mc-chi-0,D_mc-chi-1,D_mc-chi-2,D_mc-chi-3,D_mc-Z-0,D_mc-Z-1,D_mc-Z-2,D_mc-Z-3,D_mc-I-0,D_mc-I-1,D_mc-I-2,D_mc-I-3,D_mc-T-0,D_mc-T-1,D_mc-T-2,D_mc-T-3,D_mc-S-0,D_mc-S-1,D_mc-S-2,D_mc-S-3,name
265.9215,487.84,1334.593,1604.6920000000005,5937.0,11264.0,11572.0,9710.0,38.0,78.0,166.0,226.0,258.0,744.0,1040.0,1160.0,16.9609,47.4564,81.83779999999997,103.27580000000003,1.2100000000000002,33.077,26.895000000000003,40.05100000000001,4900.0,4900.0,3150.0,3920.0,1.0,9.0,10.0,14.0,81.0,207.0,216.0,162.0,2.8899999999999997,11.236999999999998,11.049999999999999,13.327999999999998,0.0,-20.169999999999998,-13.449999999999996,-21.009999999999998,0.0,560.0,655.0,924.0,0.0,0.0,0.0,0.0,0.0,58.0,66.0,108.0,0.0,8.69,10.499999999999998,15.959999999999999,WAZPOE
265.9214999999999,487.8400000000001,1334.5929999999998,1604.692,5937.0,11264.0,11572.0,9710.0,38.0,78.0,166.0,226.0,258.0,744.0,1040.0,1160.0,16.960900000000006,47.45640000000001,81.83779999999993,103.27580000000005,1.2100000000000002,33.077,26.895000000000003,40.05100000000001,4900.0,4900.0,3150.0,3920.0,1.0,9.0,10.0,14.0,81.0,207.0,216.0,162.0,2.8899999999999997,11.236999999999998,11.049999999999999,13.327999999999998,0.0,-20.169999999999998,-13.449999999999996,-21.009999999999998,0.0,560.0,655.0,924.0,0.0,0.0,0.0,0.0,0.0,58.0,66.0,108.0,0.0,8.69,10.499999999999998,15.959999999999999,WAZPOE
