f-chi-0-all,f-chi-1-all,f-chi-2-all,f-chi-3-all,f-Z-0-all,f-Z-1-all,f-Z-2-all,f-Z-3-all,f-I-0-all,f-I-1-all,f-I-2-all,f-I-3-all,f-T-0-all,f-T-1-all,f-T-2-all,f-T-3-all,f-S-0-all,f-S-1-all,f-S-2-all,f-S-3-all,mc-chi-0-all,mc-chi-1-all,mc-chi-2-all,mc-chi-3-all,mc-Z-0-all,mc-Z-1-all,mc-Z-2-all,mc-Z-3-all,mc-I-0-all,mc-I-1-all,mc-I-2-all,mc-I-3-all,mc-T-0-all,mc-T-1-all,mc-T-2-all,mc-T-3-all,mc-S-0-all,mc-S-1-all,mc-S-2-all,mc-S-3-all,D_mc-chi-0-all,D_mc-chi-1-all,D_mc-chi-2-all,D_mc-chi-3-all,D_mc-Z-0-all,D_mc-Z-1-all,D_mc-Z-2-all,D_mc-Z-3-all,D_mc-I-0-all,D_mc-I-1-all,D_mc-I-2-all,D_mc-I-3-all,D_mc-T-0-all,D_mc-T-1-all,D_mc-T-2-all,D_mc-T-3-all,D_mc-S-0-all,D_mc-S-1-all,D_mc-S-2-all,D_mc-S-3-all,name
164.62919999999997,351.70559999999983,833.8912,900.4543999999999,2973.0,6848.0,11002.0,9504.0,19.0,48.0,92.0,116.0,150.0,464.0,728.0,624.0,12.737199999999998,35.8284,61.5514,66.13799999999999,3.5343999999999993,30.180266666666665,28.124799999999997,47.27573333333333,729.0,1008.0,1944.0,1584.0,1.0,4.666666666666667,6.666666666666667,8.0,22.666666666666668,64.0,92.0,88.0,1.5876000000000001,4.292400000000001,6.694800000000001,7.492800000000002,0.0,-7.280000000000001,-2.426666666666667,-10.106666666666667,0.0,88.66666666666667,108.0,157.33333333333334,0.0,0.0,0.0,0.0,0.0,9.333333333333334,12.666666666666666,18.666666666666668,0.0,2.473333333333334,3.0866666666666664,4.133333333333334,EKIJEP01_clean_primitive
164.62919999999997,351.70559999999983,833.8912,900.4543999999999,2973.0,6848.0,11002.0,9504.0,19.0,48.0,92.0,116.0,150.0,464.0,728.0,624.0,12.737199999999998,35.8284,61.5514,66.13799999999999,3.5343999999999993,30.180266666666665,28.124799999999997,47.27573333333333,729.0,1008.0,1944.0,1584.0,1.0,4.666666666666667,6.666666666666667,8.0,22.666666666666668,64.0,92.0,88.0,1.5876000000000001,4.292400000000001,6.694800000000001,7.492800000000002,0.0,-7.280000000000001,-2.426666666666667,-10.106666666666667,0.0,88.66666666666667,108.0,157.33333333333334,0.0,0.0,0.0,0.0,0.0,9.333333333333334,12.666666666666666,18.666666666666668,0.0,2.473333333333334,3.0866666666666664,4.133333333333334,EKIJEP01_clean_primitive
