f-lig-chi-0,f-lig-chi-1,f-lig-chi-2,f-lig-chi-3,f-lig-Z-0,f-lig-Z-1,f-lig-Z-2,f-lig-Z-3,f-lig-I-0,f-lig-I-1,f-lig-I-2,f-lig-I-3,f-lig-T-0,f-lig-T-1,f-lig-T-2,f-lig-T-3,f-lig-S-0,f-lig-S-1,f-lig-S-2,f-lig-S-3,name
267.97610000000003,569.9020000000003,935.5034,1218.4036000000003,956.0,2116.0,2936.0,3160.0,43.0,88.0,148.0,196.0,236.0,592.0,820.0,884.0,16.133100000000006,39.45600000000001,58.50240000000001,68.9212,PAPPED_clean_primitive
267.97610000000003,569.9020000000003,935.5033999999999,1218.4036,956.0,2116.0,2936.0,3160.0,43.0,88.0,148.0,196.0,236.0,592.0,820.0,884.0,16.13310000000001,39.456,58.5024,68.92119999999998,PAPPED_clean_primitive
267.97610000000003,569.9020000000003,935.5034000000003,1218.4035999999996,956.0,2116.0,2936.0,3160.0,43.0,88.0,148.0,196.0,236.0,592.0,820.0,884.0,16.133100000000006,39.45600000000002,58.50240000000002,68.9212,PAPPED_clean_primitive
267.97610000000003,569.9020000000004,935.5034,1218.4036,956.0,2116.0,2936.0,3160.0,43.0,88.0,148.0,196.0,236.0,592.0,820.0,884.0,16.13310000000001,39.45600000000001,58.502399999999994,68.92119999999998,PAPPED_clean_primitive
267.97610000000003,569.9020000000003,935.5034000000003,1218.4036,956.0,2116.0,2936.0,3160.0,43.0,88.0,148.0,196.0,236.0,592.0,820.0,884.0,16.133100000000006,39.45600000000001,58.50240000000001,68.92120000000001,PAPPED_clean_primitive
267.97610000000003,569.9020000000003,935.5034000000003,1218.4036,956.0,2116.0,2936.0,3160.0,43.0,88.0,148.0,196.0,236.0,592.0,820.0,884.0,16.13310000000001,39.45600000000001,58.5024,68.92120000000001,PAPPED_clean_primitive
