f-chi-0-all,f-chi-1-all,f-chi-2-all,f-chi-3-all,f-Z-0-all,f-Z-1-all,f-Z-2-all,f-Z-3-all,f-I-0-all,f-I-1-all,f-I-2-all,f-I-3-all,f-T-0-all,f-T-1-all,f-T-2-all,f-T-3-all,f-S-0-all,f-S-1-all,f-S-2-all,f-S-3-all,mc-chi-0-all,mc-chi-1-all,mc-chi-2-all,mc-chi-3-all,mc-Z-0-all,mc-Z-1-all,mc-Z-2-all,mc-Z-3-all,mc-I-0-all,mc-I-1-all,mc-I-2-all,mc-I-3-all,mc-T-0-all,mc-T-1-all,mc-T-2-all,mc-T-3-all,mc-S-0-all,mc-S-1-all,mc-S-2-all,mc-S-3-all,D_mc-chi-0-all,D_mc-chi-1-all,D_mc-chi-2-all,D_mc-chi-3-all,D_mc-Z-0-all,D_mc-Z-1-all,D_mc-Z-2-all,D_mc-Z-3-all,D_mc-I-0-all,D_mc-I-1-all,D_mc-I-2-all,D_mc-I-3-all,D_mc-T-0-all,D_mc-T-1-all,D_mc-T-2-all,D_mc-T-3-all,D_mc-S-0-all,D_mc-S-1-all,D_mc-S-2-all,D_mc-S-3-all,name
320.99919999999986,459.3059999999996,2015.9007999999997,843.8879999999994,25510.0,36696.0,62788.0,49872.0,36.0,92.0,196.0,148.0,340.0,1008.0,1198.0,1296.0,33.401400000000024,99.93479999999994,141.75159999999997,147.50119999999995,1.4399999999999997,24.412000000000003,5.939999999999999,39.144,3969.0,2982.0,8316.0,4788.0,1.0,6.0,3.0,10.0,36.666666666666664,76.0,89.66666666666667,128.33333333333334,2.8223999999999996,7.380799999999998,6.938400000000001,12.3984,0.0,-13.143333333333336,-1.3499999999999999,-20.620000000000005,0.0,330.6666666666667,57.0,554.0,0.0,0.0,0.0,0.0,0.0,24.333333333333332,3.0,38.333333333333336,0.0,5.686666666666667,0.91,9.419999999999998,XUWVUG_clean_h_primitive
