f-lig-chi-0,f-lig-chi-1,f-lig-chi-2,f-lig-chi-3,f-lig-Z-0,f-lig-Z-1,f-lig-Z-2,f-lig-Z-3,f-lig-I-0,f-lig-I-1,f-lig-I-2,f-lig-I-3,f-lig-T-0,f-lig-T-1,f-lig-T-2,f-lig-T-3,f-lig-S-0,f-lig-S-1,f-lig-S-2,f-lig-S-3,name
141.05540000000002,295.32520000000005,453.7272000000001,506.64599999999996,593.0,1264.0,1776.0,1608.0,21.0,44.0,68.0,80.0,112.0,276.0,388.0,376.0,9.078100000000004,21.515200000000004,31.266400000000004,31.992800000000003,EKEVAT_clean_primitive
141.05540000000002,295.32520000000005,453.7272000000001,506.64599999999996,593.0,1264.0,1776.0,1608.0,21.0,44.0,68.0,80.0,112.0,276.0,388.0,376.0,9.078100000000004,21.515200000000004,31.266400000000004,31.992800000000003,EKEVAT_clean_primitive
141.0554,295.32520000000005,453.72720000000004,506.64599999999996,593.0,1264.0,1776.0,1608.0,21.0,44.0,68.0,80.0,112.0,276.0,388.0,376.0,9.078100000000003,21.51520000000001,31.266400000000004,31.992800000000003,EKEVAT_clean_primitive
141.0554,295.32520000000005,453.72720000000004,506.64599999999996,593.0,1264.0,1776.0,1608.0,21.0,44.0,68.0,80.0,112.0,276.0,388.0,376.0,9.078100000000003,21.51520000000001,31.266400000000004,31.992800000000003,EKEVAT_clean_primitive
44.742399999999996,62.745599999999996,71.0016,0.0,241.0,336.0,384.0,0.0,4.0,6.0,6.0,0.0,12.0,18.0,6.0,0.0,2.1612,3.285,3.1973999999999996,0.0,EKEVAT_clean_primitive
44.742399999999996,62.745599999999996,71.0016,0.0,241.0,336.0,384.0,0.0,4.0,6.0,6.0,0.0,12.0,18.0,6.0,0.0,2.1612,3.285,3.1973999999999996,0.0,EKEVAT_clean_primitive
