f-lig-chi-0,f-lig-chi-1,f-lig-chi-2,f-lig-chi-3,f-lig-Z-0,f-lig-Z-1,f-lig-Z-2,f-lig-Z-3,f-lig-I-0,f-lig-I-1,f-lig-I-2,f-lig-I-3,f-lig-T-0,f-lig-T-1,f-lig-T-2,f-lig-T-3,f-lig-S-0,f-lig-S-1,f-lig-S-2,f-lig-S-3,name
277.0735000000001,653.5266000000003,1202.8991999999996,1633.3686000000005,1048.0,2670.0,4308.0,4554.0,43.0,96.0,180.0,258.0,276.0,768.0,1362.0,1686.0,16.982700000000005,45.09360000000002,77.8884,100.22459999999998,KEHFUA_clean_primitive
277.0735000000001,653.5266000000003,1202.8992,1633.3686000000005,1048.0,2670.0,4308.0,4554.0,43.0,96.0,180.0,258.0,276.0,768.0,1362.0,1686.0,16.982700000000005,45.09360000000002,77.88840000000002,100.22459999999997,KEHFUA_clean_primitive
277.07349999999997,653.5266000000004,1202.8991999999994,1633.3686000000007,1048.0,2670.0,4308.0,4554.0,43.0,96.0,180.0,258.0,276.0,768.0,1362.0,1686.0,16.982700000000005,45.09360000000002,77.88840000000002,100.22459999999997,KEHFUA_clean_primitive
277.07349999999997,653.5266000000003,1202.8991999999996,1633.3686000000007,1048.0,2670.0,4308.0,4554.0,43.0,96.0,180.0,258.0,276.0,768.0,1362.0,1686.0,16.982700000000005,45.09360000000002,77.88840000000002,100.22459999999995,KEHFUA_clean_primitive
277.0735,653.5266000000003,1202.8991999999998,1633.3686,1048.0,2670.0,4308.0,4554.0,43.0,96.0,180.0,258.0,276.0,768.0,1362.0,1686.0,16.982700000000005,45.09360000000002,77.8884,100.22460000000004,KEHFUA_clean_primitive
277.0735,653.5266000000004,1202.8991999999998,1633.3686,1048.0,2670.0,4308.0,4554.0,43.0,96.0,180.0,258.0,276.0,768.0,1362.0,1686.0,16.982700000000005,45.09360000000002,77.88840000000002,100.22460000000001,KEHFUA_clean_primitive
277.0735,653.5266000000004,1202.8991999999998,1633.3686000000002,1048.0,2670.0,4308.0,4554.0,43.0,96.0,180.0,258.0,276.0,768.0,1362.0,1686.0,16.982700000000012,45.09360000000002,77.88840000000002,100.22460000000001,KEHFUA_clean_primitive
277.07349999999997,653.5266000000004,1202.8991999999996,1633.3685999999998,1048.0,2670.0,4308.0,4554.0,43.0,96.0,180.0,258.0,276.0,768.0,1362.0,1686.0,16.982700000000012,45.09360000000002,77.88840000000002,100.22460000000002,KEHFUA_clean_primitive
