f-lig-chi-0,f-lig-chi-1,f-lig-chi-2,f-lig-chi-3,f-lig-Z-0,f-lig-Z-1,f-lig-Z-2,f-lig-Z-3,f-lig-I-0,f-lig-I-1,f-lig-I-2,f-lig-I-3,f-lig-T-0,f-lig-T-1,f-lig-T-2,f-lig-T-3,f-lig-S-0,f-lig-S-1,f-lig-S-2,f-lig-S-3,name
142.33180000000002,296.1994,472.20320000000004,465.9592,643.0,1360.0,1922.0,1648.0,19.0,40.0,62.0,64.0,102.0,248.0,342.0,308.0,8.6827,20.0832,29.0422,27.272,QEYWUN_clean_primitive
142.33180000000002,296.1994,472.20320000000004,465.9592,643.0,1360.0,1922.0,1648.0,19.0,40.0,62.0,64.0,102.0,248.0,342.0,308.0,8.6827,20.0832,29.0422,27.272,QEYWUN_clean_primitive
142.33180000000002,296.1994,472.2031999999999,465.9592,643.0,1360.0,1922.0,1648.0,19.0,40.0,62.0,64.0,102.0,248.0,342.0,308.0,8.6827,20.083200000000005,29.042200000000005,27.272000000000006,QEYWUN_clean_primitive
142.33180000000002,296.1994,472.2032,465.95920000000007,643.0,1360.0,1922.0,1648.0,19.0,40.0,62.0,64.0,102.0,248.0,342.0,308.0,8.6827,20.0832,29.0422,27.272000000000006,QEYWUN_clean_primitive
142.33180000000004,296.19939999999997,472.2032,465.9592,643.0,1360.0,1922.0,1648.0,19.0,40.0,62.0,64.0,102.0,248.0,342.0,308.0,8.682699999999999,20.083200000000005,29.042200000000005,27.272000000000002,QEYWUN_clean_primitive
142.33180000000004,296.19939999999997,472.2032,465.9592,643.0,1360.0,1922.0,1648.0,19.0,40.0,62.0,64.0,102.0,248.0,342.0,308.0,8.682699999999999,20.083200000000005,29.042200000000005,27.272000000000002,QEYWUN_clean_primitive
142.33180000000002,296.1994,472.20320000000004,465.9592,643.0,1360.0,1922.0,1648.0,19.0,40.0,62.0,64.0,102.0,248.0,342.0,308.0,8.6827,20.0832,29.0422,27.272000000000002,QEYWUN_clean_primitive
142.33180000000002,296.1994,472.20320000000004,465.9592,643.0,1360.0,1922.0,1648.0,19.0,40.0,62.0,64.0,102.0,248.0,342.0,308.0,8.6827,20.0832,29.0422,27.272000000000002,QEYWUN_clean_primitive
