f-lig-chi-0,f-lig-chi-1,f-lig-chi-2,f-lig-chi-3,f-lig-Z-0,f-lig-Z-1,f-lig-Z-2,f-lig-Z-3,f-lig-I-0,f-lig-I-1,f-lig-I-2,f-lig-I-3,f-lig-T-0,f-lig-T-1,f-lig-T-2,f-lig-T-3,f-lig-S-0,f-lig-S-1,f-lig-S-2,f-lig-S-3,name
377.84599999999955,767.1930000000003,1250.7128000000002,1508.6399999999996,1664.0,3432.0,5180.0,6084.0,54.0,114.0,184.0,228.0,298.0,734.0,1064.0,1308.0,24.12060000000001,56.995400000000025,86.20879999999998,106.07080000000002,ODEZAB_clean_primitive
377.8459999999996,767.1930000000002,1250.7128000000002,1508.6399999999999,1664.0,3432.0,5180.0,6084.0,54.0,114.0,184.0,228.0,298.0,734.0,1064.0,1308.0,24.12060000000001,56.99540000000003,86.20879999999998,106.07080000000003,ODEZAB_clean_primitive
377.8459999999996,767.1930000000002,1250.7128000000002,1508.6399999999999,1664.0,3432.0,5180.0,6084.0,54.0,114.0,184.0,228.0,298.0,734.0,1064.0,1308.0,24.12060000000001,56.99540000000003,86.20879999999998,106.07080000000003,ODEZAB_clean_primitive
