f-sbu-chi-0,f-sbu-chi-1,f-sbu-chi-2,f-sbu-chi-3,f-sbu-Z-0,f-sbu-Z-1,f-sbu-Z-2,f-sbu-Z-3,f-sbu-I-0,f-sbu-I-1,f-sbu-I-2,f-sbu-I-3,f-sbu-T-0,f-sbu-T-1,f-sbu-T-2,f-sbu-T-3,f-sbu-S-0,f-sbu-S-1,f-sbu-S-2,f-sbu-S-3,mc-chi-0,mc-chi-1,mc-chi-2,mc-chi-3,mc-Z-0,mc-Z-1,mc-Z-2,mc-Z-3,mc-I-0,mc-I-1,mc-I-2,mc-I-3,mc-T-0,mc-T-1,mc-T-2,mc-T-3,mc-S-0,mc-S-1,mc-S-2,mc-S-3,D_mc-chi-0,D_mc-chi-1,D_mc-chi-2,D_mc-chi-3,D_mc-Z-0,D_mc-Z-1,D_mc-Z-2,D_mc-Z-3,D_mc-I-0,D_mc-I-1,D_mc-I-2,D_mc-I-3,D_mc-T-0,D_mc-T-1,D_mc-T-2,D_mc-T-3,D_mc-S-0,D_mc-S-1,D_mc-S-2,D_mc-S-3,name
640.1832,1218.1559999999997,4191.774800000002,6988.606399999998,15842.0,35748.0,56728.0,56764.0,84.0,196.0,488.0,912.0,692.0,2300.0,4372.0,5332.0,46.169999999999995,146.02520000000007,314.39440000000013,454.65920000000006,1.2100000000000002,33.396,36.767500000000005,55.4785,3249.0,4018.5,6156.0,6697.5,1.0,9.0,14.5,16.0,81.0,220.5,337.5,337.5,2.8560999999999996,11.154000000000002,16.367649999999998,20.0941,0.0,-20.46,-17.474999999999994,-32.835,0.0,442.5,718.5,794.5,0.0,0.0,0.0,0.0,0.0,56.5,93.0,106.5,0.0,8.61,14.82,15.149999999999999,DANVIY
