f-sbu-chi-0,f-sbu-chi-1,f-sbu-chi-2,f-sbu-chi-3,f-sbu-Z-0,f-sbu-Z-1,f-sbu-Z-2,f-sbu-Z-3,f-sbu-I-0,f-sbu-I-1,f-sbu-I-2,f-sbu-I-3,f-sbu-T-0,f-sbu-T-1,f-sbu-T-2,f-sbu-T-3,f-sbu-S-0,f-sbu-S-1,f-sbu-S-2,f-sbu-S-3,mc-chi-0,mc-chi-1,mc-chi-2,mc-chi-3,mc-Z-0,mc-Z-1,mc-Z-2,mc-Z-3,mc-I-0,mc-I-1,mc-I-2,mc-I-3,mc-T-0,mc-T-1,mc-T-2,mc-T-3,mc-S-0,mc-S-1,mc-S-2,mc-S-3,D_mc-chi-0,D_mc-chi-1,D_mc-chi-2,D_mc-chi-3,D_mc-Z-0,D_mc-Z-1,D_mc-Z-2,D_mc-Z-3,D_mc-I-0,D_mc-I-1,D_mc-I-2,D_mc-I-3,D_mc-T-0,D_mc-T-1,D_mc-T-2,D_mc-T-3,D_mc-S-0,D_mc-S-1,D_mc-S-2,D_mc-S-3,name
266.0432,578.8160000000001,1027.9552000000006,1769.2431999999994,4276.0,8176.0,14928.0,19544.0,36.0,80.0,144.0,232.0,224.0,624.0,1040.0,1280.0,24.836800000000004,57.72000000000002,106.76639999999998,153.67360000000002,3.5343999999999998,22.860799999999998,42.0368,64.59679999999997,729.0,756.0,1404.0,3402.0,1.0,4.0,8.0,14.0,16.0,48.0,96.0,192.0,1.5876000000000001,3.7800000000000002,7.660800000000001,14.817600000000002,0.0,-4.640000000000001,-7.32,-8.04,0.0,80.0,164.0,252.0,0.0,0.0,0.0,0.0,0.0,4.0,8.0,8.0,0.0,2.04,4.0,5.880000000000002,DUKXEO
