f-sbu-chi-0,f-sbu-chi-1,f-sbu-chi-2,f-sbu-chi-3,f-sbu-Z-0,f-sbu-Z-1,f-sbu-Z-2,f-sbu-Z-3,f-sbu-I-0,f-sbu-I-1,f-sbu-I-2,f-sbu-I-3,f-sbu-T-0,f-sbu-T-1,f-sbu-T-2,f-sbu-T-3,f-sbu-S-0,f-sbu-S-1,f-sbu-S-2,f-sbu-S-3,mc-chi-0,mc-chi-1,mc-chi-2,mc-chi-3,mc-Z-0,mc-Z-1,mc-Z-2,mc-Z-3,mc-I-0,mc-I-1,mc-I-2,mc-I-3,mc-T-0,mc-T-1,mc-T-2,mc-T-3,mc-S-0,mc-S-1,mc-S-2,mc-S-3,D_mc-chi-0,D_mc-chi-1,D_mc-chi-2,D_mc-chi-3,D_mc-Z-0,D_mc-Z-1,D_mc-Z-2,D_mc-Z-3,D_mc-I-0,D_mc-I-1,D_mc-I-2,D_mc-I-3,D_mc-T-0,D_mc-T-1,D_mc-T-2,D_mc-T-3,D_mc-S-0,D_mc-S-1,D_mc-S-2,D_mc-S-3,name
66.70129999999999,108.9536,150.27119999999996,186.048,2549.0,2968.0,2844.0,1008.0,9.0,16.0,20.0,24.0,36.0,80.0,80.0,48.0,6.260000000000001,12.299999999999999,14.6348,13.86,3.7249,23.468799999999998,19.685999999999996,19.685999999999996,2209.0,1316.0,1128.0,1128.0,1.0,4.0,4.0,4.0,16.0,32.0,32.0,64.0,1.6384,3.84,3.9424,3.9424,0.0,-4.44,-2.4799999999999995,-2.4799999999999995,0.0,160.0,164.0,164.0,0.0,0.0,0.0,0.0,0.0,8.0,8.0,0.0,0.0,2.12,2.04,2.04,DOFQEV
66.70129999999999,108.9536,150.27119999999996,186.048,2549.0,2968.0,2844.0,1008.0,9.0,16.0,20.0,24.0,36.0,80.0,80.0,48.0,6.260000000000001,12.299999999999999,14.6348,13.86,3.7249,23.468799999999998,19.685999999999996,19.685999999999996,2209.0,1316.0,1128.0,1128.0,1.0,4.0,4.0,4.0,16.0,32.0,32.0,64.0,1.6384,3.84,3.9424,3.9424,0.0,-4.44,-2.4799999999999995,-2.4799999999999995,0.0,160.0,164.0,164.0,0.0,0.0,0.0,0.0,0.0,8.0,8.0,0.0,0.0,2.12,2.04,2.04,DOFQEV
