f-lig-chi-0,f-lig-chi-1,f-lig-chi-2,f-lig-chi-3,f-lig-Z-0,f-lig-Z-1,f-lig-Z-2,f-lig-Z-3,f-lig-I-0,f-lig-I-1,f-lig-I-2,f-lig-I-3,f-lig-T-0,f-lig-T-1,f-lig-T-2,f-lig-T-3,f-lig-S-0,f-lig-S-1,f-lig-S-2,f-lig-S-3,name
429.4994,910.5830000000007,1425.2624000000003,1758.793200000001,2778.0,5048.0,8472.0,9848.0,64.0,138.0,216.0,276.0,354.0,890.0,1300.0,1444.0,31.04760000000001,73.26020000000004,112.5596,131.4676,GUFBOA_clean_primitive
154.59320000000002,339.7110000000001,541.3500000000001,645.1769999999999,542.0,1272.0,1644.0,1512.0,26.0,54.0,88.0,110.0,142.0,352.0,484.0,514.0,9.8826,24.501400000000004,35.384800000000006,38.0902,GUFBOA_clean_primitive
429.4994,910.5830000000008,1425.2624000000005,1758.793200000001,2778.0,5048.0,8472.0,9848.0,64.0,138.0,216.0,276.0,354.0,890.0,1300.0,1444.0,31.04760000000001,73.26020000000004,112.55959999999997,131.46759999999998,GUFBOA_clean_primitive
