f-sbu-chi-0,f-sbu-chi-1,f-sbu-chi-2,f-sbu-chi-3,f-sbu-Z-0,f-sbu-Z-1,f-sbu-Z-2,f-sbu-Z-3,f-sbu-I-0,f-sbu-I-1,f-sbu-I-2,f-sbu-I-3,f-sbu-T-0,f-sbu-T-1,f-sbu-T-2,f-sbu-T-3,f-sbu-S-0,f-sbu-S-1,f-sbu-S-2,f-sbu-S-3,mc-chi-0,mc-chi-1,mc-chi-2,mc-chi-3,mc-Z-0,mc-Z-1,mc-Z-2,mc-Z-3,mc-I-0,mc-I-1,mc-I-2,mc-I-3,mc-T-0,mc-T-1,mc-T-2,mc-T-3,mc-S-0,mc-S-1,mc-S-2,mc-S-3,D_mc-chi-0,D_mc-chi-1,D_mc-chi-2,D_mc-chi-3,D_mc-Z-0,D_mc-Z-1,D_mc-Z-2,D_mc-Z-3,D_mc-I-0,D_mc-I-1,D_mc-I-2,D_mc-I-3,D_mc-T-0,D_mc-T-1,D_mc-T-2,D_mc-T-3,D_mc-S-0,D_mc-S-1,D_mc-S-2,D_mc-S-3,name
324.3869999999999,659.1039999999996,1696.242,2359.8399999999992,6972.0,15040.0,32160.0,38656.0,38.0,96.0,196.0,328.0,300.0,928.0,1712.0,2304.0,26.24540000000002,73.7008,142.18120000000002,214.62,2.7224999999999997,26.488,27.554999999999993,75.54800000000002,900.0,1120.0,3540.0,3200.0,1.0,4.666666666666667,8.0,14.0,22.666666666666668,64.0,124.0,162.66666666666666,1.7161000000000006,4.462733333333333,9.379599999999998,13.527933333333335,0.0,-8.35333333333333,-3.5,-22.686666666666664,0.0,102.66666666666667,122.0,313.3333333333333,0.0,0.0,0.0,0.0,0.0,9.333333333333334,12.666666666666666,30.666666666666668,0.0,2.706666666666667,3.3200000000000003,8.013333333333335,IDIXAU
324.38699999999983,659.1039999999998,1696.242,2359.84,6972.0,15040.0,32160.0,38656.0,38.0,96.0,196.0,328.0,300.0,928.0,1712.0,2304.0,26.245400000000018,73.70080000000002,142.1812,214.6200000000001,2.7224999999999997,26.488,27.554999999999993,75.54800000000002,900.0,1120.0,3540.0,3200.0,1.0,4.666666666666667,8.0,14.0,22.666666666666668,64.0,124.0,162.66666666666666,1.7161000000000006,4.462733333333333,9.379599999999998,13.527933333333335,0.0,-8.35333333333333,-3.5,-22.686666666666664,0.0,102.66666666666667,122.0,313.3333333333333,0.0,0.0,0.0,0.0,0.0,9.333333333333334,12.666666666666666,30.666666666666668,0.0,2.706666666666667,3.3200000000000003,8.013333333333335,IDIXAU
