f-link-chi-0,f-link-chi-1,f-link-chi-2,f-link-chi-3,f-link-Z-0,f-link-Z-1,f-link-Z-2,f-link-Z-3,f-link-I-0,f-link-I-1,f-link-I-2,f-link-I-3,f-link-T-0,f-link-T-1,f-link-T-2,f-link-T-3,f-link-S-0,f-link-S-1,f-link-S-2,f-link-S-3,name
267.82939999999996,561.8160000000003,909.4803999999999,1127.927,1064.0,2304.0,3412.0,3824.0,42.0,88.0,144.0,182.0,232.0,576.0,832.0,990.0,17.365800000000007,42.072800000000015,63.40320000000002,76.66300000000003,HIFHAH
267.8294,561.8160000000003,909.4804,1127.927,1064.0,2304.0,3412.0,3824.0,42.0,88.0,144.0,182.0,232.0,576.0,832.0,990.0,17.365800000000007,42.072800000000015,63.40320000000002,76.66300000000003,HIFHAH
267.82939999999996,561.816,909.4803999999998,1127.927,1064.0,2304.0,3412.0,3824.0,42.0,88.0,144.0,182.0,232.0,576.0,832.0,990.0,17.365800000000004,42.07280000000002,63.40320000000003,76.66300000000003,HIFHAH
267.82939999999996,561.816,909.4803999999998,1127.927,1064.0,2304.0,3412.0,3824.0,42.0,88.0,144.0,182.0,232.0,576.0,832.0,990.0,17.365800000000004,42.07280000000002,63.40320000000003,76.66300000000003,HIFHAH
267.82939999999996,561.8160000000003,909.4803999999998,1127.9270000000004,1064.0,2304.0,3412.0,3824.0,42.0,88.0,144.0,182.0,232.0,576.0,832.0,990.0,17.365800000000007,42.072800000000015,63.40320000000002,76.663,HIFHAH
267.82939999999996,561.8160000000003,909.4803999999998,1127.9270000000004,1064.0,2304.0,3412.0,3824.0,42.0,88.0,144.0,182.0,232.0,576.0,832.0,990.0,17.365800000000007,42.072800000000015,63.40320000000002,76.663,HIFHAH
267.82939999999996,561.8160000000003,909.4803999999997,1127.9270000000004,1064.0,2304.0,3412.0,3824.0,42.0,88.0,144.0,182.0,232.0,576.0,832.0,990.0,17.365800000000007,42.072800000000015,63.40320000000003,76.66300000000003,HIFHAH
267.82939999999996,561.8160000000003,909.4803999999997,1127.9270000000004,1064.0,2304.0,3412.0,3824.0,42.0,88.0,144.0,182.0,232.0,576.0,832.0,990.0,17.365800000000007,42.072800000000015,63.40320000000003,76.66300000000003,HIFHAH
