f-lig-chi-0,f-lig-chi-1,f-lig-chi-2,f-lig-chi-3,f-lig-Z-0,f-lig-Z-1,f-lig-Z-2,f-lig-Z-3,f-lig-I-0,f-lig-I-1,f-lig-I-2,f-lig-I-3,f-lig-T-0,f-lig-T-1,f-lig-T-2,f-lig-T-3,f-lig-S-0,f-lig-S-1,f-lig-S-2,f-lig-S-3,name
134.8969,254.54099999999994,403.59039999999993,459.3569999999999,586.0,1104.0,1618.0,1632.0,19.0,38.0,60.0,70.0,98.0,234.0,316.0,334.0,8.289100000000001,18.5878,26.807599999999994,29.92220000000001,ZISFEO_clean_primitive
134.8969,254.54099999999994,403.5903999999999,459.35699999999997,586.0,1104.0,1618.0,1632.0,19.0,38.0,60.0,70.0,98.0,234.0,316.0,334.0,8.289100000000001,18.5878,26.807599999999994,29.92220000000001,ZISFEO_clean_primitive
134.8969,254.54099999999997,403.59039999999993,459.3569999999999,586.0,1104.0,1618.0,1632.0,19.0,38.0,60.0,70.0,98.0,234.0,316.0,334.0,8.289100000000001,18.58780000000001,26.807599999999997,29.92220000000001,ZISFEO_clean_primitive
134.8969,254.54099999999997,403.5903999999999,459.3569999999999,586.0,1104.0,1618.0,1632.0,19.0,38.0,60.0,70.0,98.0,234.0,316.0,334.0,8.289100000000001,18.587800000000005,26.807599999999997,29.922200000000004,ZISFEO_clean_primitive
