f-link-chi-0,f-link-chi-1,f-link-chi-2,f-link-chi-3,f-link-Z-0,f-link-Z-1,f-link-Z-2,f-link-Z-3,f-link-I-0,f-link-I-1,f-link-I-2,f-link-I-3,f-link-T-0,f-link-T-1,f-link-T-2,f-link-T-3,f-link-S-0,f-link-S-1,f-link-S-2,f-link-S-3,name
121.60099999999998,447.94579999999996,439.62639999999993,400.24799999999993,665.0,2456.0,2416.0,2196.0,15.0,58.0,60.0,50.0,230.0,914.0,988.0,712.0,8.6231,33.5386,34.964400000000005,28.628600000000002,ZOZJAB
121.60099999999998,447.9457999999999,439.6263999999999,400.248,665.0,2456.0,2416.0,2196.0,15.0,58.0,60.0,50.0,230.0,914.0,988.0,712.0,8.6231,33.53860000000001,34.9644,28.628600000000006,ZOZJAB
121.60099999999998,447.9457999999999,439.62639999999993,400.248,665.0,2456.0,2416.0,2196.0,15.0,58.0,60.0,50.0,230.0,914.0,988.0,712.0,8.6231,33.5386,34.9644,28.628600000000006,ZOZJAB
121.60099999999998,447.9457999999999,439.6263999999999,400.24799999999993,665.0,2456.0,2416.0,2196.0,15.0,58.0,60.0,50.0,230.0,914.0,988.0,712.0,8.623099999999999,33.5386,34.964400000000005,28.628600000000006,ZOZJAB
121.60099999999998,447.9457999999999,439.6263999999999,400.24799999999993,665.0,2456.0,2416.0,2196.0,15.0,58.0,60.0,50.0,230.0,914.0,988.0,712.0,8.623099999999999,33.5386,34.964400000000005,28.628600000000006,ZOZJAB
121.601,447.9457999999999,439.6263999999999,400.24799999999993,665.0,2456.0,2416.0,2196.0,15.0,58.0,60.0,50.0,230.0,914.0,988.0,712.0,8.623099999999999,33.5386,34.9644,28.628600000000002,ZOZJAB
