f-chi-0-all,f-chi-1-all,f-chi-2-all,f-chi-3-all,f-Z-0-all,f-Z-1-all,f-Z-2-all,f-Z-3-all,f-I-0-all,f-I-1-all,f-I-2-all,f-I-3-all,f-T-0-all,f-T-1-all,f-T-2-all,f-T-3-all,f-S-0-all,f-S-1-all,f-S-2-all,f-S-3-all,mc-chi-0-all,mc-chi-1-all,mc-chi-2-all,mc-chi-3-all,mc-Z-0-all,mc-Z-1-all,mc-Z-2-all,mc-Z-3-all,mc-I-0-all,mc-I-1-all,mc-I-2-all,mc-I-3-all,mc-T-0-all,mc-T-1-all,mc-T-2-all,mc-T-3-all,mc-S-0-all,mc-S-1-all,mc-S-2-all,mc-S-3-all,D_mc-chi-0-all,D_mc-chi-1-all,D_mc-chi-2-all,D_mc-chi-3-all,D_mc-Z-0-all,D_mc-Z-1-all,D_mc-Z-2-all,D_mc-Z-3-all,D_mc-I-0-all,D_mc-I-1-all,D_mc-I-2-all,D_mc-I-3-all,D_mc-T-0-all,D_mc-T-1-all,D_mc-T-2-all,D_mc-T-3-all,D_mc-S-0-all,D_mc-S-1-all,D_mc-S-2-all,D_mc-S-3-all,name
235.93880000000001,467.45600000000013,880.0375999999998,1207.9680000000003,4568.0,8632.0,19340.0,20136.0,29.0,64.0,108.0,160.0,172.0,464.0,776.0,1024.0,21.778499999999994,50.691200000000016,91.79200000000002,122.90640000000002,3.61,25.384,30.21,84.28399999999999,841.0,899.0,3219.0,2755.0,1.0,4.0,7.0,15.0,16.0,44.0,96.0,140.0,1.9043999999999994,4.057199999999999,9.963599999999998,14.421000000000003,0.0,-5.76,-2.5999999999999996,-15.860000000000001,0.0,85.0,92.0,340.0,0.0,0.0,0.0,0.0,0.0,5.0,4.0,25.0,0.0,2.5799999999999996,2.4399999999999995,10.25,WURNOO_clean_primitive
235.9388,467.45599999999996,880.0376000000001,1207.968,4568.0,8632.0,19340.0,20136.0,29.0,64.0,108.0,160.0,172.0,464.0,776.0,1024.0,21.778499999999994,50.691200000000016,91.79199999999999,122.9064,3.61,25.384,30.21,84.28399999999999,841.0,899.0,3219.0,2755.0,1.0,4.0,7.0,15.0,16.0,44.0,96.0,140.0,1.9043999999999994,4.057199999999999,9.963599999999998,14.421000000000003,0.0,-5.76,-2.5999999999999996,-15.860000000000001,0.0,85.0,92.0,340.0,0.0,0.0,0.0,0.0,0.0,5.0,4.0,25.0,0.0,2.5799999999999996,2.4399999999999995,10.25,WURNOO_clean_primitive
