f-lig-chi-0,f-lig-chi-1,f-lig-chi-2,f-lig-chi-3,f-lig-Z-0,f-lig-Z-1,f-lig-Z-2,f-lig-Z-3,f-lig-I-0,f-lig-I-1,f-lig-I-2,f-lig-I-3,f-lig-T-0,f-lig-T-1,f-lig-T-2,f-lig-T-3,f-lig-S-0,f-lig-S-1,f-lig-S-2,f-lig-S-3,name
122.2282,268.821,406.22,458.81200000000007,466.0,1080.0,1400.0,1288.0,20.0,42.0,64.0,76.0,106.0,258.0,352.0,360.0,8.1492,19.850600000000004,27.907200000000003,28.971600000000002,OVIZOJ_clean_primitive
215.82039999999995,395.454,651.1657999999999,799.8957999999999,1000.0,1824.0,2732.0,2836.0,28.0,56.0,90.0,114.0,146.0,356.0,484.0,558.0,12.8988,28.3052,41.757799999999996,49.1586,OVIZOJ_clean_primitive
215.82039999999995,395.4539999999999,651.1657999999999,799.8957999999999,1000.0,1824.0,2732.0,2836.0,28.0,56.0,90.0,114.0,146.0,356.0,484.0,558.0,12.8988,28.305200000000006,41.757799999999996,49.1586,OVIZOJ_clean_primitive
215.82039999999998,395.45399999999995,651.1657999999999,799.8957999999999,1000.0,1824.0,2732.0,2836.0,28.0,56.0,90.0,114.0,146.0,356.0,484.0,558.0,12.8988,28.305200000000006,41.7578,49.15860000000001,OVIZOJ_clean_primitive
215.82039999999998,395.4539999999999,651.1657999999999,799.8958,1000.0,1824.0,2732.0,2836.0,28.0,56.0,90.0,114.0,146.0,356.0,484.0,558.0,12.8988,28.305200000000006,41.7578,49.15860000000001,OVIZOJ_clean_primitive
