f-chi-0-all,f-chi-1-all,f-chi-2-all,f-chi-3-all,f-Z-0-all,f-Z-1-all,f-Z-2-all,f-Z-3-all,f-I-0-all,f-I-1-all,f-I-2-all,f-I-3-all,f-T-0-all,f-T-1-all,f-T-2-all,f-T-3-all,f-S-0-all,f-S-1-all,f-S-2-all,f-S-3-all,mc-chi-0-all,mc-chi-1-all,mc-chi-2-all,mc-chi-3-all,mc-Z-0-all,mc-Z-1-all,mc-Z-2-all,mc-Z-3-all,mc-I-0-all,mc-I-1-all,mc-I-2-all,mc-I-3-all,mc-T-0-all,mc-T-1-all,mc-T-2-all,mc-T-3-all,mc-S-0-all,mc-S-1-all,mc-S-2-all,mc-S-3-all,D_mc-chi-0-all,D_mc-chi-1-all,D_mc-chi-2-all,D_mc-chi-3-all,D_mc-Z-0-all,D_mc-Z-1-all,D_mc-Z-2-all,D_mc-Z-3-all,D_mc-I-0-all,D_mc-I-1-all,D_mc-I-2-all,D_mc-I-3-all,D_mc-T-0-all,D_mc-T-1-all,D_mc-T-2-all,D_mc-T-3-all,D_mc-S-0-all,D_mc-S-1-all,D_mc-S-2-all,D_mc-S-3-all,name
312.76249999999993,626.6947999999996,1195.5276,1673.2087999999999,6122.0,11456.0,15030.0,25148.0,37.0,88.0,144.0,212.0,232.0,608.0,958.0,1320.0,26.530900000000013,65.79680000000003,102.41839999999995,148.28040000000001,2.7224999999999997,21.911999999999995,23.1726,45.67859999999999,900.0,924.0,984.0,3096.0,1.0,4.0,5.2,10.4,16.0,36.8,62.4,112.0,1.7161000000000004,3.85664,5.203320000000001,11.035440000000001,0.0,-6.68,-5.464000000000001,-10.524000000000001,0.0,89.2,123.2,208.8,0.0,0.0,0.0,0.0,0.0,6.8,5.2,13.6,0.0,2.2960000000000003,2.8400000000000007,5.199999999999999,HADDOI_clean_primitive
312.76249999999993,626.6947999999996,1195.5276,1673.2087999999999,6122.0,11456.0,15030.0,25148.0,37.0,88.0,144.0,212.0,232.0,608.0,958.0,1320.0,26.530900000000013,65.79680000000003,102.41839999999995,148.28040000000001,2.7224999999999997,21.911999999999995,23.1726,45.67859999999999,900.0,924.0,984.0,3096.0,1.0,4.0,5.2,10.4,16.0,36.8,62.4,112.0,1.7161000000000004,3.85664,5.203320000000001,11.035440000000001,0.0,-6.68,-5.464000000000001,-10.524000000000001,0.0,89.2,123.2,208.8,0.0,0.0,0.0,0.0,0.0,6.8,5.2,13.6,0.0,2.2960000000000003,2.8400000000000007,5.199999999999999,HADDOI_clean_primitive
