f-sbu-chi-0,f-sbu-chi-1,f-sbu-chi-2,f-sbu-chi-3,f-sbu-Z-0,f-sbu-Z-1,f-sbu-Z-2,f-sbu-Z-3,f-sbu-I-0,f-sbu-I-1,f-sbu-I-2,f-sbu-I-3,f-sbu-T-0,f-sbu-T-1,f-sbu-T-2,f-sbu-T-3,f-sbu-S-0,f-sbu-S-1,f-sbu-S-2,f-sbu-S-3,mc-chi-0,mc-chi-1,mc-chi-2,mc-chi-3,mc-Z-0,mc-Z-1,mc-Z-2,mc-Z-3,mc-I-0,mc-I-1,mc-I-2,mc-I-3,mc-T-0,mc-T-1,mc-T-2,mc-T-3,mc-S-0,mc-S-1,mc-S-2,mc-S-3,D_mc-chi-0,D_mc-chi-1,D_mc-chi-2,D_mc-chi-3,D_mc-Z-0,D_mc-Z-1,D_mc-Z-2,D_mc-Z-3,D_mc-I-0,D_mc-I-1,D_mc-I-2,D_mc-I-3,D_mc-T-0,D_mc-T-1,D_mc-T-2,D_mc-T-3,D_mc-S-0,D_mc-S-1,D_mc-S-2,D_mc-S-3,name
778.132,2107.0103999999997,5430.616800000003,10214.698000000004,27060.0,48324.0,99864.0,187440.0,100.0,300.0,720.0,1300.0,1020.0,3444.0,7848.0,12816.0,73.44099999999999,236.25960000000012,540.3312000000003,917.1831999999993,2.856099999999999,30.8256,58.67003999999999,83.17504000000001,2304.0,2016.0,3859.2,11404.8,1.0,6.0,12.0,18.4,36.0,108.0,216.0,338.4,2.1904,6.659999999999998,13.426559999999995,23.626719999999995,0.0,-8.099999999999998,-14.435999999999998,-18.119999999999997,0.0,246.0,495.6,645.6,0.0,0.0,0.0,0.0,0.0,18.0,36.0,54.0,0.0,4.380000000000001,8.688,11.268000000000002,CUKWUB
