f-lig-chi-0,f-lig-chi-1,f-lig-chi-2,f-lig-chi-3,f-lig-Z-0,f-lig-Z-1,f-lig-Z-2,f-lig-Z-3,f-lig-I-0,f-lig-I-1,f-lig-I-2,f-lig-I-3,f-lig-T-0,f-lig-T-1,f-lig-T-2,f-lig-T-3,f-lig-S-0,f-lig-S-1,f-lig-S-2,f-lig-S-3,name
13.004999999999999,13.004999999999999,0.0,0.0,72.0,72.0,0.0,0.0,2.0,2.0,0.0,0.0,2.0,2.0,0.0,0.0,1.1858,1.1858,0.0,0.0,POFSIN01_clean_primitive
13.004999999999999,13.004999999999999,0.0,0.0,72.0,72.0,0.0,0.0,2.0,2.0,0.0,0.0,2.0,2.0,0.0,0.0,1.1858,1.1858,0.0,0.0,POFSIN01_clean_primitive
13.004999999999999,13.004999999999999,0.0,0.0,72.0,72.0,0.0,0.0,2.0,2.0,0.0,0.0,2.0,2.0,0.0,0.0,1.1858,1.1858,0.0,0.0,POFSIN01_clean_primitive
13.004999999999999,13.004999999999999,0.0,0.0,72.0,72.0,0.0,0.0,2.0,2.0,0.0,0.0,2.0,2.0,0.0,0.0,1.1858,1.1858,0.0,0.0,POFSIN01_clean_primitive
