f-lig-chi-0,f-lig-chi-1,f-lig-chi-2,f-lig-chi-3,f-lig-Z-0,f-lig-Z-1,f-lig-Z-2,f-lig-Z-3,f-lig-I-0,f-lig-I-1,f-lig-I-2,f-lig-I-3,f-lig-T-0,f-lig-T-1,f-lig-T-2,f-lig-T-3,f-lig-S-0,f-lig-S-1,f-lig-S-2,f-lig-S-3,name
122.22819999999999,268.82099999999997,406.2200000000001,458.81200000000007,466.0,1080.0,1400.0,1288.0,20.0,42.0,64.0,76.0,106.0,258.0,352.0,360.0,8.149200000000002,19.8506,27.907200000000003,28.971600000000002,PEYPIU_clean_primitive
148.8841,289.27199999999993,482.5175999999999,484.54099999999994,712.0,1392.0,2130.0,2114.0,19.0,40.0,64.0,68.0,104.0,252.0,354.0,356.0,9.0811,20.7592,31.134400000000003,32.3828,PEYPIU_clean_primitive
148.8841,289.2719999999999,482.51759999999985,484.5409999999999,712.0,1392.0,2130.0,2114.0,19.0,40.0,64.0,68.0,104.0,252.0,354.0,356.0,9.0811,20.759200000000007,31.134399999999992,32.3828,PEYPIU_clean_primitive
148.8841,289.27199999999993,482.5175999999999,484.54099999999994,712.0,1392.0,2130.0,2114.0,19.0,40.0,64.0,68.0,104.0,252.0,354.0,356.0,9.0811,20.759200000000007,31.1344,32.3828,PEYPIU_clean_primitive
122.22820000000002,268.8210000000001,406.2200000000001,458.812,466.0,1080.0,1400.0,1288.0,20.0,42.0,64.0,76.0,106.0,258.0,352.0,360.0,8.1492,19.850600000000004,27.90720000000001,28.97160000000001,PEYPIU_clean_primitive
148.8841,289.2719999999999,482.5175999999999,484.5409999999999,712.0,1392.0,2130.0,2114.0,19.0,40.0,64.0,68.0,104.0,252.0,354.0,356.0,9.0811,20.759200000000007,31.1344,32.3828,PEYPIU_clean_primitive
