f-lig-chi-0,f-lig-chi-1,f-lig-chi-2,f-lig-chi-3,f-lig-Z-0,f-lig-Z-1,f-lig-Z-2,f-lig-Z-3,f-lig-I-0,f-lig-I-1,f-lig-I-2,f-lig-I-3,f-lig-T-0,f-lig-T-1,f-lig-T-2,f-lig-T-3,f-lig-S-0,f-lig-S-1,f-lig-S-2,f-lig-S-3,name
221.77140000000003,507.1950000000002,804.5264,929.2719999999999,858.0,2088.0,2948.0,2740.0,36.0,78.0,124.0,152.0,202.0,510.0,748.0,776.0,14.838800000000004,37.31420000000002,55.78520000000002,59.7056,AFUKIX_clean_primitive
756.5684000000009,1555.1940000000013,2612.4422000000013,3391.9620000000004,3128.0,6576.0,9704.0,11064.0,111.0,232.0,386.0,516.0,618.0,1556.0,2276.0,2628.0,46.431900000000006,111.31119999999999,169.11859999999993,207.1652,AFUKIX_clean_primitive
737.2084000000006,1510.3139999999987,2522.6821999999993,3230.13,3124.0,6528.0,9608.0,10908.0,107.0,224.0,370.0,488.0,594.0,1488.0,2164.0,2492.0,45.88429999999999,109.03199999999985,164.5602,199.83920000000006,AFUKIX_clean_primitive
756.5684000000008,1555.1939999999993,2612.4422,3391.961999999999,3128.0,6576.0,9704.0,11064.0,111.0,232.0,386.0,516.0,618.0,1556.0,2276.0,2628.0,46.43189999999999,111.3111999999999,169.11860000000001,207.16520000000003,AFUKIX_clean_primitive
737.2084000000008,1510.3140000000003,2522.6822,3230.13,3124.0,6528.0,9608.0,10908.0,107.0,224.0,370.0,488.0,594.0,1488.0,2164.0,2492.0,45.884299999999996,109.03199999999993,164.56019999999998,199.8392,AFUKIX_clean_primitive
207.25140000000005,473.5350000000002,728.5824000000002,825.5200000000001,855.0,2052.0,2868.0,2638.0,33.0,72.0,112.0,134.0,184.0,462.0,674.0,698.0,14.428100000000006,35.60480000000001,52.42560000000001,54.903000000000006,AFUKIX_clean_primitive
207.25140000000002,473.5350000000002,728.5824000000001,825.5199999999999,855.0,2052.0,2868.0,2638.0,33.0,72.0,112.0,134.0,184.0,462.0,674.0,698.0,14.4281,35.60480000000002,52.425600000000024,54.90300000000002,AFUKIX_clean_primitive
