f-sbu-chi-0,f-sbu-chi-1,f-sbu-chi-2,f-sbu-chi-3,f-sbu-Z-0,f-sbu-Z-1,f-sbu-Z-2,f-sbu-Z-3,f-sbu-I-0,f-sbu-I-1,f-sbu-I-2,f-sbu-I-3,f-sbu-T-0,f-sbu-T-1,f-sbu-T-2,f-sbu-T-3,f-sbu-S-0,f-sbu-S-1,f-sbu-S-2,f-sbu-S-3,mc-chi-0,mc-chi-1,mc-chi-2,mc-chi-3,mc-Z-0,mc-Z-1,mc-Z-2,mc-Z-3,mc-I-0,mc-I-1,mc-I-2,mc-I-3,mc-T-0,mc-T-1,mc-T-2,mc-T-3,mc-S-0,mc-S-1,mc-S-2,mc-S-3,D_mc-chi-0,D_mc-chi-1,D_mc-chi-2,D_mc-chi-3,D_mc-Z-0,D_mc-Z-1,D_mc-Z-2,D_mc-Z-3,D_mc-I-0,D_mc-I-1,D_mc-I-2,D_mc-I-3,D_mc-T-0,D_mc-T-1,D_mc-T-2,D_mc-T-3,D_mc-S-0,D_mc-S-1,D_mc-S-2,D_mc-S-3,name
87.87729999999998,173.6256,306.17220000000003,338.64,1137.0,2200.0,2484.0,1452.0,12.0,26.0,42.0,46.0,82.0,240.0,222.0,114.0,7.0167,16.147400000000005,22.142799999999994,21.637,3.5343999999999998,32.636799999999994,23.97,49.970399999999984,729.0,864.0,810.0,1458.0,1.0,6.0,5.0,10.0,36.0,90.0,90.0,132.0,1.5876000000000001,4.662,4.851,8.5932,0.0,-6.080000000000002,-3.3499999999999996,-7.780000000000001,0.0,130.0,105.0,216.0,0.0,0.0,0.0,0.0,0.0,21.0,15.0,38.0,0.0,3.8600000000000003,2.45,5.78,VOPVIH
87.8773,173.62560000000002,306.17220000000003,338.64,1137.0,2200.0,2484.0,1452.0,12.0,26.0,42.0,46.0,82.0,240.0,222.0,114.0,7.0167,16.1474,22.142799999999994,21.637,3.5343999999999998,32.636799999999994,23.97,49.970399999999984,729.0,864.0,810.0,1458.0,1.0,6.0,5.0,10.0,36.0,90.0,90.0,132.0,1.5876000000000001,4.662,4.851,8.5932,0.0,-6.080000000000002,-3.3499999999999996,-7.780000000000001,0.0,130.0,105.0,216.0,0.0,0.0,0.0,0.0,0.0,21.0,15.0,38.0,0.0,3.8600000000000003,2.45,5.78,VOPVIH
