f-link-chi-0,f-link-chi-1,f-link-chi-2,f-link-chi-3,f-link-Z-0,f-link-Z-1,f-link-Z-2,f-link-Z-3,f-link-I-0,f-link-I-1,f-link-I-2,f-link-I-3,f-link-T-0,f-link-T-1,f-link-T-2,f-link-T-3,f-link-S-0,f-link-S-1,f-link-S-2,f-link-S-3,name
132.796,250.13199999999995,378.00839999999994,446.227,598.0,1108.0,1626.0,1636.0,18.0,36.0,54.0,66.0,90.0,216.0,294.0,306.0,8.1218,17.957600000000003,25.628600000000006,28.691400000000005,VOPWEE
132.796,250.13199999999995,378.00839999999994,446.227,598.0,1108.0,1626.0,1636.0,18.0,36.0,54.0,66.0,90.0,216.0,294.0,306.0,8.1218,17.957600000000003,25.6286,28.69140000000001,VOPWEE
267.97610000000003,569.9020000000003,932.8574000000001,1204.3324000000002,956.0,2116.0,2834.0,2800.0,43.0,88.0,148.0,196.0,236.0,592.0,794.0,816.0,16.133100000000006,39.45600000000001,57.87720000000001,65.058,VOPWEE
267.9761,569.9020000000002,932.8574000000001,1204.3324000000002,956.0,2116.0,2834.0,2800.0,43.0,88.0,148.0,196.0,236.0,592.0,794.0,816.0,16.133100000000006,39.45600000000002,57.877200000000016,65.058,VOPWEE
267.9761000000001,569.9020000000003,932.8574,1204.3324,956.0,2116.0,2834.0,2800.0,43.0,88.0,148.0,196.0,236.0,592.0,794.0,816.0,16.13310000000001,39.45600000000002,57.8772,65.05799999999998,VOPWEE
132.796,250.132,378.00839999999994,446.227,598.0,1108.0,1626.0,1636.0,18.0,36.0,54.0,66.0,90.0,216.0,294.0,306.0,8.121799999999999,17.9576,25.628600000000002,28.691400000000005,VOPWEE
132.79600000000002,250.132,378.00839999999994,446.2269999999999,598.0,1108.0,1626.0,1636.0,18.0,36.0,54.0,66.0,90.0,216.0,294.0,306.0,8.121799999999999,17.957600000000003,25.628600000000002,28.69140000000001,VOPWEE
267.9761,569.9020000000003,932.8574000000003,1204.3324,956.0,2116.0,2834.0,2800.0,43.0,88.0,148.0,196.0,236.0,592.0,794.0,816.0,16.133100000000006,39.45600000000001,57.87720000000001,65.05800000000002,VOPWEE
