f-link-chi-0,f-link-chi-1,f-link-chi-2,f-link-chi-3,f-link-Z-0,f-link-Z-1,f-link-Z-2,f-link-Z-3,f-link-I-0,f-link-I-1,f-link-I-2,f-link-I-3,f-link-T-0,f-link-T-1,f-link-T-2,f-link-T-3,f-link-S-0,f-link-S-1,f-link-S-2,f-link-S-3,name
53.73479999999999,106.5092,142.9954,57.018,291.0,578.0,772.0,312.0,7.0,14.0,18.0,8.0,32.0,68.0,74.0,20.0,4.0591,8.1166,10.3658,4.6815999999999995,SAXLEK
53.73479999999999,106.5092,142.9954,57.018,291.0,578.0,772.0,312.0,7.0,14.0,18.0,8.0,32.0,68.0,74.0,20.0,4.0591,8.1166,10.3658,4.6815999999999995,SAXLEK
53.73479999999999,106.5092,142.99540000000002,57.018,291.0,578.0,772.0,312.0,7.0,14.0,18.0,8.0,32.0,68.0,74.0,20.0,4.0591,8.1166,10.3658,4.6815999999999995,SAXLEK
53.73479999999999,106.5092,142.99540000000002,57.018,291.0,578.0,772.0,312.0,7.0,14.0,18.0,8.0,32.0,68.0,74.0,20.0,4.0591,8.1166,10.3658,4.6815999999999995,SAXLEK
