f-sbu-chi-0,f-sbu-chi-1,f-sbu-chi-2,f-sbu-chi-3,f-sbu-Z-0,f-sbu-Z-1,f-sbu-Z-2,f-sbu-Z-3,f-sbu-I-0,f-sbu-I-1,f-sbu-I-2,f-sbu-I-3,f-sbu-T-0,f-sbu-T-1,f-sbu-T-2,f-sbu-T-3,f-sbu-S-0,f-sbu-S-1,f-sbu-S-2,f-sbu-S-3,mc-chi-0,mc-chi-1,mc-chi-2,mc-chi-3,mc-Z-0,mc-Z-1,mc-Z-2,mc-Z-3,mc-I-0,mc-I-1,mc-I-2,mc-I-3,mc-T-0,mc-T-1,mc-T-2,mc-T-3,mc-S-0,mc-S-1,mc-S-2,mc-S-3,D_mc-chi-0,D_mc-chi-1,D_mc-chi-2,D_mc-chi-3,D_mc-Z-0,D_mc-Z-1,D_mc-Z-2,D_mc-Z-3,D_mc-I-0,D_mc-I-1,D_mc-I-2,D_mc-I-3,D_mc-T-0,D_mc-T-1,D_mc-T-2,D_mc-T-3,D_mc-S-0,D_mc-S-1,D_mc-S-2,D_mc-S-3,name
48.21809999999999,85.4848,83.8652,62.016,2451.0,1652.0,2498.0,336.0,7.0,12.0,14.0,8.0,26.0,48.0,38.0,24.0,5.135000000000001,8.459999999999999,11.381400000000001,4.62,3.7249,17.601599999999998,31.420399999999994,54.86024999999999,2209.0,987.0,1786.0,4112.5,1.0,3.0,6.0,10.5,10.0,30.0,60.0,80.0,1.6384,2.88,5.8624,10.572799999999999,0.0,-3.33,-4.7,-8.16,0.0,120.0,244.0,406.0,0.0,0.0,0.0,0.0,0.0,1.0,2.0,10.0,0.0,1.59,3.1,5.18,SAXLEK
133.4026,291.84,518.4495999999999,732.1081999999998,5098.0,6328.0,11624.0,12410.0,18.0,40.0,72.0,98.0,112.0,312.0,520.0,464.0,12.52,29.10000000000001,53.8696,65.0096,3.7249,17.601599999999998,31.420399999999994,54.86024999999999,2209.0,987.0,1786.0,4112.5,1.0,3.0,6.0,10.5,10.0,30.0,60.0,80.0,1.6384,2.88,5.8624,10.572799999999999,0.0,-3.33,-4.7,-8.16,0.0,120.0,244.0,406.0,0.0,0.0,0.0,0.0,0.0,1.0,2.0,10.0,0.0,1.59,3.1,5.18,SAXLEK
48.21809999999999,85.4848,83.8652,62.016,2451.0,1652.0,2498.0,336.0,7.0,12.0,14.0,8.0,26.0,48.0,38.0,24.0,5.135000000000001,8.459999999999999,11.381400000000001,4.62,3.7249,17.601599999999998,31.420399999999994,54.86024999999999,2209.0,987.0,1786.0,4112.5,1.0,3.0,6.0,10.5,10.0,30.0,60.0,80.0,1.6384,2.88,5.8624,10.572799999999999,0.0,-3.33,-4.7,-8.16,0.0,120.0,244.0,406.0,0.0,0.0,0.0,0.0,0.0,1.0,2.0,10.0,0.0,1.59,3.1,5.18,SAXLEK
