f-lig-chi-0,f-lig-chi-1,f-lig-chi-2,f-lig-chi-3,f-lig-Z-0,f-lig-Z-1,f-lig-Z-2,f-lig-Z-3,f-lig-I-0,f-lig-I-1,f-lig-I-2,f-lig-I-3,f-lig-T-0,f-lig-T-1,f-lig-T-2,f-lig-T-3,f-lig-S-0,f-lig-S-1,f-lig-S-2,f-lig-S-3,name
137.636,263.508,408.5884,469.25499999999994,599.0,1122.0,1642.0,1720.0,19.0,38.0,60.0,70.0,98.0,234.0,316.0,346.0,8.258700000000001,18.512600000000006,26.746,30.135000000000005,WOBHOM_clean_primitive
137.636,263.508,408.5884,469.2549999999999,599.0,1122.0,1642.0,1720.0,19.0,38.0,60.0,70.0,98.0,234.0,316.0,346.0,8.258700000000001,18.512600000000006,26.745999999999995,30.135000000000005,WOBHOM_clean_primitive
137.636,263.508,408.5884,469.2549999999999,599.0,1122.0,1642.0,1720.0,19.0,38.0,60.0,70.0,98.0,234.0,316.0,346.0,8.258700000000001,18.512600000000006,26.745999999999995,30.135000000000005,WOBHOM_clean_primitive
74.3683,123.52199999999999,207.12419999999997,220.80239999999998,304.0,480.0,666.0,570.0,10.0,18.0,30.0,30.0,48.0,108.0,102.0,54.0,3.924999999999999,8.0234,10.959,9.6118,WOBHOM_clean_primitive
74.3683,123.52199999999999,207.12419999999997,220.80239999999998,304.0,480.0,666.0,570.0,10.0,18.0,30.0,30.0,48.0,108.0,102.0,54.0,3.925,8.0234,10.959,9.6118,WOBHOM_clean_primitive
137.636,263.508,408.5884,469.25499999999994,599.0,1122.0,1642.0,1720.0,19.0,38.0,60.0,70.0,98.0,234.0,316.0,346.0,8.258700000000001,18.512600000000006,26.746,30.135000000000005,WOBHOM_clean_primitive
74.36829999999999,123.52199999999999,207.12419999999997,220.8024,304.0,480.0,666.0,570.0,10.0,18.0,30.0,30.0,48.0,108.0,102.0,54.0,3.925,8.0234,10.959000000000001,9.6118,WOBHOM_clean_primitive
74.36829999999999,123.52199999999999,207.1242,220.80239999999998,304.0,480.0,666.0,570.0,10.0,18.0,30.0,30.0,48.0,108.0,102.0,54.0,3.925,8.023399999999999,10.958999999999998,9.611799999999999,WOBHOM_clean_primitive
