f-lig-chi-0,f-lig-chi-1,f-lig-chi-2,f-lig-chi-3,f-lig-Z-0,f-lig-Z-1,f-lig-Z-2,f-lig-Z-3,f-lig-I-0,f-lig-I-1,f-lig-I-2,f-lig-I-3,f-lig-T-0,f-lig-T-1,f-lig-T-2,f-lig-T-3,f-lig-S-0,f-lig-S-1,f-lig-S-2,f-lig-S-3,name
128.4471,233.78919999999994,359.62139999999994,423.9564,624.0,1132.0,1662.0,1794.0,16.0,32.0,48.0,58.0,80.0,192.0,256.0,258.0,7.787999999999999,16.726,24.046399999999995,26.7942,XOVXEM_clean_primitive
128.4471,233.7892,359.6213999999999,423.9564,624.0,1132.0,1662.0,1794.0,16.0,32.0,48.0,58.0,80.0,192.0,256.0,258.0,7.788,16.726000000000003,24.046400000000006,26.7942,XOVXEM_clean_primitive
128.4471,233.7892,359.62139999999994,423.9564,624.0,1132.0,1662.0,1794.0,16.0,32.0,48.0,58.0,80.0,192.0,256.0,258.0,7.787999999999999,16.726000000000003,24.0464,26.7942,XOVXEM_clean_primitive
128.44709999999998,233.78919999999997,359.62139999999994,423.9564,624.0,1132.0,1662.0,1794.0,16.0,32.0,48.0,58.0,80.0,192.0,256.0,258.0,7.787999999999999,16.726000000000003,24.046400000000006,26.794200000000004,XOVXEM_clean_primitive
128.4471,233.7892,359.6214,423.9564,624.0,1132.0,1662.0,1794.0,16.0,32.0,48.0,58.0,80.0,192.0,256.0,258.0,7.787999999999999,16.726000000000003,24.04640000000001,26.794200000000004,XOVXEM_clean_primitive
128.44709999999998,233.7892,359.6214,423.9564,624.0,1132.0,1662.0,1794.0,16.0,32.0,48.0,58.0,80.0,192.0,256.0,258.0,7.788,16.726,24.046400000000002,26.794200000000007,XOVXEM_clean_primitive
128.4471,233.7892,359.6213999999999,423.9564,624.0,1132.0,1662.0,1794.0,16.0,32.0,48.0,58.0,80.0,192.0,256.0,258.0,7.787999999999999,16.726000000000003,24.0464,26.794200000000004,XOVXEM_clean_primitive
128.4471,233.7892,359.6214,423.95640000000003,624.0,1132.0,1662.0,1794.0,16.0,32.0,48.0,58.0,80.0,192.0,256.0,258.0,7.787999999999999,16.726,24.046400000000002,26.794200000000004,XOVXEM_clean_primitive
