f-chi-0-all,f-chi-1-all,f-chi-2-all,f-chi-3-all,f-Z-0-all,f-Z-1-all,f-Z-2-all,f-Z-3-all,f-I-0-all,f-I-1-all,f-I-2-all,f-I-3-all,f-T-0-all,f-T-1-all,f-T-2-all,f-T-3-all,f-S-0-all,f-S-1-all,f-S-2-all,f-S-3-all,mc-chi-0-all,mc-chi-1-all,mc-chi-2-all,mc-chi-3-all,mc-Z-0-all,mc-Z-1-all,mc-Z-2-all,mc-Z-3-all,mc-I-0-all,mc-I-1-all,mc-I-2-all,mc-I-3-all,mc-T-0-all,mc-T-1-all,mc-T-2-all,mc-T-3-all,mc-S-0-all,mc-S-1-all,mc-S-2-all,mc-S-3-all,D_mc-chi-0-all,D_mc-chi-1-all,D_mc-chi-2-all,D_mc-chi-3-all,D_mc-Z-0-all,D_mc-Z-1-all,D_mc-Z-2-all,D_mc-Z-3-all,D_mc-I-0-all,D_mc-I-1-all,D_mc-I-2-all,D_mc-I-3-all,D_mc-T-0-all,D_mc-T-1-all,D_mc-T-2-all,D_mc-T-3-all,D_mc-S-0-all,D_mc-S-1-all,D_mc-S-2-all,D_mc-S-3-all,name
349.61889999999994,661.8559999999998,1704.9055999999994,2347.455999999999,13286.0,21792.0,48128.0,43584.0,39.0,92.0,186.0,296.0,286.0,868.0,1496.0,1796.0,28.877000000000017,77.38,143.0986,199.34840000000014,2.856099999999999,30.230719999999998,29.547959999999996,76.49615999999999,2304.0,1996.8,6796.8,5068.8,1.0,5.2,7.6,14.4,28.0,72.8,138.4,185.6,2.1904,5.618080000000001,10.43696,15.841920000000002,0.0,-9.1,-4.639999999999999,-20.927999999999997,0.0,208.0,223.2,585.6,0.0,0.0,0.0,0.0,0.0,14.4,14.8,40.8,0.0,3.9,4.196,10.608000000000002,XOVXEM_clean_primitive
349.6188999999999,661.856,1704.9056,2347.4559999999997,13286.0,21792.0,48128.0,43584.0,39.0,92.0,186.0,296.0,286.0,868.0,1496.0,1796.0,28.87700000000002,77.37999999999998,143.0986,199.34840000000014,2.856099999999999,30.230719999999998,29.547959999999996,76.49615999999999,2304.0,1996.8,6796.8,5068.8,1.0,5.2,7.6,14.4,28.0,72.8,138.4,185.6,2.1904,5.618080000000001,10.43696,15.841920000000002,0.0,-9.1,-4.639999999999999,-20.927999999999997,0.0,208.0,223.2,585.6,0.0,0.0,0.0,0.0,0.0,14.4,14.8,40.8,0.0,3.9,4.196,10.608000000000002,XOVXEM_clean_primitive
