f-sbu-chi-0,f-sbu-chi-1,f-sbu-chi-2,f-sbu-chi-3,f-sbu-Z-0,f-sbu-Z-1,f-sbu-Z-2,f-sbu-Z-3,f-sbu-I-0,f-sbu-I-1,f-sbu-I-2,f-sbu-I-3,f-sbu-T-0,f-sbu-T-1,f-sbu-T-2,f-sbu-T-3,f-sbu-S-0,f-sbu-S-1,f-sbu-S-2,f-sbu-S-3,mc-chi-0,mc-chi-1,mc-chi-2,mc-chi-3,mc-Z-0,mc-Z-1,mc-Z-2,mc-Z-3,mc-I-0,mc-I-1,mc-I-2,mc-I-3,mc-T-0,mc-T-1,mc-T-2,mc-T-3,mc-S-0,mc-S-1,mc-S-2,mc-S-3,D_mc-chi-0,D_mc-chi-1,D_mc-chi-2,D_mc-chi-3,D_mc-Z-0,D_mc-Z-1,D_mc-Z-2,D_mc-Z-3,D_mc-I-0,D_mc-I-1,D_mc-I-2,D_mc-I-3,D_mc-T-0,D_mc-T-1,D_mc-T-2,D_mc-T-3,D_mc-S-0,D_mc-S-1,D_mc-S-2,D_mc-S-3,name
170.4076,325.418,633.0946,833.2797999999997,7808.0,12844.0,12084.0,10832.0,23.0,48.0,86.0,110.0,134.0,340.0,458.0,432.0,17.0315,38.205400000000004,62.75140000000001,70.21940000000001,2.8560999999999996,23.997999999999998,27.42025,51.01265000000001,2304.0,2928.0,1632.0,2400.0,1.0,4.5,6.5,12.0,20.5,50.0,88.5,116.5,2.1904,5.527799999999999,6.815399999999999,10.626399999999997,0.0,-6.595000000000001,-5.239999999999998,-9.905,0.0,155.0,278.0,526.0,0.0,0.0,0.0,0.0,0.0,9.5,10.0,28.0,0.0,2.925,5.015,10.579999999999998,Cd2_L2_2_Br_2_H2O_3
170.40759999999997,325.418,633.0946,833.2797999999999,7808.0,12844.0,12084.0,10832.0,23.0,48.0,86.0,110.0,134.0,340.0,458.0,432.0,17.0315,38.2054,62.7514,70.21940000000001,2.8560999999999996,23.997999999999998,27.42025,51.01265000000001,2304.0,2928.0,1632.0,2400.0,1.0,4.5,6.5,12.0,20.5,50.0,88.5,116.5,2.1904,5.527799999999999,6.815399999999999,10.626399999999997,0.0,-6.595000000000001,-5.239999999999998,-9.905,0.0,155.0,278.0,526.0,0.0,0.0,0.0,0.0,0.0,9.5,10.0,28.0,0.0,2.925,5.015,10.579999999999998,Cd2_L2_2_Br_2_H2O_3
