name,cif_file,Di,Df,Dif,rho,VSA,GSA,VPOV,GPOV,POAV_vol_frac,PONAV_vol_frac,GPOAV,GPONAV,POAV,PONAV
IZENUY,IZENUY.cif,10.28405,5.66029,7.85884,0.907624,1387.08,1528.26,0.5499,0.6058676280045482,0.3945,0.1554,0.434651,0.171216,4127.74,1625.98
