f-chi-0-all,f-chi-1-all,f-chi-2-all,f-chi-3-all,f-Z-0-all,f-Z-1-all,f-Z-2-all,f-Z-3-all,f-I-0-all,f-I-1-all,f-I-2-all,f-I-3-all,f-T-0-all,f-T-1-all,f-T-2-all,f-T-3-all,f-S-0-all,f-S-1-all,f-S-2-all,f-S-3-all,mc-chi-0-all,mc-chi-1-all,mc-chi-2-all,mc-chi-3-all,mc-Z-0-all,mc-Z-1-all,mc-Z-2-all,mc-Z-3-all,mc-I-0-all,mc-I-1-all,mc-I-2-all,mc-I-3-all,mc-T-0-all,mc-T-1-all,mc-T-2-all,mc-T-3-all,mc-S-0-all,mc-S-1-all,mc-S-2-all,mc-S-3-all,D_mc-chi-0-all,D_mc-chi-1-all,D_mc-chi-2-all,D_mc-chi-3-all,D_mc-Z-0-all,D_mc-Z-1-all,D_mc-Z-2-all,D_mc-Z-3-all,D_mc-I-0-all,D_mc-I-1-all,D_mc-I-2-all,D_mc-I-3-all,D_mc-T-0-all,D_mc-T-1-all,D_mc-T-2-all,D_mc-T-3-all,D_mc-S-0-all,D_mc-S-1-all,D_mc-S-2-all,D_mc-S-3-all,name
84.62129999999999,151.43060000000003,303.8024,210.73439999999997,3146.0,4824.0,5504.0,2256.0,10.0,22.0,32.0,26.0,58.0,144.0,166.0,88.0,8.287899999999999,18.881,23.74,17.5784,2.8560999999999996,29.068,16.0212,40.6952,2304.0,1920.0,2016.0,2688.0,1.0,5.0,4.0,7.0,25.0,50.0,70.0,70.0,2.1904,5.402,5.4168,7.5628,0.0,-8.75,-2.7199999999999998,-12.25,0.0,200.0,150.0,280.0,0.0,0.0,0.0,0.0,0.0,15.0,6.0,21.0,0.0,3.75,2.26,5.25,CUNQUZ_clean_primitive
84.62129999999999,151.43060000000003,303.8023999999999,210.7344,3146.0,4824.0,5504.0,2256.0,10.0,22.0,32.0,26.0,58.0,144.0,166.0,88.0,8.287899999999999,18.881,23.74,17.5784,2.8560999999999996,29.068,16.0212,40.6952,2304.0,1920.0,2016.0,2688.0,1.0,5.0,4.0,7.0,25.0,50.0,70.0,70.0,2.1904,5.402,5.4168,7.5628,0.0,-8.75,-2.7199999999999998,-12.25,0.0,200.0,150.0,280.0,0.0,0.0,0.0,0.0,0.0,15.0,6.0,21.0,0.0,3.75,2.26,5.25,CUNQUZ_clean_primitive
84.62129999999999,151.43060000000003,303.8024,210.7344,3146.0,4824.0,5504.0,2256.0,10.0,22.0,32.0,26.0,58.0,144.0,166.0,88.0,8.2879,18.880999999999997,23.739999999999995,17.5784,2.8560999999999996,29.068,16.0212,40.6952,2304.0,1920.0,2016.0,2688.0,1.0,5.0,4.0,7.0,25.0,50.0,70.0,70.0,2.1904,5.402,5.4168,7.5628,0.0,-8.75,-2.7199999999999998,-12.25,0.0,200.0,150.0,280.0,0.0,0.0,0.0,0.0,0.0,15.0,6.0,21.0,0.0,3.75,2.26,5.25,CUNQUZ_clean_primitive
84.62129999999999,151.43059999999997,303.8024,210.73439999999997,3146.0,4824.0,5504.0,2256.0,10.0,22.0,32.0,26.0,58.0,144.0,166.0,88.0,8.287899999999999,18.881,23.739999999999995,17.5784,2.8560999999999996,29.068,16.0212,40.6952,2304.0,1920.0,2016.0,2688.0,1.0,5.0,4.0,7.0,25.0,50.0,70.0,70.0,2.1904,5.402,5.4168,7.5628,0.0,-8.75,-2.7199999999999998,-12.25,0.0,200.0,150.0,280.0,0.0,0.0,0.0,0.0,0.0,15.0,6.0,21.0,0.0,3.75,2.26,5.25,CUNQUZ_clean_primitive
