f-lig-chi-0,f-lig-chi-1,f-lig-chi-2,f-lig-chi-3,f-lig-Z-0,f-lig-Z-1,f-lig-Z-2,f-lig-Z-3,f-lig-I-0,f-lig-I-1,f-lig-I-2,f-lig-I-3,f-lig-T-0,f-lig-T-1,f-lig-T-2,f-lig-T-3,f-lig-S-0,f-lig-S-1,f-lig-S-2,f-lig-S-3,name
240.75379999999993,454.767,707.7907999999999,849.0989999999999,1166.0,2208.0,3296.0,3480.0,32.0,66.0,100.0,126.0,166.0,404.0,560.0,598.0,15.7568,34.94260000000001,50.925200000000004,58.93580000000003,KEFBII_clean_primitive
240.75379999999993,454.767,707.7907999999999,849.0989999999999,1166.0,2208.0,3296.0,3480.0,32.0,66.0,100.0,126.0,166.0,404.0,560.0,598.0,15.7568,34.94260000000001,50.925200000000004,58.93580000000002,KEFBII_clean_primitive
240.75379999999993,454.7669999999999,707.7907999999998,849.099,1166.0,2208.0,3296.0,3480.0,32.0,66.0,100.0,126.0,166.0,404.0,560.0,598.0,15.7568,34.94260000000001,50.925200000000004,58.93580000000002,KEFBII_clean_primitive
240.75379999999993,454.7669999999999,707.7907999999998,849.099,1166.0,2208.0,3296.0,3480.0,32.0,66.0,100.0,126.0,166.0,404.0,560.0,598.0,15.756800000000002,34.942600000000006,50.925200000000004,58.93580000000002,KEFBII_clean_primitive
240.75379999999993,454.767,707.7908,849.0989999999999,1166.0,2208.0,3296.0,3480.0,32.0,66.0,100.0,126.0,166.0,404.0,560.0,598.0,15.756799999999998,34.94260000000001,50.925200000000004,58.935800000000036,KEFBII_clean_primitive
240.75379999999993,454.767,707.7908,849.099,1166.0,2208.0,3296.0,3480.0,32.0,66.0,100.0,126.0,166.0,404.0,560.0,598.0,15.756799999999998,34.94260000000001,50.925200000000004,58.935800000000036,KEFBII_clean_primitive
240.75379999999993,454.767,707.7908,849.099,1166.0,2208.0,3296.0,3480.0,32.0,66.0,100.0,126.0,166.0,404.0,560.0,598.0,15.756800000000004,34.942600000000006,50.925200000000004,58.93580000000002,KEFBII_clean_primitive
240.75379999999993,454.767,707.7908,849.099,1166.0,2208.0,3296.0,3480.0,32.0,66.0,100.0,126.0,166.0,404.0,560.0,598.0,15.756800000000002,34.942600000000006,50.92520000000001,58.93580000000002,KEFBII_clean_primitive
