f-chi-0-all,f-chi-1-all,f-chi-2-all,f-chi-3-all,f-Z-0-all,f-Z-1-all,f-Z-2-all,f-Z-3-all,f-I-0-all,f-I-1-all,f-I-2-all,f-I-3-all,f-T-0-all,f-T-1-all,f-T-2-all,f-T-3-all,f-S-0-all,f-S-1-all,f-S-2-all,f-S-3-all,mc-chi-0-all,mc-chi-1-all,mc-chi-2-all,mc-chi-3-all,mc-Z-0-all,mc-Z-1-all,mc-Z-2-all,mc-Z-3-all,mc-I-0-all,mc-I-1-all,mc-I-2-all,mc-I-3-all,mc-T-0-all,mc-T-1-all,mc-T-2-all,mc-T-3-all,mc-S-0-all,mc-S-1-all,mc-S-2-all,mc-S-3-all,D_mc-chi-0-all,D_mc-chi-1-all,D_mc-chi-2-all,D_mc-chi-3-all,D_mc-Z-0-all,D_mc-Z-1-all,D_mc-Z-2-all,D_mc-Z-3-all,D_mc-I-0-all,D_mc-I-1-all,D_mc-I-2-all,D_mc-I-3-all,D_mc-T-0-all,D_mc-T-1-all,D_mc-T-2-all,D_mc-T-3-all,D_mc-S-0-all,D_mc-S-1-all,D_mc-S-2-all,D_mc-S-3-all,name
338.0271999999999,642.4072,1386.8471999999997,1642.7304000000004,1868.0,3816.0,7836.0,9520.0,44.0,112.0,192.0,256.0,312.0,872.0,1460.0,1752.0,34.413999999999994,86.55360000000005,150.24000000000004,188.0656,0.9603999999999999,11.6032,11.436599999999999,27.974099999999996,9.0,82.5,85.5,193.5,1.0,3.5,5.5,9.5,12.5,34.5,63.5,88.5,1.7688999999999995,3.4114500000000008,6.74975,9.196950000000003,0.0,-8.409999999999998,-6.279999999999998,-19.235000000000007,0.0,-17.0,-12.0,-36.0,0.0,0.0,0.0,0.0,0.0,3.0,2.5,9.0,0.0,2.0900000000000003,2.2399999999999998,5.72,QUQGAL_clean_primitive
338.0271999999998,642.4072,1386.8472,1642.7304000000001,1868.0,3816.0,7836.0,9520.0,44.0,112.0,192.0,256.0,312.0,872.0,1460.0,1752.0,34.41400000000001,86.55360000000005,150.23999999999998,188.06560000000005,0.9603999999999999,11.6032,11.436599999999999,27.974099999999996,9.0,82.5,85.5,193.5,1.0,3.5,5.5,9.5,12.5,34.5,63.5,88.5,1.7688999999999995,3.4114500000000008,6.74975,9.196950000000003,0.0,-8.409999999999998,-6.279999999999998,-19.235000000000007,0.0,-17.0,-12.0,-36.0,0.0,0.0,0.0,0.0,0.0,3.0,2.5,9.0,0.0,2.0900000000000003,2.2399999999999998,5.72,QUQGAL_clean_primitive
