f-lig-chi-0,f-lig-chi-1,f-lig-chi-2,f-lig-chi-3,f-lig-Z-0,f-lig-Z-1,f-lig-Z-2,f-lig-Z-3,f-lig-I-0,f-lig-I-1,f-lig-I-2,f-lig-I-3,f-lig-T-0,f-lig-T-1,f-lig-T-2,f-lig-T-3,f-lig-S-0,f-lig-S-1,f-lig-S-2,f-lig-S-3,name
118.3704,246.8752,382.8372,416.739,519.0,1096.0,1584.0,1422.0,17.0,36.0,56.0,64.0,92.0,228.0,328.0,308.0,7.6185,18.004000000000005,26.615600000000008,26.778399999999998,SEGBIR_clean_primitive
118.37039999999999,246.87519999999998,382.8371999999999,416.739,519.0,1096.0,1584.0,1422.0,17.0,36.0,56.0,64.0,92.0,228.0,328.0,308.0,7.618500000000001,18.004,26.615600000000008,26.7784,SEGBIR_clean_primitive
118.3704,246.87519999999998,382.83719999999994,416.73900000000003,519.0,1096.0,1584.0,1422.0,17.0,36.0,56.0,64.0,92.0,228.0,328.0,308.0,7.6185,18.004,26.6156,26.7784,SEGBIR_clean_primitive
118.37039999999999,246.87519999999998,382.83719999999994,416.73900000000003,519.0,1096.0,1584.0,1422.0,17.0,36.0,56.0,64.0,92.0,228.0,328.0,308.0,7.6185,18.004,26.615600000000004,26.7784,SEGBIR_clean_primitive
118.3704,246.8752,382.83719999999994,416.73900000000003,519.0,1096.0,1584.0,1422.0,17.0,36.0,56.0,64.0,92.0,228.0,328.0,308.0,7.6185,18.004,26.615600000000004,26.778400000000005,SEGBIR_clean_primitive
118.3704,246.87519999999998,382.8372,416.73900000000003,519.0,1096.0,1584.0,1422.0,17.0,36.0,56.0,64.0,92.0,228.0,328.0,308.0,7.6185,18.004,26.6156,26.778399999999998,SEGBIR_clean_primitive
