f-link-chi-0,f-link-chi-1,f-link-chi-2,f-link-chi-3,f-link-Z-0,f-link-Z-1,f-link-Z-2,f-link-Z-3,f-link-I-0,f-link-I-1,f-link-I-2,f-link-I-3,f-link-T-0,f-link-T-1,f-link-T-2,f-link-T-3,f-link-S-0,f-link-S-1,f-link-S-2,f-link-S-3,name
122.22820000000002,268.8210000000001,406.22,458.812,466.0,1080.0,1400.0,1288.0,20.0,42.0,64.0,76.0,106.0,258.0,352.0,360.0,8.149199999999999,19.850600000000004,27.90720000000001,28.971600000000002,AXOHEA
122.2282,268.821,406.2200000000001,458.81200000000007,466.0,1080.0,1400.0,1288.0,20.0,42.0,64.0,76.0,106.0,258.0,352.0,360.0,8.149200000000002,19.850600000000004,27.907200000000003,28.971600000000006,AXOHEA
109.03439999999999,196.656,292.44039999999995,308.387,546.0,984.0,1408.0,1346.0,14.0,28.0,40.0,44.0,68.0,158.0,196.0,176.0,7.1486,15.122800000000003,20.765600000000003,20.986800000000002,AXOHEA
125.36439999999997,304.2659999999999,481.6503999999998,501.7889999999998,688.0,1680.0,2656.0,2760.0,16.0,44.0,68.0,66.0,144.0,468.0,644.0,434.0,9.246400000000001,25.841200000000008,39.8308,38.145799999999994,AXOHEA
109.03439999999999,196.656,292.4403999999999,308.387,546.0,984.0,1408.0,1346.0,14.0,28.0,40.0,44.0,68.0,158.0,196.0,176.0,7.1486,15.122800000000002,20.7656,20.986800000000002,AXOHEA
122.2282,268.8210000000001,406.2200000000001,458.812,466.0,1080.0,1400.0,1288.0,20.0,42.0,64.0,76.0,106.0,258.0,352.0,360.0,8.149200000000002,19.850600000000004,27.907200000000007,28.97160000000001,AXOHEA
