f-chi-0-all,f-chi-1-all,f-chi-2-all,f-chi-3-all,f-Z-0-all,f-Z-1-all,f-Z-2-all,f-Z-3-all,f-I-0-all,f-I-1-all,f-I-2-all,f-I-3-all,f-T-0-all,f-T-1-all,f-T-2-all,f-T-3-all,f-S-0-all,f-S-1-all,f-S-2-all,f-S-3-all,mc-chi-0-all,mc-chi-1-all,mc-chi-2-all,mc-chi-3-all,mc-Z-0-all,mc-Z-1-all,mc-Z-2-all,mc-Z-3-all,mc-I-0-all,mc-I-1-all,mc-I-2-all,mc-I-3-all,mc-T-0-all,mc-T-1-all,mc-T-2-all,mc-T-3-all,mc-S-0-all,mc-S-1-all,mc-S-2-all,mc-S-3-all,D_mc-chi-0-all,D_mc-chi-1-all,D_mc-chi-2-all,D_mc-chi-3-all,D_mc-Z-0-all,D_mc-Z-1-all,D_mc-Z-2-all,D_mc-Z-3-all,D_mc-I-0-all,D_mc-I-1-all,D_mc-I-2-all,D_mc-I-3-all,D_mc-T-0-all,D_mc-T-1-all,D_mc-T-2-all,D_mc-T-3-all,D_mc-S-0-all,D_mc-S-1-all,D_mc-S-2-all,D_mc-S-3-all,name
839.1752000000009,1422.7103999999981,4477.062400000002,5087.238399999996,86560.0,130688.0,106752.0,83200.0,92.0,232.0,488.0,592.0,776.0,2376.0,3360.0,3136.0,79.30239999999989,237.87520000000012,381.7991999999999,397.80320000000034,1.7027999999999996,24.715999999999994,24.818399999999997,29.652799999999996,6842.666666666667,7093.333333333333,3573.3333333333335,4352.0,1.0,6.0,6.666666666666667,8.0,38.0,99.33333333333333,109.33333333333333,129.33333333333334,2.935866666666667,8.649066666666664,8.625333333333336,10.371733333333333,0.0,-11.466666666666667,-10.813333333333334,-12.373333333333335,0.0,384.0,482.6666666666667,597.3333333333334,0.0,0.0,0.0,0.0,0.0,22.666666666666668,25.333333333333332,26.666666666666668,0.0,5.253333333333334,6.413333333333333,7.6533333333333315,HAPVEB_clean_primitive
