f-lig-chi-0,f-lig-chi-1,f-lig-chi-2,f-lig-chi-3,f-lig-Z-0,f-lig-Z-1,f-lig-Z-2,f-lig-Z-3,f-lig-I-0,f-lig-I-1,f-lig-I-2,f-lig-I-3,f-lig-T-0,f-lig-T-1,f-lig-T-2,f-lig-T-3,f-lig-S-0,f-lig-S-1,f-lig-S-2,f-lig-S-3,name
27.724800000000002,36.9664,18.4832,0.0,147.0,196.0,98.0,0.0,3.0,4.0,2.0,0.0,6.0,8.0,2.0,0.0,1.6875,2.25,1.125,0.0,BOCTOE05_clean_primitive
27.724800000000002,36.9664,18.4832,0.0,147.0,196.0,98.0,0.0,3.0,4.0,2.0,0.0,6.0,8.0,2.0,0.0,1.6875,2.25,1.125,0.0,BOCTOE05_clean_primitive
27.724800000000002,36.9664,18.4832,0.0,147.0,196.0,98.0,0.0,3.0,4.0,2.0,0.0,6.0,8.0,2.0,0.0,1.6875,2.25,1.125,0.0,BOCTOE05_clean_primitive
27.724800000000002,36.9664,18.4832,0.0,147.0,196.0,98.0,0.0,3.0,4.0,2.0,0.0,6.0,8.0,2.0,0.0,1.6875,2.25,1.125,0.0,BOCTOE05_clean_primitive
27.724800000000002,36.9664,18.4832,0.0,147.0,196.0,98.0,0.0,3.0,4.0,2.0,0.0,6.0,8.0,2.0,0.0,1.6875,2.25,1.125,0.0,BOCTOE05_clean_primitive
27.724800000000002,36.9664,18.4832,0.0,147.0,196.0,98.0,0.0,3.0,4.0,2.0,0.0,6.0,8.0,2.0,0.0,1.6875,2.25,1.125,0.0,BOCTOE05_clean_primitive
