f-chi-0-all,f-chi-1-all,f-chi-2-all,f-chi-3-all,f-Z-0-all,f-Z-1-all,f-Z-2-all,f-Z-3-all,f-I-0-all,f-I-1-all,f-I-2-all,f-I-3-all,f-T-0-all,f-T-1-all,f-T-2-all,f-T-3-all,f-S-0-all,f-S-1-all,f-S-2-all,f-S-3-all,mc-chi-0-all,mc-chi-1-all,mc-chi-2-all,mc-chi-3-all,mc-Z-0-all,mc-Z-1-all,mc-Z-2-all,mc-Z-3-all,mc-I-0-all,mc-I-1-all,mc-I-2-all,mc-I-3-all,mc-T-0-all,mc-T-1-all,mc-T-2-all,mc-T-3-all,mc-S-0-all,mc-S-1-all,mc-S-2-all,mc-S-3-all,D_mc-chi-0-all,D_mc-chi-1-all,D_mc-chi-2-all,D_mc-chi-3-all,D_mc-Z-0-all,D_mc-Z-1-all,D_mc-Z-2-all,D_mc-Z-3-all,D_mc-I-0-all,D_mc-I-1-all,D_mc-I-2-all,D_mc-I-3-all,D_mc-T-0-all,D_mc-T-1-all,D_mc-T-2-all,D_mc-T-3-all,D_mc-S-0-all,D_mc-S-1-all,D_mc-S-2-all,D_mc-S-3-all,name
157.18529999999998,287.30879999999985,770.8208,554.1151999999998,5622.0,10176.0,12170.0,8768.0,17.0,40.0,74.0,68.0,126.0,344.0,432.0,360.0,12.326299999999998,33.872000000000014,49.12759999999999,45.81480000000001,3.1684,36.7392,16.7854,44.233,2401.0,2352.0,3283.0,2842.0,1.0,6.0,4.0,8.0,36.0,72.0,90.0,108.0,2.0164,6.2196,5.2966,8.4632,0.0,-9.959999999999999,-2.3099999999999996,-10.61,0.0,246.0,129.0,334.0,0.0,0.0,0.0,0.0,0.0,24.0,9.0,30.0,0.0,4.14,1.9499999999999997,5.399999999999999,FEYDET_clean_primitive
157.18529999999998,287.3087999999999,770.8208,554.1152,5622.0,10176.0,12170.0,8768.0,17.0,40.0,74.0,68.0,126.0,344.0,432.0,360.0,12.326299999999998,33.872000000000014,49.12759999999999,45.814800000000005,3.1684,36.7392,16.7854,44.233,2401.0,2352.0,3283.0,2842.0,1.0,6.0,4.0,8.0,36.0,72.0,90.0,108.0,2.0164,6.2196,5.2966,8.4632,0.0,-9.959999999999999,-2.3099999999999996,-10.61,0.0,246.0,129.0,334.0,0.0,0.0,0.0,0.0,0.0,24.0,9.0,30.0,0.0,4.14,1.9499999999999997,5.399999999999999,FEYDET_clean_primitive
