f-chi-0-all,f-chi-1-all,f-chi-2-all,f-chi-3-all,f-Z-0-all,f-Z-1-all,f-Z-2-all,f-Z-3-all,f-I-0-all,f-I-1-all,f-I-2-all,f-I-3-all,f-T-0-all,f-T-1-all,f-T-2-all,f-T-3-all,f-S-0-all,f-S-1-all,f-S-2-all,f-S-3-all,mc-chi-0-all,mc-chi-1-all,mc-chi-2-all,mc-chi-3-all,mc-Z-0-all,mc-Z-1-all,mc-Z-2-all,mc-Z-3-all,mc-I-0-all,mc-I-1-all,mc-I-2-all,mc-I-3-all,mc-T-0-all,mc-T-1-all,mc-T-2-all,mc-T-3-all,mc-S-0-all,mc-S-1-all,mc-S-2-all,mc-S-3-all,D_mc-chi-0-all,D_mc-chi-1-all,D_mc-chi-2-all,D_mc-chi-3-all,D_mc-Z-0-all,D_mc-Z-1-all,D_mc-Z-2-all,D_mc-Z-3-all,D_mc-I-0-all,D_mc-I-1-all,D_mc-I-2-all,D_mc-I-3-all,D_mc-T-0-all,D_mc-T-1-all,D_mc-T-2-all,D_mc-T-3-all,D_mc-S-0-all,D_mc-S-1-all,D_mc-S-2-all,D_mc-S-3-all,name
1751.829600000005,3630.7632000000003,11441.147199999989,10664.009600000001,50118.0,106416.0,206140.0,230624.0,196.0,504.0,1200.0,1424.0,1768.0,5232.0,9208.0,11152.0,146.5225999999998,430.25280000000004,837.8027999999999,1109.8872000000024,4.40455384615385,42.5545846153846,25.180061538461544,92.46400000000001,1525.1538461538462,1824.923076923077,4505.538461538462,3895.846153846154,1.0,6.0,5.384615384615385,14.0,36.0,75.6923076923077,142.15384615384616,192.0,1.831292307692307,5.9463692307692275,7.77396923076923,13.704830769230774,0.0,-7.698461538461543,-1.2830769230769243,-14.879999999999997,0.0,184.15384615384616,80.3076923076923,433.53846153846155,0.0,0.0,0.0,0.0,0.0,23.384615384615383,8.615384615384615,52.0,0.0,3.7153846153846186,1.3969230769230774,8.73846153846155,IFAREN_charged_primitive
1751.8296000000048,3630.7632,11441.147199999989,10664.009599999998,50118.0,106416.0,206140.0,230624.0,196.0,504.0,1200.0,1424.0,1768.0,5232.0,9208.0,11152.0,146.5225999999998,430.2528000000002,837.8027999999997,1109.887200000003,4.40455384615385,42.5545846153846,25.180061538461544,92.46400000000001,1525.1538461538462,1824.923076923077,4505.538461538462,3895.846153846154,1.0,6.0,5.384615384615385,14.0,36.0,75.6923076923077,142.15384615384616,192.0,1.831292307692307,5.9463692307692275,7.77396923076923,13.704830769230774,0.0,-7.698461538461543,-1.2830769230769243,-14.879999999999997,0.0,184.15384615384616,80.3076923076923,433.53846153846155,0.0,0.0,0.0,0.0,0.0,23.384615384615383,8.615384615384615,52.0,0.0,3.7153846153846186,1.3969230769230774,8.73846153846155,IFAREN_charged_primitive
