f-chi-0-all,f-chi-1-all,f-chi-2-all,f-chi-3-all,f-Z-0-all,f-Z-1-all,f-Z-2-all,f-Z-3-all,f-I-0-all,f-I-1-all,f-I-2-all,f-I-3-all,f-T-0-all,f-T-1-all,f-T-2-all,f-T-3-all,f-S-0-all,f-S-1-all,f-S-2-all,f-S-3-all,mc-chi-0-all,mc-chi-1-all,mc-chi-2-all,mc-chi-3-all,mc-Z-0-all,mc-Z-1-all,mc-Z-2-all,mc-Z-3-all,mc-I-0-all,mc-I-1-all,mc-I-2-all,mc-I-3-all,mc-T-0-all,mc-T-1-all,mc-T-2-all,mc-T-3-all,mc-S-0-all,mc-S-1-all,mc-S-2-all,mc-S-3-all,D_mc-chi-0-all,D_mc-chi-1-all,D_mc-chi-2-all,D_mc-chi-3-all,D_mc-Z-0-all,D_mc-Z-1-all,D_mc-Z-2-all,D_mc-Z-3-all,D_mc-I-0-all,D_mc-I-1-all,D_mc-I-2-all,D_mc-I-3-all,D_mc-T-0-all,D_mc-T-1-all,D_mc-T-2-all,D_mc-T-3-all,D_mc-S-0-all,D_mc-S-1-all,D_mc-S-2-all,D_mc-S-3-all,name
172.03660000000002,365.5172,578.2287999999999,828.2656,2354.0,4512.0,7468.0,6840.0,24.0,52.0,84.0,112.0,136.0,352.0,532.0,592.0,15.975800000000003,35.97160000000002,60.90279999999999,70.76160000000002,3.5343999999999998,22.860799999999998,38.352,75.78279999999998,729.0,756.0,1296.0,1755.0,1.0,4.0,8.0,16.0,16.0,48.0,96.0,128.0,1.5876000000000001,3.7800000000000002,7.7616000000000005,11.894400000000003,0.0,-4.640000000000001,-5.359999999999999,-10.230000000000002,0.0,80.0,168.0,367.0,0.0,0.0,0.0,0.0,0.0,4.0,8.0,32.0,0.0,2.04,3.920000000000001,10.72,EQERIC_clean_primitive
172.03660000000002,365.5172,578.2287999999999,828.2656,2354.0,4512.0,7468.0,6840.0,24.0,52.0,84.0,112.0,136.0,352.0,532.0,592.0,15.975800000000003,35.97160000000002,60.90279999999999,70.76160000000002,3.5343999999999998,22.860799999999998,38.352,75.78279999999998,729.0,756.0,1296.0,1755.0,1.0,4.0,8.0,16.0,16.0,48.0,96.0,128.0,1.5876000000000001,3.7800000000000002,7.7616000000000005,11.894400000000003,0.0,-4.640000000000001,-5.359999999999999,-10.230000000000002,0.0,80.0,168.0,367.0,0.0,0.0,0.0,0.0,0.0,4.0,8.0,32.0,0.0,2.04,3.920000000000001,10.72,EQERIC_clean_primitive
