f-sbu-chi-0,f-sbu-chi-1,f-sbu-chi-2,f-sbu-chi-3,f-sbu-Z-0,f-sbu-Z-1,f-sbu-Z-2,f-sbu-Z-3,f-sbu-I-0,f-sbu-I-1,f-sbu-I-2,f-sbu-I-3,f-sbu-T-0,f-sbu-T-1,f-sbu-T-2,f-sbu-T-3,f-sbu-S-0,f-sbu-S-1,f-sbu-S-2,f-sbu-S-3,mc-chi-0,mc-chi-1,mc-chi-2,mc-chi-3,mc-Z-0,mc-Z-1,mc-Z-2,mc-Z-3,mc-I-0,mc-I-1,mc-I-2,mc-I-3,mc-T-0,mc-T-1,mc-T-2,mc-T-3,mc-S-0,mc-S-1,mc-S-2,mc-S-3,D_mc-chi-0,D_mc-chi-1,D_mc-chi-2,D_mc-chi-3,D_mc-Z-0,D_mc-Z-1,D_mc-Z-2,D_mc-Z-3,D_mc-I-0,D_mc-I-1,D_mc-I-2,D_mc-I-3,D_mc-T-0,D_mc-T-1,D_mc-T-2,D_mc-T-3,D_mc-S-0,D_mc-S-1,D_mc-S-2,D_mc-S-3,name
169.97699999999998,306.5279999999999,603.7224,697.0879999999996,2148.0,5004.0,5832.0,5176.0,20.0,44.0,68.0,84.0,120.0,308.0,372.0,344.0,13.9956,34.0188,47.4588,51.022000000000006,2.4025000000000003,26.04,19.7625,37.246500000000005,625.0,975.0,750.0,1200.0,1.0,5.0,5.0,9.0,25.0,55.0,75.0,105.0,1.9320999999999997,5.1013,5.3515,8.409499999999998,0.0,-9.049999999999999,-4.999999999999999,-10.08,0.0,86.0,95.0,177.0,0.0,0.0,0.0,0.0,0.0,14.0,10.0,24.0,0.0,3.2799999999999994,3.0999999999999996,6.459999999999999,UBIPAY
