f-sbu-chi-0,f-sbu-chi-1,f-sbu-chi-2,f-sbu-chi-3,f-sbu-Z-0,f-sbu-Z-1,f-sbu-Z-2,f-sbu-Z-3,f-sbu-I-0,f-sbu-I-1,f-sbu-I-2,f-sbu-I-3,f-sbu-T-0,f-sbu-T-1,f-sbu-T-2,f-sbu-T-3,f-sbu-S-0,f-sbu-S-1,f-sbu-S-2,f-sbu-S-3,mc-chi-0,mc-chi-1,mc-chi-2,mc-chi-3,mc-Z-0,mc-Z-1,mc-Z-2,mc-Z-3,mc-I-0,mc-I-1,mc-I-2,mc-I-3,mc-T-0,mc-T-1,mc-T-2,mc-T-3,mc-S-0,mc-S-1,mc-S-2,mc-S-3,D_mc-chi-0,D_mc-chi-1,D_mc-chi-2,D_mc-chi-3,D_mc-Z-0,D_mc-Z-1,D_mc-Z-2,D_mc-Z-3,D_mc-I-0,D_mc-I-1,D_mc-I-2,D_mc-I-3,D_mc-T-0,D_mc-T-1,D_mc-T-2,D_mc-T-3,D_mc-S-0,D_mc-S-1,D_mc-S-2,D_mc-S-3,name
148.72480000000002,268.816,437.7388,566.368,2452.0,4508.0,5320.0,4664.0,18.0,36.0,52.0,68.0,88.0,208.0,252.0,252.0,12.874399999999998,27.594,38.72,41.97,3.61,25.384,24.224999999999998,47.348,841.0,899.0,870.0,1450.0,1.0,4.0,5.0,9.0,16.0,36.0,60.0,76.0,1.9043999999999996,4.057199999999999,5.313,8.293799999999997,0.0,-5.760000000000001,-3.2499999999999996,-7.820000000000001,0.0,85.0,115.0,211.0,0.0,0.0,0.0,0.0,0.0,7.0,5.0,17.0,0.0,2.5799999999999996,3.0499999999999994,6.409999999999999,DEJCIF
148.72480000000002,268.816,437.73879999999997,566.3679999999999,2452.0,4508.0,5320.0,4664.0,18.0,36.0,52.0,68.0,88.0,208.0,252.0,252.0,12.874399999999998,27.594000000000005,38.72,41.970000000000006,3.61,25.384,24.224999999999998,47.348,841.0,899.0,870.0,1450.0,1.0,4.0,5.0,9.0,16.0,36.0,60.0,76.0,1.9043999999999996,4.057199999999999,5.313,8.293799999999997,0.0,-5.760000000000001,-3.2499999999999996,-7.820000000000001,0.0,85.0,115.0,211.0,0.0,0.0,0.0,0.0,0.0,7.0,5.0,17.0,0.0,2.5799999999999996,3.0499999999999994,6.409999999999999,DEJCIF
