f-lig-chi-0,f-lig-chi-1,f-lig-chi-2,f-lig-chi-3,f-lig-Z-0,f-lig-Z-1,f-lig-Z-2,f-lig-Z-3,f-lig-I-0,f-lig-I-1,f-lig-I-2,f-lig-I-3,f-lig-T-0,f-lig-T-1,f-lig-T-2,f-lig-T-3,f-lig-S-0,f-lig-S-1,f-lig-S-2,f-lig-S-3,name
159.19460000000004,360.07080000000013,536.2104000000002,568.6630000000002,662.0,1548.0,2100.0,1768.0,24.0,52.0,80.0,90.0,132.0,328.0,472.0,458.0,10.3992,25.506800000000002,37.0872,36.41779999999999,ARAFIJ_clean_primitive
159.19460000000004,360.07080000000013,536.2104000000002,568.6630000000002,662.0,1548.0,2100.0,1768.0,24.0,52.0,80.0,90.0,132.0,328.0,472.0,458.0,10.3992,25.506800000000002,37.0872,36.41779999999999,ARAFIJ_clean_primitive
