f-lig-chi-0,f-lig-chi-1,f-lig-chi-2,f-lig-chi-3,f-lig-Z-0,f-lig-Z-1,f-lig-Z-2,f-lig-Z-3,f-lig-I-0,f-lig-I-1,f-lig-I-2,f-lig-I-3,f-lig-T-0,f-lig-T-1,f-lig-T-2,f-lig-T-3,f-lig-S-0,f-lig-S-1,f-lig-S-2,f-lig-S-3,name
253.7587999999999,480.7769999999999,733.8007999999999,875.109,1238.0,2352.0,3440.0,3624.0,34.0,70.0,104.0,130.0,174.0,420.0,576.0,612.0,16.942600000000002,37.31420000000001,53.2968,61.30740000000002,LUYHAP_clean_primitive
253.7587999999999,480.7769999999999,733.8007999999999,875.109,1238.0,2352.0,3440.0,3624.0,34.0,70.0,104.0,130.0,174.0,420.0,576.0,612.0,16.942600000000002,37.31420000000001,53.2968,61.30740000000002,LUYHAP_clean_primitive
253.7587999999999,480.7769999999999,733.8007999999998,875.1089999999999,1238.0,2352.0,3440.0,3624.0,34.0,70.0,104.0,130.0,174.0,420.0,576.0,612.0,16.942600000000002,37.31420000000001,53.296800000000005,61.30740000000003,LUYHAP_clean_primitive
