f-chi-0-all,f-chi-1-all,f-chi-2-all,f-chi-3-all,f-Z-0-all,f-Z-1-all,f-Z-2-all,f-Z-3-all,f-I-0-all,f-I-1-all,f-I-2-all,f-I-3-all,f-T-0-all,f-T-1-all,f-T-2-all,f-T-3-all,f-S-0-all,f-S-1-all,f-S-2-all,f-S-3-all,mc-chi-0-all,mc-chi-1-all,mc-chi-2-all,mc-chi-3-all,mc-Z-0-all,mc-Z-1-all,mc-Z-2-all,mc-Z-3-all,mc-I-0-all,mc-I-1-all,mc-I-2-all,mc-I-3-all,mc-T-0-all,mc-T-1-all,mc-T-2-all,mc-T-3-all,mc-S-0-all,mc-S-1-all,mc-S-2-all,mc-S-3-all,D_mc-chi-0-all,D_mc-chi-1-all,D_mc-chi-2-all,D_mc-chi-3-all,D_mc-Z-0-all,D_mc-Z-1-all,D_mc-Z-2-all,D_mc-Z-3-all,D_mc-I-0-all,D_mc-I-1-all,D_mc-I-2-all,D_mc-I-3-all,D_mc-T-0-all,D_mc-T-1-all,D_mc-T-2-all,D_mc-T-3-all,D_mc-S-0-all,D_mc-S-1-all,D_mc-S-2-all,D_mc-S-3-all,name
4983.513600000011,11923.689600000069,23193.484799999867,35335.804799999736,136800.0,212640.0,383040.0,411072.0,672.0,1728.0,3264.0,4800.0,4992.0,14496.0,26304.0,33504.0,466.35359999999577,1256.515199999998,2411.8464000000017,3188.044799999991,2.8560999999999983,25.688000000000013,43.923099999999984,70.48990000000002,2304.0,1680.0,2928.0,4080.0,1.0,5.0,10.0,16.0,25.0,75.0,145.0,230.0,2.190399999999998,5.550000000000004,11.366399999999999,16.3392,0.0,-6.75,-9.089999999999991,-14.66999999999999,0.0,205.0,419.0,683.0,0.0,0.0,0.0,0.0,0.0,10.0,21.0,34.0,0.0,3.6500000000000035,7.120000000000004,12.639999999999993,SEVLEM_clean_primitive
