f-link-chi-0,f-link-chi-1,f-link-chi-2,f-link-chi-3,f-link-Z-0,f-link-Z-1,f-link-Z-2,f-link-Z-3,f-link-I-0,f-link-I-1,f-link-I-2,f-link-I-3,f-link-T-0,f-link-T-1,f-link-T-2,f-link-T-3,f-link-S-0,f-link-S-1,f-link-S-2,f-link-S-3,name
3627.5488000000287,23047.137000000115,65480.995800000004,103391.10100000004,10114.0,81612.0,166026.0,176848.0,650.0,3840.0,11300.0,18622.0,35354.0,343816.0,693810.0,654448.0,208.88899999999768,1651.1312000000007,4082.413200000004,5446.913399999988,WUHCUZ
3627.5488000000287,23047.137000000115,65480.995800000004,103391.10100000004,10114.0,81612.0,166026.0,176848.0,650.0,3840.0,11300.0,18622.0,35354.0,343816.0,693810.0,654448.0,208.88899999999768,1651.1312000000007,4082.413200000004,5446.913399999988,WUHCUZ
3666.2688000000376,23218.927000000054,66612.5108000001,105932.16999999975,10122.0,81148.0,165386.0,176080.0,658.0,3876.0,11510.0,19160.0,34912.0,326576.0,671282.0,650320.0,209.98419999999783,1652.8596000000057,4124.282200000007,5507.036000000011,WUHCUZ
