f-chi-0-all,f-chi-1-all,f-chi-2-all,f-chi-3-all,f-Z-0-all,f-Z-1-all,f-Z-2-all,f-Z-3-all,f-I-0-all,f-I-1-all,f-I-2-all,f-I-3-all,f-T-0-all,f-T-1-all,f-T-2-all,f-T-3-all,f-S-0-all,f-S-1-all,f-S-2-all,f-S-3-all,mc-chi-0-all,mc-chi-1-all,mc-chi-2-all,mc-chi-3-all,mc-Z-0-all,mc-Z-1-all,mc-Z-2-all,mc-Z-3-all,mc-I-0-all,mc-I-1-all,mc-I-2-all,mc-I-3-all,mc-T-0-all,mc-T-1-all,mc-T-2-all,mc-T-3-all,mc-S-0-all,mc-S-1-all,mc-S-2-all,mc-S-3-all,D_mc-chi-0-all,D_mc-chi-1-all,D_mc-chi-2-all,D_mc-chi-3-all,D_mc-Z-0-all,D_mc-Z-1-all,D_mc-Z-2-all,D_mc-Z-3-all,D_mc-I-0-all,D_mc-I-1-all,D_mc-I-2-all,D_mc-I-3-all,D_mc-T-0-all,D_mc-T-1-all,D_mc-T-2-all,D_mc-T-3-all,D_mc-S-0-all,D_mc-S-1-all,D_mc-S-2-all,D_mc-S-3-all,name
315.4503999999999,586.5791999999997,2229.7024,1989.0880000000006,3336.0,9900.0,16806.0,20968.0,36.0,98.0,244.0,290.0,376.0,1216.0,1974.0,2422.0,27.508800000000033,86.72380000000001,156.0341999999999,203.39919999999987,1.8496000000000004,32.558400000000006,18.319200000000002,65.89199999999998,441.0,1039.5,1391.25,2220.75,1.0,7.5,6.25,15.75,56.5,130.0,206.0,280.75,2.8899999999999997,8.3895,11.173249999999998,18.746749999999995,0.0,-13.739999999999998,-4.969999999999999,-27.029999999999998,0.0,108.0,65.0,225.0,0.0,0.0,0.0,0.0,0.0,39.25,19.25,80.5,0.0,7.8149999999999995,4.052499999999999,15.747500000000002,EXEQII_SL_primitive
