f-lig-chi-0,f-lig-chi-1,f-lig-chi-2,f-lig-chi-3,f-lig-Z-0,f-lig-Z-1,f-lig-Z-2,f-lig-Z-3,f-lig-I-0,f-lig-I-1,f-lig-I-2,f-lig-I-3,f-lig-T-0,f-lig-T-1,f-lig-T-2,f-lig-T-3,f-lig-S-0,f-lig-S-1,f-lig-S-2,f-lig-S-3,name
123.55440000000002,234.232,348.5404,411.743,549.0,1024.0,1468.0,1448.0,17.0,34.0,50.0,62.0,84.0,202.0,270.0,270.0,7.5592999999999995,16.802600000000005,23.614599999999996,25.7894,ATOWOW_clean_primitive
123.5544,234.23200000000006,348.5404,411.743,549.0,1024.0,1468.0,1448.0,17.0,34.0,50.0,62.0,84.0,202.0,270.0,270.0,7.5593,16.8026,23.614600000000003,25.7894,ATOWOW_clean_primitive
82.77480000000001,173.82920000000004,268.3954,217.53000000000003,297.0,650.0,856.0,480.0,13.0,26.0,42.0,32.0,68.0,152.0,170.0,128.0,4.8805,11.535400000000001,15.4274,11.341599999999996,ATOWOW_clean_primitive
82.7748,173.82920000000001,268.3954,217.53000000000003,297.0,650.0,856.0,480.0,13.0,26.0,42.0,32.0,68.0,152.0,170.0,128.0,4.8805,11.535400000000001,15.427400000000002,11.341599999999998,ATOWOW_clean_primitive
123.5544,234.23199999999997,348.5403999999999,411.743,549.0,1024.0,1468.0,1448.0,17.0,34.0,50.0,62.0,84.0,202.0,270.0,270.0,7.559299999999999,16.802600000000005,23.614600000000003,25.7894,ATOWOW_clean_primitive
123.55440000000002,234.23199999999997,348.54040000000003,411.743,549.0,1024.0,1468.0,1448.0,17.0,34.0,50.0,62.0,84.0,202.0,270.0,270.0,7.559299999999999,16.8026,23.614600000000003,25.7894,ATOWOW_clean_primitive
