f-sbu-chi-0,f-sbu-chi-1,f-sbu-chi-2,f-sbu-chi-3,f-sbu-Z-0,f-sbu-Z-1,f-sbu-Z-2,f-sbu-Z-3,f-sbu-I-0,f-sbu-I-1,f-sbu-I-2,f-sbu-I-3,f-sbu-T-0,f-sbu-T-1,f-sbu-T-2,f-sbu-T-3,f-sbu-S-0,f-sbu-S-1,f-sbu-S-2,f-sbu-S-3,mc-chi-0,mc-chi-1,mc-chi-2,mc-chi-3,mc-Z-0,mc-Z-1,mc-Z-2,mc-Z-3,mc-I-0,mc-I-1,mc-I-2,mc-I-3,mc-T-0,mc-T-1,mc-T-2,mc-T-3,mc-S-0,mc-S-1,mc-S-2,mc-S-3,D_mc-chi-0,D_mc-chi-1,D_mc-chi-2,D_mc-chi-3,D_mc-Z-0,D_mc-Z-1,D_mc-Z-2,D_mc-Z-3,D_mc-I-0,D_mc-I-1,D_mc-I-2,D_mc-I-3,D_mc-T-0,D_mc-T-1,D_mc-T-2,D_mc-T-3,D_mc-S-0,D_mc-S-1,D_mc-S-2,D_mc-S-3,name
231.42779999999993,311.93919999999997,1423.2895999999998,981.5007999999996,10488.0,18368.0,13952.0,9536.0,24.0,52.0,132.0,116.0,192.0,488.0,532.0,420.0,17.5288,49.785999999999994,82.14439999999998,70.3428,1.5376,34.1248,12.648,25.444799999999997,4624.0,4352.0,1632.0,3264.0,1.0,8.0,4.0,7.0,64.0,104.0,96.0,136.0,2.7224999999999997,9.635999999999997,5.082,8.6955,0.0,-17.599999999999998,-5.239999999999999,-11.840000000000002,0.0,480.0,248.0,428.0,0.0,0.0,0.0,0.0,0.0,51.0,20.0,39.0,0.0,7.359999999999999,3.5199999999999996,6.279999999999999,MAKHEO
231.42779999999993,311.93919999999997,1423.2896,981.5007999999997,10488.0,18368.0,13952.0,9536.0,24.0,52.0,132.0,116.0,192.0,488.0,532.0,420.0,17.528799999999997,49.785999999999994,82.14439999999998,70.34280000000003,1.5376,34.1248,12.648,25.444799999999997,4624.0,4352.0,1632.0,3264.0,1.0,8.0,4.0,7.0,64.0,104.0,96.0,136.0,2.7224999999999997,9.635999999999997,5.082,8.6955,0.0,-17.599999999999998,-5.239999999999999,-11.840000000000002,0.0,480.0,248.0,428.0,0.0,0.0,0.0,0.0,0.0,51.0,20.0,39.0,0.0,7.359999999999999,3.5199999999999996,6.279999999999999,MAKHEO
