f-lig-chi-0,f-lig-chi-1,f-lig-chi-2,f-lig-chi-3,f-lig-Z-0,f-lig-Z-1,f-lig-Z-2,f-lig-Z-3,f-lig-I-0,f-lig-I-1,f-lig-I-2,f-lig-I-3,f-lig-T-0,f-lig-T-1,f-lig-T-2,f-lig-T-3,f-lig-S-0,f-lig-S-1,f-lig-S-2,f-lig-S-3,name
566.5459999999999,1271.284,2594.3864000000012,1582.739,2864.0,6556.0,13160.0,7904.0,52.0,132.0,232.0,190.0,436.0,1268.0,1432.0,1542.0,26.754000000000016,71.2052,121.57680000000008,100.64140000000003,BIBXIV_clean_primitive
566.5459999999999,1271.2839999999999,2594.3864000000012,1582.739,2864.0,6556.0,13160.0,7904.0,52.0,132.0,232.0,190.0,436.0,1268.0,1432.0,1542.0,26.75400000000002,71.2052,121.57680000000008,100.64140000000003,BIBXIV_clean_primitive
566.546,1271.284,2594.3864000000012,1582.739,2864.0,6556.0,13160.0,7904.0,52.0,132.0,232.0,190.0,436.0,1268.0,1432.0,1542.0,26.754000000000012,71.2052,121.57680000000005,100.64140000000003,BIBXIV_clean_primitive
566.546,1271.284,2594.3864000000017,1582.739,2864.0,6556.0,13160.0,7904.0,52.0,132.0,232.0,190.0,436.0,1268.0,1432.0,1542.0,26.754000000000012,71.2052,121.57680000000005,100.64140000000003,BIBXIV_clean_primitive
566.546,1271.284,2594.3864000000017,1582.739,2864.0,6556.0,13160.0,7904.0,52.0,132.0,232.0,190.0,436.0,1268.0,1432.0,1542.0,26.75400000000001,71.20519999999999,121.57680000000005,100.64140000000003,BIBXIV_clean_primitive
566.546,1271.2840000000003,2594.3864000000017,1582.739,2864.0,6556.0,13160.0,7904.0,52.0,132.0,232.0,190.0,436.0,1268.0,1432.0,1542.0,26.754000000000012,71.2052,121.57680000000005,100.64140000000003,BIBXIV_clean_primitive
