f-chi-0-all,f-chi-1-all,f-chi-2-all,f-chi-3-all,f-Z-0-all,f-Z-1-all,f-Z-2-all,f-Z-3-all,f-I-0-all,f-I-1-all,f-I-2-all,f-I-3-all,f-T-0-all,f-T-1-all,f-T-2-all,f-T-3-all,f-S-0-all,f-S-1-all,f-S-2-all,f-S-3-all,mc-chi-0-all,mc-chi-1-all,mc-chi-2-all,mc-chi-3-all,mc-Z-0-all,mc-Z-1-all,mc-Z-2-all,mc-Z-3-all,mc-I-0-all,mc-I-1-all,mc-I-2-all,mc-I-3-all,mc-T-0-all,mc-T-1-all,mc-T-2-all,mc-T-3-all,mc-S-0-all,mc-S-1-all,mc-S-2-all,mc-S-3-all,D_mc-chi-0-all,D_mc-chi-1-all,D_mc-chi-2-all,D_mc-chi-3-all,D_mc-Z-0-all,D_mc-Z-1-all,D_mc-Z-2-all,D_mc-Z-3-all,D_mc-I-0-all,D_mc-I-1-all,D_mc-I-2-all,D_mc-I-3-all,D_mc-T-0-all,D_mc-T-1-all,D_mc-T-2-all,D_mc-T-3-all,D_mc-S-0-all,D_mc-S-1-all,D_mc-S-2-all,D_mc-S-3-all,name
450.5107999999998,844.8639999999992,1701.8519999999992,2010.3359999999993,9428.0,17728.0,24000.0,26112.0,52.0,120.0,192.0,264.0,312.0,792.0,1152.0,1360.0,36.312400000000004,90.3448,133.8496,165.91439999999994,2.722499999999999,22.704000000000004,18.975,41.00250000000001,900.0,960.0,1470.0,1740.0,1.0,4.0,5.0,8.0,16.0,36.0,56.0,76.0,1.7161000000000006,3.825200000000001,5.2269000000000005,7.807599999999997,0.0,-7.1599999999999975,-3.25,-11.650000000000004,0.0,88.0,101.0,182.0,0.0,0.0,0.0,0.0,0.0,7.0,6.0,13.0,0.0,2.3200000000000003,2.56,4.520000000000001,ESEVIH_clean_primitive
450.51079999999973,844.8639999999995,1701.851999999999,2010.3359999999998,9428.0,17728.0,24000.0,26112.0,52.0,120.0,192.0,264.0,312.0,792.0,1152.0,1360.0,36.31240000000003,90.3448,133.84960000000004,165.91439999999997,2.722499999999999,22.704000000000004,18.975,41.00250000000001,900.0,960.0,1470.0,1740.0,1.0,4.0,5.0,8.0,16.0,36.0,56.0,76.0,1.7161000000000006,3.825200000000001,5.2269000000000005,7.807599999999997,0.0,-7.1599999999999975,-3.25,-11.650000000000004,0.0,88.0,101.0,182.0,0.0,0.0,0.0,0.0,0.0,7.0,6.0,13.0,0.0,2.3200000000000003,2.56,4.520000000000001,ESEVIH_clean_primitive
