f-lig-chi-0,f-lig-chi-1,f-lig-chi-2,f-lig-chi-3,f-lig-Z-0,f-lig-Z-1,f-lig-Z-2,f-lig-Z-3,f-lig-I-0,f-lig-I-1,f-lig-I-2,f-lig-I-3,f-lig-T-0,f-lig-T-1,f-lig-T-2,f-lig-T-3,f-lig-S-0,f-lig-S-1,f-lig-S-2,f-lig-S-3,name
190.0944,381.021,583.1404,695.4469999999999,840.0,1704.0,2416.0,2432.0,28.0,58.0,88.0,110.0,146.0,356.0,484.0,486.0,12.7132,29.21380000000001,41.83280000000001,46.29420000000001,NOFHOG_clean_primitive
190.0944,381.021,583.1404,695.4469999999999,840.0,1704.0,2416.0,2432.0,28.0,58.0,88.0,110.0,146.0,356.0,484.0,486.0,12.7132,29.21380000000001,41.83280000000001,46.29420000000001,NOFHOG_clean_primitive
190.0944,381.0210000000001,583.1404,695.4469999999999,840.0,1704.0,2416.0,2432.0,28.0,58.0,88.0,110.0,146.0,356.0,484.0,486.0,12.713200000000002,29.21380000000001,41.83280000000001,46.29420000000001,NOFHOG_clean_primitive
190.0944,381.0210000000001,583.1404,695.4469999999999,840.0,1704.0,2416.0,2432.0,28.0,58.0,88.0,110.0,146.0,356.0,484.0,486.0,12.713200000000002,29.21380000000001,41.83280000000001,46.29420000000001,NOFHOG_clean_primitive
190.0944,381.0210000000001,583.1404,695.4469999999999,840.0,1704.0,2416.0,2432.0,28.0,58.0,88.0,110.0,146.0,356.0,484.0,486.0,12.713200000000004,29.21380000000001,41.832800000000006,46.294200000000004,NOFHOG_clean_primitive
190.0944,381.021,583.1404000000001,695.4469999999999,840.0,1704.0,2416.0,2432.0,28.0,58.0,88.0,110.0,146.0,356.0,484.0,486.0,12.713200000000004,29.21380000000001,41.832800000000006,46.2942,NOFHOG_clean_primitive
