f-chi-0-all,f-chi-1-all,f-chi-2-all,f-chi-3-all,f-Z-0-all,f-Z-1-all,f-Z-2-all,f-Z-3-all,f-I-0-all,f-I-1-all,f-I-2-all,f-I-3-all,f-T-0-all,f-T-1-all,f-T-2-all,f-T-3-all,f-S-0-all,f-S-1-all,f-S-2-all,f-S-3-all,mc-chi-0-all,mc-chi-1-all,mc-chi-2-all,mc-chi-3-all,mc-Z-0-all,mc-Z-1-all,mc-Z-2-all,mc-Z-3-all,mc-I-0-all,mc-I-1-all,mc-I-2-all,mc-I-3-all,mc-T-0-all,mc-T-1-all,mc-T-2-all,mc-T-3-all,mc-S-0-all,mc-S-1-all,mc-S-2-all,mc-S-3-all,D_mc-chi-0-all,D_mc-chi-1-all,D_mc-chi-2-all,D_mc-chi-3-all,D_mc-Z-0-all,D_mc-Z-1-all,D_mc-Z-2-all,D_mc-Z-3-all,D_mc-I-0-all,D_mc-I-1-all,D_mc-I-2-all,D_mc-I-3-all,D_mc-T-0-all,D_mc-T-1-all,D_mc-T-2-all,D_mc-T-3-all,D_mc-S-0-all,D_mc-S-1-all,D_mc-S-2-all,D_mc-S-3-all,name
196.90319999999997,347.84999999999997,1076.4127999999998,1012.1999999999996,8994.0,14904.0,13064.0,13248.0,22.0,56.0,112.0,128.0,196.0,592.0,668.0,704.0,16.782799999999995,50.46999999999999,75.59960000000001,83.07040000000002,1.44,27.828,15.299999999999997,34.872,3969.0,3402.0,1890.0,4284.0,1.0,7.0,5.0,10.0,49.0,112.0,105.0,182.0,2.8223999999999996,8.652,6.468,12.6672,0.0,-14.790000000000001,-6.749999999999999,-17.06,0.0,387.0,285.0,562.0,0.0,0.0,0.0,0.0,0.0,33.0,20.0,44.0,0.0,6.61,4.55,9.26,NOFHOG_clean_primitive
196.90319999999997,347.84999999999997,1076.4127999999998,1012.1999999999996,8994.0,14904.0,13064.0,13248.0,22.0,56.0,112.0,128.0,196.0,592.0,668.0,704.0,16.782799999999995,50.46999999999999,75.59960000000001,83.07040000000002,1.44,27.828,15.299999999999997,34.872,3969.0,3402.0,1890.0,4284.0,1.0,7.0,5.0,10.0,49.0,112.0,105.0,182.0,2.8223999999999996,8.652,6.468,12.6672,0.0,-14.790000000000001,-6.749999999999999,-17.06,0.0,387.0,285.0,562.0,0.0,0.0,0.0,0.0,0.0,33.0,20.0,44.0,0.0,6.61,4.55,9.26,NOFHOG_clean_primitive
