f-chi-0-all,f-chi-1-all,f-chi-2-all,f-chi-3-all,f-Z-0-all,f-Z-1-all,f-Z-2-all,f-Z-3-all,f-I-0-all,f-I-1-all,f-I-2-all,f-I-3-all,f-T-0-all,f-T-1-all,f-T-2-all,f-T-3-all,f-S-0-all,f-S-1-all,f-S-2-all,f-S-3-all,mc-chi-0-all,mc-chi-1-all,mc-chi-2-all,mc-chi-3-all,mc-Z-0-all,mc-Z-1-all,mc-Z-2-all,mc-Z-3-all,mc-I-0-all,mc-I-1-all,mc-I-2-all,mc-I-3-all,mc-T-0-all,mc-T-1-all,mc-T-2-all,mc-T-3-all,mc-S-0-all,mc-S-1-all,mc-S-2-all,mc-S-3-all,D_mc-chi-0-all,D_mc-chi-1-all,D_mc-chi-2-all,D_mc-chi-3-all,D_mc-Z-0-all,D_mc-Z-1-all,D_mc-Z-2-all,D_mc-Z-3-all,D_mc-I-0-all,D_mc-I-1-all,D_mc-I-2-all,D_mc-I-3-all,D_mc-T-0-all,D_mc-T-1-all,D_mc-T-2-all,D_mc-T-3-all,D_mc-S-0-all,D_mc-S-1-all,D_mc-S-2-all,D_mc-S-3-all,name
336.6023999999999,604.3391999999997,1701.9071999999999,1925.8496,17670.0,26400.0,33270.0,35552.0,36.0,92.0,178.0,244.0,296.0,876.0,1276.0,1544.0,28.88160000000002,83.42439999999998,132.77159999999995,171.46240000000003,1.4399999999999997,24.768,17.843999999999998,42.132,3969.0,3024.0,4095.0,5166.0,1.0,6.0,6.0,11.5,36.0,84.0,117.0,171.0,2.822399999999999,7.358400000000001,8.5092,14.439599999999999,0.0,-13.44,-7.67,-21.31000000000001,0.0,330.0,313.0,642.5,0.0,0.0,0.0,0.0,0.0,22.0,16.5,40.5,0.0,5.700000000000001,5.015,10.725,KEWBUL_clean_primitive
336.6023999999999,604.3391999999996,1701.9072,1925.8495999999998,17670.0,26400.0,33270.0,35552.0,36.0,92.0,178.0,244.0,296.0,876.0,1276.0,1544.0,28.88160000000002,83.42439999999998,132.77159999999995,171.46240000000003,1.4399999999999997,24.768,17.843999999999998,42.132,3969.0,3024.0,4095.0,5166.0,1.0,6.0,6.0,11.5,36.0,84.0,117.0,171.0,2.822399999999999,7.358400000000001,8.5092,14.439599999999999,0.0,-13.44,-7.67,-21.31000000000001,0.0,330.0,313.0,642.5,0.0,0.0,0.0,0.0,0.0,22.0,16.5,40.5,0.0,5.700000000000001,5.015,10.725,KEWBUL_clean_primitive
