f-lig-chi-0,f-lig-chi-1,f-lig-chi-2,f-lig-chi-3,f-lig-Z-0,f-lig-Z-1,f-lig-Z-2,f-lig-Z-3,f-lig-I-0,f-lig-I-1,f-lig-I-2,f-lig-I-3,f-lig-T-0,f-lig-T-1,f-lig-T-2,f-lig-T-3,f-lig-S-0,f-lig-S-1,f-lig-S-2,f-lig-S-3,name
132.01360000000003,270.4656000000001,396.0308000000001,408.23500000000007,616.0,1278.0,1766.0,1540.0,18.0,38.0,56.0,62.0,94.0,228.0,314.0,298.0,8.6066,19.699000000000005,27.725600000000007,27.1126,OYIVIC_clean_primitive
132.01360000000003,270.4656000000001,396.0308000000001,408.23500000000007,616.0,1278.0,1766.0,1540.0,18.0,38.0,56.0,62.0,94.0,228.0,314.0,298.0,8.6066,19.699000000000005,27.725600000000007,27.1126,OYIVIC_clean_primitive
