f-lig-chi-0,f-lig-chi-1,f-lig-chi-2,f-lig-chi-3,f-lig-Z-0,f-lig-Z-1,f-lig-Z-2,f-lig-Z-3,f-lig-I-0,f-lig-I-1,f-lig-I-2,f-lig-I-3,f-lig-T-0,f-lig-T-1,f-lig-T-2,f-lig-T-3,f-lig-S-0,f-lig-S-1,f-lig-S-2,f-lig-S-3,name
230.48789999999994,437.99839999999995,686.7787999999999,845.9919999999998,1107.0,2108.0,3176.0,3496.0,30.0,62.0,96.0,124.0,158.0,390.0,560.0,644.0,14.540600000000001,32.481800000000014,48.49200000000001,57.96280000000001,DALTAO_clean_primitive
230.48789999999994,437.99839999999995,686.7787999999999,845.9919999999998,1107.0,2108.0,3176.0,3496.0,30.0,62.0,96.0,124.0,158.0,390.0,560.0,644.0,14.5406,32.481800000000014,48.49200000000001,57.96280000000001,DALTAO_clean_primitive
230.48789999999997,437.99839999999995,686.7787999999998,845.9919999999998,1107.0,2108.0,3176.0,3496.0,30.0,62.0,96.0,124.0,158.0,390.0,560.0,644.0,14.540600000000001,32.48180000000001,48.49200000000001,57.96280000000002,DALTAO_clean_primitive
230.48789999999997,437.99839999999995,686.7787999999998,845.9919999999998,1107.0,2108.0,3176.0,3496.0,30.0,62.0,96.0,124.0,158.0,390.0,560.0,644.0,14.540600000000001,32.48180000000001,48.49200000000001,57.96280000000002,DALTAO_clean_primitive
230.48789999999994,437.9984,686.7787999999999,845.9919999999997,1107.0,2108.0,3176.0,3496.0,30.0,62.0,96.0,124.0,158.0,390.0,560.0,644.0,14.5406,32.4818,48.492000000000004,57.96280000000002,DALTAO_clean_primitive
230.48789999999994,437.9984,686.7787999999999,845.9919999999997,1107.0,2108.0,3176.0,3496.0,30.0,62.0,96.0,124.0,158.0,390.0,560.0,644.0,14.5406,32.4818,48.492000000000004,57.96280000000002,DALTAO_clean_primitive
230.4878999999999,437.9984,686.7788,845.9919999999998,1107.0,2108.0,3176.0,3496.0,30.0,62.0,96.0,124.0,158.0,390.0,560.0,644.0,14.540600000000001,32.48180000000001,48.492,57.96280000000002,DALTAO_clean_primitive
230.4878999999999,437.9984,686.7788,845.9919999999998,1107.0,2108.0,3176.0,3496.0,30.0,62.0,96.0,124.0,158.0,390.0,560.0,644.0,14.540600000000001,32.48180000000001,48.492,57.96280000000002,DALTAO_clean_primitive
