f-link-chi-0,f-link-chi-1,f-link-chi-2,f-link-chi-3,f-link-Z-0,f-link-Z-1,f-link-Z-2,f-link-Z-3,f-link-I-0,f-link-I-1,f-link-I-2,f-link-I-3,f-link-T-0,f-link-T-1,f-link-T-2,f-link-T-3,f-link-S-0,f-link-S-1,f-link-S-2,f-link-S-3,name
123.116,223.37999999999997,345.88839999999993,401.3469999999999,596.0,1080.0,1600.0,1588.0,16.0,32.0,48.0,58.0,80.0,192.0,256.0,250.0,7.847999999999999,16.847600000000007,24.215200000000003,26.412200000000002,VOPVUT
219.42860000000002,463.5670000000002,730.1624000000002,914.5174000000003,842.0,1828.0,2468.0,2416.0,34.0,70.0,112.0,142.0,182.0,448.0,596.0,602.0,13.533000000000005,32.47980000000001,46.660800000000016,51.3774,VOPVUT
123.116,223.37999999999997,345.88839999999993,401.347,596.0,1080.0,1600.0,1588.0,16.0,32.0,48.0,58.0,80.0,192.0,256.0,250.0,7.848,16.847600000000003,24.2152,26.4122,VOPVUT
123.116,223.38,345.8884,401.34700000000004,596.0,1080.0,1600.0,1588.0,16.0,32.0,48.0,58.0,80.0,192.0,256.0,250.0,7.848,16.847600000000003,24.215200000000003,26.412200000000002,VOPVUT
123.116,223.38,345.88839999999993,401.347,596.0,1080.0,1600.0,1588.0,16.0,32.0,48.0,58.0,80.0,192.0,256.0,250.0,7.848,16.847600000000003,24.2152,26.412200000000006,VOPVUT
219.42860000000002,463.5670000000002,730.1624000000002,914.5174000000003,842.0,1828.0,2468.0,2416.0,34.0,70.0,112.0,142.0,182.0,448.0,596.0,602.0,13.533000000000007,32.47980000000001,46.66079999999999,51.3774,VOPVUT
