f-chi-0-all,f-chi-1-all,f-chi-2-all,f-chi-3-all,f-Z-0-all,f-Z-1-all,f-Z-2-all,f-Z-3-all,f-I-0-all,f-I-1-all,f-I-2-all,f-I-3-all,f-T-0-all,f-T-1-all,f-T-2-all,f-T-3-all,f-S-0-all,f-S-1-all,f-S-2-all,f-S-3-all,mc-chi-0-all,mc-chi-1-all,mc-chi-2-all,mc-chi-3-all,mc-Z-0-all,mc-Z-1-all,mc-Z-2-all,mc-Z-3-all,mc-I-0-all,mc-I-1-all,mc-I-2-all,mc-I-3-all,mc-T-0-all,mc-T-1-all,mc-T-2-all,mc-T-3-all,mc-S-0-all,mc-S-1-all,mc-S-2-all,mc-S-3-all,D_mc-chi-0-all,D_mc-chi-1-all,D_mc-chi-2-all,D_mc-chi-3-all,D_mc-Z-0-all,D_mc-Z-1-all,D_mc-Z-2-all,D_mc-Z-3-all,D_mc-I-0-all,D_mc-I-1-all,D_mc-I-2-all,D_mc-I-3-all,D_mc-T-0-all,D_mc-T-1-all,D_mc-T-2-all,D_mc-T-3-all,D_mc-S-0-all,D_mc-S-1-all,D_mc-S-2-all,D_mc-S-3-all,name
481.0883999999998,952.7424000000001,2763.9312000000014,3537.696000000001,16764.0,30624.0,57156.0,58368.0,54.0,132.0,288.0,456.0,420.0,1236.0,2220.0,2856.0,36.02160000000001,104.85719999999993,198.0011999999999,278.2175999999998,3.1683999999999997,36.73919999999999,32.324799999999996,79.388,2401.0,2352.0,6076.0,5096.0,1.0,6.0,8.0,14.0,36.0,84.0,156.0,204.0,2.0164000000000004,6.2196,9.4572,14.739599999999998,0.0,-9.959999999999997,-3.9199999999999995,-19.680000000000003,0.0,246.0,268.0,582.0,0.0,0.0,0.0,0.0,0.0,22.0,22.0,50.0,0.0,4.14,4.7,9.499999999999998,ANAWOD_clean_primitive
481.08839999999975,952.7424000000001,2763.9312000000004,3537.696,16764.0,30624.0,57156.0,58368.0,54.0,132.0,288.0,456.0,420.0,1236.0,2220.0,2856.0,36.021600000000035,104.85719999999995,198.0011999999999,278.21759999999983,3.1683999999999997,36.73919999999999,32.324799999999996,79.388,2401.0,2352.0,6076.0,5096.0,1.0,6.0,8.0,14.0,36.0,84.0,156.0,204.0,2.0164000000000004,6.2196,9.4572,14.739599999999998,0.0,-9.959999999999997,-3.9199999999999995,-19.680000000000003,0.0,246.0,268.0,582.0,0.0,0.0,0.0,0.0,0.0,22.0,22.0,50.0,0.0,4.14,4.7,9.499999999999998,ANAWOD_clean_primitive
