f-lig-chi-0,f-lig-chi-1,f-lig-chi-2,f-lig-chi-3,f-lig-Z-0,f-lig-Z-1,f-lig-Z-2,f-lig-Z-3,f-lig-I-0,f-lig-I-1,f-lig-I-2,f-lig-I-3,f-lig-T-0,f-lig-T-1,f-lig-T-2,f-lig-T-3,f-lig-S-0,f-lig-S-1,f-lig-S-2,f-lig-S-3,name
272.4385,523.504,831.0579999999998,976.238,1261.0,2416.0,3598.0,3788.0,36.0,74.0,114.0,140.0,188.0,454.0,624.0,696.0,16.640400000000003,37.56180000000001,54.74900000000002,63.02280000000004,UJAQAY_clean_primitive
272.4385,523.504,831.0579999999999,976.2380000000003,1261.0,2416.0,3598.0,3788.0,36.0,74.0,114.0,140.0,188.0,454.0,624.0,696.0,16.6404,37.56180000000001,54.74900000000002,63.02280000000003,UJAQAY_clean_primitive
272.4385,523.504,831.0579999999999,976.2380000000003,1261.0,2416.0,3598.0,3788.0,36.0,74.0,114.0,140.0,188.0,454.0,624.0,696.0,16.6404,37.56180000000001,54.74900000000002,63.022800000000025,UJAQAY_clean_primitive
272.4385,523.504,831.058,976.2380000000003,1261.0,2416.0,3598.0,3788.0,36.0,74.0,114.0,140.0,188.0,454.0,624.0,696.0,16.6404,37.56180000000001,54.74900000000003,63.022800000000025,UJAQAY_clean_primitive
