f-chi-0-all,f-chi-1-all,f-chi-2-all,f-chi-3-all,f-Z-0-all,f-Z-1-all,f-Z-2-all,f-Z-3-all,f-I-0-all,f-I-1-all,f-I-2-all,f-I-3-all,f-T-0-all,f-T-1-all,f-T-2-all,f-T-3-all,f-S-0-all,f-S-1-all,f-S-2-all,f-S-3-all,mc-chi-0-all,mc-chi-1-all,mc-chi-2-all,mc-chi-3-all,mc-Z-0-all,mc-Z-1-all,mc-Z-2-all,mc-Z-3-all,mc-I-0-all,mc-I-1-all,mc-I-2-all,mc-I-3-all,mc-T-0-all,mc-T-1-all,mc-T-2-all,mc-T-3-all,mc-S-0-all,mc-S-1-all,mc-S-2-all,mc-S-3-all,D_mc-chi-0-all,D_mc-chi-1-all,D_mc-chi-2-all,D_mc-chi-3-all,D_mc-Z-0-all,D_mc-Z-1-all,D_mc-Z-2-all,D_mc-Z-3-all,D_mc-I-0-all,D_mc-I-1-all,D_mc-I-2-all,D_mc-I-3-all,D_mc-T-0-all,D_mc-T-1-all,D_mc-T-2-all,D_mc-T-3-all,D_mc-S-0-all,D_mc-S-1-all,D_mc-S-2-all,D_mc-S-3-all,name
346.9533999999998,744.1350000000003,4328.491799999999,5092.835399999997,26164.0,99576.0,93456.0,46584.0,40.0,132.0,492.0,576.0,852.0,4524.0,7050.0,4098.0,29.984800000000032,142.52279999999993,356.66160000000013,350.61120000000017,1.6900000000000002,53.573,74.55499999999999,36.465,8100.0,24300.0,12060.0,5940.0,1.0,14.0,19.0,11.0,196.0,882.0,770.0,462.0,3.0625,21.664999999999996,24.9025,14.822500000000003,0.0,-23.01,-32.65,-13.749999999999998,0.0,990.0,1576.0,924.0,0.0,0.0,0.0,0.0,0.0,133.0,211.0,121.0,0.0,12.119999999999997,19.02,10.780000000000003,GAGSUF_clean_primitive
346.9533999999998,744.1350000000002,4328.491799999999,5092.835399999997,26164.0,99576.0,93456.0,46584.0,40.0,132.0,492.0,576.0,852.0,4524.0,7050.0,4098.0,29.984800000000032,142.52279999999993,356.6616000000002,350.6112000000001,1.6900000000000002,53.573,74.55499999999999,36.465,8100.0,24300.0,12060.0,5940.0,1.0,14.0,19.0,11.0,196.0,882.0,770.0,462.0,3.0625,21.664999999999996,24.9025,14.822500000000003,0.0,-23.01,-32.65,-13.749999999999998,0.0,990.0,1576.0,924.0,0.0,0.0,0.0,0.0,0.0,133.0,211.0,121.0,0.0,12.119999999999997,19.02,10.780000000000003,GAGSUF_clean_primitive
