f-chi-0-all,f-chi-1-all,f-chi-2-all,f-chi-3-all,f-Z-0-all,f-Z-1-all,f-Z-2-all,f-Z-3-all,f-I-0-all,f-I-1-all,f-I-2-all,f-I-3-all,f-T-0-all,f-T-1-all,f-T-2-all,f-T-3-all,f-S-0-all,f-S-1-all,f-S-2-all,f-S-3-all,mc-chi-0-all,mc-chi-1-all,mc-chi-2-all,mc-chi-3-all,mc-Z-0-all,mc-Z-1-all,mc-Z-2-all,mc-Z-3-all,mc-I-0-all,mc-I-1-all,mc-I-2-all,mc-I-3-all,mc-T-0-all,mc-T-1-all,mc-T-2-all,mc-T-3-all,mc-S-0-all,mc-S-1-all,mc-S-2-all,mc-S-3-all,D_mc-chi-0-all,D_mc-chi-1-all,D_mc-chi-2-all,D_mc-chi-3-all,D_mc-Z-0-all,D_mc-Z-1-all,D_mc-Z-2-all,D_mc-Z-3-all,D_mc-I-0-all,D_mc-I-1-all,D_mc-I-2-all,D_mc-I-3-all,D_mc-T-0-all,D_mc-T-1-all,D_mc-T-2-all,D_mc-T-3-all,D_mc-S-0-all,D_mc-S-1-all,D_mc-S-2-all,D_mc-S-3-all,name
92.71129999999998,170.96960000000004,241.66320000000005,372.0959999999999,2693.0,3304.0,5388.0,2016.0,13.0,24.0,36.0,48.0,60.0,144.0,180.0,144.0,8.6316,16.92,27.26279999999999,27.720000000000006,3.7249,23.468799999999998,39.37199999999999,73.34,2209.0,1316.0,2256.0,2632.0,1.0,4.0,8.0,16.0,16.0,48.0,96.0,128.0,1.6384,3.84,7.884799999999999,11.673599999999999,0.0,-4.44,-4.96,-7.120000000000004,0.0,160.0,328.0,696.0,0.0,0.0,0.0,0.0,0.0,4.0,8.0,32.0,0.0,2.12,4.079999999999999,11.36,KOXGIP_clean_primitive
92.71129999999998,170.96960000000004,241.66320000000002,372.0959999999999,2693.0,3304.0,5388.0,2016.0,13.0,24.0,36.0,48.0,60.0,144.0,180.0,144.0,8.6316,16.92,27.26279999999999,27.720000000000006,3.7249,23.468799999999998,39.37199999999999,73.34,2209.0,1316.0,2256.0,2632.0,1.0,4.0,8.0,16.0,16.0,48.0,96.0,128.0,1.6384,3.84,7.884799999999999,11.673599999999999,0.0,-4.44,-4.96,-7.120000000000004,0.0,160.0,328.0,696.0,0.0,0.0,0.0,0.0,0.0,4.0,8.0,32.0,0.0,2.12,4.079999999999999,11.36,KOXGIP_clean_primitive
