f-link-chi-0,f-link-chi-1,f-link-chi-2,f-link-chi-3,f-link-Z-0,f-link-Z-1,f-link-Z-2,f-link-Z-3,f-link-I-0,f-link-I-1,f-link-I-2,f-link-I-3,f-link-T-0,f-link-T-1,f-link-T-2,f-link-T-3,f-link-S-0,f-link-S-1,f-link-S-2,f-link-S-3,name
164.37939999999998,473.33099999999985,689.7303999999999,743.7329999999997,904.0,2616.0,3808.0,4104.0,22.0,70.0,100.0,106.0,258.0,962.0,1278.0,1158.0,12.803800000000003,41.25660000000001,58.80360000000001,62.10820000000001,PETWUI
164.37939999999998,473.33099999999985,689.7303999999999,743.7329999999997,904.0,2616.0,3808.0,4104.0,22.0,70.0,100.0,106.0,258.0,962.0,1278.0,1158.0,12.803800000000003,41.25660000000001,58.80360000000001,62.10820000000001,PETWUI
164.37939999999998,473.33099999999985,689.7303999999999,743.7329999999997,904.0,2616.0,3808.0,4104.0,22.0,70.0,100.0,106.0,258.0,962.0,1278.0,1158.0,12.803800000000003,41.25660000000001,58.80360000000001,62.10820000000001,PETWUI
164.37939999999995,473.33099999999985,663.7203999999999,756.7379999999999,904.0,2616.0,3664.0,4176.0,22.0,70.0,96.0,108.0,258.0,964.0,1214.0,1170.0,12.803800000000003,41.25660000000001,56.432000000000016,63.29400000000002,PETWUI
164.37939999999995,473.33099999999985,663.7203999999999,756.7379999999999,904.0,2616.0,3664.0,4176.0,22.0,70.0,96.0,108.0,258.0,964.0,1214.0,1170.0,12.803800000000003,41.25660000000001,56.432000000000016,63.29400000000002,PETWUI
164.37939999999995,473.33099999999985,663.7203999999999,756.7379999999999,904.0,2616.0,3664.0,4176.0,22.0,70.0,96.0,108.0,258.0,964.0,1214.0,1170.0,12.803800000000003,41.25660000000001,56.432000000000016,63.29400000000002,PETWUI
