f-lig-chi-0,f-lig-chi-1,f-lig-chi-2,f-lig-chi-3,f-lig-Z-0,f-lig-Z-1,f-lig-Z-2,f-lig-Z-3,f-lig-I-0,f-lig-I-1,f-lig-I-2,f-lig-I-3,f-lig-T-0,f-lig-T-1,f-lig-T-2,f-lig-T-3,f-lig-S-0,f-lig-S-1,f-lig-S-2,f-lig-S-3,name
219.42860000000002,463.56700000000006,733.7884,889.0948000000002,842.0,1828.0,2452.0,2518.0,34.0,70.0,112.0,140.0,182.0,446.0,600.0,620.0,13.533,32.47980000000001,46.66320000000001,51.48120000000001,CIYZUG_clean_primitive
219.42860000000002,463.56700000000006,733.7884,889.0948000000002,842.0,1828.0,2452.0,2518.0,34.0,70.0,112.0,140.0,182.0,446.0,600.0,620.0,13.533,32.47980000000001,46.66320000000001,51.481200000000015,CIYZUG_clean_primitive
219.42860000000002,463.56700000000006,733.7883999999999,889.0948000000001,842.0,1828.0,2452.0,2518.0,34.0,70.0,112.0,140.0,182.0,446.0,600.0,620.0,13.533,32.479800000000004,46.66320000000002,51.481200000000015,CIYZUG_clean_primitive
219.42860000000002,463.56700000000006,733.7883999999999,889.0948000000001,842.0,1828.0,2452.0,2518.0,34.0,70.0,112.0,140.0,182.0,446.0,600.0,620.0,13.533,32.479800000000004,46.66320000000002,51.481200000000015,CIYZUG_clean_primitive
