f-chi-0-all,f-chi-1-all,f-chi-2-all,f-chi-3-all,f-Z-0-all,f-Z-1-all,f-Z-2-all,f-Z-3-all,f-I-0-all,f-I-1-all,f-I-2-all,f-I-3-all,f-T-0-all,f-T-1-all,f-T-2-all,f-T-3-all,f-S-0-all,f-S-1-all,f-S-2-all,f-S-3-all,mc-chi-0-all,mc-chi-1-all,mc-chi-2-all,mc-chi-3-all,mc-Z-0-all,mc-Z-1-all,mc-Z-2-all,mc-Z-3-all,mc-I-0-all,mc-I-1-all,mc-I-2-all,mc-I-3-all,mc-T-0-all,mc-T-1-all,mc-T-2-all,mc-T-3-all,mc-S-0-all,mc-S-1-all,mc-S-2-all,mc-S-3-all,D_mc-chi-0-all,D_mc-chi-1-all,D_mc-chi-2-all,D_mc-chi-3-all,D_mc-Z-0-all,D_mc-Z-1-all,D_mc-Z-2-all,D_mc-Z-3-all,D_mc-I-0-all,D_mc-I-1-all,D_mc-I-2-all,D_mc-I-3-all,D_mc-T-0-all,D_mc-T-1-all,D_mc-T-2-all,D_mc-T-3-all,D_mc-S-0-all,D_mc-S-1-all,D_mc-S-2-all,D_mc-S-3-all,name
101.358,181.488,312.42640000000006,492.864,2550.0,4326.0,5620.0,5376.0,14.0,26.0,44.0,64.0,70.0,178.0,220.0,160.0,10.197200000000002,20.666400000000007,35.3348,41.76480000000001,3.61,28.727999999999998,38.76,72.19999999999999,841.0,1827.0,1392.0,1624.0,1.0,5.0,8.0,16.0,25.0,65.0,120.0,160.0,1.9043999999999996,5.7132,8.5008,12.5856,0.0,-5.620000000000001,-5.199999999999999,-7.600000000000005,0.0,82.0,184.0,408.0,0.0,0.0,0.0,0.0,0.0,12.0,16.0,48.0,0.0,2.76,4.879999999999999,12.959999999999996,CIYZUG_clean_primitive
101.358,181.488,312.42640000000006,492.864,2550.0,4326.0,5620.0,5376.0,14.0,26.0,44.0,64.0,70.0,178.0,220.0,160.0,10.197200000000002,20.666400000000007,35.3348,41.76480000000001,3.61,28.727999999999998,38.76,72.19999999999999,841.0,1827.0,1392.0,1624.0,1.0,5.0,8.0,16.0,25.0,65.0,120.0,160.0,1.9043999999999996,5.7132,8.5008,12.5856,0.0,-5.620000000000001,-5.199999999999999,-7.600000000000005,0.0,82.0,184.0,408.0,0.0,0.0,0.0,0.0,0.0,12.0,16.0,48.0,0.0,2.76,4.879999999999999,12.959999999999996,CIYZUG_clean_primitive
