f-lig-chi-0,f-lig-chi-1,f-lig-chi-2,f-lig-chi-3,f-lig-Z-0,f-lig-Z-1,f-lig-Z-2,f-lig-Z-3,f-lig-I-0,f-lig-I-1,f-lig-I-2,f-lig-I-3,f-lig-T-0,f-lig-T-1,f-lig-T-2,f-lig-T-3,f-lig-S-0,f-lig-S-1,f-lig-S-2,f-lig-S-3,name
339.4943999999998,719.9160000000004,1173.6604,1517.8519999999999,1482.0,3336.0,5188.0,6144.0,55.0,116.0,192.0,256.0,308.0,780.0,1168.0,1456.0,23.09020000000001,57.38040000000002,89.27520000000003,114.14720000000003,XOQXOR_SL_primitive
339.4943999999998,719.9160000000004,1173.6604000000002,1517.8519999999999,1482.0,3336.0,5188.0,6144.0,55.0,116.0,192.0,256.0,308.0,780.0,1168.0,1456.0,23.09020000000001,57.38040000000002,89.27520000000003,114.14720000000003,XOQXOR_SL_primitive
339.49439999999976,719.9160000000005,1173.6604000000002,1517.852,1482.0,3336.0,5188.0,6144.0,55.0,116.0,192.0,256.0,308.0,780.0,1168.0,1456.0,23.090200000000017,57.38040000000003,89.2752,114.14720000000005,XOQXOR_SL_primitive
339.49439999999976,719.9160000000004,1173.6604000000002,1517.852,1482.0,3336.0,5188.0,6144.0,55.0,116.0,192.0,256.0,308.0,780.0,1168.0,1456.0,23.090200000000017,57.38040000000003,89.27520000000001,114.14720000000005,XOQXOR_SL_primitive
339.49439999999976,719.9160000000004,1173.6604000000002,1517.852,1482.0,3336.0,5188.0,6144.0,55.0,116.0,192.0,256.0,308.0,780.0,1168.0,1456.0,23.090200000000017,57.38040000000003,89.27520000000001,114.14720000000007,XOQXOR_SL_primitive
339.49439999999976,719.9160000000004,1173.6604000000002,1517.852,1482.0,3336.0,5188.0,6144.0,55.0,116.0,192.0,256.0,308.0,780.0,1168.0,1456.0,23.090200000000017,57.38040000000003,89.27520000000001,114.14720000000007,XOQXOR_SL_primitive
