f-chi-0-all,f-chi-1-all,f-chi-2-all,f-chi-3-all,f-Z-0-all,f-Z-1-all,f-Z-2-all,f-Z-3-all,f-I-0-all,f-I-1-all,f-I-2-all,f-I-3-all,f-T-0-all,f-T-1-all,f-T-2-all,f-T-3-all,f-S-0-all,f-S-1-all,f-S-2-all,f-S-3-all,mc-chi-0-all,mc-chi-1-all,mc-chi-2-all,mc-chi-3-all,mc-Z-0-all,mc-Z-1-all,mc-Z-2-all,mc-Z-3-all,mc-I-0-all,mc-I-1-all,mc-I-2-all,mc-I-3-all,mc-T-0-all,mc-T-1-all,mc-T-2-all,mc-T-3-all,mc-S-0-all,mc-S-1-all,mc-S-2-all,mc-S-3-all,D_mc-chi-0-all,D_mc-chi-1-all,D_mc-chi-2-all,D_mc-chi-3-all,D_mc-Z-0-all,D_mc-Z-1-all,D_mc-Z-2-all,D_mc-Z-3-all,D_mc-I-0-all,D_mc-I-1-all,D_mc-I-2-all,D_mc-I-3-all,D_mc-T-0-all,D_mc-T-1-all,D_mc-T-2-all,D_mc-T-3-all,D_mc-S-0-all,D_mc-S-1-all,D_mc-S-2-all,D_mc-S-3-all,name
225.25539999999995,422.43199999999996,850.9259999999999,1085.664,4714.0,8864.0,12000.0,15168.0,26.0,60.0,96.0,144.0,156.0,396.0,576.0,768.0,18.156200000000002,45.1724,66.92479999999999,92.856,2.7224999999999997,22.704,18.974999999999998,46.67849999999999,900.0,960.0,1470.0,1980.0,1.0,4.0,5.0,9.0,16.0,36.0,56.0,84.0,1.7161000000000004,3.8251999999999997,5.2269000000000005,8.7639,0.0,-7.159999999999998,-3.25,-13.439999999999998,0.0,88.0,101.0,204.0,0.0,0.0,0.0,0.0,0.0,7.0,6.0,15.0,0.0,2.3200000000000003,2.56,5.1000000000000005,XOQXOR_SL_primitive
225.25539999999995,422.43199999999996,850.9259999999999,1085.664,4714.0,8864.0,12000.0,15168.0,26.0,60.0,96.0,144.0,156.0,396.0,576.0,768.0,18.156200000000002,45.1724,66.92479999999999,92.856,2.7224999999999997,22.704,18.974999999999998,46.67849999999999,900.0,960.0,1470.0,1980.0,1.0,4.0,5.0,9.0,16.0,36.0,56.0,84.0,1.7161000000000004,3.8251999999999997,5.2269000000000005,8.7639,0.0,-7.159999999999998,-3.25,-13.439999999999998,0.0,88.0,101.0,204.0,0.0,0.0,0.0,0.0,0.0,7.0,6.0,15.0,0.0,2.3200000000000003,2.56,5.1000000000000005,XOQXOR_SL_primitive
