f-lig-chi-0,f-lig-chi-1,f-lig-chi-2,f-lig-chi-3,f-lig-Z-0,f-lig-Z-1,f-lig-Z-2,f-lig-Z-3,f-lig-I-0,f-lig-I-1,f-lig-I-2,f-lig-I-3,f-lig-T-0,f-lig-T-1,f-lig-T-2,f-lig-T-3,f-lig-S-0,f-lig-S-1,f-lig-S-2,f-lig-S-3,name
102.4821,221.1486,308.6118,265.95579999999995,477.0,1050.0,1356.0,1024.0,14.0,30.0,42.0,38.0,72.0,168.0,214.0,170.0,6.750200000000001,15.5718,20.686600000000002,16.6142,DUQSEO_clean_primitive
102.48210000000002,221.14860000000004,308.6118000000001,265.95580000000007,477.0,1050.0,1356.0,1024.0,14.0,30.0,42.0,38.0,72.0,168.0,214.0,170.0,6.7502,15.5718,20.686600000000006,16.614200000000004,DUQSEO_clean_primitive
73.6386,134.55059999999997,176.2208,114.66879999999999,396.0,726.0,950.0,616.0,8.0,16.0,20.0,12.0,36.0,78.0,86.0,40.0,4.5016,9.119200000000001,11.3092,6.6899999999999995,DUQSEO_clean_primitive
73.6386,134.55059999999997,176.22079999999997,114.66879999999999,396.0,726.0,950.0,616.0,8.0,16.0,20.0,12.0,36.0,78.0,86.0,40.0,4.5016,9.119200000000001,11.3092,6.6899999999999995,DUQSEO_clean_primitive
