f-sbu-chi-0,f-sbu-chi-1,f-sbu-chi-2,f-sbu-chi-3,f-sbu-Z-0,f-sbu-Z-1,f-sbu-Z-2,f-sbu-Z-3,f-sbu-I-0,f-sbu-I-1,f-sbu-I-2,f-sbu-I-3,f-sbu-T-0,f-sbu-T-1,f-sbu-T-2,f-sbu-T-3,f-sbu-S-0,f-sbu-S-1,f-sbu-S-2,f-sbu-S-3,mc-chi-0,mc-chi-1,mc-chi-2,mc-chi-3,mc-Z-0,mc-Z-1,mc-Z-2,mc-Z-3,mc-I-0,mc-I-1,mc-I-2,mc-I-3,mc-T-0,mc-T-1,mc-T-2,mc-T-3,mc-S-0,mc-S-1,mc-S-2,mc-S-3,D_mc-chi-0,D_mc-chi-1,D_mc-chi-2,D_mc-chi-3,D_mc-Z-0,D_mc-Z-1,D_mc-Z-2,D_mc-Z-3,D_mc-I-0,D_mc-I-1,D_mc-I-2,D_mc-I-3,D_mc-T-0,D_mc-T-1,D_mc-T-2,D_mc-T-3,D_mc-S-0,D_mc-S-1,D_mc-S-2,D_mc-S-3,name
341.2580999999998,627.0803999999997,1567.8576,1871.5235999999995,1956.0,5304.0,9712.0,11224.0,43.0,96.0,182.0,248.0,286.0,784.0,1214.0,1472.0,22.960300000000007,63.547999999999995,107.41260000000004,140.38320000000004,1.7161000000000002,27.0384,21.719800000000003,48.63593333333333,144.0,576.0,544.0,1040.0,1.0,6.0,7.333333333333333,12.0,36.0,84.0,140.0,208.0,1.9320999999999995,6.088199999999998,8.256599999999999,12.435866666666664,0.0,-12.779999999999996,-6.973333333333334,-21.406666666666663,0.0,24.0,42.666666666666664,57.333333333333336,0.0,0.0,0.0,0.0,0.0,22.0,20.666666666666668,37.333333333333336,0.0,3.9599999999999995,4.253333333333333,7.733333333333333,NAGQOC02
