f-chi-0-all,f-chi-1-all,f-chi-2-all,f-chi-3-all,f-Z-0-all,f-Z-1-all,f-Z-2-all,f-Z-3-all,f-I-0-all,f-I-1-all,f-I-2-all,f-I-3-all,f-T-0-all,f-T-1-all,f-T-2-all,f-T-3-all,f-S-0-all,f-S-1-all,f-S-2-all,f-S-3-all,mc-chi-0-all,mc-chi-1-all,mc-chi-2-all,mc-chi-3-all,mc-Z-0-all,mc-Z-1-all,mc-Z-2-all,mc-Z-3-all,mc-I-0-all,mc-I-1-all,mc-I-2-all,mc-I-3-all,mc-T-0-all,mc-T-1-all,mc-T-2-all,mc-T-3-all,mc-S-0-all,mc-S-1-all,mc-S-2-all,mc-S-3-all,D_mc-chi-0-all,D_mc-chi-1-all,D_mc-chi-2-all,D_mc-chi-3-all,D_mc-Z-0-all,D_mc-Z-1-all,D_mc-Z-2-all,D_mc-Z-3-all,D_mc-I-0-all,D_mc-I-1-all,D_mc-I-2-all,D_mc-I-3-all,D_mc-T-0-all,D_mc-T-1-all,D_mc-T-2-all,D_mc-T-3-all,D_mc-S-0-all,D_mc-S-1-all,D_mc-S-2-all,D_mc-S-3-all,name
280.2159,565.7744,1462.0928000000001,2277.7919999999986,3765.0,9584.0,17594.0,21492.0,33.0,76.0,164.0,288.0,240.0,728.0,1322.0,1632.0,20.3961,53.4448,106.32319999999999,164.38560000000007,3.6481,38.65839999999999,44.9232,101.80299999999998,784.0,1316.0,2632.0,3248.0,1.0,6.0,10.0,18.0,36.0,96.0,192.0,252.0,1.4641,5.324000000000001,9.4138,15.366999999999999,0.0,-8.780000000000001,-4.419999999999999,-18.92,0.0,121.0,186.0,388.0,0.0,0.0,0.0,0.0,0.0,20.0,28.0,66.0,0.0,2.86,4.319999999999999,9.079999999999998,BEPREV01_clean_primitive
280.2159,565.7743999999999,1462.0928,2277.7919999999995,3765.0,9584.0,17594.0,21492.0,33.0,76.0,164.0,288.0,240.0,728.0,1322.0,1632.0,20.3961,53.4448,106.32319999999997,164.38560000000007,3.6481,38.65839999999999,44.9232,101.80299999999998,784.0,1316.0,2632.0,3248.0,1.0,6.0,10.0,18.0,36.0,96.0,192.0,252.0,1.4641,5.324000000000001,9.4138,15.366999999999999,0.0,-8.780000000000001,-4.419999999999999,-18.92,0.0,121.0,186.0,388.0,0.0,0.0,0.0,0.0,0.0,20.0,28.0,66.0,0.0,2.86,4.319999999999999,9.079999999999998,BEPREV01_clean_primitive
