f-link-chi-0,f-link-chi-1,f-link-chi-2,f-link-chi-3,f-link-Z-0,f-link-Z-1,f-link-Z-2,f-link-Z-3,f-link-I-0,f-link-I-1,f-link-I-2,f-link-I-3,f-link-T-0,f-link-T-1,f-link-T-2,f-link-T-3,f-link-S-0,f-link-S-1,f-link-S-2,f-link-S-3,name
197.62040000000002,406.6740000000002,694.7152000000002,861.6204,674.0,1440.0,1966.0,2004.0,32.0,64.0,112.0,142.0,176.0,436.0,588.0,628.0,11.496000000000006,27.84320000000001,41.38960000000001,47.4454,APUVIS
197.62040000000002,406.67400000000015,694.7151999999999,861.6204000000002,674.0,1440.0,1966.0,2004.0,32.0,64.0,112.0,142.0,176.0,436.0,588.0,628.0,11.496000000000004,27.84320000000001,41.38960000000001,47.4454,APUVIS
197.62040000000005,406.67400000000015,694.7152,861.6204000000004,674.0,1440.0,1966.0,2004.0,32.0,64.0,112.0,142.0,176.0,436.0,588.0,628.0,11.496000000000004,27.843200000000007,41.389600000000016,47.44540000000001,APUVIS
197.62040000000005,406.67400000000015,694.7152,861.6204000000005,674.0,1440.0,1966.0,2004.0,32.0,64.0,112.0,142.0,176.0,436.0,588.0,628.0,11.496000000000004,27.84320000000001,41.38960000000001,47.44540000000001,APUVIS
197.62040000000002,406.67400000000015,694.7152000000001,861.6204000000001,674.0,1440.0,1966.0,2004.0,32.0,64.0,112.0,142.0,176.0,436.0,588.0,628.0,11.496000000000002,27.84320000000001,41.389600000000016,47.44540000000001,APUVIS
197.62040000000002,406.6740000000002,694.7152,861.6204000000004,674.0,1440.0,1966.0,2004.0,32.0,64.0,112.0,142.0,176.0,436.0,588.0,628.0,11.496000000000004,27.84320000000001,41.3896,47.44540000000001,APUVIS
