f-sbu-chi-0,f-sbu-chi-1,f-sbu-chi-2,f-sbu-chi-3,f-sbu-Z-0,f-sbu-Z-1,f-sbu-Z-2,f-sbu-Z-3,f-sbu-I-0,f-sbu-I-1,f-sbu-I-2,f-sbu-I-3,f-sbu-T-0,f-sbu-T-1,f-sbu-T-2,f-sbu-T-3,f-sbu-S-0,f-sbu-S-1,f-sbu-S-2,f-sbu-S-3,mc-chi-0,mc-chi-1,mc-chi-2,mc-chi-3,mc-Z-0,mc-Z-1,mc-Z-2,mc-Z-3,mc-I-0,mc-I-1,mc-I-2,mc-I-3,mc-T-0,mc-T-1,mc-T-2,mc-T-3,mc-S-0,mc-S-1,mc-S-2,mc-S-3,D_mc-chi-0,D_mc-chi-1,D_mc-chi-2,D_mc-chi-3,D_mc-Z-0,D_mc-Z-1,D_mc-Z-2,D_mc-Z-3,D_mc-I-0,D_mc-I-1,D_mc-I-2,D_mc-I-3,D_mc-T-0,D_mc-T-1,D_mc-T-2,D_mc-T-3,D_mc-S-0,D_mc-S-1,D_mc-S-2,D_mc-S-3,name
272.96099999999996,528.063,1148.9808,1469.7936,7596.0,13542.0,16698.0,16812.0,36.0,78.0,150.0,192.0,228.0,600.0,870.0,828.0,24.923700000000004,58.05360000000002,103.12140000000001,119.7258,2.7224999999999997,26.268,28.874999999999996,50.539500000000004,900.0,1950.0,1110.0,1530.0,1.0,5.0,7.0,12.0,25.0,60.0,105.0,130.0,1.7161000000000002,5.371000000000001,6.536900000000002,9.379599999999998,0.0,-7.670000000000002,-5.950000000000002,-10.830000000000004,0.0,85.0,173.0,309.0,0.0,0.0,0.0,0.0,0.0,13.0,14.0,34.0,0.0,2.4499999999999997,4.18,8.560000000000002,APUVIS
272.9609999999999,528.0629999999999,1148.9808,1469.7936,7596.0,13542.0,16698.0,16812.0,36.0,78.0,150.0,192.0,228.0,600.0,870.0,828.0,24.92370000000001,58.053600000000024,103.12140000000001,119.72579999999999,2.7224999999999997,26.268,28.874999999999996,50.539500000000004,900.0,1950.0,1110.0,1530.0,1.0,5.0,7.0,12.0,25.0,60.0,105.0,130.0,1.7161000000000002,5.371000000000001,6.536900000000002,9.379599999999998,0.0,-7.670000000000002,-5.950000000000002,-10.830000000000004,0.0,85.0,173.0,309.0,0.0,0.0,0.0,0.0,0.0,13.0,14.0,34.0,0.0,2.4499999999999997,4.18,8.560000000000002,APUVIS
