f-lig-chi-0,f-lig-chi-1,f-lig-chi-2,f-lig-chi-3,f-lig-Z-0,f-lig-Z-1,f-lig-Z-2,f-lig-Z-3,f-lig-I-0,f-lig-I-1,f-lig-I-2,f-lig-I-3,f-lig-T-0,f-lig-T-1,f-lig-T-2,f-lig-T-3,f-lig-S-0,f-lig-S-1,f-lig-S-2,f-lig-S-3,name
172.01590000000002,300.4344,537.1589999999999,623.4936,931.0,1800.0,2244.0,1968.0,23.0,44.0,76.0,84.0,120.0,280.0,318.0,304.0,10.098599999999998,22.406800000000004,32.1904,32.18719999999999,HEWFUL_ion_b_primitive
172.01590000000002,300.4344,537.1589999999999,623.4936,931.0,1800.0,2244.0,1968.0,23.0,44.0,76.0,84.0,120.0,280.0,318.0,304.0,10.098599999999998,22.406800000000008,32.1904,32.18719999999999,HEWFUL_ion_b_primitive
172.01590000000004,300.43440000000004,537.1589999999999,623.4936,931.0,1800.0,2244.0,1968.0,23.0,44.0,76.0,84.0,120.0,280.0,318.0,304.0,10.0986,22.406800000000008,32.1904,32.18719999999999,HEWFUL_ion_b_primitive
172.01590000000002,300.4344,537.1589999999999,623.4936,931.0,1800.0,2244.0,1968.0,23.0,44.0,76.0,84.0,120.0,280.0,318.0,304.0,10.098599999999998,22.406800000000008,32.1904,32.18719999999999,HEWFUL_ion_b_primitive
172.01590000000002,300.43440000000004,537.1589999999999,623.4936,931.0,1800.0,2244.0,1968.0,23.0,44.0,76.0,84.0,120.0,280.0,318.0,304.0,10.098599999999998,22.406800000000008,32.1904,32.18719999999999,HEWFUL_ion_b_primitive
172.01590000000002,300.4344,537.1589999999999,623.4936,931.0,1800.0,2244.0,1968.0,23.0,44.0,76.0,84.0,120.0,280.0,318.0,304.0,10.098599999999998,22.406800000000004,32.1904,32.18719999999999,HEWFUL_ion_b_primitive
