f-lig-chi-0,f-lig-chi-1,f-lig-chi-2,f-lig-chi-3,f-lig-Z-0,f-lig-Z-1,f-lig-Z-2,f-lig-Z-3,f-lig-I-0,f-lig-I-1,f-lig-I-2,f-lig-I-3,f-lig-T-0,f-lig-T-1,f-lig-T-2,f-lig-T-3,f-lig-S-0,f-lig-S-1,f-lig-S-2,f-lig-S-3,name
448.14420000000007,1030.4378000000002,1629.2316000000005,1861.236,1836.0,4448.0,6384.0,6288.0,70.0,154.0,244.0,296.0,398.0,1002.0,1484.0,1640.0,30.194200000000002,75.66340000000004,113.76040000000003,125.46159999999996,UCABAE_clean_primitive
448.14420000000007,1030.4378000000002,1629.2316000000005,1861.236,1836.0,4448.0,6384.0,6288.0,70.0,154.0,244.0,296.0,398.0,1002.0,1484.0,1640.0,30.194200000000002,75.66340000000004,113.76040000000003,125.46159999999996,UCABAE_clean_primitive
35.0097,46.30799999999999,53.9392,0.0,165.0,204.0,160.0,0.0,4.0,6.0,6.0,0.0,12.0,18.0,6.0,0.0,1.7955999999999999,2.8182,2.1462,0.0,UCABAE_clean_primitive
35.0097,46.30799999999999,53.9392,0.0,165.0,204.0,160.0,0.0,4.0,6.0,6.0,0.0,12.0,18.0,6.0,0.0,1.7955999999999999,2.8182,2.1462,0.0,UCABAE_clean_primitive
