f-chi-0-all,f-chi-1-all,f-chi-2-all,f-chi-3-all,f-Z-0-all,f-Z-1-all,f-Z-2-all,f-Z-3-all,f-I-0-all,f-I-1-all,f-I-2-all,f-I-3-all,f-T-0-all,f-T-1-all,f-T-2-all,f-T-3-all,f-S-0-all,f-S-1-all,f-S-2-all,f-S-3-all,mc-chi-0-all,mc-chi-1-all,mc-chi-2-all,mc-chi-3-all,mc-Z-0-all,mc-Z-1-all,mc-Z-2-all,mc-Z-3-all,mc-I-0-all,mc-I-1-all,mc-I-2-all,mc-I-3-all,mc-T-0-all,mc-T-1-all,mc-T-2-all,mc-T-3-all,mc-S-0-all,mc-S-1-all,mc-S-2-all,mc-S-3-all,D_mc-chi-0-all,D_mc-chi-1-all,D_mc-chi-2-all,D_mc-chi-3-all,D_mc-Z-0-all,D_mc-Z-1-all,D_mc-Z-2-all,D_mc-Z-3-all,D_mc-I-0-all,D_mc-I-1-all,D_mc-I-2-all,D_mc-I-3-all,D_mc-T-0-all,D_mc-T-1-all,D_mc-T-2-all,D_mc-T-3-all,D_mc-S-0-all,D_mc-S-1-all,D_mc-S-2-all,D_mc-S-3-all,name
128.5147,223.47520000000006,440.098,811.9199999999997,2988.0,5088.0,7660.0,4416.0,17.0,32.0,58.0,100.0,90.0,248.0,340.0,264.0,11.4352,24.690000000000005,44.111000000000004,57.19560000000002,2.8560999999999996,32.1776,43.095,89.90800000000002,2304.0,2112.0,2880.0,3936.0,1.0,6.0,10.0,20.0,36.0,96.0,180.0,204.0,2.1904,6.6008,11.395999999999999,16.516799999999993,0.0,-8.9,-8.599999999999996,-19.400000000000006,0.0,244.0,420.0,878.0,0.0,0.0,0.0,0.0,0.0,20.0,30.0,86.0,0.0,4.42,7.1,18.439999999999998,UCABAE_clean_primitive
128.5147,223.47520000000006,440.09800000000007,811.9199999999997,2988.0,5088.0,7660.0,4416.0,17.0,32.0,58.0,100.0,90.0,248.0,340.0,264.0,11.4352,24.690000000000005,44.111000000000004,57.19560000000002,2.8560999999999996,32.1776,43.095,89.90800000000002,2304.0,2112.0,2880.0,3936.0,1.0,6.0,10.0,20.0,36.0,96.0,180.0,204.0,2.1904,6.6008,11.395999999999999,16.516799999999993,0.0,-8.9,-8.599999999999996,-19.400000000000006,0.0,244.0,420.0,878.0,0.0,0.0,0.0,0.0,0.0,20.0,30.0,86.0,0.0,4.42,7.1,18.439999999999998,UCABAE_clean_primitive
