name,cif_file,Di,Df,Dif,rho,VSA,GSA,VPOV,GPOV,POAV_vol_frac,PONAV_vol_frac,GPOAV,GPONAV,POAV,PONAV
OYERUH_clean,OYERUH_clean.cif,7.57174,6.43933,7.564,1.08661,1544.47,1421.36,0.46359999999999996,0.4266480153873054,0.4145,0.0491,0.381461,0.0451863,3580.28,424.105
