f-lig-chi-0,f-lig-chi-1,f-lig-chi-2,f-lig-chi-3,f-lig-Z-0,f-lig-Z-1,f-lig-Z-2,f-lig-Z-3,f-lig-I-0,f-lig-I-1,f-lig-I-2,f-lig-I-3,f-lig-T-0,f-lig-T-1,f-lig-T-2,f-lig-T-3,f-lig-S-0,f-lig-S-1,f-lig-S-2,f-lig-S-3,name
174.21379999999996,307.9779999999999,473.19079999999985,565.8849999999999,875.0,1528.0,2348.0,2596.0,21.0,42.0,62.0,78.0,104.0,250.0,346.0,398.0,10.6029,22.5314,32.707,39.071000000000005,AGONAM_clean_primitive
174.21379999999996,307.9779999999999,473.19079999999985,565.8849999999999,875.0,1528.0,2348.0,2596.0,21.0,42.0,62.0,78.0,104.0,250.0,346.0,398.0,10.6029,22.5314,32.707,39.071000000000005,AGONAM_clean_primitive
174.2138,307.9779999999999,473.19079999999985,565.8849999999999,875.0,1528.0,2348.0,2596.0,21.0,42.0,62.0,78.0,104.0,250.0,346.0,398.0,10.6029,22.5314,32.707,39.071000000000005,AGONAM_clean_primitive
174.21379999999996,307.9779999999999,473.19079999999985,565.8849999999999,875.0,1528.0,2348.0,2596.0,21.0,42.0,62.0,78.0,104.0,250.0,346.0,398.0,10.6029,22.5314,32.707,39.071,AGONAM_clean_primitive
