f-lig-chi-0,f-lig-chi-1,f-lig-chi-2,f-lig-chi-3,f-lig-Z-0,f-lig-Z-1,f-lig-Z-2,f-lig-Z-3,f-lig-I-0,f-lig-I-1,f-lig-I-2,f-lig-I-3,f-lig-T-0,f-lig-T-1,f-lig-T-2,f-lig-T-3,f-lig-S-0,f-lig-S-1,f-lig-S-2,f-lig-S-3,name
122.2282,268.821,406.22,458.812,466.0,1080.0,1400.0,1288.0,20.0,42.0,64.0,76.0,106.0,258.0,352.0,360.0,8.1492,19.850600000000004,27.907200000000007,28.9716,BUSQEM_clean_primitive
122.2282,268.821,406.22,458.812,466.0,1080.0,1400.0,1288.0,20.0,42.0,64.0,76.0,106.0,258.0,352.0,360.0,8.1492,19.850600000000004,27.907200000000007,28.9716,BUSQEM_clean_primitive
268.7128,538.9169999999999,797.7419999999995,1177.2949999999996,1264.0,2568.0,3600.0,5072.0,40.0,82.0,124.0,182.0,206.0,524.0,776.0,934.0,19.824800000000003,43.44340000000002,63.41720000000002,88.85980000000004,BUSQEM_clean_primitive
268.7128,538.9169999999999,797.7419999999995,1177.2949999999996,1264.0,2568.0,3600.0,5072.0,40.0,82.0,124.0,182.0,206.0,524.0,776.0,934.0,19.824800000000003,43.44340000000002,63.41720000000002,88.85980000000004,BUSQEM_clean_primitive
