f-link-chi-0,f-link-chi-1,f-link-chi-2,f-link-chi-3,f-link-Z-0,f-link-Z-1,f-link-Z-2,f-link-Z-3,f-link-I-0,f-link-I-1,f-link-I-2,f-link-I-3,f-link-T-0,f-link-T-1,f-link-T-2,f-link-T-3,f-link-S-0,f-link-S-1,f-link-S-2,f-link-S-3,name
156.03159999999997,274.28520000000003,464.8299999999999,497.87099999999987,995.0,1956.0,2488.0,2416.0,19.0,38.0,60.0,70.0,98.0,234.0,316.0,334.0,9.924599999999998,21.730999999999998,31.616799999999998,34.388600000000004,GIKMOD11
156.0316,274.2852,464.8299999999999,497.87099999999987,995.0,1956.0,2488.0,2416.0,19.0,38.0,60.0,70.0,98.0,234.0,316.0,334.0,9.924600000000002,21.731,31.616799999999998,34.388600000000004,GIKMOD11
156.03159999999997,274.2852,464.82999999999987,497.87099999999987,995.0,1956.0,2488.0,2416.0,19.0,38.0,60.0,70.0,98.0,234.0,316.0,334.0,9.9246,21.731,31.616799999999998,34.38860000000001,GIKMOD11
156.03159999999997,274.28520000000003,464.8299999999999,497.8709999999999,995.0,1956.0,2488.0,2416.0,19.0,38.0,60.0,70.0,98.0,234.0,316.0,334.0,9.9246,21.731,31.6168,34.388600000000004,GIKMOD11
