f-lig-chi-0,f-lig-chi-1,f-lig-chi-2,f-lig-chi-3,f-lig-Z-0,f-lig-Z-1,f-lig-Z-2,f-lig-Z-3,f-lig-I-0,f-lig-I-1,f-lig-I-2,f-lig-I-3,f-lig-T-0,f-lig-T-1,f-lig-T-2,f-lig-T-3,f-lig-S-0,f-lig-S-1,f-lig-S-2,f-lig-S-3,name
45.1369,54.8376,116.40959999999998,0.0,418.0,750.0,432.0,0.0,5.0,8.0,12.0,0.0,20.0,32.0,12.0,0.0,2.8592,5.4272,4.818,0.0,LEQVIN_clean_primitive
45.1369,54.8376,116.40959999999998,0.0,418.0,750.0,432.0,0.0,5.0,8.0,12.0,0.0,20.0,32.0,12.0,0.0,2.8592,5.4272,4.818,0.0,LEQVIN_clean_primitive
45.1369,54.8376,116.40959999999998,0.0,418.0,750.0,432.0,0.0,5.0,8.0,12.0,0.0,20.0,32.0,12.0,0.0,2.8592,5.4272,4.818,0.0,LEQVIN_clean_primitive
45.1369,54.8376,116.40959999999998,0.0,418.0,750.0,432.0,0.0,5.0,8.0,12.0,0.0,20.0,32.0,12.0,0.0,2.8591999999999995,5.427199999999999,4.818,0.0,LEQVIN_clean_primitive
45.1369,54.8376,116.40959999999998,0.0,418.0,750.0,432.0,0.0,5.0,8.0,12.0,0.0,20.0,32.0,12.0,0.0,2.8592,5.4272,4.818,0.0,LEQVIN_clean_primitive
45.1369,54.8376,116.40959999999998,0.0,418.0,750.0,432.0,0.0,5.0,8.0,12.0,0.0,20.0,32.0,12.0,0.0,2.8592,5.4272,4.818,0.0,LEQVIN_clean_primitive
