f-chi-0-all,f-chi-1-all,f-chi-2-all,f-chi-3-all,f-Z-0-all,f-Z-1-all,f-Z-2-all,f-Z-3-all,f-I-0-all,f-I-1-all,f-I-2-all,f-I-3-all,f-T-0-all,f-T-1-all,f-T-2-all,f-T-3-all,f-S-0-all,f-S-1-all,f-S-2-all,f-S-3-all,mc-chi-0-all,mc-chi-1-all,mc-chi-2-all,mc-chi-3-all,mc-Z-0-all,mc-Z-1-all,mc-Z-2-all,mc-Z-3-all,mc-I-0-all,mc-I-1-all,mc-I-2-all,mc-I-3-all,mc-T-0-all,mc-T-1-all,mc-T-2-all,mc-T-3-all,mc-S-0-all,mc-S-1-all,mc-S-2-all,mc-S-3-all,D_mc-chi-0-all,D_mc-chi-1-all,D_mc-chi-2-all,D_mc-chi-3-all,D_mc-Z-0-all,D_mc-Z-1-all,D_mc-Z-2-all,D_mc-Z-3-all,D_mc-I-0-all,D_mc-I-1-all,D_mc-I-2-all,D_mc-I-3-all,D_mc-T-0-all,D_mc-T-1-all,D_mc-T-2-all,D_mc-T-3-all,D_mc-S-0-all,D_mc-S-1-all,D_mc-S-2-all,D_mc-S-3-all,name
103.12709999999997,165.94560000000004,403.1004,452.016,2410.0,3936.0,6600.0,7200.0,13.0,24.0,42.0,60.0,66.0,168.0,192.0,120.0,11.501499999999998,20.235600000000005,31.887,46.428000000000004,3.3489000000000004,37.7712,24.0462,99.69839999999998,676.0,1248.0,2340.0,2652.0,1.0,6.0,6.0,18.0,36.0,72.0,144.0,180.0,1.5625,5.474999999999999,7.95,13.724999999999996,0.0,-9.659999999999998,-2.1599999999999993,-21.539999999999996,0.0,108.0,66.0,366.0,0.0,0.0,0.0,0.0,0.0,24.0,12.0,78.0,0.0,3.1199999999999997,1.1399999999999997,11.519999999999996,LEQVIN_clean_primitive
103.12709999999997,165.94560000000004,403.1004,452.016,2410.0,3936.0,6600.0,7200.0,13.0,24.0,42.0,60.0,66.0,168.0,192.0,120.0,11.501499999999998,20.235600000000005,31.887,46.428000000000004,3.3489000000000004,37.7712,24.0462,99.69839999999998,676.0,1248.0,2340.0,2652.0,1.0,6.0,6.0,18.0,36.0,72.0,144.0,180.0,1.5625,5.474999999999999,7.95,13.724999999999996,0.0,-9.659999999999998,-2.1599999999999993,-21.539999999999996,0.0,108.0,66.0,366.0,0.0,0.0,0.0,0.0,0.0,24.0,12.0,78.0,0.0,3.1199999999999997,1.1399999999999997,11.519999999999996,LEQVIN_clean_primitive
103.12709999999997,165.94560000000004,403.1004,452.016,2410.0,3936.0,6600.0,7200.0,13.0,24.0,42.0,60.0,66.0,168.0,192.0,120.0,11.501499999999998,20.235600000000005,31.887,46.428000000000004,3.3489000000000004,37.7712,24.0462,99.69839999999998,676.0,1248.0,2340.0,2652.0,1.0,6.0,6.0,18.0,36.0,72.0,144.0,180.0,1.5625,5.474999999999999,7.95,13.724999999999996,0.0,-9.659999999999998,-2.1599999999999993,-21.539999999999996,0.0,108.0,66.0,366.0,0.0,0.0,0.0,0.0,0.0,24.0,12.0,78.0,0.0,3.1199999999999997,1.1399999999999997,11.519999999999996,LEQVIN_clean_primitive
