f-lig-chi-0,f-lig-chi-1,f-lig-chi-2,f-lig-chi-3,f-lig-Z-0,f-lig-Z-1,f-lig-Z-2,f-lig-Z-3,f-lig-I-0,f-lig-I-1,f-lig-I-2,f-lig-I-3,f-lig-T-0,f-lig-T-1,f-lig-T-2,f-lig-T-3,f-lig-S-0,f-lig-S-1,f-lig-S-2,f-lig-S-3,name
342.53439999999995,740.3160000000005,1171.6804,1490.4970000000003,1426.0,3192.0,4672.0,5224.0,54.0,116.0,184.0,242.0,300.0,756.0,1112.0,1310.0,23.56860000000001,57.44200000000002,86.43119999999999,103.66099999999997,MIFKUJ_clean_primitive
402.8737999999999,836.5020000000007,1341.2108000000005,1727.7490000000007,1754.0,3720.0,5600.0,6328.0,60.0,128.0,204.0,274.0,332.0,840.0,1244.0,1474.0,26.886000000000017,64.31040000000003,97.80279999999998,119.67699999999998,MIFKUJ_clean_primitive
