f-lig-chi-0,f-lig-chi-1,f-lig-chi-2,f-lig-chi-3,f-lig-Z-0,f-lig-Z-1,f-lig-Z-2,f-lig-Z-3,f-lig-I-0,f-lig-I-1,f-lig-I-2,f-lig-I-3,f-lig-T-0,f-lig-T-1,f-lig-T-2,f-lig-T-3,f-lig-S-0,f-lig-S-1,f-lig-S-2,f-lig-S-3,name
337.4104,682.4200000000002,1102.0057999999997,1404.2889999999993,1441.0,2944.0,4376.0,4852.0,49.0,102.0,164.0,218.0,266.0,666.0,970.0,1150.0,21.2457,50.005000000000024,75.16040000000002,91.41460000000001,TORKAO_clean_primitive
337.41039999999987,682.4200000000005,1102.0058000000001,1404.2890000000004,1441.0,2944.0,4376.0,4852.0,49.0,102.0,164.0,218.0,266.0,666.0,970.0,1150.0,21.245700000000017,50.005000000000024,75.16040000000001,91.41460000000006,TORKAO_clean_primitive
337.4104,682.4200000000001,1102.0057999999995,1404.2890000000002,1441.0,2944.0,4376.0,4852.0,49.0,102.0,164.0,218.0,266.0,666.0,970.0,1150.0,21.2457,50.00500000000001,75.16040000000001,91.41460000000002,TORKAO_clean_primitive
337.4103999999999,682.4200000000003,1102.0058000000001,1404.2890000000002,1441.0,2944.0,4376.0,4852.0,49.0,102.0,164.0,218.0,266.0,666.0,970.0,1150.0,21.245700000000014,50.00500000000002,75.1604,91.4146,TORKAO_clean_primitive
