name,cif_file,Di,Df,Dif,rho,VSA,GSA,VPOV,GPOV,POAV_vol_frac,PONAV_vol_frac,GPOAV,GPONAV,POAV,PONAV
UDEMEW,UDEMEW.cif,28.23477,11.69499,28.2342,0.681201,1315.0,1930.41,0.6488,0.9524354779279539,0.6482,0.0006,0.951554,0.000880797,62796.2,58.1267
