f-lig-chi-0,f-lig-chi-1,f-lig-chi-2,f-lig-chi-3,f-lig-Z-0,f-lig-Z-1,f-lig-Z-2,f-lig-Z-3,f-lig-I-0,f-lig-I-1,f-lig-I-2,f-lig-I-3,f-lig-T-0,f-lig-T-1,f-lig-T-2,f-lig-T-3,f-lig-S-0,f-lig-S-1,f-lig-S-2,f-lig-S-3,name
333.88379999999984,610.7759999999997,992.2145999999998,1339.6961999999999,4644.0,4752.0,8232.0,14340.0,40.0,84.0,132.0,174.0,216.0,540.0,780.0,894.0,28.00240000000001,53.49960000000001,85.6644,119.26859999999996,DOMCUE_clean_primitive
333.88379999999984,610.7759999999998,992.2145999999998,1339.6961999999994,4644.0,4752.0,8232.0,14340.0,40.0,84.0,132.0,174.0,216.0,540.0,780.0,894.0,28.00240000000001,53.49960000000003,85.66440000000001,119.26859999999996,DOMCUE_clean_primitive
333.8837999999998,610.7759999999997,992.2145999999998,1339.6961999999994,4644.0,4752.0,8232.0,14340.0,40.0,84.0,132.0,174.0,216.0,540.0,780.0,894.0,28.002400000000005,53.49960000000002,85.66440000000004,119.26859999999996,DOMCUE_clean_primitive
333.8837999999999,610.7759999999998,992.2145999999998,1339.6961999999994,4644.0,4752.0,8232.0,14340.0,40.0,84.0,132.0,174.0,216.0,540.0,780.0,894.0,28.002400000000005,53.49960000000003,85.66440000000003,119.26859999999994,DOMCUE_clean_primitive
333.88379999999984,610.7759999999998,992.2145999999998,1339.6961999999994,4644.0,4752.0,8232.0,14340.0,40.0,84.0,132.0,174.0,216.0,540.0,780.0,894.0,28.002400000000005,53.49960000000002,85.66440000000003,119.26859999999994,DOMCUE_clean_primitive
333.88379999999995,610.7759999999998,992.2145999999999,1339.6961999999994,4644.0,4752.0,8232.0,14340.0,40.0,84.0,132.0,174.0,216.0,540.0,780.0,894.0,28.0024,53.4996,85.66439999999997,119.26859999999994,DOMCUE_clean_primitive
333.8837999999998,610.7759999999998,992.2145999999998,1339.6961999999996,4644.0,4752.0,8232.0,14340.0,40.0,84.0,132.0,174.0,216.0,540.0,780.0,894.0,28.002400000000005,53.499600000000015,85.6644,119.26859999999996,DOMCUE_clean_primitive
333.88379999999984,610.7760000000001,992.2145999999999,1339.6962000000003,4644.0,4752.0,8232.0,14340.0,40.0,84.0,132.0,174.0,216.0,540.0,780.0,894.0,28.002400000000012,53.49960000000001,85.66440000000001,119.26859999999996,DOMCUE_clean_primitive
