f-chi-0-all,f-chi-1-all,f-chi-2-all,f-chi-3-all,f-Z-0-all,f-Z-1-all,f-Z-2-all,f-Z-3-all,f-I-0-all,f-I-1-all,f-I-2-all,f-I-3-all,f-T-0-all,f-T-1-all,f-T-2-all,f-T-3-all,f-S-0-all,f-S-1-all,f-S-2-all,f-S-3-all,mc-chi-0-all,mc-chi-1-all,mc-chi-2-all,mc-chi-3-all,mc-Z-0-all,mc-Z-1-all,mc-Z-2-all,mc-Z-3-all,mc-I-0-all,mc-I-1-all,mc-I-2-all,mc-I-3-all,mc-T-0-all,mc-T-1-all,mc-T-2-all,mc-T-3-all,mc-S-0-all,mc-S-1-all,mc-S-2-all,mc-S-3-all,D_mc-chi-0-all,D_mc-chi-1-all,D_mc-chi-2-all,D_mc-chi-3-all,D_mc-Z-0-all,D_mc-Z-1-all,D_mc-Z-2-all,D_mc-Z-3-all,D_mc-I-0-all,D_mc-I-1-all,D_mc-I-2-all,D_mc-I-3-all,D_mc-T-0-all,D_mc-T-1-all,D_mc-T-2-all,D_mc-T-3-all,D_mc-S-0-all,D_mc-S-1-all,D_mc-S-2-all,D_mc-S-3-all,name
1134.446800000001,2480.1456000000017,8561.810400000002,9373.603200000009,29452.0,64320.0,104280.0,132576.0,124.0,360.0,912.0,1152.0,1272.0,3888.0,7968.0,9528.0,93.19359999999985,291.7848000000004,628.8168000000002,810.1464000000007,3.0210999999999997,28.276800000000005,26.37600000000001,60.05430000000001,1471.75,1740.0,2566.5,2871.0,1.0,5.25,6.75,10.5,32.25,70.5,133.5,122.25,2.0925249999999993,5.699475000000001,8.868375000000002,11.071125,0.0,-9.839999999999998,-5.167499999999997,-16.59,0.0,175.5,186.0,288.75,0.0,0.0,0.0,0.0,0.0,20.25,14.25,29.25,0.0,3.9750000000000014,3.7649999999999975,7.327499999999997,RUHFIL_clean_primitive
