f-chi-0-all,f-chi-1-all,f-chi-2-all,f-chi-3-all,f-Z-0-all,f-Z-1-all,f-Z-2-all,f-Z-3-all,f-I-0-all,f-I-1-all,f-I-2-all,f-I-3-all,f-T-0-all,f-T-1-all,f-T-2-all,f-T-3-all,f-S-0-all,f-S-1-all,f-S-2-all,f-S-3-all,mc-chi-0-all,mc-chi-1-all,mc-chi-2-all,mc-chi-3-all,mc-Z-0-all,mc-Z-1-all,mc-Z-2-all,mc-Z-3-all,mc-I-0-all,mc-I-1-all,mc-I-2-all,mc-I-3-all,mc-T-0-all,mc-T-1-all,mc-T-2-all,mc-T-3-all,mc-S-0-all,mc-S-1-all,mc-S-2-all,mc-S-3-all,D_mc-chi-0-all,D_mc-chi-1-all,D_mc-chi-2-all,D_mc-chi-3-all,D_mc-Z-0-all,D_mc-Z-1-all,D_mc-Z-2-all,D_mc-Z-3-all,D_mc-I-0-all,D_mc-I-1-all,D_mc-I-2-all,D_mc-I-3-all,D_mc-T-0-all,D_mc-T-1-all,D_mc-T-2-all,D_mc-T-3-all,D_mc-S-0-all,D_mc-S-1-all,D_mc-S-2-all,D_mc-S-3-all,name
250.59199999999993,485.0639999999999,1073.5063999999998,1497.1240000000005,3711.0,8968.0,15390.0,16748.0,30.0,66.0,124.0,184.0,204.0,622.0,922.0,1040.0,20.497000000000003,50.46840000000003,89.8228,123.00720000000004,3.5343999999999993,30.794399999999996,34.629599999999996,79.32346666666666,729.0,1116.0,2160.0,2358.0,1.0,5.0,7.333333333333333,14.666666666666666,27.0,75.66666666666667,129.33333333333334,164.0,1.5876000000000001,4.7544,8.1144,12.566400000000002,0.0,-6.980000000000001,-4.633333333333333,-14.620000000000003,0.0,93.66666666666667,118.0,308.6666666666667,0.0,0.0,0.0,0.0,0.0,13.333333333333334,14.0,42.666666666666664,0.0,2.526666666666667,2.8000000000000003,8.506666666666668,KIFWUT_clean_primitive
250.5919999999999,485.0639999999999,1073.5064000000002,1497.1239999999998,3711.0,8968.0,15390.0,16748.0,30.0,66.0,124.0,184.0,204.0,622.0,922.0,1040.0,20.49700000000001,50.46840000000003,89.8228,123.00720000000004,3.5343999999999993,30.794399999999996,34.629599999999996,79.32346666666666,729.0,1116.0,2160.0,2358.0,1.0,5.0,7.333333333333333,14.666666666666666,27.0,75.66666666666667,129.33333333333334,164.0,1.5876000000000001,4.7544,8.1144,12.566400000000002,0.0,-6.980000000000001,-4.633333333333333,-14.620000000000003,0.0,93.66666666666667,118.0,308.6666666666667,0.0,0.0,0.0,0.0,0.0,13.333333333333334,14.0,42.666666666666664,0.0,2.526666666666667,2.8000000000000003,8.506666666666668,KIFWUT_clean_primitive
