name,cif_file,Di,Df,Dif,rho,VSA,GSA,VPOV,GPOV,POAV_vol_frac,PONAV_vol_frac,GPOAV,GPONAV,POAV,PONAV
WUPVAG,WUPVAG.cif,19.19655,13.72976,19.18937,0.713808,1180.76,1654.18,0.5997,0.8401418868939547,0.5926,0.0071,0.830195,0.00994665,37332.5,447.284
