f-chi-0-all,f-chi-1-all,f-chi-2-all,f-chi-3-all,f-Z-0-all,f-Z-1-all,f-Z-2-all,f-Z-3-all,f-I-0-all,f-I-1-all,f-I-2-all,f-I-3-all,f-T-0-all,f-T-1-all,f-T-2-all,f-T-3-all,f-S-0-all,f-S-1-all,f-S-2-all,f-S-3-all,mc-chi-0-all,mc-chi-1-all,mc-chi-2-all,mc-chi-3-all,mc-Z-0-all,mc-Z-1-all,mc-Z-2-all,mc-Z-3-all,mc-I-0-all,mc-I-1-all,mc-I-2-all,mc-I-3-all,mc-T-0-all,mc-T-1-all,mc-T-2-all,mc-T-3-all,mc-S-0-all,mc-S-1-all,mc-S-2-all,mc-S-3-all,D_mc-chi-0-all,D_mc-chi-1-all,D_mc-chi-2-all,D_mc-chi-3-all,D_mc-Z-0-all,D_mc-Z-1-all,D_mc-Z-2-all,D_mc-Z-3-all,D_mc-I-0-all,D_mc-I-1-all,D_mc-I-2-all,D_mc-I-3-all,D_mc-T-0-all,D_mc-T-1-all,D_mc-T-2-all,D_mc-T-3-all,D_mc-S-0-all,D_mc-S-1-all,D_mc-S-2-all,D_mc-S-3-all,name
196.14920000000004,435.57119999999986,995.4479999999999,1686.2660000000003,2702.0,6468.0,12996.0,14270.0,26.0,60.0,132.0,218.0,192.0,612.0,1188.0,1128.0,17.6736,45.44999999999999,97.95239999999994,139.476,3.61,34.656,63.725999999999985,61.74999999999999,841.0,1218.0,2262.0,2929.0,1.0,6.0,12.0,13.0,36.0,108.0,180.0,216.0,1.9043999999999996,6.21,12.5856,14.655599999999998,0.0,-6.840000000000002,-10.740000000000004,-7.800000000000001,0.0,132.0,270.0,276.0,0.0,0.0,0.0,0.0,0.0,18.0,42.0,42.0,0.0,3.7799999999999994,7.439999999999998,7.319999999999997,AFOYOK_clean_primitive
196.14920000000004,435.57119999999986,995.4479999999999,1686.2660000000003,2702.0,6468.0,12996.0,14270.0,26.0,60.0,132.0,218.0,192.0,612.0,1188.0,1128.0,17.6736,45.44999999999999,97.95239999999994,139.476,3.61,34.656,63.725999999999985,61.74999999999999,841.0,1218.0,2262.0,2929.0,1.0,6.0,12.0,13.0,36.0,108.0,180.0,216.0,1.9043999999999996,6.21,12.5856,14.655599999999998,0.0,-6.840000000000002,-10.740000000000004,-7.800000000000001,0.0,132.0,270.0,276.0,0.0,0.0,0.0,0.0,0.0,18.0,42.0,42.0,0.0,3.7799999999999994,7.439999999999998,7.319999999999997,AFOYOK_clean_primitive
