f-sbu-chi-0,f-sbu-chi-1,f-sbu-chi-2,f-sbu-chi-3,f-sbu-Z-0,f-sbu-Z-1,f-sbu-Z-2,f-sbu-Z-3,f-sbu-I-0,f-sbu-I-1,f-sbu-I-2,f-sbu-I-3,f-sbu-T-0,f-sbu-T-1,f-sbu-T-2,f-sbu-T-3,f-sbu-S-0,f-sbu-S-1,f-sbu-S-2,f-sbu-S-3,mc-chi-0,mc-chi-1,mc-chi-2,mc-chi-3,mc-Z-0,mc-Z-1,mc-Z-2,mc-Z-3,mc-I-0,mc-I-1,mc-I-2,mc-I-3,mc-T-0,mc-T-1,mc-T-2,mc-T-3,mc-S-0,mc-S-1,mc-S-2,mc-S-3,D_mc-chi-0,D_mc-chi-1,D_mc-chi-2,D_mc-chi-3,D_mc-Z-0,D_mc-Z-1,D_mc-Z-2,D_mc-Z-3,D_mc-I-0,D_mc-I-1,D_mc-I-2,D_mc-I-3,D_mc-T-0,D_mc-T-1,D_mc-T-2,D_mc-T-3,D_mc-S-0,D_mc-S-1,D_mc-S-2,D_mc-S-3,name
178.9442,337.68319999999994,619.5367999999999,748.8768000000001,3731.0,6380.0,9232.0,10128.0,23.0,48.0,78.0,100.0,126.0,304.0,396.0,480.0,16.267799999999998,36.3224,53.3914,66.04800000000002,3.61,21.28,20.355333333333334,49.88133333333332,841.0,754.0,1140.6666666666667,1778.6666666666667,1.0,3.3333333333333335,4.666666666666667,8.666666666666666,12.0,29.333333333333332,48.0,73.33333333333333,1.9043999999999996,3.376399999999999,5.0232,8.951599999999997,0.0,-4.866666666666667,-1.846666666666667,-9.786666666666667,0.0,70.66666666666667,96.0,190.0,0.0,0.0,0.0,0.0,0.0,4.0,4.0,10.0,0.0,2.153333333333333,2.7999999999999994,5.473333333333332,SAJLOH
