f-sbu-chi-0,f-sbu-chi-1,f-sbu-chi-2,f-sbu-chi-3,f-sbu-Z-0,f-sbu-Z-1,f-sbu-Z-2,f-sbu-Z-3,f-sbu-I-0,f-sbu-I-1,f-sbu-I-2,f-sbu-I-3,f-sbu-T-0,f-sbu-T-1,f-sbu-T-2,f-sbu-T-3,f-sbu-S-0,f-sbu-S-1,f-sbu-S-2,f-sbu-S-3,mc-chi-0,mc-chi-1,mc-chi-2,mc-chi-3,mc-Z-0,mc-Z-1,mc-Z-2,mc-Z-3,mc-I-0,mc-I-1,mc-I-2,mc-I-3,mc-T-0,mc-T-1,mc-T-2,mc-T-3,mc-S-0,mc-S-1,mc-S-2,mc-S-3,D_mc-chi-0,D_mc-chi-1,D_mc-chi-2,D_mc-chi-3,D_mc-Z-0,D_mc-Z-1,D_mc-Z-2,D_mc-Z-3,D_mc-I-0,D_mc-I-1,D_mc-I-2,D_mc-I-3,D_mc-T-0,D_mc-T-1,D_mc-T-2,D_mc-T-3,D_mc-S-0,D_mc-S-1,D_mc-S-2,D_mc-S-3,name
126.1238,231.168,445.99519999999995,511.87200000000007,2456.0,4608.0,4928.0,6144.0,14.0,32.0,48.0,64.0,80.0,192.0,256.0,320.0,10.067,24.2944,33.19199999999999,42.281600000000005,2.7224999999999997,22.703999999999997,16.83,39.534,900.0,960.0,720.0,1680.0,1.0,4.0,4.0,8.0,16.0,32.0,48.0,80.0,1.7161000000000002,3.8252,4.034800000000001,7.86,0.0,-7.16,-3.5999999999999996,-10.760000000000002,0.0,88.0,96.0,184.0,0.0,0.0,0.0,0.0,0.0,8.0,4.0,12.0,0.0,2.3200000000000003,2.16,4.48,VAGMAT
126.12379999999999,231.16799999999995,445.9952000000001,511.872,2456.0,4608.0,4928.0,6144.0,14.0,32.0,48.0,64.0,80.0,192.0,256.0,320.0,10.066999999999998,24.294400000000003,33.192,42.281600000000005,2.7224999999999997,22.703999999999997,16.83,39.534,900.0,960.0,720.0,1680.0,1.0,4.0,4.0,8.0,16.0,32.0,48.0,80.0,1.7161000000000002,3.8252,4.034800000000001,7.86,0.0,-7.16,-3.5999999999999996,-10.760000000000002,0.0,88.0,96.0,184.0,0.0,0.0,0.0,0.0,0.0,8.0,4.0,12.0,0.0,2.3200000000000003,2.16,4.48,VAGMAT
