f-chi-0-all,f-chi-1-all,f-chi-2-all,f-chi-3-all,f-Z-0-all,f-Z-1-all,f-Z-2-all,f-Z-3-all,f-I-0-all,f-I-1-all,f-I-2-all,f-I-3-all,f-T-0-all,f-T-1-all,f-T-2-all,f-T-3-all,f-S-0-all,f-S-1-all,f-S-2-all,f-S-3-all,mc-chi-0-all,mc-chi-1-all,mc-chi-2-all,mc-chi-3-all,mc-Z-0-all,mc-Z-1-all,mc-Z-2-all,mc-Z-3-all,mc-I-0-all,mc-I-1-all,mc-I-2-all,mc-I-3-all,mc-T-0-all,mc-T-1-all,mc-T-2-all,mc-T-3-all,mc-S-0-all,mc-S-1-all,mc-S-2-all,mc-S-3-all,D_mc-chi-0-all,D_mc-chi-1-all,D_mc-chi-2-all,D_mc-chi-3-all,D_mc-Z-0-all,D_mc-Z-1-all,D_mc-Z-2-all,D_mc-Z-3-all,D_mc-I-0-all,D_mc-I-1-all,D_mc-I-2-all,D_mc-I-3-all,D_mc-T-0-all,D_mc-T-1-all,D_mc-T-2-all,D_mc-T-3-all,D_mc-S-0-all,D_mc-S-1-all,D_mc-S-2-all,D_mc-S-3-all,name
457.0227999999998,748.2879999999997,1848.0551999999996,2404.031999999999,4852.0,12416.0,17568.0,20976.0,54.0,124.0,216.0,312.0,352.0,956.0,1370.0,1600.0,44.44219999999996,111.39240000000007,171.05759999999995,214.4319999999999,1.0,16.933333333333334,13.933333333333332,32.45333333333333,400.0,786.6666666666666,773.3333333333334,1406.6666666666667,1.0,5.0,5.666666666666667,11.333333333333334,25.666666666666668,59.0,94.0,139.33333333333334,2.9240999999999997,6.264300000000001,7.9971000000000005,13.702800000000002,0.0,-11.933333333333332,-8.266666666666666,-21.12,0.0,60.666666666666664,74.66666666666667,156.33333333333334,0.0,0.0,0.0,0.0,0.0,14.333333333333334,11.333333333333334,31.666666666666668,0.0,4.886666666666667,5.013333333333332,11.366666666666665,KAYCIY_clean_primitive
