f-link-chi-0,f-link-chi-1,f-link-chi-2,f-link-chi-3,f-link-Z-0,f-link-Z-1,f-link-Z-2,f-link-Z-3,f-link-I-0,f-link-I-1,f-link-I-2,f-link-I-3,f-link-T-0,f-link-T-1,f-link-T-2,f-link-T-3,f-link-S-0,f-link-S-1,f-link-S-2,f-link-S-3,name
218.29890000000003,483.48000000000036,840.2693999999999,977.5660000000001,684.0,1656.0,2274.0,1972.0,37.0,76.0,136.0,164.0,212.0,532.0,730.0,772.0,12.695700000000002,32.432400000000015,49.11039999999999,52.064400000000006,ESARAT
218.29890000000003,483.48000000000036,840.2693999999999,977.5660000000001,684.0,1656.0,2274.0,1972.0,37.0,76.0,136.0,164.0,212.0,532.0,730.0,772.0,12.695700000000002,32.432400000000015,49.11039999999999,52.064400000000006,ESARAT
269.89919999999995,507.0735999999999,799.7031999999999,1006.6461999999999,1320.0,2482.0,3784.0,4288.0,34.0,70.0,108.0,140.0,178.0,438.0,620.0,692.0,16.7618,37.01020000000001,55.17880000000001,66.44120000000002,ESARAT
269.89919999999995,507.0735999999999,799.7031999999999,1006.6461999999999,1320.0,2482.0,3784.0,4288.0,34.0,70.0,108.0,140.0,178.0,438.0,620.0,692.0,16.7618,37.01020000000001,55.17880000000001,66.44120000000002,ESARAT
269.8991999999999,507.07359999999994,799.7032,1006.6462,1320.0,2482.0,3784.0,4288.0,34.0,70.0,108.0,140.0,178.0,438.0,620.0,692.0,16.7618,37.010200000000005,55.17880000000001,66.44120000000001,ESARAT
269.8991999999999,507.07359999999994,799.7032,1006.6462,1320.0,2482.0,3784.0,4288.0,34.0,70.0,108.0,140.0,178.0,438.0,620.0,692.0,16.7618,37.010200000000005,55.17880000000001,66.44120000000001,ESARAT
218.29890000000003,483.4800000000002,840.2693999999999,977.5660000000003,684.0,1656.0,2274.0,1972.0,37.0,76.0,136.0,164.0,212.0,532.0,730.0,772.0,12.695700000000004,32.432400000000015,49.11039999999999,52.064400000000006,ESARAT
218.29890000000003,483.4800000000002,840.2693999999999,977.5660000000003,684.0,1656.0,2274.0,1972.0,37.0,76.0,136.0,164.0,212.0,532.0,730.0,772.0,12.695700000000004,32.432400000000015,49.11039999999999,52.064400000000006,ESARAT
