f-chi-0-all,f-chi-1-all,f-chi-2-all,f-chi-3-all,f-Z-0-all,f-Z-1-all,f-Z-2-all,f-Z-3-all,f-I-0-all,f-I-1-all,f-I-2-all,f-I-3-all,f-T-0-all,f-T-1-all,f-T-2-all,f-T-3-all,f-S-0-all,f-S-1-all,f-S-2-all,f-S-3-all,mc-chi-0-all,mc-chi-1-all,mc-chi-2-all,mc-chi-3-all,mc-Z-0-all,mc-Z-1-all,mc-Z-2-all,mc-Z-3-all,mc-I-0-all,mc-I-1-all,mc-I-2-all,mc-I-3-all,mc-T-0-all,mc-T-1-all,mc-T-2-all,mc-T-3-all,mc-S-0-all,mc-S-1-all,mc-S-2-all,mc-S-3-all,D_mc-chi-0-all,D_mc-chi-1-all,D_mc-chi-2-all,D_mc-chi-3-all,D_mc-Z-0-all,D_mc-Z-1-all,D_mc-Z-2-all,D_mc-Z-3-all,D_mc-I-0-all,D_mc-I-1-all,D_mc-I-2-all,D_mc-I-3-all,D_mc-T-0-all,D_mc-T-1-all,D_mc-T-2-all,D_mc-T-3-all,D_mc-S-0-all,D_mc-S-1-all,D_mc-S-2-all,D_mc-S-3-all,name
405.18299999999977,891.6551999999997,2685.1404,3642.148799999999,15936.0,30240.0,79360.0,83328.0,46.0,128.0,292.0,480.0,444.0,1520.0,3076.0,4320.0,35.41840000000001,109.51279999999998,232.9063999999999,366.12239999999997,2.8560999999999996,34.8816,35.37733333333333,118.55913333333329,2304.0,2304.0,9408.0,7456.0,1.0,6.0,9.333333333333334,22.666666666666668,36.0,104.0,240.0,352.0,2.1904,6.482399999999999,14.138933333333332,23.778666666666677,0.0,-10.5,-5.1599999999999975,-31.846666666666664,0.0,240.0,252.0,932.6666666666666,0.0,0.0,0.0,0.0,0.0,18.666666666666668,16.0,77.33333333333333,0.0,4.5,4.259999999999999,17.479999999999997,WUWQEL_clean_primitive
