f-lig-chi-0,f-lig-chi-1,f-lig-chi-2,f-lig-chi-3,f-lig-Z-0,f-lig-Z-1,f-lig-Z-2,f-lig-Z-3,f-lig-I-0,f-lig-I-1,f-lig-I-2,f-lig-I-3,f-lig-T-0,f-lig-T-1,f-lig-T-2,f-lig-T-3,f-lig-S-0,f-lig-S-1,f-lig-S-2,f-lig-S-3,name
235.27479999999997,441.40500000000014,739.9348000000002,862.1156000000002,928.0,1728.0,2524.0,2954.0,34.0,66.0,112.0,124.0,178.0,414.0,532.0,598.0,13.353800000000003,30.014600000000012,43.367200000000004,51.2388,UTACUP_clean_primitive
235.27479999999997,441.40500000000014,739.9348000000001,862.1156000000002,928.0,1728.0,2524.0,2954.0,34.0,66.0,112.0,124.0,178.0,414.0,532.0,598.0,13.353800000000003,30.014600000000016,43.367200000000004,51.2388,UTACUP_clean_primitive
235.27479999999997,441.40500000000014,739.9348000000002,862.1156000000002,928.0,1728.0,2524.0,2954.0,34.0,66.0,112.0,124.0,178.0,414.0,532.0,598.0,13.353800000000003,30.014600000000016,43.367200000000004,51.238800000000005,UTACUP_clean_primitive
