f-lig-chi-0,f-lig-chi-1,f-lig-chi-2,f-lig-chi-3,f-lig-Z-0,f-lig-Z-1,f-lig-Z-2,f-lig-Z-3,f-lig-I-0,f-lig-I-1,f-lig-I-2,f-lig-I-3,f-lig-T-0,f-lig-T-1,f-lig-T-2,f-lig-T-3,f-lig-S-0,f-lig-S-1,f-lig-S-2,f-lig-S-3,name
732.4288000000007,1541.6279999999974,2669.884799999999,3522.372799999999,3572.0,6864.0,11040.0,14288.0,116.0,240.0,424.0,552.0,664.0,1664.0,2416.0,2984.0,46.13439999999992,112.35839999999986,177.2327999999997,234.39760000000018,AXUHIL_clean_primitive
732.4288000000003,1541.6279999999972,2669.884799999998,3522.372799999999,3572.0,6864.0,11040.0,14288.0,116.0,240.0,424.0,552.0,664.0,1664.0,2416.0,2984.0,46.13439999999992,112.35839999999985,177.2327999999997,234.3976000000002,AXUHIL_clean_primitive
732.4288000000005,1541.6279999999992,2669.8847999999966,3522.3727999999956,3572.0,6864.0,11040.0,14288.0,116.0,240.0,424.0,552.0,664.0,1664.0,2416.0,2984.0,46.134399999999985,112.35839999999992,177.23280000000003,234.39759999999995,AXUHIL_clean_primitive
732.4288000000001,1541.6279999999979,2669.884799999996,3522.3727999999965,3572.0,6864.0,11040.0,14288.0,116.0,240.0,424.0,552.0,664.0,1664.0,2416.0,2984.0,46.13439999999997,112.35839999999986,177.2327999999999,234.39760000000015,AXUHIL_clean_primitive
115.57820000000001,230.67300000000006,419.01200000000006,496.64700000000005,326.0,672.0,764.0,672.0,20.0,38.0,72.0,90.0,110.0,272.0,324.0,288.0,6.3252,15.0766,22.31200000000001,22.6802,AXUHIL_clean_primitive
115.57820000000002,230.6730000000001,419.01199999999994,496.647,326.0,672.0,764.0,672.0,20.0,38.0,72.0,90.0,110.0,272.0,324.0,288.0,6.325199999999999,15.076600000000003,22.312,22.680199999999996,AXUHIL_clean_primitive
