f-sbu-chi-0,f-sbu-chi-1,f-sbu-chi-2,f-sbu-chi-3,f-sbu-Z-0,f-sbu-Z-1,f-sbu-Z-2,f-sbu-Z-3,f-sbu-I-0,f-sbu-I-1,f-sbu-I-2,f-sbu-I-3,f-sbu-T-0,f-sbu-T-1,f-sbu-T-2,f-sbu-T-3,f-sbu-S-0,f-sbu-S-1,f-sbu-S-2,f-sbu-S-3,mc-chi-0,mc-chi-1,mc-chi-2,mc-chi-3,mc-Z-0,mc-Z-1,mc-Z-2,mc-Z-3,mc-I-0,mc-I-1,mc-I-2,mc-I-3,mc-T-0,mc-T-1,mc-T-2,mc-T-3,mc-S-0,mc-S-1,mc-S-2,mc-S-3,D_mc-chi-0,D_mc-chi-1,D_mc-chi-2,D_mc-chi-3,D_mc-Z-0,D_mc-Z-1,D_mc-Z-2,D_mc-Z-3,D_mc-I-0,D_mc-I-1,D_mc-I-2,D_mc-I-3,D_mc-T-0,D_mc-T-1,D_mc-T-2,D_mc-T-3,D_mc-S-0,D_mc-S-1,D_mc-S-2,D_mc-S-3,name
215.04399999999998,752.7983999999998,663.4199999999998,1860.4799999999998,1887.0,6012.0,10110.0,10080.0,31.0,108.0,102.0,240.0,402.0,1512.0,1830.0,3600.0,19.192200000000003,67.51920000000001,77.6742,138.6,2.4056499999999996,72.43649999999997,66.17249999999997,92.106,2105.0,7293.0,3006.0,6192.0,1.0,18.0,15.0,24.0,468.0,1350.0,738.0,1728.0,2.3426,22.318199999999997,15.707999999999995,27.904799999999994,0.0,-35.460000000000015,-12.299999999999999,-25.08000000000001,0.0,831.0,411.0,888.0,0.0,0.0,0.0,0.0,0.0,411.0,99.0,336.0,0.0,16.860000000000003,8.850000000000001,17.759999999999998,ZOZHUT
363.31329999999986,720.2496000000003,9288.136199999992,2495.4299999999976,5449.0,29640.0,54480.0,13680.0,37.0,120.0,882.0,300.0,1218.0,5688.0,6624.0,840.0,23.002000000000006,112.02840000000006,490.09500000000014,170.47800000000012,2.4056499999999996,72.43649999999997,66.17249999999997,92.106,2105.0,7293.0,3006.0,6192.0,1.0,18.0,15.0,24.0,468.0,1350.0,738.0,1728.0,2.3426,22.318199999999997,15.707999999999995,27.904799999999994,0.0,-35.460000000000015,-12.299999999999999,-25.08000000000001,0.0,831.0,411.0,888.0,0.0,0.0,0.0,0.0,0.0,411.0,99.0,336.0,0.0,16.860000000000003,8.850000000000001,17.759999999999998,ZOZHUT
