f-lig-chi-0,f-lig-chi-1,f-lig-chi-2,f-lig-chi-3,f-lig-Z-0,f-lig-Z-1,f-lig-Z-2,f-lig-Z-3,f-lig-I-0,f-lig-I-1,f-lig-I-2,f-lig-I-3,f-lig-T-0,f-lig-T-1,f-lig-T-2,f-lig-T-3,f-lig-S-0,f-lig-S-1,f-lig-S-2,f-lig-S-3,name
391.2505999999999,772.8030000000007,1219.7188000000012,1437.8050000000017,1880.0,3744.0,5674.0,5932.0,52.0,110.0,168.0,208.0,278.0,678.0,946.0,1030.0,25.488400000000023,58.07340000000003,85.33920000000002,97.35560000000004,MATWUC_clean_primitive
391.2505999999999,772.8030000000007,1219.7188000000012,1437.8050000000014,1880.0,3744.0,5674.0,5932.0,52.0,110.0,168.0,208.0,278.0,678.0,946.0,1030.0,25.488400000000023,58.07340000000002,85.3392,97.35560000000002,MATWUC_clean_primitive
