f-lig-chi-0,f-lig-chi-1,f-lig-chi-2,f-lig-chi-3,f-lig-Z-0,f-lig-Z-1,f-lig-Z-2,f-lig-Z-3,f-lig-I-0,f-lig-I-1,f-lig-I-2,f-lig-I-3,f-lig-T-0,f-lig-T-1,f-lig-T-2,f-lig-T-3,f-lig-S-0,f-lig-S-1,f-lig-S-2,f-lig-S-3,name
414.38129999999967,765.0420000000006,1286.3178,1762.0482000000006,1878.0,3426.0,5220.0,5790.0,54.0,108.0,180.0,252.0,288.0,726.0,984.0,1068.0,24.185400000000023,53.640000000000036,81.41999999999999,101.41680000000005,DOPHUN_clean_primitive
414.38129999999967,765.0420000000006,1286.3178,1762.0482000000002,1878.0,3426.0,5220.0,5790.0,54.0,108.0,180.0,252.0,288.0,726.0,984.0,1068.0,24.185400000000023,53.640000000000036,81.41999999999999,101.41680000000005,DOPHUN_clean_primitive
414.38129999999967,765.0420000000007,1286.3178,1762.0482000000002,1878.0,3426.0,5220.0,5790.0,54.0,108.0,180.0,252.0,288.0,726.0,984.0,1068.0,24.185400000000023,53.64000000000004,81.41999999999999,101.41680000000005,DOPHUN_clean_primitive
414.38129999999967,765.0420000000007,1286.3178,1762.0482000000006,1878.0,3426.0,5220.0,5790.0,54.0,108.0,180.0,252.0,288.0,726.0,984.0,1068.0,24.185400000000023,53.64000000000004,81.41999999999999,101.41680000000005,DOPHUN_clean_primitive
414.3812999999998,765.0420000000001,1286.3178,1762.0482,1878.0,3426.0,5220.0,5790.0,54.0,108.0,180.0,252.0,288.0,726.0,984.0,1068.0,24.18540000000001,53.64000000000002,81.41999999999997,101.41679999999997,DOPHUN_clean_primitive
414.3812999999998,765.0420000000003,1286.3177999999998,1762.0482000000002,1878.0,3426.0,5220.0,5790.0,54.0,108.0,180.0,252.0,288.0,726.0,984.0,1068.0,24.18540000000001,53.64000000000002,81.41999999999996,101.41679999999997,DOPHUN_clean_primitive
414.38129999999984,765.0420000000004,1286.3178,1762.0482,1878.0,3426.0,5220.0,5790.0,54.0,108.0,180.0,252.0,288.0,726.0,984.0,1068.0,24.18540000000001,53.64000000000003,81.41999999999999,101.41679999999998,DOPHUN_clean_primitive
414.38129999999984,765.0420000000003,1286.3178,1762.0481999999997,1878.0,3426.0,5220.0,5790.0,54.0,108.0,180.0,252.0,288.0,726.0,984.0,1068.0,24.18540000000001,53.64000000000002,81.41999999999999,101.41679999999998,DOPHUN_clean_primitive
