f-link-chi-0,f-link-chi-1,f-link-chi-2,f-link-chi-3,f-link-Z-0,f-link-Z-1,f-link-Z-2,f-link-Z-3,f-link-I-0,f-link-I-1,f-link-I-2,f-link-I-3,f-link-T-0,f-link-T-1,f-link-T-2,f-link-T-3,f-link-S-0,f-link-S-1,f-link-S-2,f-link-S-3,name
289.63759999999996,614.3970000000004,971.1764,1213.4899999999998,1232.0,2688.0,3932.0,4244.0,44.0,94.0,148.0,192.0,242.0,606.0,876.0,988.0,19.40280000000001,46.739000000000026,69.80040000000001,81.756,ZASJAG
289.63759999999996,614.397,971.1764000000002,1213.4899999999998,1232.0,2688.0,3932.0,4244.0,44.0,94.0,148.0,192.0,242.0,606.0,876.0,988.0,19.402800000000006,46.73900000000001,69.80040000000001,81.756,ZASJAG
