f-sbu-chi-0,f-sbu-chi-1,f-sbu-chi-2,f-sbu-chi-3,f-sbu-Z-0,f-sbu-Z-1,f-sbu-Z-2,f-sbu-Z-3,f-sbu-I-0,f-sbu-I-1,f-sbu-I-2,f-sbu-I-3,f-sbu-T-0,f-sbu-T-1,f-sbu-T-2,f-sbu-T-3,f-sbu-S-0,f-sbu-S-1,f-sbu-S-2,f-sbu-S-3,mc-chi-0,mc-chi-1,mc-chi-2,mc-chi-3,mc-Z-0,mc-Z-1,mc-Z-2,mc-Z-3,mc-I-0,mc-I-1,mc-I-2,mc-I-3,mc-T-0,mc-T-1,mc-T-2,mc-T-3,mc-S-0,mc-S-1,mc-S-2,mc-S-3,D_mc-chi-0,D_mc-chi-1,D_mc-chi-2,D_mc-chi-3,D_mc-Z-0,D_mc-Z-1,D_mc-Z-2,D_mc-Z-3,D_mc-I-0,D_mc-I-1,D_mc-I-2,D_mc-I-3,D_mc-T-0,D_mc-T-1,D_mc-T-2,D_mc-T-3,D_mc-S-0,D_mc-S-1,D_mc-S-2,D_mc-S-3,name
147.21699999999998,280.84800000000007,610.1454,787.5871999999998,5378.0,8400.0,14224.0,8352.0,18.0,40.0,72.0,96.0,116.0,328.0,480.0,416.0,13.446399999999999,33.09160000000001,56.71819999999999,60.546000000000014,2.8560999999999996,28.392000000000003,28.713099999999997,61.685,2304.0,1872.0,4032.0,3696.0,1.0,5.0,7.0,13.0,25.0,65.0,115.0,145.0,2.1904,5.4316,9.027999999999999,13.3644,0.0,-8.35,-5.159999999999998,-14.529999999999998,0.0,201.0,252.0,547.0,0.0,0.0,0.0,0.0,0.0,12.0,12.0,36.0,0.0,3.73,4.26,10.209999999999999,ZASJAG
