f-lig-chi-0,f-lig-chi-1,f-lig-chi-2,f-lig-chi-3,f-lig-Z-0,f-lig-Z-1,f-lig-Z-2,f-lig-Z-3,f-lig-I-0,f-lig-I-1,f-lig-I-2,f-lig-I-3,f-lig-T-0,f-lig-T-1,f-lig-T-2,f-lig-T-3,f-lig-S-0,f-lig-S-1,f-lig-S-2,f-lig-S-3,name
154.40439999999998,306.5609999999999,486.24039999999997,592.6820000000001,694.0,1392.0,2080.0,2264.0,22.0,46.0,72.0,92.0,118.0,294.0,424.0,476.0,10.0678,23.331000000000003,34.8104,40.55000000000001,KIYMIQ_clean_primitive
154.40439999999995,306.561,486.2403999999999,592.682,694.0,1392.0,2080.0,2264.0,22.0,46.0,72.0,92.0,118.0,294.0,424.0,476.0,10.0678,23.331000000000003,34.8104,40.55000000000002,KIYMIQ_clean_primitive
154.40439999999998,306.5609999999999,486.24039999999997,592.6820000000001,694.0,1392.0,2080.0,2264.0,22.0,46.0,72.0,92.0,118.0,294.0,424.0,476.0,10.0678,23.331000000000003,34.8104,40.55000000000001,KIYMIQ_clean_primitive
154.40439999999998,306.561,486.24039999999997,592.6820000000001,694.0,1392.0,2080.0,2264.0,22.0,46.0,72.0,92.0,118.0,294.0,424.0,476.0,10.0678,23.331,34.8104,40.55000000000001,KIYMIQ_clean_primitive
154.40439999999998,306.561,486.24039999999997,592.6820000000001,694.0,1392.0,2080.0,2264.0,22.0,46.0,72.0,92.0,118.0,294.0,424.0,476.0,10.0678,23.331,34.8104,40.55000000000001,KIYMIQ_clean_primitive
154.40439999999995,306.561,486.24039999999997,592.6819999999999,694.0,1392.0,2080.0,2264.0,22.0,46.0,72.0,92.0,118.0,294.0,424.0,476.0,10.0678,23.331000000000007,34.81040000000001,40.55000000000001,KIYMIQ_clean_primitive
