f-chi-0-all,f-chi-1-all,f-chi-2-all,f-chi-3-all,f-Z-0-all,f-Z-1-all,f-Z-2-all,f-Z-3-all,f-I-0-all,f-I-1-all,f-I-2-all,f-I-3-all,f-T-0-all,f-T-1-all,f-T-2-all,f-T-3-all,f-S-0-all,f-S-1-all,f-S-2-all,f-S-3-all,mc-chi-0-all,mc-chi-1-all,mc-chi-2-all,mc-chi-3-all,mc-Z-0-all,mc-Z-1-all,mc-Z-2-all,mc-Z-3-all,mc-I-0-all,mc-I-1-all,mc-I-2-all,mc-I-3-all,mc-T-0-all,mc-T-1-all,mc-T-2-all,mc-T-3-all,mc-S-0-all,mc-S-1-all,mc-S-2-all,mc-S-3-all,D_mc-chi-0-all,D_mc-chi-1-all,D_mc-chi-2-all,D_mc-chi-3-all,D_mc-Z-0-all,D_mc-Z-1-all,D_mc-Z-2-all,D_mc-Z-3-all,D_mc-I-0-all,D_mc-I-1-all,D_mc-I-2-all,D_mc-I-3-all,D_mc-T-0-all,D_mc-T-1-all,D_mc-T-2-all,D_mc-T-3-all,D_mc-S-0-all,D_mc-S-1-all,D_mc-S-2-all,D_mc-S-3-all,name
186.20759999999996,402.47999999999985,1341.6168,1216.1087999999997,1710.0,6432.0,12600.0,12576.0,24.0,84.0,174.0,192.0,330.0,1296.0,2436.0,2160.0,24.367200000000015,81.38040000000002,169.3038,155.7528,0.8649000000000003,15.996,12.9456,31.88040000000001,121.0,440.0,748.0,880.0,1.0,5.0,8.0,11.0,26.0,94.0,168.0,176.0,2.4025000000000003,5.6575,14.384,12.694499999999998,0.0,-12.549999999999999,-6.4799999999999995,-24.049999999999997,0.0,15.0,20.0,41.0,0.0,0.0,0.0,0.0,0.0,8.0,8.0,18.0,0.0,4.1000000000000005,3.1200000000000006,8.860000000000003,KIYMIQ_clean_primitive
186.20759999999996,402.4799999999999,1341.6168,1216.1087999999997,1710.0,6432.0,12600.0,12576.0,24.0,84.0,174.0,192.0,330.0,1296.0,2436.0,2160.0,24.36720000000001,81.38040000000001,169.3038,155.75279999999995,0.8649000000000003,15.996,12.9456,31.88040000000001,121.0,440.0,748.0,880.0,1.0,5.0,8.0,11.0,26.0,94.0,168.0,176.0,2.4025000000000003,5.6575,14.384,12.694499999999998,0.0,-12.549999999999999,-6.4799999999999995,-24.049999999999997,0.0,15.0,20.0,41.0,0.0,0.0,0.0,0.0,0.0,8.0,8.0,18.0,0.0,4.1000000000000005,3.1200000000000006,8.860000000000003,KIYMIQ_clean_primitive
