f-chi-0-all,f-chi-1-all,f-chi-2-all,f-chi-3-all,f-Z-0-all,f-Z-1-all,f-Z-2-all,f-Z-3-all,f-I-0-all,f-I-1-all,f-I-2-all,f-I-3-all,f-T-0-all,f-T-1-all,f-T-2-all,f-T-3-all,f-S-0-all,f-S-1-all,f-S-2-all,f-S-3-all,mc-chi-0-all,mc-chi-1-all,mc-chi-2-all,mc-chi-3-all,mc-Z-0-all,mc-Z-1-all,mc-Z-2-all,mc-Z-3-all,mc-I-0-all,mc-I-1-all,mc-I-2-all,mc-I-3-all,mc-T-0-all,mc-T-1-all,mc-T-2-all,mc-T-3-all,mc-S-0-all,mc-S-1-all,mc-S-2-all,mc-S-3-all,D_mc-chi-0-all,D_mc-chi-1-all,D_mc-chi-2-all,D_mc-chi-3-all,D_mc-Z-0-all,D_mc-Z-1-all,D_mc-Z-2-all,D_mc-Z-3-all,D_mc-I-0-all,D_mc-I-1-all,D_mc-I-2-all,D_mc-I-3-all,D_mc-T-0-all,D_mc-T-1-all,D_mc-T-2-all,D_mc-T-3-all,D_mc-S-0-all,D_mc-S-1-all,D_mc-S-2-all,D_mc-S-3-all,name
244.2375999999999,412.7999999999996,1493.4719999999998,1469.5679999999995,9250.0,17664.0,16752.0,15744.0,26.0,64.0,144.0,176.0,224.0,640.0,864.0,896.0,18.914400000000008,57.232,94.99439999999997,109.55840000000003,1.44,33.024,18.359999999999996,34.872,3969.0,4032.0,2268.0,4284.0,1.0,8.0,6.0,10.0,64.0,128.0,144.0,208.0,2.8223999999999996,9.8112,7.7616,12.6672,0.0,-17.92,-8.1,-17.06,0.0,440.0,342.0,562.0,0.0,0.0,0.0,0.0,0.0,48.0,30.0,54.0,0.0,7.6000000000000005,5.46,9.26,RAVDEZ_clean_primitive
244.2375999999999,412.7999999999996,1493.4719999999998,1469.5679999999995,9250.0,17664.0,16752.0,15744.0,26.0,64.0,144.0,176.0,224.0,640.0,864.0,896.0,18.914400000000004,57.232,94.99439999999997,109.55840000000003,1.44,33.024,18.359999999999996,34.872,3969.0,4032.0,2268.0,4284.0,1.0,8.0,6.0,10.0,64.0,128.0,144.0,208.0,2.8223999999999996,9.8112,7.7616,12.6672,0.0,-17.92,-8.1,-17.06,0.0,440.0,342.0,562.0,0.0,0.0,0.0,0.0,0.0,48.0,30.0,54.0,0.0,7.6000000000000005,5.46,9.26,RAVDEZ_clean_primitive
