f-link-chi-0,f-link-chi-1,f-link-chi-2,f-link-chi-3,f-link-Z-0,f-link-Z-1,f-link-Z-2,f-link-Z-3,f-link-I-0,f-link-I-1,f-link-I-2,f-link-I-3,f-link-T-0,f-link-T-1,f-link-T-2,f-link-T-3,f-link-S-0,f-link-S-1,f-link-S-2,f-link-S-3,name
187.2596,400.0440000000001,619.5970000000001,765.3679999999999,942.0,1848.0,2436.0,2696.0,31.0,64.0,102.0,128.0,166.0,408.0,568.0,604.0,13.294600000000006,31.262000000000008,45.31620000000001,51.483999999999995,YUQNAB
187.2596,400.0440000000001,619.5970000000001,765.3679999999999,942.0,1848.0,2436.0,2696.0,31.0,64.0,102.0,128.0,166.0,408.0,568.0,604.0,13.294600000000006,31.262000000000008,45.31620000000001,51.483999999999995,YUQNAB
187.25960000000003,400.04400000000015,619.5969999999999,765.3680000000002,942.0,1848.0,2436.0,2696.0,31.0,64.0,102.0,128.0,166.0,408.0,568.0,604.0,13.294600000000004,31.26200000000001,45.31620000000001,51.484,YUQNAB
187.25960000000003,400.04400000000015,619.5969999999999,765.3680000000002,942.0,1848.0,2436.0,2696.0,31.0,64.0,102.0,128.0,166.0,408.0,568.0,604.0,13.294600000000004,31.26200000000001,45.31620000000001,51.48400000000001,YUQNAB
187.2596,400.04400000000015,619.5970000000001,765.3679999999999,942.0,1848.0,2436.0,2696.0,31.0,64.0,102.0,128.0,166.0,408.0,568.0,604.0,13.294600000000006,31.262000000000008,45.31620000000001,51.483999999999995,YUQNAB
187.2596,400.04400000000015,619.5970000000001,765.3679999999999,942.0,1848.0,2436.0,2696.0,31.0,64.0,102.0,128.0,166.0,408.0,568.0,604.0,13.294600000000006,31.262000000000008,45.3162,51.484,YUQNAB
187.2596,400.0440000000001,619.597,765.3679999999999,942.0,1848.0,2436.0,2696.0,31.0,64.0,102.0,128.0,166.0,408.0,568.0,604.0,13.294600000000004,31.262000000000008,45.31620000000001,51.48400000000001,YUQNAB
187.2596,400.0440000000001,619.597,765.3679999999999,942.0,1848.0,2436.0,2696.0,31.0,64.0,102.0,128.0,166.0,408.0,568.0,604.0,13.294600000000004,31.262000000000008,45.31620000000001,51.484,YUQNAB
