f-lig-chi-0,f-lig-chi-1,f-lig-chi-2,f-lig-chi-3,f-lig-Z-0,f-lig-Z-1,f-lig-Z-2,f-lig-Z-3,f-lig-I-0,f-lig-I-1,f-lig-I-2,f-lig-I-3,f-lig-T-0,f-lig-T-1,f-lig-T-2,f-lig-T-3,f-lig-S-0,f-lig-S-1,f-lig-S-2,f-lig-S-3,name
145.2151,280.75500000000005,469.72759999999994,529.7388,613.0,1188.0,1694.0,1398.0,20.0,40.0,66.0,78.0,106.0,260.0,346.0,326.0,8.365199999999998,18.972800000000007,27.894599999999993,28.626999999999995,TIJPOT_clean_primitive
145.2151,280.75500000000005,469.72759999999994,529.7388,613.0,1188.0,1694.0,1398.0,20.0,40.0,66.0,78.0,106.0,260.0,346.0,326.0,8.365199999999998,18.972800000000007,27.894599999999993,28.626999999999995,TIJPOT_clean_primitive
145.2151,280.75500000000005,469.72759999999994,529.7388,613.0,1188.0,1694.0,1398.0,20.0,40.0,66.0,78.0,106.0,260.0,346.0,326.0,8.365199999999998,18.972800000000007,27.894599999999997,28.626999999999995,TIJPOT_clean_primitive
145.2151,280.75500000000005,469.72759999999994,529.7388,613.0,1188.0,1694.0,1398.0,20.0,40.0,66.0,78.0,106.0,260.0,346.0,326.0,8.365199999999998,18.972800000000007,27.894599999999997,28.626999999999995,TIJPOT_clean_primitive
