f-lig-chi-0,f-lig-chi-1,f-lig-chi-2,f-lig-chi-3,f-lig-Z-0,f-lig-Z-1,f-lig-Z-2,f-lig-Z-3,f-lig-I-0,f-lig-I-1,f-lig-I-2,f-lig-I-3,f-lig-T-0,f-lig-T-1,f-lig-T-2,f-lig-T-3,f-lig-S-0,f-lig-S-1,f-lig-S-2,f-lig-S-3,name
177.0894,355.011,557.1304000000001,682.4419999999998,768.0,1560.0,2272.0,2360.0,26.0,54.0,84.0,108.0,138.0,342.0,484.0,524.0,11.527400000000002,26.84220000000001,39.46120000000001,45.1084,PUPNAQ_clean_primitive
177.0894,355.011,557.1304000000001,682.4419999999998,768.0,1560.0,2272.0,2360.0,26.0,54.0,84.0,108.0,138.0,342.0,484.0,524.0,11.527400000000002,26.84220000000001,39.46120000000001,45.1084,PUPNAQ_clean_primitive
163.3964,370.59400000000005,575.4064,623.5930000000001,638.0,1516.0,2104.0,1792.0,26.0,56.0,88.0,102.0,144.0,360.0,520.0,502.0,10.733800000000002,26.766400000000008,39.460000000000015,39.33580000000002,PUPNAQ_clean_primitive
163.3964,370.59400000000005,575.4064,623.5930000000001,638.0,1516.0,2104.0,1792.0,26.0,56.0,88.0,102.0,144.0,360.0,520.0,502.0,10.733800000000002,26.766400000000008,39.460000000000015,39.33580000000001,PUPNAQ_clean_primitive
177.0894,355.0110000000001,557.1304,682.442,768.0,1560.0,2272.0,2360.0,26.0,54.0,84.0,108.0,138.0,342.0,484.0,524.0,11.5274,26.84220000000001,39.46120000000001,45.1084,PUPNAQ_clean_primitive
177.08939999999998,355.0110000000001,557.1304,682.442,768.0,1560.0,2272.0,2360.0,26.0,54.0,84.0,108.0,138.0,342.0,484.0,524.0,11.5274,26.84220000000001,39.46120000000001,45.1084,PUPNAQ_clean_primitive
