f-chi-0-all,f-chi-1-all,f-chi-2-all,f-chi-3-all,f-Z-0-all,f-Z-1-all,f-Z-2-all,f-Z-3-all,f-I-0-all,f-I-1-all,f-I-2-all,f-I-3-all,f-T-0-all,f-T-1-all,f-T-2-all,f-T-3-all,f-S-0-all,f-S-1-all,f-S-2-all,f-S-3-all,mc-chi-0-all,mc-chi-1-all,mc-chi-2-all,mc-chi-3-all,mc-Z-0-all,mc-Z-1-all,mc-Z-2-all,mc-Z-3-all,mc-I-0-all,mc-I-1-all,mc-I-2-all,mc-I-3-all,mc-T-0-all,mc-T-1-all,mc-T-2-all,mc-T-3-all,mc-S-0-all,mc-S-1-all,mc-S-2-all,mc-S-3-all,D_mc-chi-0-all,D_mc-chi-1-all,D_mc-chi-2-all,D_mc-chi-3-all,D_mc-Z-0-all,D_mc-Z-1-all,D_mc-Z-2-all,D_mc-Z-3-all,D_mc-I-0-all,D_mc-I-1-all,D_mc-I-2-all,D_mc-I-3-all,D_mc-T-0-all,D_mc-T-1-all,D_mc-T-2-all,D_mc-T-3-all,D_mc-S-0-all,D_mc-S-1-all,D_mc-S-2-all,D_mc-S-3-all,name
91.396,135.8112,374.28,271.20959999999997,4533.0,6912.0,8760.0,4320.0,11.0,24.0,38.0,36.0,70.0,184.0,192.0,104.0,10.547899999999998,24.090000000000003,30.3182,27.856800000000003,1.2100000000000002,22.704,9.636000000000001,33.924,3249.0,2736.0,3420.0,4104.0,1.0,6.0,4.0,10.0,36.0,72.0,96.0,84.0,2.8560999999999996,7.4022,7.1656,12.6074,0.0,-14.04,-4.359999999999999,-19.839999999999996,0.0,294.0,168.0,498.0,0.0,0.0,0.0,0.0,0.0,24.0,8.0,46.0,0.0,5.76,2.5199999999999996,9.440000000000001,CAVSUP_clean_primitive
91.396,135.81119999999999,374.28000000000003,271.20959999999997,4533.0,6912.0,8760.0,4320.0,11.0,24.0,38.0,36.0,70.0,184.0,192.0,104.0,10.547899999999998,24.09,30.3182,27.856800000000003,1.2100000000000002,22.704,9.636000000000001,33.924,3249.0,2736.0,3420.0,4104.0,1.0,6.0,4.0,10.0,36.0,72.0,96.0,84.0,2.8560999999999996,7.4022,7.1656,12.6074,0.0,-14.04,-4.359999999999999,-19.839999999999996,0.0,294.0,168.0,498.0,0.0,0.0,0.0,0.0,0.0,24.0,8.0,46.0,0.0,5.76,2.5199999999999996,9.440000000000001,CAVSUP_clean_primitive
