f-lig-chi-0,f-lig-chi-1,f-lig-chi-2,f-lig-chi-3,f-lig-Z-0,f-lig-Z-1,f-lig-Z-2,f-lig-Z-3,f-lig-I-0,f-lig-I-1,f-lig-I-2,f-lig-I-3,f-lig-T-0,f-lig-T-1,f-lig-T-2,f-lig-T-3,f-lig-S-0,f-lig-S-1,f-lig-S-2,f-lig-S-3,name
122.2282,268.821,406.2200000000001,458.81200000000007,466.0,1080.0,1400.0,1288.0,20.0,42.0,64.0,76.0,106.0,258.0,352.0,360.0,8.1492,19.850600000000007,27.907200000000003,28.971600000000002,REYPIW_clean_primitive
122.2282,268.821,406.2200000000001,458.81200000000007,466.0,1080.0,1400.0,1288.0,20.0,42.0,64.0,76.0,106.0,258.0,352.0,360.0,8.1492,19.850600000000007,27.907200000000003,28.971600000000002,REYPIW_clean_primitive
122.2282,268.821,406.2200000000001,458.81200000000007,466.0,1080.0,1400.0,1288.0,20.0,42.0,64.0,76.0,106.0,258.0,352.0,360.0,8.1492,19.850600000000007,27.907200000000003,28.971600000000002,REYPIW_clean_primitive
101.06919999999998,177.16539999999998,255.0276,228.85779999999994,547.0,964.0,1386.0,1240.0,11.0,22.0,30.0,26.0,52.0,118.0,144.0,106.0,6.1907,12.6142,17.055,14.6826,REYPIW_clean_primitive
101.0692,177.16539999999998,255.02759999999995,228.8578,547.0,964.0,1386.0,1240.0,11.0,22.0,30.0,26.0,52.0,118.0,144.0,106.0,6.1907,12.6142,17.055000000000003,14.6826,REYPIW_clean_primitive
