f-lig-chi-0,f-lig-chi-1,f-lig-chi-2,f-lig-chi-3,f-lig-Z-0,f-lig-Z-1,f-lig-Z-2,f-lig-Z-3,f-lig-I-0,f-lig-I-1,f-lig-I-2,f-lig-I-3,f-lig-T-0,f-lig-T-1,f-lig-T-2,f-lig-T-3,f-lig-S-0,f-lig-S-1,f-lig-S-2,f-lig-S-3,name
207.55409999999998,404.37899999999985,592.4255999999998,613.6829999999999,1140.0,2232.0,3264.0,3384.0,27.0,58.0,82.0,86.0,140.0,326.0,416.0,420.0,15.648300000000003,34.018600000000006,47.888200000000005,50.25020000000002,YUMFUJ_clean_primitive
207.55409999999998,404.37899999999985,592.4255999999998,613.6829999999999,1140.0,2232.0,3264.0,3384.0,27.0,58.0,82.0,86.0,140.0,326.0,416.0,420.0,15.648300000000003,34.018600000000006,47.888200000000005,50.25020000000002,YUMFUJ_clean_primitive
207.55409999999992,404.37899999999985,592.4255999999998,613.6829999999998,1140.0,2232.0,3264.0,3384.0,27.0,58.0,82.0,86.0,140.0,326.0,416.0,420.0,15.6483,34.018600000000006,47.888200000000005,50.25020000000002,YUMFUJ_clean_primitive
207.55409999999995,404.37899999999985,592.4255999999998,613.6829999999998,1140.0,2232.0,3264.0,3384.0,27.0,58.0,82.0,86.0,140.0,326.0,416.0,420.0,15.6483,34.018600000000006,47.888200000000005,50.25020000000002,YUMFUJ_clean_primitive
