f-lig-chi-0,f-lig-chi-1,f-lig-chi-2,f-lig-chi-3,f-lig-Z-0,f-lig-Z-1,f-lig-Z-2,f-lig-Z-3,f-lig-I-0,f-lig-I-1,f-lig-I-2,f-lig-I-3,f-lig-T-0,f-lig-T-1,f-lig-T-2,f-lig-T-3,f-lig-S-0,f-lig-S-1,f-lig-S-2,f-lig-S-3,name
126.55760000000001,226.84799999999996,352.8243999999999,415.3309999999999,2996.0,1824.0,3088.0,4004.0,16.0,32.0,48.0,58.0,80.0,192.0,256.0,250.0,9.7478,18.634000000000007,27.788,32.933800000000005,AZAFIS_clean_primitive
126.55760000000001,226.84799999999996,352.8243999999999,415.3309999999999,2996.0,1824.0,3088.0,4004.0,16.0,32.0,48.0,58.0,80.0,192.0,256.0,250.0,9.7478,18.634000000000004,27.788,32.9338,AZAFIS_clean_primitive
