name,cif_file,Di,Df,Dif,rho,VSA,GSA,VPOV,GPOV,POAV_vol_frac,PONAV_vol_frac,GPOAV,GPONAV,POAV,PONAV
UiO-66-F,UiO-66-F.cif,7.57069,3.95671,7.56584,1.31735,863.381,655.392,0.40349999999999997,0.30629673207575814,0.3021,0.1014,0.229324,0.0769727,674.782,226.491
