f-lig-chi-0,f-lig-chi-1,f-lig-chi-2,f-lig-chi-3,f-lig-Z-0,f-lig-Z-1,f-lig-Z-2,f-lig-Z-3,f-lig-I-0,f-lig-I-1,f-lig-I-2,f-lig-I-3,f-lig-T-0,f-lig-T-1,f-lig-T-2,f-lig-T-3,f-lig-S-0,f-lig-S-1,f-lig-S-2,f-lig-S-3,name
180.60320000000002,404.73600000000016,626.0300000000003,755.8669999999998,686.0,1632.0,2216.0,2228.0,30.0,64.0,100.0,126.0,164.0,408.0,580.0,634.0,12.254200000000004,30.43040000000001,44.32360000000001,49.40060000000001,QITZIE_clean_primitive
180.6032,404.73600000000016,626.0300000000001,755.867,686.0,1632.0,2216.0,2228.0,30.0,64.0,100.0,126.0,164.0,408.0,580.0,634.0,12.254200000000003,30.430400000000013,44.323600000000006,49.40060000000001,QITZIE_clean_primitive
180.60320000000002,404.73600000000016,626.03,755.8669999999998,686.0,1632.0,2216.0,2228.0,30.0,64.0,100.0,126.0,164.0,408.0,580.0,634.0,12.2542,30.43040000000001,44.323600000000006,49.400600000000004,QITZIE_clean_primitive
188.923,377.09400000000005,588.2914000000001,716.2619999999997,832.0,1680.0,2440.0,2472.0,27.0,56.0,86.0,108.0,142.0,348.0,478.0,492.0,12.060299999999998,27.904800000000012,40.40060000000001,44.7436,QITZIE_clean_primitive
180.60320000000002,404.7360000000001,626.0300000000001,755.867,686.0,1632.0,2216.0,2228.0,30.0,64.0,100.0,126.0,164.0,408.0,580.0,634.0,12.254200000000003,30.430400000000013,44.323600000000006,49.40060000000001,QITZIE_clean_primitive
188.923,377.09400000000005,588.2914000000001,716.2619999999997,832.0,1680.0,2440.0,2472.0,27.0,56.0,86.0,108.0,142.0,348.0,478.0,492.0,12.060300000000002,27.904800000000005,40.400600000000004,44.74360000000001,QITZIE_clean_primitive
188.923,377.094,588.2914000000001,716.262,832.0,1680.0,2440.0,2472.0,27.0,56.0,86.0,108.0,142.0,348.0,478.0,492.0,12.060300000000005,27.904800000000005,40.4006,44.7436,QITZIE_clean_primitive
188.923,377.09400000000005,588.2914000000001,716.262,832.0,1680.0,2440.0,2472.0,27.0,56.0,86.0,108.0,142.0,348.0,478.0,492.0,12.060300000000005,27.90480000000001,40.400600000000004,44.7436,QITZIE_clean_primitive
