f-lig-chi-0,f-lig-chi-1,f-lig-chi-2,f-lig-chi-3,f-lig-Z-0,f-lig-Z-1,f-lig-Z-2,f-lig-Z-3,f-lig-I-0,f-lig-I-1,f-lig-I-2,f-lig-I-3,f-lig-T-0,f-lig-T-1,f-lig-T-2,f-lig-T-3,f-lig-S-0,f-lig-S-1,f-lig-S-2,f-lig-S-3,name
230.5746,515.7630000000001,796.8186000000001,920.7779999999998,954.0,2232.0,3114.0,3192.0,36.0,78.0,120.0,144.0,198.0,486.0,678.0,720.0,15.690000000000001,38.484600000000015,55.72320000000002,60.78240000000003,FIRNOL_clean_primitive
230.5746,515.7630000000001,796.8186000000001,920.7779999999998,954.0,2232.0,3114.0,3192.0,36.0,78.0,120.0,144.0,198.0,486.0,678.0,720.0,15.690000000000001,38.484600000000015,55.72320000000003,60.78240000000003,FIRNOL_clean_primitive
174.852,311.3248,471.9667999999999,559.3151999999998,900.0,1600.0,2384.0,2646.0,20.0,40.0,60.0,74.0,100.0,240.0,332.0,378.0,10.405199999999999,21.812800000000003,32.014,37.747400000000006,FIRNOL_clean_primitive
230.5746,515.7630000000003,796.8186000000002,920.7779999999997,954.0,2232.0,3114.0,3192.0,36.0,78.0,120.0,144.0,198.0,486.0,678.0,720.0,15.690000000000001,38.484600000000015,55.72320000000002,60.78240000000003,FIRNOL_clean_primitive
174.85199999999998,311.3248,471.96679999999986,559.3151999999998,900.0,1600.0,2384.0,2646.0,20.0,40.0,60.0,74.0,100.0,240.0,332.0,378.0,10.405199999999999,21.8128,32.013999999999996,37.747400000000006,FIRNOL_clean_primitive
174.85199999999998,311.32480000000004,471.96679999999986,559.3151999999998,900.0,1600.0,2384.0,2646.0,20.0,40.0,60.0,74.0,100.0,240.0,332.0,378.0,10.405199999999999,21.8128,32.01399999999999,37.74740000000002,FIRNOL_clean_primitive
