f-lig-chi-0,f-lig-chi-1,f-lig-chi-2,f-lig-chi-3,f-lig-Z-0,f-lig-Z-1,f-lig-Z-2,f-lig-Z-3,f-lig-I-0,f-lig-I-1,f-lig-I-2,f-lig-I-3,f-lig-T-0,f-lig-T-1,f-lig-T-2,f-lig-T-3,f-lig-S-0,f-lig-S-1,f-lig-S-2,f-lig-S-3,name
243.3377,522.3700000000002,801.7124,980.6924,998.0,2200.0,3044.0,3188.0,37.0,78.0,120.0,150.0,198.0,486.0,672.0,704.0,15.737300000000003,37.77740000000001,54.368800000000014,60.90100000000002,BIHMUC_clean_primitive
144.0441,255.969,399.64559999999994,462.2129999999999,711.0,1260.0,1896.0,1944.0,18.0,36.0,54.0,66.0,90.0,216.0,294.0,306.0,8.9442,19.126800000000003,27.591,31.000200000000007,BIHMUC_clean_primitive
243.3377,522.3700000000002,801.7124,980.6923999999999,998.0,2200.0,3044.0,3188.0,37.0,78.0,120.0,150.0,198.0,486.0,672.0,704.0,15.737300000000003,37.77740000000001,54.368800000000014,60.90100000000002,BIHMUC_clean_primitive
144.04410000000001,255.96899999999994,399.6455999999999,462.21299999999985,711.0,1260.0,1896.0,1944.0,18.0,36.0,54.0,66.0,90.0,216.0,294.0,306.0,8.944199999999999,19.126800000000003,27.590999999999998,31.00020000000002,BIHMUC_clean_primitive
