f-lig-chi-0,f-lig-chi-1,f-lig-chi-2,f-lig-chi-3,f-lig-Z-0,f-lig-Z-1,f-lig-Z-2,f-lig-Z-3,f-lig-I-0,f-lig-I-1,f-lig-I-2,f-lig-I-3,f-lig-T-0,f-lig-T-1,f-lig-T-2,f-lig-T-3,f-lig-S-0,f-lig-S-1,f-lig-S-2,f-lig-S-3,name
332.4590999999999,685.8990000000003,1103.4456,1446.7379999999998,1569.0,3396.0,5304.0,6244.0,51.0,108.0,174.0,240.0,282.0,720.0,1086.0,1344.0,22.878600000000002,55.59400000000003,86.29580000000001,109.98240000000001,OSUVIJ_clean_primitive
332.4590999999999,685.8990000000003,1103.4456000000002,1446.7379999999996,1569.0,3396.0,5304.0,6244.0,51.0,108.0,174.0,240.0,282.0,720.0,1086.0,1344.0,22.878600000000002,55.59400000000002,86.29580000000003,109.9824,OSUVIJ_clean_primitive
332.4590999999999,685.8990000000006,1103.4456000000005,1446.7380000000007,1569.0,3396.0,5304.0,6244.0,51.0,108.0,174.0,240.0,282.0,720.0,1086.0,1344.0,22.87860000000002,55.59400000000003,86.29580000000003,109.9824000000001,OSUVIJ_clean_primitive
332.4590999999999,685.8990000000006,1103.4455999999998,1446.7380000000003,1569.0,3396.0,5304.0,6244.0,51.0,108.0,174.0,240.0,282.0,720.0,1086.0,1344.0,22.87860000000002,55.59400000000003,86.29580000000003,109.9824000000001,OSUVIJ_clean_primitive
