f-chi-0-all,f-chi-1-all,f-chi-2-all,f-chi-3-all,f-Z-0-all,f-Z-1-all,f-Z-2-all,f-Z-3-all,f-I-0-all,f-I-1-all,f-I-2-all,f-I-3-all,f-T-0-all,f-T-1-all,f-T-2-all,f-T-3-all,f-S-0-all,f-S-1-all,f-S-2-all,f-S-3-all,mc-chi-0-all,mc-chi-1-all,mc-chi-2-all,mc-chi-3-all,mc-Z-0-all,mc-Z-1-all,mc-Z-2-all,mc-Z-3-all,mc-I-0-all,mc-I-1-all,mc-I-2-all,mc-I-3-all,mc-T-0-all,mc-T-1-all,mc-T-2-all,mc-T-3-all,mc-S-0-all,mc-S-1-all,mc-S-2-all,mc-S-3-all,D_mc-chi-0-all,D_mc-chi-1-all,D_mc-chi-2-all,D_mc-chi-3-all,D_mc-Z-0-all,D_mc-Z-1-all,D_mc-Z-2-all,D_mc-Z-3-all,D_mc-I-0-all,D_mc-I-1-all,D_mc-I-2-all,D_mc-I-3-all,D_mc-T-0-all,D_mc-T-1-all,D_mc-T-2-all,D_mc-T-3-all,D_mc-S-0-all,D_mc-S-1-all,D_mc-S-2-all,D_mc-S-3-all,name
248.2797999999999,465.6383999999999,1269.7408,1279.6799999999998,9169.0,16224.0,25928.0,22752.0,27.0,68.0,130.0,164.0,214.0,616.0,954.0,1048.0,20.506500000000006,58.72119999999999,96.0782,115.98240000000001,2.5268799999999993,32.446079999999995,18.6436,41.002480000000006,2493.0,2390.4,3520.8,3319.2,1.0,6.0,5.2,9.2,36.0,76.8,108.0,134.4,2.3235400000000004,6.666359999999999,7.2092399999999985,10.700800000000001,0.0,-11.208,-4.491999999999999,-14.071999999999997,0.0,250.8,195.6,405.6,0.0,0.0,0.0,0.0,0.0,23.2,13.2,32.8,0.0,4.752,3.376,7.396000000000001,WUYXIZ_clean_primitive
99.86769999999999,175.0272,389.48400000000004,315.792,2832.0,5184.0,4224.0,1728.0,11.0,24.0,38.0,36.0,70.0,184.0,192.0,104.0,7.759399999999999,19.71,25.1038,20.2356,2.5268799999999993,32.446079999999995,18.6436,41.002480000000006,2493.0,2390.4,3520.8,3319.2,1.0,6.0,5.2,9.2,36.0,76.8,108.0,134.4,2.3235400000000004,6.666359999999999,7.2092399999999985,10.700800000000001,0.0,-11.208,-4.491999999999999,-14.071999999999997,0.0,250.8,195.6,405.6,0.0,0.0,0.0,0.0,0.0,23.2,13.2,32.8,0.0,4.752,3.376,7.396000000000001,WUYXIZ_clean_primitive
99.8677,175.0272,389.48400000000004,315.7919999999999,2832.0,5184.0,4224.0,1728.0,11.0,24.0,38.0,36.0,70.0,184.0,192.0,104.0,7.7593999999999985,19.71,25.103799999999996,20.235599999999998,2.5268799999999993,32.446079999999995,18.6436,41.002480000000006,2493.0,2390.4,3520.8,3319.2,1.0,6.0,5.2,9.2,36.0,76.8,108.0,134.4,2.3235400000000004,6.666359999999999,7.2092399999999985,10.700800000000001,0.0,-11.208,-4.491999999999999,-14.071999999999997,0.0,250.8,195.6,405.6,0.0,0.0,0.0,0.0,0.0,23.2,13.2,32.8,0.0,4.752,3.376,7.396000000000001,WUYXIZ_clean_primitive
