f-link-chi-0,f-link-chi-1,f-link-chi-2,f-link-chi-3,f-link-Z-0,f-link-Z-1,f-link-Z-2,f-link-Z-3,f-link-I-0,f-link-I-1,f-link-I-2,f-link-I-3,f-link-T-0,f-link-T-1,f-link-T-2,f-link-T-3,f-link-S-0,f-link-S-1,f-link-S-2,f-link-S-3,name
53.99079999999999,71.0016,142.0032,0.0,512.0,1024.0,768.0,0.0,5.0,8.0,12.0,0.0,20.0,32.0,12.0,0.0,3.1719999999999997,5.9568,6.394799999999999,0.0,FUWYAY
53.99079999999999,71.0016,142.0032,0.0,512.0,1024.0,768.0,0.0,5.0,8.0,12.0,0.0,20.0,32.0,12.0,0.0,3.1719999999999997,5.9568,6.394799999999999,0.0,FUWYAY
62.390499999999996,128.71359999999999,155.544,90.4704,283.0,574.0,684.0,252.0,8.0,16.0,20.0,12.0,36.0,78.0,86.0,40.0,3.6792,7.950000000000001,9.348400000000002,4.47,FUWYAY
53.99079999999999,71.0016,142.0032,0.0,512.0,1024.0,768.0,0.0,5.0,8.0,12.0,0.0,20.0,32.0,12.0,0.0,3.1719999999999997,5.9568,6.394799999999999,0.0,FUWYAY
62.390499999999996,128.71359999999999,155.54399999999998,90.47040000000001,283.0,574.0,684.0,252.0,8.0,16.0,20.0,12.0,36.0,78.0,86.0,40.0,3.6792,7.949999999999999,9.3484,4.47,FUWYAY
62.390499999999996,128.71359999999999,155.54399999999998,90.47040000000001,283.0,574.0,684.0,252.0,8.0,16.0,20.0,12.0,36.0,78.0,86.0,40.0,3.6792,7.949999999999999,9.3484,4.47,FUWYAY
53.99079999999999,71.0016,142.0032,0.0,512.0,1024.0,768.0,0.0,5.0,8.0,12.0,0.0,20.0,32.0,12.0,0.0,3.1719999999999997,5.9568,6.394799999999999,0.0,FUWYAY
