f-chi-0-all,f-chi-1-all,f-chi-2-all,f-chi-3-all,f-Z-0-all,f-Z-1-all,f-Z-2-all,f-Z-3-all,f-I-0-all,f-I-1-all,f-I-2-all,f-I-3-all,f-T-0-all,f-T-1-all,f-T-2-all,f-T-3-all,f-S-0-all,f-S-1-all,f-S-2-all,f-S-3-all,mc-chi-0-all,mc-chi-1-all,mc-chi-2-all,mc-chi-3-all,mc-Z-0-all,mc-Z-1-all,mc-Z-2-all,mc-Z-3-all,mc-I-0-all,mc-I-1-all,mc-I-2-all,mc-I-3-all,mc-T-0-all,mc-T-1-all,mc-T-2-all,mc-T-3-all,mc-S-0-all,mc-S-1-all,mc-S-2-all,mc-S-3-all,D_mc-chi-0-all,D_mc-chi-1-all,D_mc-chi-2-all,D_mc-chi-3-all,D_mc-Z-0-all,D_mc-Z-1-all,D_mc-Z-2-all,D_mc-Z-3-all,D_mc-I-0-all,D_mc-I-1-all,D_mc-I-2-all,D_mc-I-3-all,D_mc-T-0-all,D_mc-T-1-all,D_mc-T-2-all,D_mc-T-3-all,D_mc-S-0-all,D_mc-S-1-all,D_mc-S-2-all,D_mc-S-3-all,name
308.58159999999987,586.7297999999997,2491.0571999999997,4746.233399999998,27040.0,86952.0,87024.0,38616.0,34.0,96.0,294.0,492.0,456.0,1956.0,3372.0,2658.0,25.90990000000003,101.10900000000001,241.47839999999985,289.44600000000014,1.9043999999999996,40.55819999999999,81.59939999999996,35.18999999999999,8464.0,22632.0,12696.0,5520.0,1.0,10.0,19.0,10.0,100.0,390.0,470.0,300.0,2.89,15.775999999999996,24.054999999999996,13.089999999999998,0.0,-15.590000000000002,-32.90999999999999,-11.700000000000001,0.0,674.0,1610.0,860.0,0.0,0.0,0.0,0.0,0.0,61.0,143.0,70.0,0.0,7.719999999999999,18.150000000000002,9.299999999999999,NALYEG_clean_primitive
308.58159999999987,586.7297999999997,2491.0571999999997,4746.233399999998,27040.0,86952.0,87024.0,38616.0,34.0,96.0,294.0,492.0,456.0,1956.0,3372.0,2658.0,25.90990000000003,101.10900000000001,241.47839999999985,289.44600000000014,1.9043999999999996,40.55819999999999,81.59939999999996,35.18999999999999,8464.0,22632.0,12696.0,5520.0,1.0,10.0,19.0,10.0,100.0,390.0,470.0,300.0,2.89,15.775999999999996,24.054999999999996,13.089999999999998,0.0,-15.590000000000002,-32.90999999999999,-11.700000000000001,0.0,674.0,1610.0,860.0,0.0,0.0,0.0,0.0,0.0,61.0,143.0,70.0,0.0,7.719999999999999,18.150000000000002,9.299999999999999,NALYEG_clean_primitive
