f-sbu-chi-0,f-sbu-chi-1,f-sbu-chi-2,f-sbu-chi-3,f-sbu-Z-0,f-sbu-Z-1,f-sbu-Z-2,f-sbu-Z-3,f-sbu-I-0,f-sbu-I-1,f-sbu-I-2,f-sbu-I-3,f-sbu-T-0,f-sbu-T-1,f-sbu-T-2,f-sbu-T-3,f-sbu-S-0,f-sbu-S-1,f-sbu-S-2,f-sbu-S-3,mc-chi-0,mc-chi-1,mc-chi-2,mc-chi-3,mc-Z-0,mc-Z-1,mc-Z-2,mc-Z-3,mc-I-0,mc-I-1,mc-I-2,mc-I-3,mc-T-0,mc-T-1,mc-T-2,mc-T-3,mc-S-0,mc-S-1,mc-S-2,mc-S-3,D_mc-chi-0,D_mc-chi-1,D_mc-chi-2,D_mc-chi-3,D_mc-Z-0,D_mc-Z-1,D_mc-Z-2,D_mc-Z-3,D_mc-I-0,D_mc-I-1,D_mc-I-2,D_mc-I-3,D_mc-T-0,D_mc-T-1,D_mc-T-2,D_mc-T-3,D_mc-S-0,D_mc-S-1,D_mc-S-2,D_mc-S-3,name
536.6947999999999,962.5407999999995,3142.451599999999,3473.4079999999985,18458.0,37048.0,53384.0,38592.0,62.0,152.0,332.0,424.0,536.0,1720.0,2548.0,2184.0,47.60000000000001,139.2840000000001,246.77519999999993,271.2936,2.0546,28.939733333333333,23.98826666666666,51.20793333333333,2601.0,2807.3333333333335,4320.666666666667,4396.0,1.0,6.666666666666667,7.333333333333333,13.333333333333334,48.0,120.0,178.66666666666666,210.66666666666666,2.6998666666666664,8.213866666666668,10.514533333333336,15.797599999999997,0.0,-14.106666666666667,-7.926666666666666,-20.13333333333333,0.0,300.6666666666667,293.3333333333333,582.6666666666666,0.0,0.0,0.0,0.0,0.0,31.333333333333332,25.333333333333332,60.0,0.0,6.346666666666668,5.84,12.426666666666664,LAZPUZ
536.6947999999999,962.5407999999998,3142.4515999999994,3473.4079999999985,18458.0,37048.0,53384.0,38592.0,62.0,152.0,332.0,424.0,536.0,1720.0,2548.0,2184.0,47.60000000000001,139.2840000000001,246.77519999999993,271.2936,2.0546,28.939733333333333,23.98826666666666,51.20793333333333,2601.0,2807.3333333333335,4320.666666666667,4396.0,1.0,6.666666666666667,7.333333333333333,13.333333333333334,48.0,120.0,178.66666666666666,210.66666666666666,2.6998666666666664,8.213866666666668,10.514533333333336,15.797599999999997,0.0,-14.106666666666667,-7.926666666666666,-20.13333333333333,0.0,300.6666666666667,293.3333333333333,582.6666666666666,0.0,0.0,0.0,0.0,0.0,31.333333333333332,25.333333333333332,60.0,0.0,6.346666666666668,5.84,12.426666666666664,LAZPUZ
