f-sbu-chi-0,f-sbu-chi-1,f-sbu-chi-2,f-sbu-chi-3,f-sbu-Z-0,f-sbu-Z-1,f-sbu-Z-2,f-sbu-Z-3,f-sbu-I-0,f-sbu-I-1,f-sbu-I-2,f-sbu-I-3,f-sbu-T-0,f-sbu-T-1,f-sbu-T-2,f-sbu-T-3,f-sbu-S-0,f-sbu-S-1,f-sbu-S-2,f-sbu-S-3,mc-chi-0,mc-chi-1,mc-chi-2,mc-chi-3,mc-Z-0,mc-Z-1,mc-Z-2,mc-Z-3,mc-I-0,mc-I-1,mc-I-2,mc-I-3,mc-T-0,mc-T-1,mc-T-2,mc-T-3,mc-S-0,mc-S-1,mc-S-2,mc-S-3,D_mc-chi-0,D_mc-chi-1,D_mc-chi-2,D_mc-chi-3,D_mc-Z-0,D_mc-Z-1,D_mc-Z-2,D_mc-Z-3,D_mc-I-0,D_mc-I-1,D_mc-I-2,D_mc-I-3,D_mc-T-0,D_mc-T-1,D_mc-T-2,D_mc-T-3,D_mc-S-0,D_mc-S-1,D_mc-S-2,D_mc-S-3,name
107.06009999999999,189.23200000000003,321.55099999999993,524.688,1347.0,2768.0,3998.0,2856.0,14.0,26.0,42.0,64.0,68.0,174.0,220.0,164.0,8.9606,18.1566,29.475399999999997,36.528800000000004,3.6481,30.56,38.964,80.1245,784.0,1036.0,1344.0,2044.0,1.0,5.0,8.0,16.0,25.0,65.0,120.0,160.0,1.4641,4.4891,7.453600000000001,11.8338,0.0,-6.45,-5.119999999999998,-11.390000000000002,0.0,103.0,176.0,375.0,0.0,0.0,0.0,0.0,0.0,12.0,16.0,48.0,0.0,2.34,3.5199999999999996,9.58,SUTJOI
107.06009999999999,189.23199999999997,321.5509999999999,524.688,1347.0,2768.0,3998.0,2856.0,14.0,26.0,42.0,64.0,68.0,174.0,220.0,164.0,8.960600000000001,18.1566,29.475399999999993,36.5288,3.6481,30.56,38.964,80.1245,784.0,1036.0,1344.0,2044.0,1.0,5.0,8.0,16.0,25.0,65.0,120.0,160.0,1.4641,4.4891,7.453600000000001,11.8338,0.0,-6.45,-5.119999999999998,-11.390000000000002,0.0,103.0,176.0,375.0,0.0,0.0,0.0,0.0,0.0,12.0,16.0,48.0,0.0,2.34,3.5199999999999996,9.58,SUTJOI
