f-chi-0-all,f-chi-1-all,f-chi-2-all,f-chi-3-all,f-Z-0-all,f-Z-1-all,f-Z-2-all,f-Z-3-all,f-I-0-all,f-I-1-all,f-I-2-all,f-I-3-all,f-T-0-all,f-T-1-all,f-T-2-all,f-T-3-all,f-S-0-all,f-S-1-all,f-S-2-all,f-S-3-all,mc-chi-0-all,mc-chi-1-all,mc-chi-2-all,mc-chi-3-all,mc-Z-0-all,mc-Z-1-all,mc-Z-2-all,mc-Z-3-all,mc-I-0-all,mc-I-1-all,mc-I-2-all,mc-I-3-all,mc-T-0-all,mc-T-1-all,mc-T-2-all,mc-T-3-all,mc-S-0-all,mc-S-1-all,mc-S-2-all,mc-S-3-all,D_mc-chi-0-all,D_mc-chi-1-all,D_mc-chi-2-all,D_mc-chi-3-all,D_mc-Z-0-all,D_mc-Z-1-all,D_mc-Z-2-all,D_mc-Z-3-all,D_mc-I-0-all,D_mc-I-1-all,D_mc-I-2-all,D_mc-I-3-all,D_mc-T-0-all,D_mc-T-1-all,D_mc-T-2-all,D_mc-T-3-all,D_mc-S-0-all,D_mc-S-1-all,D_mc-S-2-all,D_mc-S-3-all,name
457.16079999999977,829.728,2018.6727999999996,2402.4960000000005,9568.0,19584.0,39712.0,49920.0,52.0,120.0,220.0,336.0,340.0,944.0,1672.0,2384.0,38.136400000000016,95.83440000000002,168.47320000000005,258.2447999999999,2.722499999999999,25.542,20.79,80.7345,900.0,1080.0,3240.0,3420.0,1.0,4.5,6.0,15.0,21.0,49.0,106.0,155.0,1.7161000000000006,4.30335,8.174399999999999,14.501700000000001,0.0,-8.054999999999998,-2.7,-24.18,0.0,99.0,72.0,336.0,0.0,0.0,0.0,0.0,0.0,10.5,5.0,34.0,0.0,2.6100000000000003,1.6200000000000003,8.58,ASACON_clean_primitive
457.16079999999977,829.728,2018.6727999999996,2402.4960000000005,9568.0,19584.0,39712.0,49920.0,52.0,120.0,220.0,336.0,340.0,944.0,1672.0,2384.0,38.136400000000016,95.83440000000002,168.47320000000005,258.2447999999999,2.722499999999999,25.542,20.79,80.7345,900.0,1080.0,3240.0,3420.0,1.0,4.5,6.0,15.0,21.0,49.0,106.0,155.0,1.7161000000000006,4.30335,8.174399999999999,14.501700000000001,0.0,-8.054999999999998,-2.7,-24.18,0.0,99.0,72.0,336.0,0.0,0.0,0.0,0.0,0.0,10.5,5.0,34.0,0.0,2.6100000000000003,1.6200000000000003,8.58,ASACON_clean_primitive
