f-lig-chi-0,f-lig-chi-1,f-lig-chi-2,f-lig-chi-3,f-lig-Z-0,f-lig-Z-1,f-lig-Z-2,f-lig-Z-3,f-lig-I-0,f-lig-I-1,f-lig-I-2,f-lig-I-3,f-lig-T-0,f-lig-T-1,f-lig-T-2,f-lig-T-3,f-lig-S-0,f-lig-S-1,f-lig-S-2,f-lig-S-3,name
169.37379999999996,292.84199999999987,461.9707999999998,539.5289999999999,874.0,1512.0,2336.0,2568.0,20.0,40.0,60.0,74.0,100.0,240.0,332.0,378.0,10.466,21.99120000000001,32.13719999999999,37.96100000000001,MITGIF_clean_primitive
169.37379999999996,292.84199999999987,461.9707999999998,539.5289999999999,874.0,1512.0,2336.0,2568.0,20.0,40.0,60.0,74.0,100.0,240.0,332.0,378.0,10.466,21.99120000000001,32.13719999999999,37.96100000000001,MITGIF_clean_primitive
159.69379999999998,270.4019999999999,417.09079999999983,449.7689999999999,872.0,1488.0,2288.0,2472.0,18.0,36.0,52.0,58.0,88.0,204.0,260.0,280.0,10.1922,20.851600000000005,29.857999999999997,33.40260000000001,MITGIF_clean_primitive
