f-lig-chi-0,f-lig-chi-1,f-lig-chi-2,f-lig-chi-3,f-lig-Z-0,f-lig-Z-1,f-lig-Z-2,f-lig-Z-3,f-lig-I-0,f-lig-I-1,f-lig-I-2,f-lig-I-3,f-lig-T-0,f-lig-T-1,f-lig-T-2,f-lig-T-3,f-lig-S-0,f-lig-S-1,f-lig-S-2,f-lig-S-3,name
263.4805,548.4540000000001,878.9594,1086.0549999999996,1090.0,2328.0,3362.0,3598.0,40.0,84.0,134.0,172.0,218.0,542.0,770.0,860.0,17.032000000000004,40.81000000000002,60.55820000000003,70.1564,WOVDES_clean_primitive
191.55960000000002,430.6864000000001,694.5468000000001,730.055,738.0,1756.0,2388.0,1940.0,30.0,64.0,104.0,118.0,168.0,416.0,592.0,594.0,12.1326,30.124000000000017,44.3864,44.3654,WOVDES_clean_primitive
263.4805,548.4540000000001,878.9594000000002,1086.0549999999996,1090.0,2328.0,3362.0,3598.0,40.0,84.0,134.0,172.0,218.0,542.0,770.0,860.0,17.032000000000004,40.81000000000001,60.55820000000003,70.1564,WOVDES_clean_primitive
263.4805,548.4540000000003,878.9594000000002,1086.0549999999998,1090.0,2328.0,3362.0,3598.0,40.0,84.0,134.0,172.0,218.0,542.0,770.0,860.0,17.032000000000007,40.810000000000024,60.55820000000002,70.1564,WOVDES_clean_primitive
191.55960000000005,430.6864000000002,694.5467999999998,730.055,738.0,1756.0,2388.0,1940.0,30.0,64.0,104.0,118.0,168.0,416.0,592.0,594.0,12.1326,30.12400000000001,44.38640000000001,44.3654,WOVDES_clean_primitive
191.55960000000002,430.68640000000016,694.5467999999998,730.0549999999998,738.0,1756.0,2388.0,1940.0,30.0,64.0,104.0,118.0,168.0,416.0,592.0,594.0,12.132600000000005,30.124000000000013,44.3864,44.36539999999999,WOVDES_clean_primitive
191.55960000000005,430.68640000000016,694.5468,730.055,738.0,1756.0,2388.0,1940.0,30.0,64.0,104.0,118.0,168.0,416.0,592.0,594.0,12.132600000000004,30.124000000000013,44.3864,44.36539999999999,WOVDES_clean_primitive
263.4805,548.4540000000003,878.9594000000001,1086.0549999999996,1090.0,2328.0,3362.0,3598.0,40.0,84.0,134.0,172.0,218.0,542.0,770.0,860.0,17.032000000000007,40.81000000000001,60.55820000000002,70.1564,WOVDES_clean_primitive
