f-chi-0-all,f-chi-1-all,f-chi-2-all,f-chi-3-all,f-Z-0-all,f-Z-1-all,f-Z-2-all,f-Z-3-all,f-I-0-all,f-I-1-all,f-I-2-all,f-I-3-all,f-T-0-all,f-T-1-all,f-T-2-all,f-T-3-all,f-S-0-all,f-S-1-all,f-S-2-all,f-S-3-all,mc-chi-0-all,mc-chi-1-all,mc-chi-2-all,mc-chi-3-all,mc-Z-0-all,mc-Z-1-all,mc-Z-2-all,mc-Z-3-all,mc-I-0-all,mc-I-1-all,mc-I-2-all,mc-I-3-all,mc-T-0-all,mc-T-1-all,mc-T-2-all,mc-T-3-all,mc-S-0-all,mc-S-1-all,mc-S-2-all,mc-S-3-all,D_mc-chi-0-all,D_mc-chi-1-all,D_mc-chi-2-all,D_mc-chi-3-all,D_mc-Z-0-all,D_mc-Z-1-all,D_mc-Z-2-all,D_mc-Z-3-all,D_mc-I-0-all,D_mc-I-1-all,D_mc-I-2-all,D_mc-I-3-all,D_mc-T-0-all,D_mc-T-1-all,D_mc-T-2-all,D_mc-T-3-all,D_mc-S-0-all,D_mc-S-1-all,D_mc-S-2-all,D_mc-S-3-all,name
214.8078,411.14560000000006,941.9366,1566.1279999999992,2646.0,6432.0,10566.0,10848.0,27.0,56.0,112.0,196.0,168.0,488.0,782.0,840.0,16.2971,38.458400000000005,72.30559999999998,105.8436,3.6481,37.89439999999999,46.145599999999995,92.53949999999998,784.0,1288.0,2016.0,2688.0,1.0,6.0,10.0,17.0,36.0,96.0,174.0,216.0,1.4641,5.3482,8.8814,13.5641,0.0,-8.38,-5.059999999999999,-15.980000000000004,0.0,122.0,208.0,380.0,0.0,0.0,0.0,0.0,0.0,20.0,31.0,66.0,0.0,2.84,4.76,9.36,WOVDES_clean_primitive
214.8078,411.1456,941.9366000000001,1566.1279999999995,2646.0,6432.0,10566.0,10848.0,27.0,56.0,112.0,196.0,168.0,488.0,782.0,840.0,16.2971,38.458400000000005,72.3056,105.84360000000004,3.6481,37.89439999999999,46.145599999999995,92.53949999999998,784.0,1288.0,2016.0,2688.0,1.0,6.0,10.0,17.0,36.0,96.0,174.0,216.0,1.4641,5.3482,8.8814,13.5641,0.0,-8.38,-5.059999999999999,-15.980000000000004,0.0,122.0,208.0,380.0,0.0,0.0,0.0,0.0,0.0,20.0,31.0,66.0,0.0,2.84,4.76,9.36,WOVDES_clean_primitive
