f-lig-chi-0,f-lig-chi-1,f-lig-chi-2,f-lig-chi-3,f-lig-Z-0,f-lig-Z-1,f-lig-Z-2,f-lig-Z-3,f-lig-I-0,f-lig-I-1,f-lig-I-2,f-lig-I-3,f-lig-T-0,f-lig-T-1,f-lig-T-2,f-lig-T-3,f-lig-S-0,f-lig-S-1,f-lig-S-2,f-lig-S-3,name
96.4294,180.897,271.6572,293.09579999999994,685.0,960.0,1404.0,1374.0,13.0,26.0,38.0,42.0,64.0,150.0,190.0,164.0,6.576499999999999,13.721400000000001,19.177400000000002,19.3974,NIMWUD_clean_primitive
96.4294,180.89699999999996,271.6572,293.0958,685.0,960.0,1404.0,1374.0,13.0,26.0,38.0,42.0,64.0,150.0,190.0,164.0,6.5765,13.7214,19.1774,19.3974,NIMWUD_clean_primitive
96.4294,180.89700000000002,271.6572,293.09580000000005,685.0,960.0,1404.0,1374.0,13.0,26.0,38.0,42.0,64.0,150.0,190.0,164.0,6.576499999999999,13.721400000000003,19.177400000000002,19.3974,NIMWUD_clean_primitive
96.4294,180.897,271.6572,293.0958,685.0,960.0,1404.0,1374.0,13.0,26.0,38.0,42.0,64.0,150.0,190.0,164.0,6.5765,13.721399999999997,19.1774,19.3974,NIMWUD_clean_primitive
96.4294,180.89699999999996,271.6572,293.09579999999994,685.0,960.0,1404.0,1374.0,13.0,26.0,38.0,42.0,64.0,150.0,190.0,164.0,6.5765,13.7214,19.177400000000002,19.3974,NIMWUD_clean_primitive
96.4294,180.897,271.6572,293.0958,685.0,960.0,1404.0,1374.0,13.0,26.0,38.0,42.0,64.0,150.0,190.0,164.0,6.5765,13.721400000000001,19.177400000000002,19.397399999999998,NIMWUD_clean_primitive
96.4294,180.897,271.6572,293.0958,685.0,960.0,1404.0,1374.0,13.0,26.0,38.0,42.0,64.0,150.0,190.0,164.0,6.576499999999999,13.721400000000001,19.1774,19.3974,NIMWUD_clean_primitive
96.4294,180.897,271.6572,293.0958,685.0,960.0,1404.0,1374.0,13.0,26.0,38.0,42.0,64.0,150.0,190.0,164.0,6.576499999999999,13.7214,19.177400000000002,19.3974,NIMWUD_clean_primitive
