f-lig-chi-0,f-lig-chi-1,f-lig-chi-2,f-lig-chi-3,f-lig-Z-0,f-lig-Z-1,f-lig-Z-2,f-lig-Z-3,f-lig-I-0,f-lig-I-1,f-lig-I-2,f-lig-I-3,f-lig-T-0,f-lig-T-1,f-lig-T-2,f-lig-T-3,f-lig-S-0,f-lig-S-1,f-lig-S-2,f-lig-S-3,name
111.42949999999999,227.75740000000002,341.6224,354.417,530.0,1096.0,1570.0,1374.0,15.0,32.0,48.0,52.0,80.0,196.0,274.0,244.0,7.3143,16.818400000000004,24.274400000000004,23.298000000000002,HAWREE_clean_primitive
111.4295,227.75740000000002,341.6224,354.4170000000001,530.0,1096.0,1570.0,1374.0,15.0,32.0,48.0,52.0,80.0,196.0,274.0,244.0,7.314299999999999,16.818400000000004,24.274400000000007,23.298000000000002,HAWREE_clean_primitive
111.4295,227.75740000000005,341.6224,354.417,530.0,1096.0,1570.0,1374.0,15.0,32.0,48.0,52.0,80.0,196.0,274.0,244.0,7.314299999999999,16.818400000000004,24.2744,23.298000000000002,HAWREE_clean_primitive
111.4295,227.75740000000002,341.6224,354.41700000000003,530.0,1096.0,1570.0,1374.0,15.0,32.0,48.0,52.0,80.0,196.0,274.0,244.0,7.314299999999999,16.8184,24.2744,23.298000000000002,HAWREE_clean_primitive
111.4295,227.75740000000002,341.62239999999997,354.417,530.0,1096.0,1570.0,1374.0,15.0,32.0,48.0,52.0,80.0,196.0,274.0,244.0,7.3143,16.818400000000004,24.2744,23.298000000000002,HAWREE_clean_primitive
111.42949999999999,227.75740000000002,341.6224,354.417,530.0,1096.0,1570.0,1374.0,15.0,32.0,48.0,52.0,80.0,196.0,274.0,244.0,7.3143,16.818400000000004,24.274400000000004,23.297999999999995,HAWREE_clean_primitive
111.42950000000002,227.75740000000002,341.6224,354.41700000000003,530.0,1096.0,1570.0,1374.0,15.0,32.0,48.0,52.0,80.0,196.0,274.0,244.0,7.3143,16.818400000000004,24.274400000000007,23.298000000000002,HAWREE_clean_primitive
111.42950000000002,227.75740000000002,341.6224000000001,354.41700000000003,530.0,1096.0,1570.0,1374.0,15.0,32.0,48.0,52.0,80.0,196.0,274.0,244.0,7.314299999999999,16.818400000000004,24.274400000000007,23.298000000000002,HAWREE_clean_primitive
