f-chi-0-all,f-chi-1-all,f-chi-2-all,f-chi-3-all,f-Z-0-all,f-Z-1-all,f-Z-2-all,f-Z-3-all,f-I-0-all,f-I-1-all,f-I-2-all,f-I-3-all,f-T-0-all,f-T-1-all,f-T-2-all,f-T-3-all,f-S-0-all,f-S-1-all,f-S-2-all,f-S-3-all,mc-chi-0-all,mc-chi-1-all,mc-chi-2-all,mc-chi-3-all,mc-Z-0-all,mc-Z-1-all,mc-Z-2-all,mc-Z-3-all,mc-I-0-all,mc-I-1-all,mc-I-2-all,mc-I-3-all,mc-T-0-all,mc-T-1-all,mc-T-2-all,mc-T-3-all,mc-S-0-all,mc-S-1-all,mc-S-2-all,mc-S-3-all,D_mc-chi-0-all,D_mc-chi-1-all,D_mc-chi-2-all,D_mc-chi-3-all,D_mc-Z-0-all,D_mc-Z-1-all,D_mc-Z-2-all,D_mc-Z-3-all,D_mc-I-0-all,D_mc-I-1-all,D_mc-I-2-all,D_mc-I-3-all,D_mc-T-0-all,D_mc-T-1-all,D_mc-T-2-all,D_mc-T-3-all,D_mc-S-0-all,D_mc-S-1-all,D_mc-S-2-all,D_mc-S-3-all,name
423.7098999999998,947.7456,2585.0793999999996,4056.3884000000003,4999.0,13570.0,29224.0,39256.0,57.0,146.0,338.0,572.0,508.0,1720.0,3510.0,4948.0,33.02250000000003,100.23899999999998,213.56140000000005,338.6991999999999,2.4025000000000003,30.6652,38.9236,89.2676,625.0,1085.0,2815.0,3085.0,1.0,6.2,10.6,19.8,39.4,119.6,242.4,332.2,1.9320999999999997,6.0465,12.90198,19.257060000000003,0.0,-10.174,-8.682,-26.901999999999997,0.0,111.6,152.4,371.6,0.0,0.0,0.0,0.0,0.0,20.6,28.6,70.0,0.0,4.267999999999999,5.451999999999999,13.667999999999996,HAWREE_clean_primitive
423.7098999999997,947.7456000000001,2585.0793999999996,4056.3884,4999.0,13570.0,29224.0,39256.0,57.0,146.0,338.0,572.0,508.0,1720.0,3510.0,4948.0,33.02250000000003,100.23899999999998,213.56140000000005,338.69919999999996,2.4025000000000003,30.6652,38.9236,89.2676,625.0,1085.0,2815.0,3085.0,1.0,6.2,10.6,19.8,39.4,119.6,242.4,332.2,1.9320999999999997,6.0465,12.90198,19.257060000000003,0.0,-10.174,-8.682,-26.901999999999997,0.0,111.6,152.4,371.6,0.0,0.0,0.0,0.0,0.0,20.6,28.6,70.0,0.0,4.267999999999999,5.451999999999999,13.667999999999996,HAWREE_clean_primitive
