f-lig-chi-0,f-lig-chi-1,f-lig-chi-2,f-lig-chi-3,f-lig-Z-0,f-lig-Z-1,f-lig-Z-2,f-lig-Z-3,f-lig-I-0,f-lig-I-1,f-lig-I-2,f-lig-I-3,f-lig-T-0,f-lig-T-1,f-lig-T-2,f-lig-T-3,f-lig-S-0,f-lig-S-1,f-lig-S-2,f-lig-S-3,name
332.32849999999974,650.1480000000003,1088.5138,1351.9659999999992,1412.0,2784.0,4066.0,4288.0,47.0,96.0,160.0,208.0,256.0,636.0,866.0,940.0,19.970300000000005,46.32320000000002,69.13120000000002,80.03519999999999,XULDOZ_clean_primitive
332.32849999999974,650.1480000000001,1088.5138,1351.966,1412.0,2784.0,4066.0,4288.0,47.0,96.0,160.0,208.0,256.0,636.0,866.0,940.0,19.970300000000005,46.32320000000002,69.13120000000004,80.0352,XULDOZ_clean_primitive
332.32849999999974,650.1480000000001,1088.5138,1351.966,1412.0,2784.0,4066.0,4288.0,47.0,96.0,160.0,208.0,256.0,636.0,866.0,940.0,19.97030000000001,46.32320000000002,69.1312,80.0352,XULDOZ_clean_primitive
332.3284999999997,650.1480000000003,1088.5137999999997,1351.966,1412.0,2784.0,4066.0,4288.0,47.0,96.0,160.0,208.0,256.0,636.0,866.0,940.0,19.970300000000012,46.32320000000002,69.1312,80.0352,XULDOZ_clean_primitive
