f-chi-0-all,f-chi-1-all,f-chi-2-all,f-chi-3-all,f-Z-0-all,f-Z-1-all,f-Z-2-all,f-Z-3-all,f-I-0-all,f-I-1-all,f-I-2-all,f-I-3-all,f-T-0-all,f-T-1-all,f-T-2-all,f-T-3-all,f-S-0-all,f-S-1-all,f-S-2-all,f-S-3-all,mc-chi-0-all,mc-chi-1-all,mc-chi-2-all,mc-chi-3-all,mc-Z-0-all,mc-Z-1-all,mc-Z-2-all,mc-Z-3-all,mc-I-0-all,mc-I-1-all,mc-I-2-all,mc-I-3-all,mc-T-0-all,mc-T-1-all,mc-T-2-all,mc-T-3-all,mc-S-0-all,mc-S-1-all,mc-S-2-all,mc-S-3-all,D_mc-chi-0-all,D_mc-chi-1-all,D_mc-chi-2-all,D_mc-chi-3-all,D_mc-Z-0-all,D_mc-Z-1-all,D_mc-Z-2-all,D_mc-Z-3-all,D_mc-I-0-all,D_mc-I-1-all,D_mc-I-2-all,D_mc-I-3-all,D_mc-T-0-all,D_mc-T-1-all,D_mc-T-2-all,D_mc-T-3-all,D_mc-S-0-all,D_mc-S-1-all,D_mc-S-2-all,D_mc-S-3-all,name
353.58639999999997,735.5088000000003,1751.6118000000001,2067.5663999999997,8914.0,16344.0,32754.0,35712.0,43.0,102.0,198.0,276.0,300.0,840.0,1512.0,1968.0,25.975600000000018,71.63220000000001,130.1520000000001,183.1728,3.1684,36.0272,33.57080000000001,96.6184,2401.0,2303.0,6566.0,5782.0,1.0,6.0,8.0,18.0,36.0,84.0,180.0,240.0,2.0164000000000004,6.247999999999998,10.593199999999998,17.977199999999996,0.0,-9.56,-4.619999999999998,-22.24,0.0,247.0,258.0,764.0,0.0,0.0,0.0,0.0,0.0,22.0,18.0,68.0,0.0,4.119999999999998,3.899999999999999,12.899999999999997,HAKSAQ_clean_primitive
353.5864,735.5088,1751.6117999999988,2067.5663999999997,8914.0,16344.0,32754.0,35712.0,43.0,102.0,198.0,276.0,300.0,840.0,1512.0,1968.0,25.9756,71.63220000000003,130.15200000000013,183.17280000000005,3.1684,36.0272,33.57080000000001,96.6184,2401.0,2303.0,6566.0,5782.0,1.0,6.0,8.0,18.0,36.0,84.0,180.0,240.0,2.0164000000000004,6.247999999999998,10.593199999999998,17.977199999999996,0.0,-9.56,-4.619999999999998,-22.24,0.0,247.0,258.0,764.0,0.0,0.0,0.0,0.0,0.0,22.0,18.0,68.0,0.0,4.119999999999998,3.899999999999999,12.899999999999997,HAKSAQ_clean_primitive
