f-chi-0-all,f-chi-1-all,f-chi-2-all,f-chi-3-all,f-Z-0-all,f-Z-1-all,f-Z-2-all,f-Z-3-all,f-I-0-all,f-I-1-all,f-I-2-all,f-I-3-all,f-T-0-all,f-T-1-all,f-T-2-all,f-T-3-all,f-S-0-all,f-S-1-all,f-S-2-all,f-S-3-all,mc-chi-0-all,mc-chi-1-all,mc-chi-2-all,mc-chi-3-all,mc-Z-0-all,mc-Z-1-all,mc-Z-2-all,mc-Z-3-all,mc-I-0-all,mc-I-1-all,mc-I-2-all,mc-I-3-all,mc-T-0-all,mc-T-1-all,mc-T-2-all,mc-T-3-all,mc-S-0-all,mc-S-1-all,mc-S-2-all,mc-S-3-all,D_mc-chi-0-all,D_mc-chi-1-all,D_mc-chi-2-all,D_mc-chi-3-all,D_mc-Z-0-all,D_mc-Z-1-all,D_mc-Z-2-all,D_mc-Z-3-all,D_mc-I-0-all,D_mc-I-1-all,D_mc-I-2-all,D_mc-I-3-all,D_mc-T-0-all,D_mc-T-1-all,D_mc-T-2-all,D_mc-T-3-all,D_mc-S-0-all,D_mc-S-1-all,D_mc-S-2-all,D_mc-S-3-all,name
218.29239999999993,338.77119999999985,1500.3461999999995,1687.5935999999997,7402.0,15736.0,22338.0,15624.0,26.0,64.0,164.0,216.0,262.0,904.0,1316.0,1032.0,20.28080000000001,63.316399999999994,112.14780000000002,128.2036,0.7921,26.450799999999997,16.6786,36.2141,3136.0,3640.0,5488.0,5096.0,1.0,9.0,8.0,14.0,82.0,200.0,272.0,316.0,3.8415999999999997,12.171599999999998,14.405999999999999,19.8744,0.0,-21.71,-11.62,-28.23,0.0,439.0,350.0,693.0,0.0,0.0,0.0,0.0,0.0,60.0,43.0,91.0,0.0,11.430000000000001,8.329999999999998,17.299999999999997,JUSKAL_clean_primitive
218.29239999999996,338.7711999999999,1500.3462000000002,1687.5935999999995,7402.0,15736.0,22338.0,15624.0,26.0,64.0,164.0,216.0,262.0,904.0,1316.0,1032.0,20.280800000000006,63.316399999999994,112.14780000000005,128.20359999999997,0.7921,26.450799999999997,16.6786,36.2141,3136.0,3640.0,5488.0,5096.0,1.0,9.0,8.0,14.0,82.0,200.0,272.0,316.0,3.8415999999999997,12.171599999999998,14.405999999999999,19.8744,0.0,-21.71,-11.62,-28.23,0.0,439.0,350.0,693.0,0.0,0.0,0.0,0.0,0.0,60.0,43.0,91.0,0.0,11.430000000000001,8.329999999999998,17.299999999999997,JUSKAL_clean_primitive
