f-chi-0-all,f-chi-1-all,f-chi-2-all,f-chi-3-all,f-Z-0-all,f-Z-1-all,f-Z-2-all,f-Z-3-all,f-I-0-all,f-I-1-all,f-I-2-all,f-I-3-all,f-T-0-all,f-T-1-all,f-T-2-all,f-T-3-all,f-S-0-all,f-S-1-all,f-S-2-all,f-S-3-all,mc-chi-0-all,mc-chi-1-all,mc-chi-2-all,mc-chi-3-all,mc-Z-0-all,mc-Z-1-all,mc-Z-2-all,mc-Z-3-all,mc-I-0-all,mc-I-1-all,mc-I-2-all,mc-I-3-all,mc-T-0-all,mc-T-1-all,mc-T-2-all,mc-T-3-all,mc-S-0-all,mc-S-1-all,mc-S-2-all,mc-S-3-all,D_mc-chi-0-all,D_mc-chi-1-all,D_mc-chi-2-all,D_mc-chi-3-all,D_mc-Z-0-all,D_mc-Z-1-all,D_mc-Z-2-all,D_mc-Z-3-all,D_mc-I-0-all,D_mc-I-1-all,D_mc-I-2-all,D_mc-I-3-all,D_mc-T-0-all,D_mc-T-1-all,D_mc-T-2-all,D_mc-T-3-all,D_mc-S-0-all,D_mc-S-1-all,D_mc-S-2-all,D_mc-S-3-all,name
496.44399999999973,957.9712000000001,2850.755199999999,3315.6096,3776.0,11520.0,21888.0,28416.0,56.0,152.0,312.0,448.0,496.0,1544.0,2696.0,3336.0,41.99600000000001,125.26800000000007,231.64400000000003,316.9952000000001,1.7161000000000006,24.7852,20.134700000000002,57.26009999999998,144.0,528.0,648.0,1224.0,1.0,5.5,7.0,14.0,30.5,77.5,142.5,224.5,1.9320999999999993,5.580849999999999,9.215699999999998,14.483799999999999,0.0,-11.715000000000002,-6.200000000000001,-25.37,0.0,22.0,30.0,66.0,0.0,0.0,0.0,0.0,0.0,16.5,12.5,35.5,0.0,3.63,3.1000000000000005,9.04,IFASOZ_clean_primitive
496.44399999999973,957.9712000000002,2850.7552000000005,3315.6096000000007,3776.0,11520.0,21888.0,28416.0,56.0,152.0,312.0,448.0,496.0,1544.0,2696.0,3336.0,41.995999999999995,125.26800000000007,231.64400000000003,316.99520000000007,1.7161000000000006,24.7852,20.134700000000002,57.26009999999998,144.0,528.0,648.0,1224.0,1.0,5.5,7.0,14.0,30.5,77.5,142.5,224.5,1.9320999999999993,5.580849999999999,9.215699999999998,14.483799999999999,0.0,-11.715000000000002,-6.200000000000001,-25.37,0.0,22.0,30.0,66.0,0.0,0.0,0.0,0.0,0.0,16.5,12.5,35.5,0.0,3.63,3.1000000000000005,9.04,IFASOZ_clean_primitive
