f-chi-0-all,f-chi-1-all,f-chi-2-all,f-chi-3-all,f-Z-0-all,f-Z-1-all,f-Z-2-all,f-Z-3-all,f-I-0-all,f-I-1-all,f-I-2-all,f-I-3-all,f-T-0-all,f-T-1-all,f-T-2-all,f-T-3-all,f-S-0-all,f-S-1-all,f-S-2-all,f-S-3-all,mc-chi-0-all,mc-chi-1-all,mc-chi-2-all,mc-chi-3-all,mc-Z-0-all,mc-Z-1-all,mc-Z-2-all,mc-Z-3-all,mc-I-0-all,mc-I-1-all,mc-I-2-all,mc-I-3-all,mc-T-0-all,mc-T-1-all,mc-T-2-all,mc-T-3-all,mc-S-0-all,mc-S-1-all,mc-S-2-all,mc-S-3-all,D_mc-chi-0-all,D_mc-chi-1-all,D_mc-chi-2-all,D_mc-chi-3-all,D_mc-Z-0-all,D_mc-Z-1-all,D_mc-Z-2-all,D_mc-Z-3-all,D_mc-I-0-all,D_mc-I-1-all,D_mc-I-2-all,D_mc-I-3-all,D_mc-T-0-all,D_mc-T-1-all,D_mc-T-2-all,D_mc-T-3-all,D_mc-S-0-all,D_mc-S-1-all,D_mc-S-2-all,D_mc-S-3-all,name
156.915,294.3275999999999,1014.824,584.1790000000001,4276.0,12012.0,14966.0,9106.0,18.0,52.0,108.0,76.0,208.0,724.0,908.0,562.0,15.261599999999996,52.51600000000002,79.1912,57.41300000000002,1.4884,27.852599999999995,14.578999999999997,27.8892,1521.0,2457.0,2886.0,1755.0,1.0,7.0,5.0,8.0,49.0,133.0,147.0,133.0,2.6569,8.867199999999999,8.0848,8.5086,0.0,-14.289999999999996,-5.85,-13.100000000000001,0.0,210.0,121.0,267.0,0.0,0.0,0.0,0.0,0.0,30.0,14.0,37.0,0.0,5.970000000000001,3.1899999999999995,7.82,GAJZUO_clean_primitive
156.915,294.3275999999999,1014.824,584.179,4276.0,12012.0,14966.0,9106.0,18.0,52.0,108.0,76.0,208.0,724.0,908.0,562.0,15.261599999999996,52.51600000000002,79.1912,57.41300000000002,1.4884,27.852599999999995,14.578999999999997,27.8892,1521.0,2457.0,2886.0,1755.0,1.0,7.0,5.0,8.0,49.0,133.0,147.0,133.0,2.6569,8.867199999999999,8.0848,8.5086,0.0,-14.289999999999996,-5.85,-13.100000000000001,0.0,210.0,121.0,267.0,0.0,0.0,0.0,0.0,0.0,30.0,14.0,37.0,0.0,5.970000000000001,3.1899999999999995,7.82,GAJZUO_clean_primitive
