name,cif_file,Di,Df,Dif,rho,VSA,GSA,VPOV,GPOV,POAV_vol_frac,PONAV_vol_frac,GPOAV,GPONAV,POAV,PONAV
FAGMEI_clean,FAGMEI_clean.cif,4.74771,3.86358,4.45828,1.13696,199.438,175.414,0.17270000000000002,0.1518962848297214,0.0838,0.0889,0.0737055,0.0781912,337.201,357.722
