f-link-chi-0,f-link-chi-1,f-link-chi-2,f-link-chi-3,f-link-Z-0,f-link-Z-1,f-link-Z-2,f-link-Z-3,f-link-I-0,f-link-I-1,f-link-I-2,f-link-I-3,f-link-T-0,f-link-T-1,f-link-T-2,f-link-T-3,f-link-S-0,f-link-S-1,f-link-S-2,f-link-S-3,name
388.2918999999998,695.7268,1310.9808,1534.0719999999994,2374.0,4912.0,6048.0,5752.0,49.0,98.0,170.0,208.0,268.0,652.0,844.0,968.0,23.63380000000001,53.831000000000024,79.24000000000001,88.58039999999998,HUVHIR
388.29189999999977,695.7268000000001,1310.9808,1534.0720000000003,2374.0,4912.0,6048.0,5752.0,49.0,98.0,170.0,208.0,268.0,652.0,844.0,968.0,23.633800000000015,53.831000000000024,79.23999999999997,88.58039999999998,HUVHIR
