f-chi-0-all,f-chi-1-all,f-chi-2-all,f-chi-3-all,f-Z-0-all,f-Z-1-all,f-Z-2-all,f-Z-3-all,f-I-0-all,f-I-1-all,f-I-2-all,f-I-3-all,f-T-0-all,f-T-1-all,f-T-2-all,f-T-3-all,f-S-0-all,f-S-1-all,f-S-2-all,f-S-3-all,mc-chi-0-all,mc-chi-1-all,mc-chi-2-all,mc-chi-3-all,mc-Z-0-all,mc-Z-1-all,mc-Z-2-all,mc-Z-3-all,mc-I-0-all,mc-I-1-all,mc-I-2-all,mc-I-3-all,mc-T-0-all,mc-T-1-all,mc-T-2-all,mc-T-3-all,mc-S-0-all,mc-S-1-all,mc-S-2-all,mc-S-3-all,D_mc-chi-0-all,D_mc-chi-1-all,D_mc-chi-2-all,D_mc-chi-3-all,D_mc-Z-0-all,D_mc-Z-1-all,D_mc-Z-2-all,D_mc-Z-3-all,D_mc-I-0-all,D_mc-I-1-all,D_mc-I-2-all,D_mc-I-3-all,D_mc-T-0-all,D_mc-T-1-all,D_mc-T-2-all,D_mc-T-3-all,D_mc-S-0-all,D_mc-S-1-all,D_mc-S-2-all,D_mc-S-3-all,name
289.4589,636.0756,1204.0174000000002,1839.7216,4563.0,8054.0,17716.0,17708.0,41.0,92.0,170.0,256.0,262.0,748.0,1364.0,1736.0,25.849000000000007,61.93699999999998,119.16980000000001,156.9728,3.61,25.789333333333335,45.56199999999999,78.76133333333331,841.0,908.6666666666666,2929.0,2242.6666666666665,1.0,4.333333333333333,9.666666666666666,16.0,19.0,61.333333333333336,129.66666666666666,168.66666666666666,1.9043999999999996,4.457400000000001,11.348199999999999,14.296800000000003,0.0,-5.340000000000001,-5.613333333333333,-11.053333333333336,0.0,94.33333333333333,179.33333333333334,386.6666666666667,0.0,0.0,0.0,0.0,0.0,5.0,12.666666666666666,31.333333333333332,0.0,2.7499999999999996,5.116666666666666,11.719999999999994,BIFKEI_clean_primitive
289.4589,636.0756,1204.0174,1839.7215999999996,4563.0,8054.0,17716.0,17708.0,41.0,92.0,170.0,256.0,262.0,748.0,1364.0,1736.0,25.849000000000007,61.936999999999976,119.16980000000001,156.9728,3.61,25.789333333333335,45.56199999999999,78.76133333333331,841.0,908.6666666666666,2929.0,2242.6666666666665,1.0,4.333333333333333,9.666666666666666,16.0,19.0,61.333333333333336,129.66666666666666,168.66666666666666,1.9043999999999996,4.457400000000001,11.348199999999999,14.296800000000003,0.0,-5.340000000000001,-5.613333333333333,-11.053333333333336,0.0,94.33333333333333,179.33333333333334,386.6666666666667,0.0,0.0,0.0,0.0,0.0,5.0,12.666666666666666,31.333333333333332,0.0,2.7499999999999996,5.116666666666666,11.719999999999994,BIFKEI_clean_primitive
