name,cif_file,Di,Df,Dif,rho,VSA,GSA,VPOV,GPOV,POAV_vol_frac,PONAV_vol_frac,GPOAV,GPONAV,POAV,PONAV
mil-101-no2,mil-101-no2.cif,32.57939,12.74098,32.48174,0.526613,1310.97,2489.43,0.6612,1.2555709790681202,0.6563,0.0049,1.24627,0.00930474,115158.0,859.78
