f-chi-0-all,f-chi-1-all,f-chi-2-all,f-chi-3-all,f-Z-0-all,f-Z-1-all,f-Z-2-all,f-Z-3-all,f-I-0-all,f-I-1-all,f-I-2-all,f-I-3-all,f-T-0-all,f-T-1-all,f-T-2-all,f-T-3-all,f-S-0-all,f-S-1-all,f-S-2-all,f-S-3-all,mc-chi-0-all,mc-chi-1-all,mc-chi-2-all,mc-chi-3-all,mc-Z-0-all,mc-Z-1-all,mc-Z-2-all,mc-Z-3-all,mc-I-0-all,mc-I-1-all,mc-I-2-all,mc-I-3-all,mc-T-0-all,mc-T-1-all,mc-T-2-all,mc-T-3-all,mc-S-0-all,mc-S-1-all,mc-S-2-all,mc-S-3-all,D_mc-chi-0-all,D_mc-chi-1-all,D_mc-chi-2-all,D_mc-chi-3-all,D_mc-Z-0-all,D_mc-Z-1-all,D_mc-Z-2-all,D_mc-Z-3-all,D_mc-I-0-all,D_mc-I-1-all,D_mc-I-2-all,D_mc-I-3-all,D_mc-T-0-all,D_mc-T-1-all,D_mc-T-2-all,D_mc-T-3-all,D_mc-S-0-all,D_mc-S-1-all,D_mc-S-2-all,D_mc-S-3-all,name
641.4512000000002,1285.9871999999996,3820.937599999999,4690.352000000001,22352.0,41028.0,76172.0,77960.0,72.0,180.0,400.0,612.0,592.0,1772.0,3132.0,4016.0,48.028799999999976,141.91119999999995,267.30199999999996,372.7623999999996,3.168399999999999,37.71819999999999,31.34579999999999,80.36699999999998,2401.0,2364.25,6063.75,5108.25,1.0,6.25,7.75,14.25,39.25,91.0,165.25,215.5,2.0164000000000004,6.35095,9.325849999999999,14.870949999999995,0.0,-10.065,-3.815,-19.785,0.0,258.0,256.0,594.0,0.0,0.0,0.0,0.0,0.0,24.75,21.75,54.5,0.0,4.4025,4.4375,9.762499999999998,MAYJOM_clean_primitive
641.4512000000002,1285.9871999999996,3820.937599999999,4690.352000000001,22352.0,41028.0,76172.0,77960.0,72.0,180.0,400.0,612.0,592.0,1772.0,3132.0,4016.0,48.028799999999976,141.91119999999995,267.30199999999996,372.7623999999996,3.168399999999999,37.71819999999999,31.34579999999999,80.36699999999998,2401.0,2364.25,6063.75,5108.25,1.0,6.25,7.75,14.25,39.25,91.0,165.25,215.5,2.0164000000000004,6.35095,9.325849999999999,14.870949999999995,0.0,-10.065,-3.815,-19.785,0.0,258.0,256.0,594.0,0.0,0.0,0.0,0.0,0.0,24.75,21.75,54.5,0.0,4.4025,4.4375,9.762499999999998,MAYJOM_clean_primitive
