f-chi-0-all,f-chi-1-all,f-chi-2-all,f-chi-3-all,f-Z-0-all,f-Z-1-all,f-Z-2-all,f-Z-3-all,f-I-0-all,f-I-1-all,f-I-2-all,f-I-3-all,f-T-0-all,f-T-1-all,f-T-2-all,f-T-3-all,f-S-0-all,f-S-1-all,f-S-2-all,f-S-3-all,mc-chi-0-all,mc-chi-1-all,mc-chi-2-all,mc-chi-3-all,mc-Z-0-all,mc-Z-1-all,mc-Z-2-all,mc-Z-3-all,mc-I-0-all,mc-I-1-all,mc-I-2-all,mc-I-3-all,mc-T-0-all,mc-T-1-all,mc-T-2-all,mc-T-3-all,mc-S-0-all,mc-S-1-all,mc-S-2-all,mc-S-3-all,D_mc-chi-0-all,D_mc-chi-1-all,D_mc-chi-2-all,D_mc-chi-3-all,D_mc-Z-0-all,D_mc-Z-1-all,D_mc-Z-2-all,D_mc-Z-3-all,D_mc-I-0-all,D_mc-I-1-all,D_mc-I-2-all,D_mc-I-3-all,D_mc-T-0-all,D_mc-T-1-all,D_mc-T-2-all,D_mc-T-3-all,D_mc-S-0-all,D_mc-S-1-all,D_mc-S-2-all,D_mc-S-3-all,name
142.6059,287.69320000000005,542.9276,955.0340000000001,1536.0,3532.0,6406.0,5156.0,19.0,40.0,74.0,120.0,114.0,328.0,530.0,448.0,11.893100000000002,27.061600000000006,50.8122,69.06160000000003,3.6481,34.8384,60.3178,85.52979999999998,784.0,1176.0,2072.0,2240.0,1.0,6.0,12.0,18.0,36.0,108.0,204.0,240.0,1.4641,5.444999999999999,11.131999999999998,13.818199999999997,0.0,-6.78,-8.659999999999998,-10.4,0.0,126.0,262.0,424.0,0.0,0.0,0.0,0.0,0.0,18.0,38.0,68.0,0.0,2.76,5.3199999999999985,10.359999999999998,ILIMOH_clean_primitive
142.6059,287.6932000000001,542.9276,955.034,1536.0,3532.0,6406.0,5156.0,19.0,40.0,74.0,120.0,114.0,328.0,530.0,448.0,11.8931,27.061600000000002,50.8122,69.06160000000001,3.6481,34.8384,60.3178,85.52979999999998,784.0,1176.0,2072.0,2240.0,1.0,6.0,12.0,18.0,36.0,108.0,204.0,240.0,1.4641,5.444999999999999,11.131999999999998,13.818199999999997,0.0,-6.78,-8.659999999999998,-10.4,0.0,126.0,262.0,424.0,0.0,0.0,0.0,0.0,0.0,18.0,38.0,68.0,0.0,2.76,5.3199999999999985,10.359999999999998,ILIMOH_clean_primitive
142.6059,287.6932000000001,542.9276,955.034,1536.0,3532.0,6406.0,5156.0,19.0,40.0,74.0,120.0,114.0,328.0,530.0,448.0,11.893100000000002,27.061600000000006,50.8122,69.06160000000003,3.6481,34.8384,60.3178,85.52979999999998,784.0,1176.0,2072.0,2240.0,1.0,6.0,12.0,18.0,36.0,108.0,204.0,240.0,1.4641,5.444999999999999,11.131999999999998,13.818199999999997,0.0,-6.78,-8.659999999999998,-10.4,0.0,126.0,262.0,424.0,0.0,0.0,0.0,0.0,0.0,18.0,38.0,68.0,0.0,2.76,5.3199999999999985,10.359999999999998,ILIMOH_clean_primitive
