f-lig-chi-0,f-lig-chi-1,f-lig-chi-2,f-lig-chi-3,f-lig-Z-0,f-lig-Z-1,f-lig-Z-2,f-lig-Z-3,f-lig-I-0,f-lig-I-1,f-lig-I-2,f-lig-I-3,f-lig-T-0,f-lig-T-1,f-lig-T-2,f-lig-T-3,f-lig-S-0,f-lig-S-1,f-lig-S-2,f-lig-S-3,name
174.98850000000002,348.7890000000001,544.0004000000001,647.4530000000002,780.0,1572.0,2276.0,2348.0,25.0,52.0,80.0,100.0,132.0,324.0,456.0,498.0,11.360100000000003,26.210800000000006,38.2304,43.36080000000001,REHVAD_clean_primitive
174.98850000000002,348.7890000000001,544.0004000000002,647.4530000000002,780.0,1572.0,2276.0,2348.0,25.0,52.0,80.0,100.0,132.0,324.0,456.0,498.0,11.360100000000003,26.210800000000006,38.2304,43.36080000000001,REHVAD_clean_primitive
174.98849999999996,348.7890000000001,544.0004,647.453,780.0,1572.0,2276.0,2348.0,25.0,52.0,80.0,100.0,132.0,324.0,456.0,498.0,11.3601,26.21080000000001,38.2304,43.36080000000001,REHVAD_clean_primitive
174.98849999999996,348.78900000000004,544.0004,647.4529999999999,780.0,1572.0,2276.0,2348.0,25.0,52.0,80.0,100.0,132.0,324.0,456.0,498.0,11.3601,26.21080000000001,38.2304,43.36080000000001,REHVAD_clean_primitive
144.91320000000002,317.2710000000001,477.1100000000002,548.817,540.0,1248.0,1592.0,1434.0,24.0,50.0,76.0,92.0,126.0,306.0,412.0,416.0,9.608800000000006,23.36180000000001,32.55800000000001,33.85000000000001,REHVAD_clean_primitive
144.91320000000002,317.27100000000013,477.1100000000002,548.817,540.0,1248.0,1592.0,1434.0,24.0,50.0,76.0,92.0,126.0,306.0,412.0,416.0,9.608800000000006,23.36180000000001,32.55800000000001,33.85000000000001,REHVAD_clean_primitive
144.91320000000002,317.2710000000002,477.1100000000001,548.817,540.0,1248.0,1592.0,1434.0,24.0,50.0,76.0,92.0,126.0,306.0,412.0,416.0,9.608799999999999,23.361800000000006,32.55800000000001,33.85000000000001,REHVAD_clean_primitive
144.91320000000002,317.27100000000013,477.1100000000001,548.817,540.0,1248.0,1592.0,1434.0,24.0,50.0,76.0,92.0,126.0,306.0,412.0,416.0,9.608799999999999,23.361800000000006,32.55800000000001,33.85000000000001,REHVAD_clean_primitive
