f-chi-0-all,f-chi-1-all,f-chi-2-all,f-chi-3-all,f-Z-0-all,f-Z-1-all,f-Z-2-all,f-Z-3-all,f-I-0-all,f-I-1-all,f-I-2-all,f-I-3-all,f-T-0-all,f-T-1-all,f-T-2-all,f-T-3-all,f-S-0-all,f-S-1-all,f-S-2-all,f-S-3-all,mc-chi-0-all,mc-chi-1-all,mc-chi-2-all,mc-chi-3-all,mc-Z-0-all,mc-Z-1-all,mc-Z-2-all,mc-Z-3-all,mc-I-0-all,mc-I-1-all,mc-I-2-all,mc-I-3-all,mc-T-0-all,mc-T-1-all,mc-T-2-all,mc-T-3-all,mc-S-0-all,mc-S-1-all,mc-S-2-all,mc-S-3-all,D_mc-chi-0-all,D_mc-chi-1-all,D_mc-chi-2-all,D_mc-chi-3-all,D_mc-Z-0-all,D_mc-Z-1-all,D_mc-Z-2-all,D_mc-Z-3-all,D_mc-I-0-all,D_mc-I-1-all,D_mc-I-2-all,D_mc-I-3-all,D_mc-T-0-all,D_mc-T-1-all,D_mc-T-2-all,D_mc-T-3-all,D_mc-S-0-all,D_mc-S-1-all,D_mc-S-2-all,D_mc-S-3-all,name
1006.3462000000019,2009.2847999999985,6372.544799999991,8337.782399999984,19708.0,44976.0,68952.0,72768.0,118.0,312.0,720.0,1056.0,1032.0,3048.0,5688.0,6912.0,83.0085999999999,245.30159999999998,488.0111999999988,673.564800000001,1.5314200000000004,24.147840000000002,21.726,34.93368000000001,1432.0,1831.2,1843.2,2352.0,1.0,6.0,7.2,9.6,42.0,94.8,158.4,156.0,2.2220199999999997,6.7580399999999985,8.5932,10.872000000000002,0.0,-12.983999999999998,-9.839999999999995,-17.087999999999997,0.0,190.8,264.0,268.8,0.0,0.0,0.0,0.0,0.0,28.8,31.2,38.4,0.0,4.800000000000001,5.615999999999996,7.295999999999999,ORANAY_clean_primitive
