f-link-chi-0,f-link-chi-1,f-link-chi-2,f-link-chi-3,f-link-Z-0,f-link-Z-1,f-link-Z-2,f-link-Z-3,f-link-I-0,f-link-I-1,f-link-I-2,f-link-I-3,f-link-T-0,f-link-T-1,f-link-T-2,f-link-T-3,f-link-S-0,f-link-S-1,f-link-S-2,f-link-S-3,name
106.6916,166.71899999999994,288.8483999999999,359.541,530.0,816.0,1248.0,1410.0,12.0,22.0,36.0,42.0,58.0,136.0,144.0,98.0,5.8427999999999995,11.4422,16.8564,17.9146,ELUBAQ
106.6916,166.719,288.8483999999999,359.541,530.0,816.0,1248.0,1410.0,12.0,22.0,36.0,42.0,58.0,136.0,144.0,98.0,5.8427999999999995,11.442200000000001,16.8564,17.9146,ELUBAQ
