f-lig-chi-0,f-lig-chi-1,f-lig-chi-2,f-lig-chi-3,f-lig-Z-0,f-lig-Z-1,f-lig-Z-2,f-lig-Z-3,f-lig-I-0,f-lig-I-1,f-lig-I-2,f-lig-I-3,f-lig-T-0,f-lig-T-1,f-lig-T-2,f-lig-T-3,f-lig-S-0,f-lig-S-1,f-lig-S-2,f-lig-S-3,name
92.42739999999999,120.5376,293.59860000000003,90.4032,898.0,1920.0,1986.0,1440.0,9.0,16.0,26.0,12.0,42.0,80.0,68.0,48.0,5.977499999999999,12.3808,15.036799999999996,9.2856,YIRHOY_clean_primitive
92.42739999999999,120.5376,293.59860000000003,90.4032,898.0,1920.0,1986.0,1440.0,9.0,16.0,26.0,12.0,42.0,80.0,68.0,48.0,5.977499999999999,12.3808,15.036799999999996,9.2856,YIRHOY_clean_primitive
92.4274,120.5376,293.59860000000003,90.4032,898.0,1920.0,1986.0,1440.0,9.0,16.0,26.0,12.0,42.0,80.0,68.0,48.0,5.977499999999999,12.3808,15.036799999999996,9.2856,YIRHOY_clean_primitive
92.42739999999999,120.5376,293.59860000000003,90.4032,898.0,1920.0,1986.0,1440.0,9.0,16.0,26.0,12.0,42.0,80.0,68.0,48.0,5.977499999999999,12.3808,15.036799999999996,9.2856,YIRHOY_clean_primitive
92.42739999999999,120.53760000000001,293.59860000000003,90.4032,898.0,1920.0,1986.0,1440.0,9.0,16.0,26.0,12.0,42.0,80.0,68.0,48.0,5.977499999999999,12.380799999999999,15.036799999999996,9.2856,YIRHOY_clean_primitive
92.4274,120.5376,293.59860000000003,90.40320000000003,898.0,1920.0,1986.0,1440.0,9.0,16.0,26.0,12.0,42.0,80.0,68.0,48.0,5.977499999999999,12.380799999999999,15.036799999999994,9.285599999999999,YIRHOY_clean_primitive
