f-chi-0-all,f-chi-1-all,f-chi-2-all,f-chi-3-all,f-Z-0-all,f-Z-1-all,f-Z-2-all,f-Z-3-all,f-I-0-all,f-I-1-all,f-I-2-all,f-I-3-all,f-T-0-all,f-T-1-all,f-T-2-all,f-T-3-all,f-S-0-all,f-S-1-all,f-S-2-all,f-S-3-all,mc-chi-0-all,mc-chi-1-all,mc-chi-2-all,mc-chi-3-all,mc-Z-0-all,mc-Z-1-all,mc-Z-2-all,mc-Z-3-all,mc-I-0-all,mc-I-1-all,mc-I-2-all,mc-I-3-all,mc-T-0-all,mc-T-1-all,mc-T-2-all,mc-T-3-all,mc-S-0-all,mc-S-1-all,mc-S-2-all,mc-S-3-all,D_mc-chi-0-all,D_mc-chi-1-all,D_mc-chi-2-all,D_mc-chi-3-all,D_mc-Z-0-all,D_mc-Z-1-all,D_mc-Z-2-all,D_mc-Z-3-all,D_mc-I-0-all,D_mc-I-1-all,D_mc-I-2-all,D_mc-I-3-all,D_mc-T-0-all,D_mc-T-1-all,D_mc-T-2-all,D_mc-T-3-all,D_mc-S-0-all,D_mc-S-1-all,D_mc-S-2-all,D_mc-S-3-all,name
260.8525999999999,470.3139999999996,1304.5103999999997,1275.0159999999996,10163.0,17144.0,15480.0,16256.0,29.0,72.0,136.0,160.0,236.0,688.0,796.0,864.0,22.004600000000018,63.02599999999999,92.62680000000002,104.62,2.1633333333333336,27.266666666666666,16.659999999999997,38.422666666666665,2926.3333333333335,2577.3333333333335,1492.0,3397.3333333333335,1.0,6.0,4.666666666666667,9.333333333333334,38.0,85.33333333333333,86.0,148.0,2.5163999999999995,7.111199999999999,5.7288,11.204799999999999,0.0,-11.913333333333334,-5.366666666666666,-14.293333333333331,0.0,286.0,220.66666666666666,433.3333333333333,0.0,0.0,0.0,0.0,0.0,24.666666666666668,14.666666666666666,33.333333333333336,0.0,5.273333333333333,3.8466666666666662,7.853333333333333,SABYUS_clean_primitive
