f-lig-chi-0,f-lig-chi-1,f-lig-chi-2,f-lig-chi-3,f-lig-Z-0,f-lig-Z-1,f-lig-Z-2,f-lig-Z-3,f-lig-I-0,f-lig-I-1,f-lig-I-2,f-lig-I-3,f-lig-T-0,f-lig-T-1,f-lig-T-2,f-lig-T-3,f-lig-S-0,f-lig-S-1,f-lig-S-2,f-lig-S-3,name
125.06940000000002,224.96099999999996,387.77039999999994,481.07900000000024,480.0,840.0,1128.0,896.0,18.0,34.0,60.0,78.0,94.0,232.0,276.0,240.0,6.784199999999999,14.984200000000001,21.583599999999997,22.498999999999995,EDABOC_clean_primitive
91.2838,176.001,261.8652,273.91499999999996,397.0,768.0,1020.0,894.0,13.0,26.0,38.0,42.0,64.0,150.0,190.0,164.0,5.733299999999999,12.7666,17.267799999999998,16.595,EDABOC_clean_primitive
91.28379999999999,176.00099999999998,261.8652,273.91499999999996,397.0,768.0,1020.0,894.0,13.0,26.0,38.0,42.0,64.0,150.0,190.0,164.0,5.7333,12.7666,17.2678,16.595,EDABOC_clean_primitive
125.06940000000002,224.96099999999996,387.77039999999994,481.07900000000024,480.0,840.0,1128.0,896.0,18.0,34.0,60.0,78.0,94.0,232.0,276.0,240.0,6.784199999999999,14.984200000000001,21.583599999999997,22.498999999999995,EDABOC_clean_primitive
