f-sbu-chi-0,f-sbu-chi-1,f-sbu-chi-2,f-sbu-chi-3,f-sbu-Z-0,f-sbu-Z-1,f-sbu-Z-2,f-sbu-Z-3,f-sbu-I-0,f-sbu-I-1,f-sbu-I-2,f-sbu-I-3,f-sbu-T-0,f-sbu-T-1,f-sbu-T-2,f-sbu-T-3,f-sbu-S-0,f-sbu-S-1,f-sbu-S-2,f-sbu-S-3,mc-chi-0,mc-chi-1,mc-chi-2,mc-chi-3,mc-Z-0,mc-Z-1,mc-Z-2,mc-Z-3,mc-I-0,mc-I-1,mc-I-2,mc-I-3,mc-T-0,mc-T-1,mc-T-2,mc-T-3,mc-S-0,mc-S-1,mc-S-2,mc-S-3,D_mc-chi-0,D_mc-chi-1,D_mc-chi-2,D_mc-chi-3,D_mc-Z-0,D_mc-Z-1,D_mc-Z-2,D_mc-Z-3,D_mc-I-0,D_mc-I-1,D_mc-I-2,D_mc-I-3,D_mc-T-0,D_mc-T-1,D_mc-T-2,D_mc-T-3,D_mc-S-0,D_mc-S-1,D_mc-S-2,D_mc-S-3,name
54.87449999999999,90.7516,102.23300000000002,119.34,2707.0,3372.0,2874.0,888.0,8.0,14.0,16.0,16.0,30.0,62.0,58.0,36.0,6.175400000000001,11.9028,13.2556,10.0716,3.7249,16.7138,19.685999999999996,36.67,2209.0,1410.0,1128.0,1316.0,1.0,3.0,4.0,8.0,9.0,21.0,36.0,48.0,1.6384,3.2256,3.9424,5.8368,0.0,-2.87,-2.4799999999999995,-3.5600000000000014,0.0,111.0,164.0,348.0,0.0,0.0,0.0,0.0,0.0,2.0,0.0,8.0,0.0,1.32,2.04,5.68,YUQMOO
54.87449999999999,90.75159999999998,102.233,119.34,2707.0,3372.0,2874.0,888.0,8.0,14.0,16.0,16.0,30.0,62.0,58.0,36.0,6.175400000000001,11.902800000000001,13.2556,10.071599999999998,3.7249,16.7138,19.685999999999996,36.67,2209.0,1410.0,1128.0,1316.0,1.0,3.0,4.0,8.0,9.0,21.0,36.0,48.0,1.6384,3.2256,3.9424,5.8368,0.0,-2.87,-2.4799999999999995,-3.5600000000000014,0.0,111.0,164.0,348.0,0.0,0.0,0.0,0.0,0.0,2.0,0.0,8.0,0.0,1.32,2.04,5.68,YUQMOO
