f-chi-0-all,f-chi-1-all,f-chi-2-all,f-chi-3-all,f-Z-0-all,f-Z-1-all,f-Z-2-all,f-Z-3-all,f-I-0-all,f-I-1-all,f-I-2-all,f-I-3-all,f-T-0-all,f-T-1-all,f-T-2-all,f-T-3-all,f-S-0-all,f-S-1-all,f-S-2-all,f-S-3-all,mc-chi-0-all,mc-chi-1-all,mc-chi-2-all,mc-chi-3-all,mc-Z-0-all,mc-Z-1-all,mc-Z-2-all,mc-Z-3-all,mc-I-0-all,mc-I-1-all,mc-I-2-all,mc-I-3-all,mc-T-0-all,mc-T-1-all,mc-T-2-all,mc-T-3-all,mc-S-0-all,mc-S-1-all,mc-S-2-all,mc-S-3-all,D_mc-chi-0-all,D_mc-chi-1-all,D_mc-chi-2-all,D_mc-chi-3-all,D_mc-Z-0-all,D_mc-Z-1-all,D_mc-Z-2-all,D_mc-Z-3-all,D_mc-I-0-all,D_mc-I-1-all,D_mc-I-2-all,D_mc-I-3-all,D_mc-T-0-all,D_mc-T-1-all,D_mc-T-2-all,D_mc-T-3-all,D_mc-S-0-all,D_mc-S-1-all,D_mc-S-2-all,D_mc-S-3-all,name
1048.9944000000016,2171.371200000001,6758.9688000000015,8772.60960000001,25014.0,54336.0,76800.0,86496.0,118.0,312.0,720.0,1056.0,1032.0,3048.0,5688.0,6912.0,83.96999999999989,249.21120000000008,492.22080000000005,673.0416000000008,2.68584,29.804159999999996,25.581599999999995,48.76464000000001,1944.6,2284.8,2145.6,2414.4,1.0,6.0,7.2,12.0,42.0,94.8,180.0,144.0,2.3536799999999998,6.990480000000001,8.98128,11.106720000000001,0.0,-11.975999999999999,-8.327999999999996,-15.863999999999994,0.0,237.6,314.4,513.6,0.0,0.0,0.0,0.0,0.0,28.8,28.8,60.0,0.0,5.196000000000001,6.119999999999999,12.023999999999997,NIJZIP01_clean_primitive
