f-chi-0-all,f-chi-1-all,f-chi-2-all,f-chi-3-all,f-Z-0-all,f-Z-1-all,f-Z-2-all,f-Z-3-all,f-I-0-all,f-I-1-all,f-I-2-all,f-I-3-all,f-T-0-all,f-T-1-all,f-T-2-all,f-T-3-all,f-S-0-all,f-S-1-all,f-S-2-all,f-S-3-all,mc-chi-0-all,mc-chi-1-all,mc-chi-2-all,mc-chi-3-all,mc-Z-0-all,mc-Z-1-all,mc-Z-2-all,mc-Z-3-all,mc-I-0-all,mc-I-1-all,mc-I-2-all,mc-I-3-all,mc-T-0-all,mc-T-1-all,mc-T-2-all,mc-T-3-all,mc-S-0-all,mc-S-1-all,mc-S-2-all,mc-S-3-all,D_mc-chi-0-all,D_mc-chi-1-all,D_mc-chi-2-all,D_mc-chi-3-all,D_mc-Z-0-all,D_mc-Z-1-all,D_mc-Z-2-all,D_mc-Z-3-all,D_mc-I-0-all,D_mc-I-1-all,D_mc-I-2-all,D_mc-I-3-all,D_mc-T-0-all,D_mc-T-1-all,D_mc-T-2-all,D_mc-T-3-all,D_mc-S-0-all,D_mc-S-1-all,D_mc-S-2-all,D_mc-S-3-all,name
203.52879999999993,366.84159999999997,737.8447999999999,939.5328,15556.0,14208.0,19428.0,17888.0,24.0,56.0,88.0,124.0,152.0,412.0,572.0,660.0,23.38140000000001,54.02,82.2996,95.7176,2.3764,19.539199999999997,16.1404,43.792799999999986,3625.0,1632.0,2801.0,3672.0,1.0,4.0,5.0,10.0,16.0,40.0,64.0,92.0,3.06085,5.066199999999999,8.3034,12.9431,0.0,-8.080000000000002,-4.52,-16.64,0.0,172.0,180.0,438.0,0.0,0.0,0.0,0.0,0.0,6.0,4.0,17.0,0.0,4.0200000000000005,3.8599999999999994,9.89,IQILIF_clean_primitive
203.52879999999993,366.84159999999997,737.8447999999999,939.5328,15556.0,14208.0,19428.0,17888.0,24.0,56.0,88.0,124.0,152.0,412.0,572.0,660.0,23.38140000000001,54.02,82.2996,95.7176,2.3764,19.539199999999997,16.1404,43.792799999999986,3625.0,1632.0,2801.0,3672.0,1.0,4.0,5.0,10.0,16.0,40.0,64.0,92.0,3.06085,5.066199999999999,8.3034,12.9431,0.0,-8.080000000000002,-4.52,-16.64,0.0,172.0,180.0,438.0,0.0,0.0,0.0,0.0,0.0,6.0,4.0,17.0,0.0,4.0200000000000005,3.8599999999999994,9.89,IQILIF_clean_primitive
