f-sbu-chi-0,f-sbu-chi-1,f-sbu-chi-2,f-sbu-chi-3,f-sbu-Z-0,f-sbu-Z-1,f-sbu-Z-2,f-sbu-Z-3,f-sbu-I-0,f-sbu-I-1,f-sbu-I-2,f-sbu-I-3,f-sbu-T-0,f-sbu-T-1,f-sbu-T-2,f-sbu-T-3,f-sbu-S-0,f-sbu-S-1,f-sbu-S-2,f-sbu-S-3,mc-chi-0,mc-chi-1,mc-chi-2,mc-chi-3,mc-Z-0,mc-Z-1,mc-Z-2,mc-Z-3,mc-I-0,mc-I-1,mc-I-2,mc-I-3,mc-T-0,mc-T-1,mc-T-2,mc-T-3,mc-S-0,mc-S-1,mc-S-2,mc-S-3,D_mc-chi-0,D_mc-chi-1,D_mc-chi-2,D_mc-chi-3,D_mc-Z-0,D_mc-Z-1,D_mc-Z-2,D_mc-Z-3,D_mc-I-0,D_mc-I-1,D_mc-I-2,D_mc-I-3,D_mc-T-0,D_mc-T-1,D_mc-T-2,D_mc-T-3,D_mc-S-0,D_mc-S-1,D_mc-S-2,D_mc-S-3,name
129.92940000000002,249.01080000000007,369.5268000000002,496.84139999999996,5565.0,12366.0,18900.0,13590.0,19.0,42.0,60.0,78.0,114.0,318.0,438.0,432.0,17.6712,44.85239999999998,63.7506,71.73959999999998,3.8739,19.498350000000002,19.53675,31.371299999999998,1071.75,1482.75,3371.25,1953.75,1.0,3.75,4.5,6.0,14.25,36.75,54.0,54.0,1.9043999999999994,4.7402999999999995,7.2863999999999995,7.203599999999999,0.0,-2.6775,-1.3425,-4.147499999999999,0.0,72.75,33.75,130.5,0.0,0.0,0.0,0.0,0.0,4.5,3.0,8.25,0.0,1.7399999999999995,0.9299999999999999,3.059999999999999,UNABER
129.92940000000002,249.01080000000002,369.52680000000004,496.84140000000014,5565.0,12366.0,18900.0,13590.0,19.0,42.0,60.0,78.0,114.0,318.0,438.0,432.0,17.6712,44.852399999999996,63.75060000000002,71.73960000000002,3.8739,19.498350000000002,19.53675,31.371299999999998,1071.75,1482.75,3371.25,1953.75,1.0,3.75,4.5,6.0,14.25,36.75,54.0,54.0,1.9043999999999994,4.7402999999999995,7.2863999999999995,7.203599999999999,0.0,-2.6775,-1.3425,-4.147499999999999,0.0,72.75,33.75,130.5,0.0,0.0,0.0,0.0,0.0,4.5,3.0,8.25,0.0,1.7399999999999995,0.9299999999999999,3.059999999999999,UNABER
