f-lig-chi-0,f-lig-chi-1,f-lig-chi-2,f-lig-chi-3,f-lig-Z-0,f-lig-Z-1,f-lig-Z-2,f-lig-Z-3,f-lig-I-0,f-lig-I-1,f-lig-I-2,f-lig-I-3,f-lig-T-0,f-lig-T-1,f-lig-T-2,f-lig-T-3,f-lig-S-0,f-lig-S-1,f-lig-S-2,f-lig-S-3,name
96.17940000000002,203.9232,259.853,135.94880000000003,513.0,1092.0,1388.0,728.0,11.0,24.0,30.0,16.0,54.0,120.0,146.0,80.0,6.2483,13.680000000000001,17.0558,9.120000000000001,HIWXER_clean_primitive
96.1794,203.9232,259.853,135.9488,513.0,1092.0,1388.0,728.0,11.0,24.0,30.0,16.0,54.0,120.0,146.0,80.0,6.2483,13.68,17.0558,9.12,HIWXER_clean_primitive
96.1794,203.92320000000004,259.853,135.9488,513.0,1092.0,1388.0,728.0,11.0,24.0,30.0,16.0,54.0,120.0,146.0,80.0,6.2483,13.680000000000001,17.0558,9.120000000000001,HIWXER_clean_primitive
96.17940000000002,203.9232,259.853,135.9488,513.0,1092.0,1388.0,728.0,11.0,24.0,30.0,16.0,54.0,120.0,146.0,80.0,6.2483,13.680000000000001,17.055799999999998,9.120000000000001,HIWXER_clean_primitive
