f-link-chi-0,f-link-chi-1,f-link-chi-2,f-link-chi-3,f-link-Z-0,f-link-Z-1,f-link-Z-2,f-link-Z-3,f-link-I-0,f-link-I-1,f-link-I-2,f-link-I-3,f-link-T-0,f-link-T-1,f-link-T-2,f-link-T-3,f-link-S-0,f-link-S-1,f-link-S-2,f-link-S-3,name
195.76140000000004,424.64720000000017,650.6539999999999,744.111,714.0,1634.0,2132.0,2208.0,32.0,66.0,104.0,118.0,170.0,404.0,528.0,558.0,12.467200000000005,30.26180000000001,42.270400000000016,46.1142,ROSCIL
195.76140000000004,424.6472000000002,650.6540000000002,744.1109999999999,714.0,1634.0,2132.0,2208.0,32.0,66.0,104.0,118.0,170.0,404.0,528.0,558.0,12.467200000000004,30.261800000000015,42.27040000000001,46.114200000000004,ROSCIL
195.7614,424.6472000000002,650.6540000000001,744.1109999999999,714.0,1634.0,2132.0,2208.0,32.0,66.0,104.0,118.0,170.0,404.0,528.0,558.0,12.467200000000005,30.261800000000008,42.270400000000016,46.114200000000004,ROSCIL
195.76140000000004,424.64720000000017,650.6539999999999,744.111,714.0,1634.0,2132.0,2208.0,32.0,66.0,104.0,118.0,170.0,404.0,528.0,558.0,12.467200000000005,30.261800000000008,42.270400000000016,46.1142,ROSCIL
