f-sbu-chi-0,f-sbu-chi-1,f-sbu-chi-2,f-sbu-chi-3,f-sbu-Z-0,f-sbu-Z-1,f-sbu-Z-2,f-sbu-Z-3,f-sbu-I-0,f-sbu-I-1,f-sbu-I-2,f-sbu-I-3,f-sbu-T-0,f-sbu-T-1,f-sbu-T-2,f-sbu-T-3,f-sbu-S-0,f-sbu-S-1,f-sbu-S-2,f-sbu-S-3,mc-chi-0,mc-chi-1,mc-chi-2,mc-chi-3,mc-Z-0,mc-Z-1,mc-Z-2,mc-Z-3,mc-I-0,mc-I-1,mc-I-2,mc-I-3,mc-T-0,mc-T-1,mc-T-2,mc-T-3,mc-S-0,mc-S-1,mc-S-2,mc-S-3,D_mc-chi-0,D_mc-chi-1,D_mc-chi-2,D_mc-chi-3,D_mc-Z-0,D_mc-Z-1,D_mc-Z-2,D_mc-Z-3,D_mc-I-0,D_mc-I-1,D_mc-I-2,D_mc-I-3,D_mc-T-0,D_mc-T-1,D_mc-T-2,D_mc-T-3,D_mc-S-0,D_mc-S-1,D_mc-S-2,D_mc-S-3,name
181.32729999999998,313.87840000000006,585.4136,889.0047999999997,3270.0,5568.0,8620.0,7632.0,21.0,40.0,70.0,108.0,110.0,288.0,408.0,424.0,13.505999999999998,29.011600000000005,50.387400000000014,65.54039999999999,2.8560999999999996,32.1776,44.7512,87.47440000000002,2304.0,2112.0,2976.0,4224.0,1.0,6.0,10.0,20.0,36.0,96.0,180.0,216.0,2.1904,6.6008,11.336799999999998,17.819199999999995,0.0,-8.9,-9.579999999999997,-17.959999999999997,0.0,244.0,418.0,872.0,0.0,0.0,0.0,0.0,0.0,20.0,30.0,84.0,0.0,4.42,7.140000000000001,17.56,ROSCIL
181.32729999999998,313.87840000000006,585.4136,889.0047999999998,3270.0,5568.0,8620.0,7632.0,21.0,40.0,70.0,108.0,110.0,288.0,408.0,424.0,13.506,29.0116,50.3874,65.54040000000002,2.8560999999999996,32.1776,44.7512,87.47440000000002,2304.0,2112.0,2976.0,4224.0,1.0,6.0,10.0,20.0,36.0,96.0,180.0,216.0,2.1904,6.6008,11.336799999999998,17.819199999999995,0.0,-8.9,-9.579999999999997,-17.959999999999997,0.0,244.0,418.0,872.0,0.0,0.0,0.0,0.0,0.0,20.0,30.0,84.0,0.0,4.42,7.140000000000001,17.56,ROSCIL
