f-lig-chi-0,f-lig-chi-1,f-lig-chi-2,f-lig-chi-3,f-lig-Z-0,f-lig-Z-1,f-lig-Z-2,f-lig-Z-3,f-lig-I-0,f-lig-I-1,f-lig-I-2,f-lig-I-3,f-lig-T-0,f-lig-T-1,f-lig-T-2,f-lig-T-3,f-lig-S-0,f-lig-S-1,f-lig-S-2,f-lig-S-3,name
117.83760000000001,210.22199999999995,320.0525999999999,311.8858,642.0,1152.0,1746.0,1696.0,14.0,28.0,40.0,38.0,68.0,156.0,194.0,170.0,7.9998,16.231600000000004,22.984,21.7358,XIFLOP_clean_primitive
117.83760000000001,210.22199999999995,320.0525999999999,311.88579999999996,642.0,1152.0,1746.0,1696.0,14.0,28.0,40.0,38.0,68.0,156.0,194.0,170.0,7.9998,16.231600000000004,22.983999999999998,21.735800000000005,XIFLOP_clean_primitive
117.8376,210.22199999999992,320.0526,311.8858,642.0,1152.0,1746.0,1696.0,14.0,28.0,40.0,38.0,68.0,156.0,194.0,170.0,7.9998000000000005,16.2316,22.984,21.7358,XIFLOP_clean_primitive
117.83759999999998,210.22199999999998,320.0525999999999,311.88579999999996,642.0,1152.0,1746.0,1696.0,14.0,28.0,40.0,38.0,68.0,156.0,194.0,170.0,7.999800000000001,16.2316,22.984,21.7358,XIFLOP_clean_primitive
117.83760000000001,210.22199999999995,320.0525999999999,311.8858,642.0,1152.0,1746.0,1696.0,14.0,28.0,40.0,38.0,68.0,156.0,194.0,170.0,7.9998,16.231600000000004,22.984000000000005,21.7358,XIFLOP_clean_primitive
117.8376,210.22199999999995,320.0525999999999,311.88579999999996,642.0,1152.0,1746.0,1696.0,14.0,28.0,40.0,38.0,68.0,156.0,194.0,170.0,7.9998000000000005,16.2316,22.984,21.7358,XIFLOP_clean_primitive
117.83759999999998,210.22199999999998,320.0526,311.8858,642.0,1152.0,1746.0,1696.0,14.0,28.0,40.0,38.0,68.0,156.0,194.0,170.0,7.9998000000000005,16.2316,22.984,21.7358,XIFLOP_clean_primitive
117.83759999999998,210.22199999999998,320.0525999999999,311.8858,642.0,1152.0,1746.0,1696.0,14.0,28.0,40.0,38.0,68.0,156.0,194.0,170.0,7.9998000000000005,16.2316,22.984,21.735800000000005,XIFLOP_clean_primitive
