f-chi-0-all,f-chi-1-all,f-chi-2-all,f-chi-3-all,f-Z-0-all,f-Z-1-all,f-Z-2-all,f-Z-3-all,f-I-0-all,f-I-1-all,f-I-2-all,f-I-3-all,f-T-0-all,f-T-1-all,f-T-2-all,f-T-3-all,f-S-0-all,f-S-1-all,f-S-2-all,f-S-3-all,mc-chi-0-all,mc-chi-1-all,mc-chi-2-all,mc-chi-3-all,mc-Z-0-all,mc-Z-1-all,mc-Z-2-all,mc-Z-3-all,mc-I-0-all,mc-I-1-all,mc-I-2-all,mc-I-3-all,mc-T-0-all,mc-T-1-all,mc-T-2-all,mc-T-3-all,mc-S-0-all,mc-S-1-all,mc-S-2-all,mc-S-3-all,D_mc-chi-0-all,D_mc-chi-1-all,D_mc-chi-2-all,D_mc-chi-3-all,D_mc-Z-0-all,D_mc-Z-1-all,D_mc-Z-2-all,D_mc-Z-3-all,D_mc-I-0-all,D_mc-I-1-all,D_mc-I-2-all,D_mc-I-3-all,D_mc-T-0-all,D_mc-T-1-all,D_mc-T-2-all,D_mc-T-3-all,D_mc-S-0-all,D_mc-S-1-all,D_mc-S-2-all,D_mc-S-3-all,name
664.8692000000003,1409.0522000000008,3057.978799999999,4593.787399999995,9701.0,18220.0,23084.0,23864.0,107.0,224.0,462.0,712.0,694.0,1942.0,2970.0,3534.0,42.1664,116.68720000000008,206.4556000000001,276.4653999999998,3.8415999999999997,40.67653333333333,52.23399999999998,67.28026666666666,2500.0,2416.6666666666665,2300.0,2983.3333333333335,1.0,6.666666666666667,11.0,13.333333333333334,44.666666666666664,122.66666666666667,180.0,195.33333333333334,1.9599999999999997,6.953333333333333,9.617999999999997,11.442666666666666,0.0,-7.6866666666666665,-5.09,-8.193333333333333,0.0,285.0,504.0,607.0,0.0,0.0,0.0,0.0,0.0,26.333333333333332,46.333333333333336,59.333333333333336,0.0,4.366666666666666,8.53,10.49333333333333,FIVYUF_clean_primitive
664.8692000000003,1409.0522000000005,3057.978799999999,4593.787399999997,9701.0,18220.0,23084.0,23864.0,107.0,224.0,462.0,712.0,694.0,1942.0,2970.0,3534.0,42.1664,116.68720000000012,206.45559999999998,276.4653999999998,3.8415999999999997,40.67653333333333,52.23399999999998,67.28026666666666,2500.0,2416.6666666666665,2300.0,2983.3333333333335,1.0,6.666666666666667,11.0,13.333333333333334,44.666666666666664,122.66666666666667,180.0,195.33333333333334,1.9599999999999997,6.953333333333333,9.617999999999997,11.442666666666666,0.0,-7.6866666666666665,-5.09,-8.193333333333333,0.0,285.0,504.0,607.0,0.0,0.0,0.0,0.0,0.0,26.333333333333332,46.333333333333336,59.333333333333336,0.0,4.366666666666666,8.53,10.49333333333333,FIVYUF_clean_primitive
