f-chi-0-all,f-chi-1-all,f-chi-2-all,f-chi-3-all,f-Z-0-all,f-Z-1-all,f-Z-2-all,f-Z-3-all,f-I-0-all,f-I-1-all,f-I-2-all,f-I-3-all,f-T-0-all,f-T-1-all,f-T-2-all,f-T-3-all,f-S-0-all,f-S-1-all,f-S-2-all,f-S-3-all,mc-chi-0-all,mc-chi-1-all,mc-chi-2-all,mc-chi-3-all,mc-Z-0-all,mc-Z-1-all,mc-Z-2-all,mc-Z-3-all,mc-I-0-all,mc-I-1-all,mc-I-2-all,mc-I-3-all,mc-T-0-all,mc-T-1-all,mc-T-2-all,mc-T-3-all,mc-S-0-all,mc-S-1-all,mc-S-2-all,mc-S-3-all,D_mc-chi-0-all,D_mc-chi-1-all,D_mc-chi-2-all,D_mc-chi-3-all,D_mc-Z-0-all,D_mc-Z-1-all,D_mc-Z-2-all,D_mc-Z-3-all,D_mc-I-0-all,D_mc-I-1-all,D_mc-I-2-all,D_mc-I-3-all,D_mc-T-0-all,D_mc-T-1-all,D_mc-T-2-all,D_mc-T-3-all,D_mc-S-0-all,D_mc-S-1-all,D_mc-S-2-all,D_mc-S-3-all,name
196.62239999999994,357.97080000000005,1324.0447999999997,1071.2999999999997,8256.0,16176.0,21248.0,16416.0,22.0,60.0,136.0,140.0,236.0,792.0,1058.0,968.0,17.1932,56.78680000000003,94.41940000000001,96.45960000000007,1.2995999999999999,30.358199999999997,15.834599999999998,39.956999999999994,3600.0,3720.0,5400.0,4920.0,1.0,8.0,6.0,12.0,64.0,160.0,184.0,256.0,3.0276,10.231200000000001,9.726600000000001,15.729600000000001,0.0,-17.51,-7.05,-21.37,0.0,418.0,270.0,638.0,0.0,0.0,0.0,0.0,0.0,44.0,25.0,64.0,0.0,8.04,4.85,11.84,FOKYIP_clean_primitive
196.62239999999994,357.97080000000005,1324.0447999999997,1071.2999999999997,8256.0,16176.0,21248.0,16416.0,22.0,60.0,136.0,140.0,236.0,792.0,1058.0,968.0,17.1932,56.78680000000003,94.41940000000001,96.45960000000007,1.2995999999999999,30.358199999999997,15.834599999999998,39.956999999999994,3600.0,3720.0,5400.0,4920.0,1.0,8.0,6.0,12.0,64.0,160.0,184.0,256.0,3.0276,10.231200000000001,9.726600000000001,15.729600000000001,0.0,-17.51,-7.05,-21.37,0.0,418.0,270.0,638.0,0.0,0.0,0.0,0.0,0.0,44.0,25.0,64.0,0.0,8.04,4.85,11.84,FOKYIP_clean_primitive
