f-lig-chi-0,f-lig-chi-1,f-lig-chi-2,f-lig-chi-3,f-lig-Z-0,f-lig-Z-1,f-lig-Z-2,f-lig-Z-3,f-lig-I-0,f-lig-I-1,f-lig-I-2,f-lig-I-3,f-lig-T-0,f-lig-T-1,f-lig-T-2,f-lig-T-3,f-lig-S-0,f-lig-S-1,f-lig-S-2,f-lig-S-3,name
113.5304,233.49920000000003,358.5842,388.8694000000001,518.0,1082.0,1568.0,1468.0,16.0,34.0,52.0,58.0,86.0,212.0,296.0,270.0,7.4816,17.449000000000005,25.474800000000002,25.018600000000003,QOFKUT_clean_primitive
113.5304,233.49920000000003,358.5842,388.8694,518.0,1082.0,1568.0,1468.0,16.0,34.0,52.0,58.0,86.0,212.0,296.0,270.0,7.4816,17.449,25.47480000000001,25.0186,QOFKUT_clean_primitive
113.5304,233.4992,358.5842,388.86940000000004,518.0,1082.0,1568.0,1468.0,16.0,34.0,52.0,58.0,86.0,212.0,296.0,270.0,7.4816,17.449,25.474800000000002,25.0186,QOFKUT_clean_primitive
113.5304,233.49920000000003,358.58420000000007,388.86940000000004,518.0,1082.0,1568.0,1468.0,16.0,34.0,52.0,58.0,86.0,212.0,296.0,270.0,7.4816,17.449,25.47480000000001,25.018600000000003,QOFKUT_clean_primitive
113.5304,233.49920000000003,358.58419999999995,388.86940000000004,518.0,1082.0,1568.0,1468.0,16.0,34.0,52.0,58.0,86.0,212.0,296.0,270.0,7.481599999999999,17.449,25.4748,25.018599999999996,QOFKUT_clean_primitive
113.53039999999999,233.49920000000003,358.58419999999995,388.8694,518.0,1082.0,1568.0,1468.0,16.0,34.0,52.0,58.0,86.0,212.0,296.0,270.0,7.4816,17.449000000000005,25.474799999999995,25.018599999999996,QOFKUT_clean_primitive
113.5304,233.49920000000003,358.5842,388.86940000000004,518.0,1082.0,1568.0,1468.0,16.0,34.0,52.0,58.0,86.0,212.0,296.0,270.0,7.4816,17.449000000000005,25.474800000000002,25.0186,QOFKUT_clean_primitive
113.5304,233.49920000000003,358.5842,388.8694,518.0,1082.0,1568.0,1468.0,16.0,34.0,52.0,58.0,86.0,212.0,296.0,270.0,7.481599999999999,17.449,25.474800000000002,25.0186,QOFKUT_clean_primitive
