f-lig-chi-0,f-lig-chi-1,f-lig-chi-2,f-lig-chi-3,f-lig-Z-0,f-lig-Z-1,f-lig-Z-2,f-lig-Z-3,f-lig-I-0,f-lig-I-1,f-lig-I-2,f-lig-I-3,f-lig-T-0,f-lig-T-1,f-lig-T-2,f-lig-T-3,f-lig-S-0,f-lig-S-1,f-lig-S-2,f-lig-S-3,name
177.78069999999994,333.8459999999999,482.8775999999999,478.1249999999998,973.0,1836.0,2652.0,2628.0,22.0,46.0,64.0,64.0,110.0,250.0,306.0,302.0,12.6534,26.811400000000006,37.123599999999996,37.11400000000001,JUPBUT_clean_primitive
177.78069999999994,333.8459999999999,482.8775999999998,478.1249999999998,973.0,1836.0,2652.0,2628.0,22.0,46.0,64.0,64.0,110.0,250.0,306.0,302.0,12.6534,26.811400000000006,37.123599999999996,37.11400000000001,JUPBUT_clean_primitive
