f-chi-0-all,f-chi-1-all,f-chi-2-all,f-chi-3-all,f-Z-0-all,f-Z-1-all,f-Z-2-all,f-Z-3-all,f-I-0-all,f-I-1-all,f-I-2-all,f-I-3-all,f-T-0-all,f-T-1-all,f-T-2-all,f-T-3-all,f-S-0-all,f-S-1-all,f-S-2-all,f-S-3-all,mc-chi-0-all,mc-chi-1-all,mc-chi-2-all,mc-chi-3-all,mc-Z-0-all,mc-Z-1-all,mc-Z-2-all,mc-Z-3-all,mc-I-0-all,mc-I-1-all,mc-I-2-all,mc-I-3-all,mc-T-0-all,mc-T-1-all,mc-T-2-all,mc-T-3-all,mc-S-0-all,mc-S-1-all,mc-S-2-all,mc-S-3-all,D_mc-chi-0-all,D_mc-chi-1-all,D_mc-chi-2-all,D_mc-chi-3-all,D_mc-Z-0-all,D_mc-Z-1-all,D_mc-Z-2-all,D_mc-Z-3-all,D_mc-I-0-all,D_mc-I-1-all,D_mc-I-2-all,D_mc-I-3-all,D_mc-T-0-all,D_mc-T-1-all,D_mc-T-2-all,D_mc-T-3-all,D_mc-S-0-all,D_mc-S-1-all,D_mc-S-2-all,D_mc-S-3-all,name
216.734,413.58079999999995,889.2024000000001,1203.9296000000002,2598.0,6408.0,8604.0,8016.0,26.0,56.0,100.0,144.0,164.0,448.0,588.0,544.0,16.8032,40.51040000000001,66.59999999999997,84.42000000000002,3.5343999999999998,32.98773333333333,31.959999999999997,65.1232,729.0,1098.0,1080.0,1728.0,1.0,5.333333333333333,6.666666666666667,12.666666666666666,29.333333333333332,69.33333333333333,108.0,137.33333333333334,1.5876000000000001,4.956,6.468,10.071600000000002,0.0,-7.5200000000000005,-4.466666666666666,-10.826666666666668,0.0,103.33333333333333,140.0,278.0,0.0,0.0,0.0,0.0,0.0,16.666666666666668,16.0,42.666666666666664,0.0,2.7866666666666666,3.266666666666667,7.966666666666666,FUNFOL_clean_primitive
84.6998,145.8336,209.3492,299.472,1171.0,2148.0,2762.0,1632.0,11.0,20.0,28.0,36.0,48.0,112.0,126.0,88.0,7.335800000000001,14.3276,20.584799999999998,20.482,3.5343999999999998,32.98773333333333,31.959999999999997,65.1232,729.0,1098.0,1080.0,1728.0,1.0,5.333333333333333,6.666666666666667,12.666666666666666,29.333333333333332,69.33333333333333,108.0,137.33333333333334,1.5876000000000001,4.956,6.468,10.071600000000002,0.0,-7.5200000000000005,-4.466666666666666,-10.826666666666668,0.0,103.33333333333333,140.0,278.0,0.0,0.0,0.0,0.0,0.0,16.666666666666668,16.0,42.666666666666664,0.0,2.7866666666666666,3.266666666666667,7.966666666666666,FUNFOL_clean_primitive
