f-link-chi-0,f-link-chi-1,f-link-chi-2,f-link-chi-3,f-link-Z-0,f-link-Z-1,f-link-Z-2,f-link-Z-3,f-link-I-0,f-link-I-1,f-link-I-2,f-link-I-3,f-link-T-0,f-link-T-1,f-link-T-2,f-link-T-3,f-link-S-0,f-link-S-1,f-link-S-2,f-link-S-3,name
23.667199999999998,23.667199999999998,0.0,0.0,128.0,128.0,0.0,0.0,2.0,2.0,0.0,0.0,2.0,2.0,0.0,0.0,1.0657999999999999,1.0657999999999999,0.0,0.0,YEGSUZ
222.7613,529.4916000000001,731.6288000000001,896.5602000000002,989.0,2460.0,2870.0,2664.0,30.0,72.0,106.0,132.0,232.0,742.0,730.0,730.0,13.203000000000001,36.16880000000001,46.6954,52.536400000000015,YEGSUZ
222.7613,529.4916000000001,731.6288,896.5602000000002,989.0,2460.0,2870.0,2664.0,30.0,72.0,106.0,132.0,232.0,742.0,730.0,730.0,13.203000000000001,36.16880000000001,46.6954,52.536400000000015,YEGSUZ
222.76129999999998,529.4916000000001,731.6287999999998,896.5602,989.0,2460.0,2870.0,2664.0,30.0,72.0,106.0,132.0,232.0,742.0,730.0,730.0,13.203000000000001,36.16880000000001,46.6954,52.5364,YEGSUZ
222.76129999999998,529.4916000000001,731.6287999999998,896.5602,989.0,2460.0,2870.0,2664.0,30.0,72.0,106.0,132.0,232.0,742.0,730.0,730.0,13.203000000000001,36.16880000000001,46.6954,52.5364,YEGSUZ
222.7613,529.4916,731.6288,896.5602,989.0,2460.0,2870.0,2664.0,30.0,72.0,106.0,132.0,232.0,742.0,730.0,730.0,13.203000000000005,36.168800000000005,46.6954,52.5364,YEGSUZ
222.7613,529.4916,731.6288,896.5602,989.0,2460.0,2870.0,2664.0,30.0,72.0,106.0,132.0,232.0,742.0,730.0,730.0,13.203000000000005,36.168800000000005,46.6954,52.5364,YEGSUZ
222.76129999999995,529.4916000000001,731.6288000000001,896.5602,989.0,2460.0,2870.0,2664.0,30.0,72.0,106.0,132.0,232.0,742.0,730.0,730.0,13.203000000000001,36.168800000000005,46.6954,52.53639999999999,YEGSUZ
222.76129999999995,529.4916,731.6288000000001,896.5602,989.0,2460.0,2870.0,2664.0,30.0,72.0,106.0,132.0,232.0,742.0,730.0,730.0,13.203000000000001,36.168800000000005,46.6954,52.53639999999999,YEGSUZ
