f-chi-0-all,f-chi-1-all,f-chi-2-all,f-chi-3-all,f-Z-0-all,f-Z-1-all,f-Z-2-all,f-Z-3-all,f-I-0-all,f-I-1-all,f-I-2-all,f-I-3-all,f-T-0-all,f-T-1-all,f-T-2-all,f-T-3-all,f-S-0-all,f-S-1-all,f-S-2-all,f-S-3-all,mc-chi-0-all,mc-chi-1-all,mc-chi-2-all,mc-chi-3-all,mc-Z-0-all,mc-Z-1-all,mc-Z-2-all,mc-Z-3-all,mc-I-0-all,mc-I-1-all,mc-I-2-all,mc-I-3-all,mc-T-0-all,mc-T-1-all,mc-T-2-all,mc-T-3-all,mc-S-0-all,mc-S-1-all,mc-S-2-all,mc-S-3-all,D_mc-chi-0-all,D_mc-chi-1-all,D_mc-chi-2-all,D_mc-chi-3-all,D_mc-Z-0-all,D_mc-Z-1-all,D_mc-Z-2-all,D_mc-Z-3-all,D_mc-I-0-all,D_mc-I-1-all,D_mc-I-2-all,D_mc-I-3-all,D_mc-T-0-all,D_mc-T-1-all,D_mc-T-2-all,D_mc-T-3-all,D_mc-S-0-all,D_mc-S-1-all,D_mc-S-2-all,D_mc-S-3-all,name
627.7132,1608.371200000002,4493.507200000001,3975.0368000000017,15722.0,46416.0,80008.0,105584.0,70.0,240.0,468.0,568.0,956.0,3520.0,5364.0,7872.0,59.157199999999925,214.55680000000038,354.8412,495.73600000000016,3.5343999999999984,33.764799999999994,22.36125714285714,72.40685714285716,729.0,1280.5714285714287,2831.1428571428573,3116.5714285714284,1.0,5.428571428571429,5.428571428571429,11.714285714285714,30.285714285714285,89.71428571428571,139.42857142857142,184.57142857142858,1.5876000000000003,5.2308,7.5888,11.538000000000002,0.0,-7.754285714285714,-1.6885714285714286,-16.49142857142857,0.0,99.14285714285714,41.714285714285715,200.85714285714286,0.0,0.0,0.0,0.0,0.0,14.285714285714286,4.0,31.714285714285715,0.0,2.688571428571429,0.817142857142857,5.602857142857145,WONRUM02_clean_primitive
