f-sbu-chi-0,f-sbu-chi-1,f-sbu-chi-2,f-sbu-chi-3,f-sbu-Z-0,f-sbu-Z-1,f-sbu-Z-2,f-sbu-Z-3,f-sbu-I-0,f-sbu-I-1,f-sbu-I-2,f-sbu-I-3,f-sbu-T-0,f-sbu-T-1,f-sbu-T-2,f-sbu-T-3,f-sbu-S-0,f-sbu-S-1,f-sbu-S-2,f-sbu-S-3,mc-chi-0,mc-chi-1,mc-chi-2,mc-chi-3,mc-Z-0,mc-Z-1,mc-Z-2,mc-Z-3,mc-I-0,mc-I-1,mc-I-2,mc-I-3,mc-T-0,mc-T-1,mc-T-2,mc-T-3,mc-S-0,mc-S-1,mc-S-2,mc-S-3,D_mc-chi-0,D_mc-chi-1,D_mc-chi-2,D_mc-chi-3,D_mc-Z-0,D_mc-Z-1,D_mc-Z-2,D_mc-Z-3,D_mc-I-0,D_mc-I-1,D_mc-I-2,D_mc-I-3,D_mc-T-0,D_mc-T-1,D_mc-T-2,D_mc-T-3,D_mc-S-0,D_mc-S-1,D_mc-S-2,D_mc-S-3,name
332.52279999999996,580.6719999999998,1793.7128000000007,2460.2879999999996,2340.0,6592.0,13504.0,19072.0,36.0,88.0,192.0,304.0,280.0,824.0,1480.0,1904.0,25.37960000000001,71.07280000000002,138.8608,205.91839999999988,1.7161000000000002,27.0384,24.759,71.788,144.0,576.0,744.0,1536.0,1.0,6.0,8.0,18.0,36.0,84.0,180.0,276.0,1.9320999999999997,6.088199999999999,10.2304,18.709399999999995,0.0,-12.779999999999998,-8.42,-31.21999999999999,0.0,24.0,34.0,88.0,0.0,0.0,0.0,0.0,0.0,22.0,18.0,62.0,0.0,3.96,3.7599999999999993,11.56,HOQMIL04
