f-chi-0-all,f-chi-1-all,f-chi-2-all,f-chi-3-all,f-Z-0-all,f-Z-1-all,f-Z-2-all,f-Z-3-all,f-I-0-all,f-I-1-all,f-I-2-all,f-I-3-all,f-T-0-all,f-T-1-all,f-T-2-all,f-T-3-all,f-S-0-all,f-S-1-all,f-S-2-all,f-S-3-all,mc-chi-0-all,mc-chi-1-all,mc-chi-2-all,mc-chi-3-all,mc-Z-0-all,mc-Z-1-all,mc-Z-2-all,mc-Z-3-all,mc-I-0-all,mc-I-1-all,mc-I-2-all,mc-I-3-all,mc-T-0-all,mc-T-1-all,mc-T-2-all,mc-T-3-all,mc-S-0-all,mc-S-1-all,mc-S-2-all,mc-S-3-all,D_mc-chi-0-all,D_mc-chi-1-all,D_mc-chi-2-all,D_mc-chi-3-all,D_mc-Z-0-all,D_mc-Z-1-all,D_mc-Z-2-all,D_mc-Z-3-all,D_mc-I-0-all,D_mc-I-1-all,D_mc-I-2-all,D_mc-I-3-all,D_mc-T-0-all,D_mc-T-1-all,D_mc-T-2-all,D_mc-T-3-all,D_mc-S-0-all,D_mc-S-1-all,D_mc-S-2-all,D_mc-S-3-all,name
393.2319999999998,718.2720000000002,3566.4767999999976,2633.664000000001,27654.0,49472.0,154008.0,130432.0,42.0,128.0,352.0,408.0,528.0,1856.0,3768.0,4680.0,40.17879999999997,137.70720000000006,289.7568000000001,404.0111999999999,1.4399999999999997,30.272000000000006,16.080000000000002,87.25599999999999,3969.0,3696.0,19236.0,10668.0,1.0,7.333333333333333,7.333333333333333,22.0,54.0,137.33333333333334,313.3333333333333,366.6666666666667,2.8223999999999987,8.993599999999999,17.0016,27.20479999999998,0.0,-16.426666666666673,-4.6000000000000005,-46.31333333333336,0.0,403.3333333333333,156.66666666666666,1216.6666666666667,0.0,0.0,0.0,0.0,0.0,35.333333333333336,11.333333333333334,111.33333333333333,0.0,6.966666666666668,2.2,20.766666666666662,DIBJEF_clean_primitive
393.2319999999998,718.272,3566.476799999998,2633.6640000000016,27654.0,49472.0,154008.0,130432.0,42.0,128.0,352.0,408.0,528.0,1856.0,3768.0,4680.0,40.178799999999974,137.70720000000003,289.75680000000006,404.0111999999998,1.4399999999999997,30.272000000000006,16.080000000000002,87.25599999999999,3969.0,3696.0,19236.0,10668.0,1.0,7.333333333333333,7.333333333333333,22.0,54.0,137.33333333333334,313.3333333333333,366.6666666666667,2.8223999999999987,8.993599999999999,17.0016,27.20479999999998,0.0,-16.426666666666673,-4.6000000000000005,-46.31333333333336,0.0,403.3333333333333,156.66666666666666,1216.6666666666667,0.0,0.0,0.0,0.0,0.0,35.333333333333336,11.333333333333334,111.33333333333333,0.0,6.966666666666668,2.2,20.766666666666662,DIBJEF_clean_primitive
