f-sbu-chi-0,f-sbu-chi-1,f-sbu-chi-2,f-sbu-chi-3,f-sbu-Z-0,f-sbu-Z-1,f-sbu-Z-2,f-sbu-Z-3,f-sbu-I-0,f-sbu-I-1,f-sbu-I-2,f-sbu-I-3,f-sbu-T-0,f-sbu-T-1,f-sbu-T-2,f-sbu-T-3,f-sbu-S-0,f-sbu-S-1,f-sbu-S-2,f-sbu-S-3,mc-chi-0,mc-chi-1,mc-chi-2,mc-chi-3,mc-Z-0,mc-Z-1,mc-Z-2,mc-Z-3,mc-I-0,mc-I-1,mc-I-2,mc-I-3,mc-T-0,mc-T-1,mc-T-2,mc-T-3,mc-S-0,mc-S-1,mc-S-2,mc-S-3,D_mc-chi-0,D_mc-chi-1,D_mc-chi-2,D_mc-chi-3,D_mc-Z-0,D_mc-Z-1,D_mc-Z-2,D_mc-Z-3,D_mc-I-0,D_mc-I-1,D_mc-I-2,D_mc-I-3,D_mc-T-0,D_mc-T-1,D_mc-T-2,D_mc-T-3,D_mc-S-0,D_mc-S-1,D_mc-S-2,D_mc-S-3,name
523.0123999999997,929.6256000000002,3255.8432,2587.430399999999,6608.0,19200.0,30464.0,35328.0,56.0,144.0,320.0,352.0,480.0,1344.0,2176.0,2560.0,41.096,122.2896000000001,216.28159999999997,259.8800000000001,2.3716000000000004,31.78559999999999,16.524200000000004,59.45939999999999,484.0,1056.0,1364.0,1980.0,1.0,6.0,5.0,12.0,36.0,72.0,126.0,162.0,1.8495999999999997,5.9568,6.8408000000000015,12.0768,0.0,-11.400000000000004,-3.0300000000000002,-20.129999999999995,0.0,84.0,48.0,174.0,0.0,0.0,0.0,0.0,0.0,24.0,9.0,45.0,0.0,3.7800000000000007,1.7699999999999998,7.439999999999999,mil-125-ti
523.0123999999997,929.6255999999998,3255.8432000000003,2587.4303999999993,6608.0,19200.0,30464.0,35328.0,56.0,144.0,320.0,352.0,480.0,1344.0,2176.0,2560.0,41.09600000000001,122.28960000000014,216.28159999999997,259.8800000000001,2.3716000000000004,31.78559999999999,16.524200000000004,59.45939999999999,484.0,1056.0,1364.0,1980.0,1.0,6.0,5.0,12.0,36.0,72.0,126.0,162.0,1.8495999999999997,5.9568,6.8408000000000015,12.0768,0.0,-11.400000000000004,-3.0300000000000002,-20.129999999999995,0.0,84.0,48.0,174.0,0.0,0.0,0.0,0.0,0.0,24.0,9.0,45.0,0.0,3.7800000000000007,1.7699999999999998,7.439999999999999,mil-125-ti
