f-link-chi-0,f-link-chi-1,f-link-chi-2,f-link-chi-3,f-link-Z-0,f-link-Z-1,f-link-Z-2,f-link-Z-3,f-link-I-0,f-link-I-1,f-link-I-2,f-link-I-3,f-link-T-0,f-link-T-1,f-link-T-2,f-link-T-3,f-link-S-0,f-link-S-1,f-link-S-2,f-link-S-3,name
283.21229999999986,502.27919999999995,939.8258000000001,1055.736,1731.0,3528.0,4418.0,4092.0,35.0,70.0,120.0,142.0,190.0,458.0,586.0,656.0,17.3529,38.961400000000005,56.947600000000016,61.71699999999997,HUVHOX
283.21229999999997,502.2792,939.8258000000002,1055.736,1731.0,3528.0,4418.0,4092.0,35.0,70.0,120.0,142.0,190.0,458.0,586.0,656.0,17.35290000000001,38.96140000000002,56.947600000000016,61.716999999999985,HUVHOX
283.21229999999997,502.27919999999995,939.8258000000002,1055.736,1731.0,3528.0,4418.0,4092.0,35.0,70.0,120.0,142.0,190.0,458.0,586.0,656.0,17.3529,38.96140000000002,56.94759999999998,61.716999999999985,HUVHOX
283.2123,502.27920000000006,939.8258,1055.7359999999999,1731.0,3528.0,4418.0,4092.0,35.0,70.0,120.0,142.0,190.0,458.0,586.0,656.0,17.35290000000001,38.96140000000002,56.947600000000016,61.716999999999985,HUVHOX
