f-chi-0-all,f-chi-1-all,f-chi-2-all,f-chi-3-all,f-Z-0-all,f-Z-1-all,f-Z-2-all,f-Z-3-all,f-I-0-all,f-I-1-all,f-I-2-all,f-I-3-all,f-T-0-all,f-T-1-all,f-T-2-all,f-T-3-all,f-S-0-all,f-S-1-all,f-S-2-all,f-S-3-all,mc-chi-0-all,mc-chi-1-all,mc-chi-2-all,mc-chi-3-all,mc-Z-0-all,mc-Z-1-all,mc-Z-2-all,mc-Z-3-all,mc-I-0-all,mc-I-1-all,mc-I-2-all,mc-I-3-all,mc-T-0-all,mc-T-1-all,mc-T-2-all,mc-T-3-all,mc-S-0-all,mc-S-1-all,mc-S-2-all,mc-S-3-all,D_mc-chi-0-all,D_mc-chi-1-all,D_mc-chi-2-all,D_mc-chi-3-all,D_mc-Z-0-all,D_mc-Z-1-all,D_mc-Z-2-all,D_mc-Z-3-all,D_mc-I-0-all,D_mc-I-1-all,D_mc-I-2-all,D_mc-I-3-all,D_mc-T-0-all,D_mc-T-1-all,D_mc-T-2-all,D_mc-T-3-all,D_mc-S-0-all,D_mc-S-1-all,D_mc-S-2-all,D_mc-S-3-all,name
84.69979999999998,145.83360000000002,209.3492,299.4719999999999,1171.0,2148.0,2762.0,1632.0,11.0,20.0,28.0,36.0,48.0,112.0,126.0,88.0,7.335800000000001,14.3276,20.584799999999994,20.482,3.5343999999999998,24.364799999999995,28.764,58.242399999999996,729.0,810.0,972.0,1512.0,1.0,4.0,6.0,12.0,16.0,40.0,72.0,96.0,1.5876000000000001,3.7296000000000005,5.8212,9.5256,0.0,-5.44,-4.02,-8.420000000000002,0.0,78.0,126.0,268.0,0.0,0.0,0.0,0.0,0.0,6.0,6.0,24.0,0.0,2.08,2.9400000000000004,7.5600000000000005,IQOHUT_clean_primitive
84.69979999999998,145.8336,209.34920000000002,299.4719999999999,1171.0,2148.0,2762.0,1632.0,11.0,20.0,28.0,36.0,48.0,112.0,126.0,88.0,7.335800000000001,14.3276,20.584799999999998,20.482,3.5343999999999998,24.364799999999995,28.764,58.242399999999996,729.0,810.0,972.0,1512.0,1.0,4.0,6.0,12.0,16.0,40.0,72.0,96.0,1.5876000000000001,3.7296000000000005,5.8212,9.5256,0.0,-5.44,-4.02,-8.420000000000002,0.0,78.0,126.0,268.0,0.0,0.0,0.0,0.0,0.0,6.0,6.0,24.0,0.0,2.08,2.9400000000000004,7.5600000000000005,IQOHUT_clean_primitive
