f-lig-chi-0,f-lig-chi-1,f-lig-chi-2,f-lig-chi-3,f-lig-Z-0,f-lig-Z-1,f-lig-Z-2,f-lig-Z-3,f-lig-I-0,f-lig-I-1,f-lig-I-2,f-lig-I-3,f-lig-T-0,f-lig-T-1,f-lig-T-2,f-lig-T-3,f-lig-S-0,f-lig-S-1,f-lig-S-2,f-lig-S-3,name
202.41909999999993,391.88399999999996,619.4555999999999,759.2679999999999,931.0,1812.0,2712.0,2884.0,28.0,58.0,90.0,116.0,148.0,366.0,522.0,580.0,13.0492,29.706600000000005,44.0074,51.42920000000002,TOVHUJ_clean_primitive
202.41909999999993,391.88399999999996,619.4555999999999,759.2679999999999,931.0,1812.0,2712.0,2884.0,28.0,58.0,90.0,116.0,148.0,366.0,522.0,580.0,13.0492,29.706600000000005,44.0074,51.42920000000002,TOVHUJ_clean_primitive
202.41909999999993,391.88399999999996,619.4555999999999,759.2679999999999,931.0,1812.0,2712.0,2884.0,28.0,58.0,90.0,116.0,148.0,366.0,522.0,580.0,13.0492,29.706600000000012,44.007400000000004,51.42920000000002,TOVHUJ_clean_primitive
202.41909999999993,391.88399999999996,619.4555999999999,759.2679999999999,931.0,1812.0,2712.0,2884.0,28.0,58.0,90.0,116.0,148.0,366.0,522.0,580.0,13.0492,29.706600000000012,44.007400000000004,51.42920000000002,TOVHUJ_clean_primitive
36.6722,48.09299999999999,58.75519999999999,0.0,200.0,264.0,320.0,0.0,4.0,6.0,6.0,0.0,12.0,18.0,6.0,0.0,2.2516,3.4342,3.3141999999999996,0.0,TOVHUJ_clean_primitive
