f-lig-chi-0,f-lig-chi-1,f-lig-chi-2,f-lig-chi-3,f-lig-Z-0,f-lig-Z-1,f-lig-Z-2,f-lig-Z-3,f-lig-I-0,f-lig-I-1,f-lig-I-2,f-lig-I-3,f-lig-T-0,f-lig-T-1,f-lig-T-2,f-lig-T-3,f-lig-S-0,f-lig-S-1,f-lig-S-2,f-lig-S-3,name
295.11579999999975,642.3960000000002,1075.8048000000001,1327.9030000000002,1258.0,2832.0,4332.0,4864.0,44.0,96.0,160.0,202.0,256.0,656.0,992.0,1078.0,19.342000000000006,47.74000000000002,74.75599999999999,87.661,OWEYOF_clean_primitive
295.11579999999975,642.3960000000002,1075.8048000000001,1327.9030000000002,1258.0,2832.0,4332.0,4864.0,44.0,96.0,160.0,202.0,256.0,656.0,992.0,1078.0,19.342000000000006,47.74000000000002,74.75599999999999,87.66100000000002,OWEYOF_clean_primitive
295.11579999999975,642.3960000000002,1075.8048,1327.9029999999998,1258.0,2832.0,4332.0,4864.0,44.0,96.0,160.0,202.0,256.0,656.0,992.0,1078.0,19.342000000000006,47.740000000000016,74.75599999999999,87.661,OWEYOF_clean_primitive
295.11579999999975,642.3960000000002,1075.8048,1327.9029999999998,1258.0,2832.0,4332.0,4864.0,44.0,96.0,160.0,202.0,256.0,656.0,992.0,1078.0,19.342000000000006,47.74000000000002,74.75599999999999,87.66099999999997,OWEYOF_clean_primitive
