f-chi-0-all,f-chi-1-all,f-chi-2-all,f-chi-3-all,f-Z-0-all,f-Z-1-all,f-Z-2-all,f-Z-3-all,f-I-0-all,f-I-1-all,f-I-2-all,f-I-3-all,f-T-0-all,f-T-1-all,f-T-2-all,f-T-3-all,f-S-0-all,f-S-1-all,f-S-2-all,f-S-3-all,mc-chi-0-all,mc-chi-1-all,mc-chi-2-all,mc-chi-3-all,mc-Z-0-all,mc-Z-1-all,mc-Z-2-all,mc-Z-3-all,mc-I-0-all,mc-I-1-all,mc-I-2-all,mc-I-3-all,mc-T-0-all,mc-T-1-all,mc-T-2-all,mc-T-3-all,mc-S-0-all,mc-S-1-all,mc-S-2-all,mc-S-3-all,D_mc-chi-0-all,D_mc-chi-1-all,D_mc-chi-2-all,D_mc-chi-3-all,D_mc-Z-0-all,D_mc-Z-1-all,D_mc-Z-2-all,D_mc-Z-3-all,D_mc-I-0-all,D_mc-I-1-all,D_mc-I-2-all,D_mc-I-3-all,D_mc-T-0-all,D_mc-T-1-all,D_mc-T-2-all,D_mc-T-3-all,D_mc-S-0-all,D_mc-S-1-all,D_mc-S-2-all,D_mc-S-3-all,name
150.6346,302.88000000000005,487.89359999999994,814.0032000000001,2407.0,4900.0,5894.0,7656.0,21.0,44.0,66.0,108.0,122.0,328.0,420.0,472.0,15.053200000000002,33.33480000000001,47.14219999999999,68.03160000000004,3.5343999999999998,34.291199999999996,47.93999999999999,90.84159999999997,729.0,1134.0,1620.0,3240.0,1.0,6.0,10.0,20.0,36.0,96.0,180.0,240.0,1.5876000000000001,5.670000000000001,9.702,16.632000000000005,0.0,-6.960000000000001,-6.699999999999999,-10.720000000000002,0.0,120.0,210.0,420.0,0.0,0.0,0.0,0.0,0.0,20.0,30.0,80.0,0.0,3.0599999999999996,4.900000000000001,12.000000000000004,OWEYOF_clean_primitive
150.63459999999998,302.88000000000005,487.8936,814.0032000000002,2407.0,4900.0,5894.0,7656.0,21.0,44.0,66.0,108.0,122.0,328.0,420.0,472.0,15.0532,33.3348,47.142199999999995,68.03160000000004,3.5343999999999998,34.291199999999996,47.93999999999999,90.84159999999997,729.0,1134.0,1620.0,3240.0,1.0,6.0,10.0,20.0,36.0,96.0,180.0,240.0,1.5876000000000001,5.670000000000001,9.702,16.632000000000005,0.0,-6.960000000000001,-6.699999999999999,-10.720000000000002,0.0,120.0,210.0,420.0,0.0,0.0,0.0,0.0,0.0,20.0,30.0,80.0,0.0,3.0599999999999996,4.900000000000001,12.000000000000004,OWEYOF_clean_primitive
