f-lig-chi-0,f-lig-chi-1,f-lig-chi-2,f-lig-chi-3,f-lig-Z-0,f-lig-Z-1,f-lig-Z-2,f-lig-Z-3,f-lig-I-0,f-lig-I-1,f-lig-I-2,f-lig-I-3,f-lig-T-0,f-lig-T-1,f-lig-T-2,f-lig-T-3,f-lig-S-0,f-lig-S-1,f-lig-S-2,f-lig-S-3,name
212.96820000000002,475.6260000000002,758.5699999999998,904.2970000000003,762.0,1824.0,2540.0,2752.0,36.0,76.0,124.0,150.0,200.0,492.0,700.0,826.0,13.987600000000011,35.08120000000001,51.84920000000001,60.526200000000024,TAQGOK_clean_primitive
212.96820000000002,475.6260000000002,758.5699999999998,904.2970000000003,762.0,1824.0,2540.0,2752.0,36.0,76.0,124.0,150.0,200.0,492.0,700.0,826.0,13.987600000000011,35.08120000000001,51.84920000000001,60.52620000000002,TAQGOK_clean_primitive
212.96820000000002,475.6260000000002,758.5699999999998,904.2970000000003,762.0,1824.0,2540.0,2752.0,36.0,76.0,124.0,150.0,200.0,492.0,700.0,826.0,13.987600000000011,35.08120000000001,51.84920000000001,60.526200000000024,TAQGOK_clean_primitive
212.96820000000002,475.6260000000002,758.5699999999998,904.2970000000003,762.0,1824.0,2540.0,2752.0,36.0,76.0,124.0,150.0,200.0,492.0,700.0,826.0,13.987600000000011,35.08120000000001,51.84920000000002,60.526200000000024,TAQGOK_clean_primitive
