f-lig-chi-0,f-lig-chi-1,f-lig-chi-2,f-lig-chi-3,f-lig-Z-0,f-lig-Z-1,f-lig-Z-2,f-lig-Z-3,f-lig-I-0,f-lig-I-1,f-lig-I-2,f-lig-I-3,f-lig-T-0,f-lig-T-1,f-lig-T-2,f-lig-T-3,f-lig-S-0,f-lig-S-1,f-lig-S-2,f-lig-S-3,name
96.17649999999999,176.10299999999998,262.94139999999993,264.7958,472.0,864.0,1216.0,1172.0,12.0,24.0,34.0,34.0,58.0,132.0,158.0,132.0,5.962000000000001,12.689599999999999,17.115399999999998,16.1426,UFEXIN_clean_primitive
96.17649999999999,176.10299999999998,262.94139999999993,264.7958,472.0,864.0,1216.0,1172.0,12.0,24.0,34.0,34.0,58.0,132.0,158.0,132.0,5.962,12.689599999999999,17.1154,16.142599999999998,UFEXIN_clean_primitive
96.1765,176.10299999999998,262.9414,264.7958,472.0,864.0,1216.0,1172.0,12.0,24.0,34.0,34.0,58.0,132.0,158.0,132.0,5.962,12.6896,17.1154,16.142599999999998,UFEXIN_clean_primitive
96.1765,176.10299999999995,262.9414,264.7958,472.0,864.0,1216.0,1172.0,12.0,24.0,34.0,34.0,58.0,132.0,158.0,132.0,5.962,12.6896,17.115400000000005,16.142599999999998,UFEXIN_clean_primitive
96.1765,176.10299999999998,262.9414,264.7958,472.0,864.0,1216.0,1172.0,12.0,24.0,34.0,34.0,58.0,132.0,158.0,132.0,5.962,12.689599999999999,17.115399999999998,16.1426,UFEXIN_clean_primitive
96.1765,176.103,262.9414,264.7958,472.0,864.0,1216.0,1172.0,12.0,24.0,34.0,34.0,58.0,132.0,158.0,132.0,5.962,12.6896,17.1154,16.1426,UFEXIN_clean_primitive
