f-chi-0-all,f-chi-1-all,f-chi-2-all,f-chi-3-all,f-Z-0-all,f-Z-1-all,f-Z-2-all,f-Z-3-all,f-I-0-all,f-I-1-all,f-I-2-all,f-I-3-all,f-T-0-all,f-T-1-all,f-T-2-all,f-T-3-all,f-S-0-all,f-S-1-all,f-S-2-all,f-S-3-all,mc-chi-0-all,mc-chi-1-all,mc-chi-2-all,mc-chi-3-all,mc-Z-0-all,mc-Z-1-all,mc-Z-2-all,mc-Z-3-all,mc-I-0-all,mc-I-1-all,mc-I-2-all,mc-I-3-all,mc-T-0-all,mc-T-1-all,mc-T-2-all,mc-T-3-all,mc-S-0-all,mc-S-1-all,mc-S-2-all,mc-S-3-all,D_mc-chi-0-all,D_mc-chi-1-all,D_mc-chi-2-all,D_mc-chi-3-all,D_mc-Z-0-all,D_mc-Z-1-all,D_mc-Z-2-all,D_mc-Z-3-all,D_mc-I-0-all,D_mc-I-1-all,D_mc-I-2-all,D_mc-I-3-all,D_mc-T-0-all,D_mc-T-1-all,D_mc-T-2-all,D_mc-T-3-all,D_mc-S-0-all,D_mc-S-1-all,D_mc-S-2-all,D_mc-S-3-all,name
249.0186999999999,500.7263999999997,1472.6004000000003,1318.6207999999997,4866.0,12112.0,16250.0,14816.0,27.0,72.0,146.0,164.0,250.0,784.0,1164.0,1128.0,19.324199999999998,59.495,99.25200000000001,109.00359999999995,2.5537,36.6704,22.269000000000002,51.55513333333334,1184.6666666666667,1762.6666666666667,2100.6666666666665,2329.3333333333335,1.0,6.666666666666667,6.0,10.666666666666666,44.666666666666664,106.66666666666667,148.0,178.66666666666666,2.0181999999999998,6.917966666666666,7.746666666666665,11.262933333333331,0.0,-12.273333333333333,-4.4799999999999995,-15.633333333333333,0.0,167.0,119.33333333333333,252.0,0.0,0.0,0.0,0.0,0.0,28.666666666666668,16.666666666666668,42.0,0.0,4.61,3.013333333333333,7.093333333333334,WUYXOF_clean_primitive
