f-chi-0-all,f-chi-1-all,f-chi-2-all,f-chi-3-all,f-Z-0-all,f-Z-1-all,f-Z-2-all,f-Z-3-all,f-I-0-all,f-I-1-all,f-I-2-all,f-I-3-all,f-T-0-all,f-T-1-all,f-T-2-all,f-T-3-all,f-S-0-all,f-S-1-all,f-S-2-all,f-S-3-all,mc-chi-0-all,mc-chi-1-all,mc-chi-2-all,mc-chi-3-all,mc-Z-0-all,mc-Z-1-all,mc-Z-2-all,mc-Z-3-all,mc-I-0-all,mc-I-1-all,mc-I-2-all,mc-I-3-all,mc-T-0-all,mc-T-1-all,mc-T-2-all,mc-T-3-all,mc-S-0-all,mc-S-1-all,mc-S-2-all,mc-S-3-all,D_mc-chi-0-all,D_mc-chi-1-all,D_mc-chi-2-all,D_mc-chi-3-all,D_mc-Z-0-all,D_mc-Z-1-all,D_mc-Z-2-all,D_mc-Z-3-all,D_mc-I-0-all,D_mc-I-1-all,D_mc-I-2-all,D_mc-I-3-all,D_mc-T-0-all,D_mc-T-1-all,D_mc-T-2-all,D_mc-T-3-all,D_mc-S-0-all,D_mc-S-1-all,D_mc-S-2-all,D_mc-S-3-all,name
152.72220000000002,328.62719999999996,579.3199999999999,763.4944,2592.0,4908.0,7088.0,8728.0,18.0,44.0,72.0,96.0,116.0,304.0,472.0,576.0,12.435400000000001,31.3772,50.642400000000016,63.980800000000016,2.7224999999999997,21.384,26.862000000000002,48.245999999999995,900.0,900.0,1140.0,2040.0,1.0,4.0,6.0,10.0,16.0,40.0,64.0,104.0,1.7161000000000002,3.8776,5.9998000000000005,9.877400000000002,0.0,-6.360000000000001,-6.380000000000001,-12.740000000000004,0.0,90.0,142.0,232.0,0.0,0.0,0.0,0.0,0.0,6.0,8.0,14.0,0.0,2.2800000000000002,3.2800000000000002,5.5600000000000005,FECWOB01_clean_primitive
152.72220000000002,328.6272,579.3199999999999,763.4944,2592.0,4908.0,7088.0,8728.0,18.0,44.0,72.0,96.0,116.0,304.0,472.0,576.0,12.4354,31.377200000000002,50.64240000000001,63.9808,2.7224999999999997,21.384,26.862000000000002,48.245999999999995,900.0,900.0,1140.0,2040.0,1.0,4.0,6.0,10.0,16.0,40.0,64.0,104.0,1.7161000000000002,3.8776,5.9998000000000005,9.877400000000002,0.0,-6.360000000000001,-6.380000000000001,-12.740000000000004,0.0,90.0,142.0,232.0,0.0,0.0,0.0,0.0,0.0,6.0,8.0,14.0,0.0,2.2800000000000002,3.2800000000000002,5.5600000000000005,FECWOB01_clean_primitive
