f-chi-0-all,f-chi-1-all,f-chi-2-all,f-chi-3-all,f-Z-0-all,f-Z-1-all,f-Z-2-all,f-Z-3-all,f-I-0-all,f-I-1-all,f-I-2-all,f-I-3-all,f-T-0-all,f-T-1-all,f-T-2-all,f-T-3-all,f-S-0-all,f-S-1-all,f-S-2-all,f-S-3-all,mc-chi-0-all,mc-chi-1-all,mc-chi-2-all,mc-chi-3-all,mc-Z-0-all,mc-Z-1-all,mc-Z-2-all,mc-Z-3-all,mc-I-0-all,mc-I-1-all,mc-I-2-all,mc-I-3-all,mc-T-0-all,mc-T-1-all,mc-T-2-all,mc-T-3-all,mc-S-0-all,mc-S-1-all,mc-S-2-all,mc-S-3-all,D_mc-chi-0-all,D_mc-chi-1-all,D_mc-chi-2-all,D_mc-chi-3-all,D_mc-Z-0-all,D_mc-Z-1-all,D_mc-Z-2-all,D_mc-Z-3-all,D_mc-I-0-all,D_mc-I-1-all,D_mc-I-2-all,D_mc-I-3-all,D_mc-T-0-all,D_mc-T-1-all,D_mc-T-2-all,D_mc-T-3-all,D_mc-S-0-all,D_mc-S-1-all,D_mc-S-2-all,D_mc-S-3-all,name
424.97509999999977,968.2272000000003,2314.7924,2463.888,22346.0,35976.0,105686.0,86448.0,51.0,136.0,256.0,336.0,448.0,1420.0,2352.0,3096.0,45.34010000000003,125.77680000000002,224.34799999999998,305.4292,4.217192307692306,30.08381538461539,22.62600000000001,79.39569230769229,1564.6153846153845,1344.923076923077,7144.615384615385,3419.076923076923,1.0,4.3076923076923075,5.230769230769231,12.0,19.076923076923077,51.84615384615385,96.0,125.53846153846153,1.860946153846153,4.304492307692308,9.015784615384614,11.530815384615389,0.0,-5.8000000000000025,-0.8307692307692308,-15.15846153846154,0.0,135.84615384615384,22.153846153846153,374.15384615384613,0.0,0.0,0.0,0.0,0.0,7.384615384615385,0.9230769230769231,22.615384615384617,0.0,2.7261538461538466,0.49846153846153857,7.841538461538462,SETXEW_clean_primitive
424.97509999999977,968.2272000000003,2314.7924,2463.888,22346.0,35976.0,105686.0,86448.0,51.0,136.0,256.0,336.0,448.0,1420.0,2352.0,3096.0,45.34010000000003,125.77680000000002,224.34799999999998,305.4292,4.217192307692306,30.08381538461539,22.62600000000001,79.39569230769229,1564.6153846153845,1344.923076923077,7144.615384615385,3419.076923076923,1.0,4.3076923076923075,5.230769230769231,12.0,19.076923076923077,51.84615384615385,96.0,125.53846153846153,1.860946153846153,4.304492307692308,9.015784615384614,11.530815384615389,0.0,-5.8000000000000025,-0.8307692307692308,-15.15846153846154,0.0,135.84615384615384,22.153846153846153,374.15384615384613,0.0,0.0,0.0,0.0,0.0,7.384615384615385,0.9230769230769231,22.615384615384617,0.0,2.7261538461538466,0.49846153846153857,7.841538461538462,SETXEW_clean_primitive
