f-lig-chi-0,f-lig-chi-1,f-lig-chi-2,f-lig-chi-3,f-lig-Z-0,f-lig-Z-1,f-lig-Z-2,f-lig-Z-3,f-lig-I-0,f-lig-I-1,f-lig-I-2,f-lig-I-3,f-lig-T-0,f-lig-T-1,f-lig-T-2,f-lig-T-3,f-lig-S-0,f-lig-S-1,f-lig-S-2,f-lig-S-3,name
145.31280000000004,321.8352000000001,454.74120000000016,431.08300000000014,684.0,1548.0,2076.0,1660.0,20.0,44.0,64.0,66.0,108.0,264.0,372.0,346.0,9.7908,23.135600000000004,32.406400000000005,29.545800000000007,VEMMEG_clean_primitive
145.31280000000004,321.8352000000001,454.74120000000016,431.08300000000014,684.0,1548.0,2076.0,1660.0,20.0,44.0,64.0,66.0,108.0,264.0,372.0,346.0,9.7908,23.135600000000004,32.406400000000005,29.545800000000007,VEMMEG_clean_primitive
145.31280000000004,321.8352000000001,454.74120000000016,431.0830000000001,684.0,1548.0,2076.0,1660.0,20.0,44.0,64.0,66.0,108.0,264.0,372.0,346.0,9.7908,23.135600000000004,32.406400000000005,29.545800000000007,VEMMEG_clean_primitive
