f-chi-0-all,f-chi-1-all,f-chi-2-all,f-chi-3-all,f-Z-0-all,f-Z-1-all,f-Z-2-all,f-Z-3-all,f-I-0-all,f-I-1-all,f-I-2-all,f-I-3-all,f-T-0-all,f-T-1-all,f-T-2-all,f-T-3-all,f-S-0-all,f-S-1-all,f-S-2-all,f-S-3-all,mc-chi-0-all,mc-chi-1-all,mc-chi-2-all,mc-chi-3-all,mc-Z-0-all,mc-Z-1-all,mc-Z-2-all,mc-Z-3-all,mc-I-0-all,mc-I-1-all,mc-I-2-all,mc-I-3-all,mc-T-0-all,mc-T-1-all,mc-T-2-all,mc-T-3-all,mc-S-0-all,mc-S-1-all,mc-S-2-all,mc-S-3-all,D_mc-chi-0-all,D_mc-chi-1-all,D_mc-chi-2-all,D_mc-chi-3-all,D_mc-Z-0-all,D_mc-Z-1-all,D_mc-Z-2-all,D_mc-Z-3-all,D_mc-I-0-all,D_mc-I-1-all,D_mc-I-2-all,D_mc-I-3-all,D_mc-T-0-all,D_mc-T-1-all,D_mc-T-2-all,D_mc-T-3-all,D_mc-S-0-all,D_mc-S-1-all,D_mc-S-2-all,D_mc-S-3-all,name
349.33969999999994,669.8368000000002,1921.7723999999996,2168.9888,9355.0,17984.0,26816.0,32352.0,40.0,108.0,214.0,296.0,354.0,1120.0,1878.0,2192.0,34.05640000000002,99.10480000000001,177.08939999999996,224.7816,1.828416666666666,23.65573333333333,17.681966666666664,52.21583333333334,1252.5,1322.6666666666667,2112.0,2853.3333333333335,1.0,5.333333333333333,6.666666666666667,13.333333333333334,29.0,76.33333333333333,132.33333333333334,181.0,2.5363,6.1977,10.770099999999998,15.878333333333336,0.0,-11.469999999999999,-6.149999999999999,-25.046666666666667,0.0,122.66666666666667,105.33333333333333,292.6666666666667,0.0,0.0,0.0,0.0,0.0,15.0,11.0,36.666666666666664,0.0,4.596666666666668,3.9099999999999997,11.42,IYAJOJ_clean_primitive
349.33969999999994,669.8368000000003,1921.7723999999996,2168.9888,9355.0,17984.0,26816.0,32352.0,40.0,108.0,214.0,296.0,354.0,1120.0,1878.0,2192.0,34.05640000000002,99.10480000000001,177.08939999999998,224.7816,1.828416666666666,23.65573333333333,17.681966666666664,52.21583333333334,1252.5,1322.6666666666667,2112.0,2853.3333333333335,1.0,5.333333333333333,6.666666666666667,13.333333333333334,29.0,76.33333333333333,132.33333333333334,181.0,2.5363,6.1977,10.770099999999998,15.878333333333336,0.0,-11.469999999999999,-6.149999999999999,-25.046666666666667,0.0,122.66666666666667,105.33333333333333,292.6666666666667,0.0,0.0,0.0,0.0,0.0,15.0,11.0,36.666666666666664,0.0,4.596666666666668,3.9099999999999997,11.42,IYAJOJ_clean_primitive
