f-chi-0-all,f-chi-1-all,f-chi-2-all,f-chi-3-all,f-Z-0-all,f-Z-1-all,f-Z-2-all,f-Z-3-all,f-I-0-all,f-I-1-all,f-I-2-all,f-I-3-all,f-T-0-all,f-T-1-all,f-T-2-all,f-T-3-all,f-S-0-all,f-S-1-all,f-S-2-all,f-S-3-all,mc-chi-0-all,mc-chi-1-all,mc-chi-2-all,mc-chi-3-all,mc-Z-0-all,mc-Z-1-all,mc-Z-2-all,mc-Z-3-all,mc-I-0-all,mc-I-1-all,mc-I-2-all,mc-I-3-all,mc-T-0-all,mc-T-1-all,mc-T-2-all,mc-T-3-all,mc-S-0-all,mc-S-1-all,mc-S-2-all,mc-S-3-all,D_mc-chi-0-all,D_mc-chi-1-all,D_mc-chi-2-all,D_mc-chi-3-all,D_mc-Z-0-all,D_mc-Z-1-all,D_mc-Z-2-all,D_mc-Z-3-all,D_mc-I-0-all,D_mc-I-1-all,D_mc-I-2-all,D_mc-I-3-all,D_mc-T-0-all,D_mc-T-1-all,D_mc-T-2-all,D_mc-T-3-all,D_mc-S-0-all,D_mc-S-1-all,D_mc-S-2-all,D_mc-S-3-all,name
184.09339999999997,312.9023999999999,927.9071999999999,1155.0143999999998,10232.0,14208.0,14400.0,18816.0,20.0,48.0,96.0,144.0,144.0,384.0,576.0,768.0,15.397199999999998,42.3984,68.86079999999998,96.35999999999997,1.5376,25.5936,18.971999999999998,44.565599999999996,4624.0,3264.0,2448.0,5712.0,1.0,6.0,6.0,12.0,36.0,72.0,108.0,180.0,2.7224999999999997,7.2269999999999985,7.623,14.85,0.0,-13.2,-7.8599999999999985,-21.059999999999995,0.0,360.0,372.0,732.0,0.0,0.0,0.0,0.0,0.0,24.0,18.0,42.0,0.0,5.52,5.279999999999999,10.799999999999997,HUCXUA_clean_primitive
184.09339999999997,312.9023999999999,927.9071999999999,1155.0143999999998,10232.0,14208.0,14400.0,18816.0,20.0,48.0,96.0,144.0,144.0,384.0,576.0,768.0,15.397199999999998,42.3984,68.86079999999998,96.35999999999997,1.5376,25.5936,18.971999999999998,44.565599999999996,4624.0,3264.0,2448.0,5712.0,1.0,6.0,6.0,12.0,36.0,72.0,108.0,180.0,2.7224999999999997,7.2269999999999985,7.623,14.85,0.0,-13.2,-7.8599999999999985,-21.059999999999995,0.0,360.0,372.0,732.0,0.0,0.0,0.0,0.0,0.0,24.0,18.0,42.0,0.0,5.52,5.279999999999999,10.799999999999997,HUCXUA_clean_primitive
