f-lig-chi-0,f-lig-chi-1,f-lig-chi-2,f-lig-chi-3,f-lig-Z-0,f-lig-Z-1,f-lig-Z-2,f-lig-Z-3,f-lig-I-0,f-lig-I-1,f-lig-I-2,f-lig-I-3,f-lig-T-0,f-lig-T-1,f-lig-T-2,f-lig-T-3,f-lig-S-0,f-lig-S-1,f-lig-S-2,f-lig-S-3,name
227.74879999999996,428.75699999999995,681.7807999999999,836.094,1094.0,2064.0,3152.0,3408.0,30.0,62.0,96.0,124.0,158.0,390.0,560.0,636.0,14.570999999999998,32.571000000000005,48.5536,57.75000000000003,VITYUU_clean_primitive
227.7488,428.75699999999995,681.7807999999999,836.0939999999998,1094.0,2064.0,3152.0,3408.0,30.0,62.0,96.0,124.0,158.0,390.0,560.0,636.0,14.571000000000002,32.571000000000005,48.55360000000002,57.750000000000014,VITYUU_clean_primitive
227.74880000000002,428.75699999999995,681.7807999999999,836.0939999999998,1094.0,2064.0,3152.0,3408.0,30.0,62.0,96.0,124.0,158.0,390.0,560.0,636.0,14.571000000000002,32.571000000000005,48.55360000000002,57.750000000000014,VITYUU_clean_primitive
