f-chi-0-all,f-chi-1-all,f-chi-2-all,f-chi-3-all,f-Z-0-all,f-Z-1-all,f-Z-2-all,f-Z-3-all,f-I-0-all,f-I-1-all,f-I-2-all,f-I-3-all,f-T-0-all,f-T-1-all,f-T-2-all,f-T-3-all,f-S-0-all,f-S-1-all,f-S-2-all,f-S-3-all,mc-chi-0-all,mc-chi-1-all,mc-chi-2-all,mc-chi-3-all,mc-Z-0-all,mc-Z-1-all,mc-Z-2-all,mc-Z-3-all,mc-I-0-all,mc-I-1-all,mc-I-2-all,mc-I-3-all,mc-T-0-all,mc-T-1-all,mc-T-2-all,mc-T-3-all,mc-S-0-all,mc-S-1-all,mc-S-2-all,mc-S-3-all,D_mc-chi-0-all,D_mc-chi-1-all,D_mc-chi-2-all,D_mc-chi-3-all,D_mc-Z-0-all,D_mc-Z-1-all,D_mc-Z-2-all,D_mc-Z-3-all,D_mc-I-0-all,D_mc-I-1-all,D_mc-I-2-all,D_mc-I-3-all,D_mc-T-0-all,D_mc-T-1-all,D_mc-T-2-all,D_mc-T-3-all,D_mc-S-0-all,D_mc-S-1-all,D_mc-S-2-all,D_mc-S-3-all,name
345.0319999999998,625.5239999999995,2678.3777999999993,2459.892,13763.0,29424.0,43380.0,40920.0,39.0,104.0,274.0,324.0,450.0,1616.0,2380.0,2504.0,28.61160000000003,96.44319999999999,184.5465999999999,224.01679999999996,1.4400000000000002,37.104000000000006,20.279999999999998,65.048,3969.0,4536.0,7560.0,7980.0,1.0,9.333333333333334,7.333333333333333,18.0,87.33333333333333,225.33333333333334,294.0,432.6666666666667,2.8223999999999996,11.536,11.524799999999997,22.6576,0.0,-19.720000000000002,-8.1,-32.606666666666676,0.0,516.0,342.0,1007.3333333333334,0.0,0.0,0.0,0.0,0.0,63.333333333333336,37.333333333333336,123.33333333333333,0.0,8.813333333333333,5.46,16.75333333333333,VITYUU_clean_primitive
