f-chi-0-all,f-chi-1-all,f-chi-2-all,f-chi-3-all,f-Z-0-all,f-Z-1-all,f-Z-2-all,f-Z-3-all,f-I-0-all,f-I-1-all,f-I-2-all,f-I-3-all,f-T-0-all,f-T-1-all,f-T-2-all,f-T-3-all,f-S-0-all,f-S-1-all,f-S-2-all,f-S-3-all,mc-chi-0-all,mc-chi-1-all,mc-chi-2-all,mc-chi-3-all,mc-Z-0-all,mc-Z-1-all,mc-Z-2-all,mc-Z-3-all,mc-I-0-all,mc-I-1-all,mc-I-2-all,mc-I-3-all,mc-T-0-all,mc-T-1-all,mc-T-2-all,mc-T-3-all,mc-S-0-all,mc-S-1-all,mc-S-2-all,mc-S-3-all,D_mc-chi-0-all,D_mc-chi-1-all,D_mc-chi-2-all,D_mc-chi-3-all,D_mc-Z-0-all,D_mc-Z-1-all,D_mc-Z-2-all,D_mc-Z-3-all,D_mc-I-0-all,D_mc-I-1-all,D_mc-I-2-all,D_mc-I-3-all,D_mc-T-0-all,D_mc-T-1-all,D_mc-T-2-all,D_mc-T-3-all,D_mc-S-0-all,D_mc-S-1-all,D_mc-S-2-all,D_mc-S-3-all,name
344.7119999999999,670.9375999999999,1616.9567999999988,1703.4880000000007,19792.0,25472.0,44640.0,56704.0,38.0,96.0,168.0,240.0,264.0,672.0,1056.0,1632.0,33.60620000000002,85.84800000000006,134.67120000000008,208.83840000000004,3.7228,25.77706666666667,16.410400000000003,61.108133333333335,2742.6666666666665,1642.6666666666667,3080.0,3901.3333333333335,1.0,4.0,4.0,10.0,16.0,32.0,64.0,96.0,1.9713,4.058799999999999,5.8936,10.258199999999997,0.0,-6.266666666666667,-1.266666666666666,-13.886666666666665,0.0,173.33333333333334,145.33333333333334,437.3333333333333,0.0,0.0,0.0,0.0,0.0,8.0,0.0,16.0,0.0,2.64,1.3199999999999996,6.519999999999999,GIQXIO_clean_primitive
