f-lig-chi-0,f-lig-chi-1,f-lig-chi-2,f-lig-chi-3,f-lig-Z-0,f-lig-Z-1,f-lig-Z-2,f-lig-Z-3,f-lig-I-0,f-lig-I-1,f-lig-I-2,f-lig-I-3,f-lig-T-0,f-lig-T-1,f-lig-T-2,f-lig-T-3,f-lig-S-0,f-lig-S-1,f-lig-S-2,f-lig-S-3,name
384.20019999999965,770.6100000000006,1418.7227999999998,1895.2559999999996,1384.0,2832.0,4044.0,4356.0,58.0,116.0,216.0,300.0,332.0,848.0,1196.0,1508.0,21.01860000000001,50.66600000000004,79.10480000000003,100.09239999999998,XEWDUA_clean_primitive
384.2001999999997,770.6100000000006,1418.7228,1895.256,1384.0,2832.0,4044.0,4356.0,58.0,116.0,216.0,300.0,332.0,848.0,1196.0,1508.0,21.01860000000001,50.66600000000003,79.10480000000003,100.09240000000001,XEWDUA_clean_primitive
384.2001999999998,770.6100000000005,1418.7228000000005,1895.256,1384.0,2832.0,4044.0,4356.0,58.0,116.0,216.0,300.0,332.0,848.0,1196.0,1508.0,21.01860000000001,50.666000000000025,79.10480000000003,100.09240000000001,XEWDUA_clean_primitive
