f-chi-0-all,f-chi-1-all,f-chi-2-all,f-chi-3-all,f-Z-0-all,f-Z-1-all,f-Z-2-all,f-Z-3-all,f-I-0-all,f-I-1-all,f-I-2-all,f-I-3-all,f-T-0-all,f-T-1-all,f-T-2-all,f-T-3-all,f-S-0-all,f-S-1-all,f-S-2-all,f-S-3-all,mc-chi-0-all,mc-chi-1-all,mc-chi-2-all,mc-chi-3-all,mc-Z-0-all,mc-Z-1-all,mc-Z-2-all,mc-Z-3-all,mc-I-0-all,mc-I-1-all,mc-I-2-all,mc-I-3-all,mc-T-0-all,mc-T-1-all,mc-T-2-all,mc-T-3-all,mc-S-0-all,mc-S-1-all,mc-S-2-all,mc-S-3-all,D_mc-chi-0-all,D_mc-chi-1-all,D_mc-chi-2-all,D_mc-chi-3-all,D_mc-Z-0-all,D_mc-Z-1-all,D_mc-Z-2-all,D_mc-Z-3-all,D_mc-I-0-all,D_mc-I-1-all,D_mc-I-2-all,D_mc-I-3-all,D_mc-T-0-all,D_mc-T-1-all,D_mc-T-2-all,D_mc-T-3-all,D_mc-S-0-all,D_mc-S-1-all,D_mc-S-2-all,D_mc-S-3-all,name
281.1372999999999,550.4,1526.3504,1822.5119999999993,3976.0,10528.0,18296.0,22272.0,31.0,80.0,162.0,236.0,250.0,736.0,1294.0,1636.0,22.656700000000004,64.8824,119.01940000000002,165.2428,2.4025000000000003,29.325999999999997,24.5675,67.75049999999999,625.0,1100.0,2000.0,2550.0,1.0,5.5,7.0,14.0,30.5,72.0,143.75,193.25,1.9321,5.58085,9.215699999999998,14.483799999999999,0.0,-10.395000000000001,-4.999999999999999,-22.009999999999998,0.0,93.5,95.0,248.0,0.0,0.0,0.0,0.0,0.0,17.5,12.75,42.25,0.0,3.6300000000000003,3.0999999999999996,9.04,ZOZKEG_clean_primitive
281.1372999999999,550.4,1526.3504,1822.5119999999993,3976.0,10528.0,18296.0,22272.0,31.0,80.0,162.0,236.0,250.0,736.0,1294.0,1636.0,22.656700000000004,64.8824,119.0194,165.2428,2.4025000000000003,29.325999999999997,24.5675,67.75049999999999,625.0,1100.0,2000.0,2550.0,1.0,5.5,7.0,14.0,30.5,72.0,143.75,193.25,1.9321,5.58085,9.215699999999998,14.483799999999999,0.0,-10.395000000000001,-4.999999999999999,-22.009999999999998,0.0,93.5,95.0,248.0,0.0,0.0,0.0,0.0,0.0,17.5,12.75,42.25,0.0,3.6300000000000003,3.0999999999999996,9.04,ZOZKEG_clean_primitive
