f-sbu-chi-0,f-sbu-chi-1,f-sbu-chi-2,f-sbu-chi-3,f-sbu-Z-0,f-sbu-Z-1,f-sbu-Z-2,f-sbu-Z-3,f-sbu-I-0,f-sbu-I-1,f-sbu-I-2,f-sbu-I-3,f-sbu-T-0,f-sbu-T-1,f-sbu-T-2,f-sbu-T-3,f-sbu-S-0,f-sbu-S-1,f-sbu-S-2,f-sbu-S-3,mc-chi-0,mc-chi-1,mc-chi-2,mc-chi-3,mc-Z-0,mc-Z-1,mc-Z-2,mc-Z-3,mc-I-0,mc-I-1,mc-I-2,mc-I-3,mc-T-0,mc-T-1,mc-T-2,mc-T-3,mc-S-0,mc-S-1,mc-S-2,mc-S-3,D_mc-chi-0,D_mc-chi-1,D_mc-chi-2,D_mc-chi-3,D_mc-Z-0,D_mc-Z-1,D_mc-Z-2,D_mc-Z-3,D_mc-I-0,D_mc-I-1,D_mc-I-2,D_mc-I-3,D_mc-T-0,D_mc-T-1,D_mc-T-2,D_mc-T-3,D_mc-S-0,D_mc-S-1,D_mc-S-2,D_mc-S-3,name
1326.6086000000007,2512.3008000000023,9709.388399999982,8230.406400000009,10610.0,35136.0,71028.0,97152.0,152.0,408.0,984.0,1272.0,1488.0,4656.0,8676.0,12672.0,99.6389999999998,326.9232000000003,646.566,936.7944000000014,2.5921000000000016,33.230400000000024,17.82641538461539,90.69996923076923,169.0,624.0,786.0,1704.0,1.0,6.0,6.0,16.615384615384617,36.0,83.07692307692308,171.69230769230768,232.6153846153846,1.587600000000001,5.5188,7.920553846153847,15.329353846153852,0.0,-10.979999999999999,-1.412307692307692,-29.584615384615365,0.0,30.0,17.53846153846154,84.92307692307692,0.0,0.0,0.0,0.0,0.0,22.153846153846153,7.384615384615385,60.92307692307692,0.0,3.1800000000000015,1.2738461538461539,8.76923076923077,CAU-6
