f-lig-chi-0,f-lig-chi-1,f-lig-chi-2,f-lig-chi-3,f-lig-Z-0,f-lig-Z-1,f-lig-Z-2,f-lig-Z-3,f-lig-I-0,f-lig-I-1,f-lig-I-2,f-lig-I-3,f-lig-T-0,f-lig-T-1,f-lig-T-2,f-lig-T-3,f-lig-S-0,f-lig-S-1,f-lig-S-2,f-lig-S-3,name
431.10029999999995,849.8040000000005,1349.3640000000007,1662.2070000000006,2046.0,4038.0,6186.0,6612.0,57.0,120.0,186.0,240.0,306.0,756.0,1080.0,1230.0,27.420900000000014,62.602800000000016,93.30420000000002,110.42519999999999,ZINDAD_clean_primitive
431.1002999999997,849.8040000000004,1349.364,1662.207000000001,2046.0,4038.0,6186.0,6612.0,57.0,120.0,186.0,240.0,306.0,756.0,1080.0,1230.0,27.420900000000024,62.60280000000004,93.30420000000001,110.42519999999996,ZINDAD_clean_primitive
431.10029999999995,849.8040000000004,1349.3640000000007,1662.2070000000003,2046.0,4038.0,6186.0,6612.0,57.0,120.0,186.0,240.0,306.0,756.0,1080.0,1230.0,27.420900000000014,62.602800000000016,93.30420000000002,110.42519999999999,ZINDAD_clean_primitive
431.10029999999966,849.8040000000004,1349.3639999999998,1662.2070000000003,2046.0,4038.0,6186.0,6612.0,57.0,120.0,186.0,240.0,306.0,756.0,1080.0,1230.0,27.42090000000002,62.60280000000003,93.30420000000002,110.42519999999996,ZINDAD_clean_primitive
431.1002999999999,849.8040000000005,1349.3640000000007,1662.2070000000008,2046.0,4038.0,6186.0,6612.0,57.0,120.0,186.0,240.0,306.0,756.0,1080.0,1230.0,27.420900000000014,62.602800000000016,93.30420000000001,110.42519999999998,ZINDAD_clean_primitive
431.10029999999966,849.8040000000004,1349.3639999999998,1662.2070000000003,2046.0,4038.0,6186.0,6612.0,57.0,120.0,186.0,240.0,306.0,756.0,1080.0,1230.0,27.420900000000024,62.60280000000004,93.30420000000002,110.42519999999995,ZINDAD_clean_primitive
431.1003,849.8040000000003,1349.3640000000003,1662.2069999999999,2046.0,4038.0,6186.0,6612.0,57.0,120.0,186.0,240.0,306.0,756.0,1080.0,1230.0,27.4209,62.602800000000016,93.30420000000004,110.4252,ZINDAD_clean_primitive
431.1003,849.8040000000003,1349.3640000000005,1662.2069999999997,2046.0,4038.0,6186.0,6612.0,57.0,120.0,186.0,240.0,306.0,756.0,1080.0,1230.0,27.420900000000003,62.60280000000002,93.30420000000002,110.42520000000003,ZINDAD_clean_primitive
