f-lig-chi-0,f-lig-chi-1,f-lig-chi-2,f-lig-chi-3,f-lig-Z-0,f-lig-Z-1,f-lig-Z-2,f-lig-Z-3,f-lig-I-0,f-lig-I-1,f-lig-I-2,f-lig-I-3,f-lig-T-0,f-lig-T-1,f-lig-T-2,f-lig-T-3,f-lig-S-0,f-lig-S-1,f-lig-S-2,f-lig-S-3,name
205.25259999999997,415.61299999999994,658.8193999999999,795.1059999999999,868.0,1778.0,2534.0,2584.0,30.0,62.0,98.0,124.0,160.0,394.0,550.0,602.0,12.926200000000001,30.215400000000002,44.17260000000001,50.069600000000015,TUTJAU_clean_primitive
195.57259999999997,393.17300000000006,599.9474000000001,708.4260000000003,866.0,1754.0,2480.0,2508.0,28.0,58.0,88.0,108.0,146.0,354.0,484.0,506.0,12.652400000000004,29.075800000000015,41.64920000000001,46.103200000000015,TUTJAU_clean_primitive
205.25259999999997,415.61300000000006,658.8194000000002,795.106,868.0,1778.0,2534.0,2584.0,30.0,62.0,98.0,124.0,160.0,394.0,550.0,602.0,12.926200000000005,30.215400000000013,44.172599999999996,50.0696,TUTJAU_clean_primitive
195.5726,393.173,599.9473999999998,708.426,866.0,1754.0,2480.0,2508.0,28.0,58.0,88.0,108.0,146.0,354.0,484.0,506.0,12.6524,29.07580000000001,41.64920000000001,46.10320000000001,TUTJAU_clean_primitive
205.2526,415.613,658.8193999999999,795.106,868.0,1778.0,2534.0,2584.0,30.0,62.0,98.0,124.0,160.0,394.0,550.0,602.0,12.926199999999998,30.21540000000001,44.17260000000001,50.06960000000001,TUTJAU_clean_primitive
195.57259999999997,393.17299999999994,599.9473999999999,708.4259999999999,866.0,1754.0,2480.0,2508.0,28.0,58.0,88.0,108.0,146.0,354.0,484.0,506.0,12.6524,29.07580000000001,41.64920000000001,46.103200000000015,TUTJAU_clean_primitive
195.57259999999997,393.17300000000006,599.9474,708.426,866.0,1754.0,2480.0,2508.0,28.0,58.0,88.0,108.0,146.0,354.0,484.0,506.0,12.652400000000004,29.075800000000008,41.6492,46.10320000000001,TUTJAU_clean_primitive
205.25259999999997,415.6130000000001,658.8194,795.1060000000003,868.0,1778.0,2534.0,2584.0,30.0,62.0,98.0,124.0,160.0,394.0,550.0,602.0,12.926200000000005,30.215400000000006,44.1726,50.06960000000001,TUTJAU_clean_primitive
