f-link-chi-0,f-link-chi-1,f-link-chi-2,f-link-chi-3,f-link-Z-0,f-link-Z-1,f-link-Z-2,f-link-Z-3,f-link-I-0,f-link-I-1,f-link-I-2,f-link-I-3,f-link-T-0,f-link-T-1,f-link-T-2,f-link-T-3,f-link-S-0,f-link-S-1,f-link-S-2,f-link-S-3,name
103.1174,196.91619999999998,296.9532,339.275,461.0,880.0,1212.0,1118.0,14.0,28.0,42.0,50.0,70.0,168.0,218.0,194.0,6.2661999999999995,13.8616,19.516199999999998,19.9238,RUJGIN
103.1174,196.9162,296.9531999999999,339.2749999999999,461.0,880.0,1212.0,1118.0,14.0,28.0,42.0,50.0,70.0,168.0,218.0,194.0,6.2661999999999995,13.861600000000001,19.516200000000005,19.923800000000004,RUJGIN
103.1174,196.9162,296.9532,339.275,461.0,880.0,1212.0,1118.0,14.0,28.0,42.0,50.0,70.0,168.0,218.0,194.0,6.2661999999999995,13.861600000000001,19.5162,19.923800000000004,RUJGIN
35.009699999999995,46.30799999999999,53.9392,0.0,165.0,204.0,160.0,0.0,4.0,6.0,6.0,0.0,12.0,18.0,6.0,0.0,1.7955999999999999,2.8182,2.1462,0.0,RUJGIN
35.0097,46.30799999999999,53.9392,0.0,165.0,204.0,160.0,0.0,4.0,6.0,6.0,0.0,12.0,18.0,6.0,0.0,1.7955999999999999,2.8182,2.1462,0.0,RUJGIN
35.009699999999995,46.30799999999999,53.9392,0.0,165.0,204.0,160.0,0.0,4.0,6.0,6.0,0.0,12.0,18.0,6.0,0.0,1.7955999999999999,2.8182,2.1462,0.0,RUJGIN
103.1174,196.9162,296.9532,339.27500000000003,461.0,880.0,1212.0,1118.0,14.0,28.0,42.0,50.0,70.0,168.0,218.0,194.0,6.2661999999999995,13.8616,19.5162,19.923800000000004,RUJGIN
35.009699999999995,46.30799999999999,53.9392,0.0,165.0,204.0,160.0,0.0,4.0,6.0,6.0,0.0,12.0,18.0,6.0,0.0,1.7955999999999999,2.8182,2.1462,0.0,RUJGIN
