f-sbu-chi-0,f-sbu-chi-1,f-sbu-chi-2,f-sbu-chi-3,f-sbu-Z-0,f-sbu-Z-1,f-sbu-Z-2,f-sbu-Z-3,f-sbu-I-0,f-sbu-I-1,f-sbu-I-2,f-sbu-I-3,f-sbu-T-0,f-sbu-T-1,f-sbu-T-2,f-sbu-T-3,f-sbu-S-0,f-sbu-S-1,f-sbu-S-2,f-sbu-S-3,mc-chi-0,mc-chi-1,mc-chi-2,mc-chi-3,mc-Z-0,mc-Z-1,mc-Z-2,mc-Z-3,mc-I-0,mc-I-1,mc-I-2,mc-I-3,mc-T-0,mc-T-1,mc-T-2,mc-T-3,mc-S-0,mc-S-1,mc-S-2,mc-S-3,D_mc-chi-0,D_mc-chi-1,D_mc-chi-2,D_mc-chi-3,D_mc-Z-0,D_mc-Z-1,D_mc-Z-2,D_mc-Z-3,D_mc-I-0,D_mc-I-1,D_mc-I-2,D_mc-I-3,D_mc-T-0,D_mc-T-1,D_mc-T-2,D_mc-T-3,D_mc-S-0,D_mc-S-1,D_mc-S-2,D_mc-S-3,name
647.1830000000003,1176.3844000000006,5408.2756,5836.029199999998,40442.0,70736.0,208216.0,215456.0,72.0,200.0,552.0,852.0,800.0,2792.0,5846.0,8852.0,57.264799999999966,192.45600000000007,424.29679999999996,708.8387999999995,2.7810399999999995,24.364759999999997,24.839160000000003,79.82800000000002,2354.2,3840.1,10427.1,8754.8,1.0,5.2,7.5,18.0,31.6,86.8,188.9,269.6,2.2316399999999996,7.0768499999999985,12.977279999999999,21.121019999999994,0.0,-8.679999999999998,-3.66,-27.547000000000015,0.0,172.5,160.8,761.0,0.0,0.0,0.0,0.0,0.0,16.6,10.2,64.9,0.0,3.3280000000000003,2.7359999999999993,14.084999999999999,XOFTES
411.37720000000013,881.7519999999994,1308.2988000000003,1788.1280000000008,34258.0,88772.0,132312.0,145312.0,62.0,140.0,220.0,288.0,408.0,1188.0,1722.0,2152.0,63.00900000000002,165.9239999999999,274.42999999999995,341.732,2.7810399999999995,24.364759999999997,24.839160000000003,79.82800000000002,2354.2,3840.1,10427.1,8754.8,1.0,5.2,7.5,18.0,31.6,86.8,188.9,269.6,2.2316399999999996,7.0768499999999985,12.977279999999999,21.121019999999994,0.0,-8.679999999999998,-3.66,-27.547000000000015,0.0,172.5,160.8,761.0,0.0,0.0,0.0,0.0,0.0,16.6,10.2,64.9,0.0,3.3280000000000003,2.7359999999999993,14.084999999999999,XOFTES
