f-chi-0-all,f-chi-1-all,f-chi-2-all,f-chi-3-all,f-Z-0-all,f-Z-1-all,f-Z-2-all,f-Z-3-all,f-I-0-all,f-I-1-all,f-I-2-all,f-I-3-all,f-T-0-all,f-T-1-all,f-T-2-all,f-T-3-all,f-S-0-all,f-S-1-all,f-S-2-all,f-S-3-all,mc-chi-0-all,mc-chi-1-all,mc-chi-2-all,mc-chi-3-all,mc-Z-0-all,mc-Z-1-all,mc-Z-2-all,mc-Z-3-all,mc-I-0-all,mc-I-1-all,mc-I-2-all,mc-I-3-all,mc-T-0-all,mc-T-1-all,mc-T-2-all,mc-T-3-all,mc-S-0-all,mc-S-1-all,mc-S-2-all,mc-S-3-all,D_mc-chi-0-all,D_mc-chi-1-all,D_mc-chi-2-all,D_mc-chi-3-all,D_mc-Z-0-all,D_mc-Z-1-all,D_mc-Z-2-all,D_mc-Z-3-all,D_mc-I-0-all,D_mc-I-1-all,D_mc-I-2-all,D_mc-I-3-all,D_mc-T-0-all,D_mc-T-1-all,D_mc-T-2-all,D_mc-T-3-all,D_mc-S-0-all,D_mc-S-1-all,D_mc-S-2-all,D_mc-S-3-all,name
211.32249999999993,446.23679999999985,1124.7262,1579.6479999999997,3340.0,8192.0,14052.0,13760.0,25.0,60.0,126.0,200.0,190.0,584.0,1036.0,1088.0,14.892099999999996,41.6684,79.35659999999999,104.24399999999997,3.6481,35.04213333333333,37.98353333333333,67.66493333333332,784.0,1194.6666666666667,2314.6666666666665,2314.6666666666665,1.0,5.333333333333333,8.666666666666666,11.333333333333334,28.666666666666668,78.66666666666667,135.33333333333334,148.66666666666666,1.4641,4.710933333333333,7.848866666666667,10.204333333333333,0.0,-8.159999999999998,-3.3333333333333335,-13.780000000000001,0.0,106.66666666666667,160.0,234.66666666666666,0.0,0.0,0.0,0.0,0.0,14.0,21.333333333333332,32.0,0.0,2.56,3.9999999999999996,5.2799999999999985,ECORIX_clean_primitive
