name,cif_file,Di,Df,Dif,rho,VSA,GSA,VPOV,GPOV,POAV_vol_frac,PONAV_vol_frac,GPOAV,GPONAV,POAV,PONAV
EKOPUQ_clean,EKOPUQ_clean.cif,11.06416,8.02745,10.87719,0.972371,789.311,811.739,0.41390000000000005,0.42566057605584706,0.2645,0.1494,0.272016,0.153645,1035.09,584.662
