f-sbu-chi-0,f-sbu-chi-1,f-sbu-chi-2,f-sbu-chi-3,f-sbu-Z-0,f-sbu-Z-1,f-sbu-Z-2,f-sbu-Z-3,f-sbu-I-0,f-sbu-I-1,f-sbu-I-2,f-sbu-I-3,f-sbu-T-0,f-sbu-T-1,f-sbu-T-2,f-sbu-T-3,f-sbu-S-0,f-sbu-S-1,f-sbu-S-2,f-sbu-S-3,mc-chi-0,mc-chi-1,mc-chi-2,mc-chi-3,mc-Z-0,mc-Z-1,mc-Z-2,mc-Z-3,mc-I-0,mc-I-1,mc-I-2,mc-I-3,mc-T-0,mc-T-1,mc-T-2,mc-T-3,mc-S-0,mc-S-1,mc-S-2,mc-S-3,D_mc-chi-0,D_mc-chi-1,D_mc-chi-2,D_mc-chi-3,D_mc-Z-0,D_mc-Z-1,D_mc-Z-2,D_mc-Z-3,D_mc-I-0,D_mc-I-1,D_mc-I-2,D_mc-I-3,D_mc-T-0,D_mc-T-1,D_mc-T-2,D_mc-T-3,D_mc-S-0,D_mc-S-1,D_mc-S-2,D_mc-S-3,name
346.8353999999999,726.9612,2107.0668,2323.7856000000006,8751.0,18504.0,22512.0,24324.0,39.0,102.0,222.0,282.0,336.0,966.0,1608.0,1848.0,26.74440000000001,79.83479999999999,145.90679999999998,178.353,2.8560999999999996,40.019200000000005,30.1665,44.80190000000001,2304.0,2640.0,2016.0,2976.0,1.0,7.0,7.0,9.0,49.0,105.0,147.0,161.0,2.1904,7.5924000000000005,7.977199999999999,10.0196,0.0,-11.85,-6.019999999999999,-11.299999999999997,0.0,281.0,294.0,370.0,0.0,0.0,0.0,0.0,0.0,34.0,28.0,40.0,0.0,5.23,4.97,6.55,GIYTOY
