f-lig-chi-0,f-lig-chi-1,f-lig-chi-2,f-lig-chi-3,f-lig-Z-0,f-lig-Z-1,f-lig-Z-2,f-lig-Z-3,f-lig-I-0,f-lig-I-1,f-lig-I-2,f-lig-I-3,f-lig-T-0,f-lig-T-1,f-lig-T-2,f-lig-T-3,f-lig-S-0,f-lig-S-1,f-lig-S-2,f-lig-S-3,name
450.0007,967.2660000000008,1549.1346000000008,2020.7879999999984,1861.0,4140.0,6144.0,6876.0,70.0,150.0,240.0,324.0,390.0,990.0,1464.0,1716.0,30.16860000000001,73.689,111.81359999999995,135.7907999999999,KEDQAN_clean_primitive
450.0007,967.2660000000008,1549.1346000000008,2020.7879999999984,1861.0,4140.0,6144.0,6876.0,70.0,150.0,240.0,324.0,390.0,990.0,1464.0,1716.0,30.16860000000001,73.689,111.81359999999995,135.7907999999999,KEDQAN_clean_primitive
450.0007,967.2660000000006,1549.1346000000005,2020.7879999999986,1861.0,4140.0,6144.0,6876.0,70.0,150.0,240.0,324.0,390.0,990.0,1464.0,1716.0,30.1686,73.68900000000001,111.81359999999998,135.79079999999993,KEDQAN_clean_primitive
450.0007,967.2660000000006,1549.1346000000008,2020.7879999999986,1861.0,4140.0,6144.0,6876.0,70.0,150.0,240.0,324.0,390.0,990.0,1464.0,1716.0,30.1686,73.68900000000001,111.81359999999998,135.79079999999993,KEDQAN_clean_primitive
