f-chi-0-all,f-chi-1-all,f-chi-2-all,f-chi-3-all,f-Z-0-all,f-Z-1-all,f-Z-2-all,f-Z-3-all,f-I-0-all,f-I-1-all,f-I-2-all,f-I-3-all,f-T-0-all,f-T-1-all,f-T-2-all,f-T-3-all,f-S-0-all,f-S-1-all,f-S-2-all,f-S-3-all,mc-chi-0-all,mc-chi-1-all,mc-chi-2-all,mc-chi-3-all,mc-Z-0-all,mc-Z-1-all,mc-Z-2-all,mc-Z-3-all,mc-I-0-all,mc-I-1-all,mc-I-2-all,mc-I-3-all,mc-T-0-all,mc-T-1-all,mc-T-2-all,mc-T-3-all,mc-S-0-all,mc-S-1-all,mc-S-2-all,mc-S-3-all,D_mc-chi-0-all,D_mc-chi-1-all,D_mc-chi-2-all,D_mc-chi-3-all,D_mc-Z-0-all,D_mc-Z-1-all,D_mc-Z-2-all,D_mc-Z-3-all,D_mc-I-0-all,D_mc-I-1-all,D_mc-I-2-all,D_mc-I-3-all,D_mc-T-0-all,D_mc-T-1-all,D_mc-T-2-all,D_mc-T-3-all,D_mc-S-0-all,D_mc-S-1-all,D_mc-S-2-all,D_mc-S-3-all,name
461.34949999999975,846.4592,2981.5432000000005,2293.4479999999985,7621.0,20236.0,35100.0,47404.0,49.0,132.0,290.0,340.0,442.0,1240.0,2044.0,2808.0,36.61900000000003,107.32359999999998,192.6074000000001,269.9688,2.6569,32.4696,15.275428571428572,66.54125714285715,529.0,1031.7142857142858,1787.4285714285713,2162.0,1.0,5.714285714285714,4.571428571428571,12.857142857142858,33.42857142857143,66.85714285714286,118.28571428571429,191.42857142857142,1.4884000000000002,4.935771428571428,6.134857142857144,11.492399999999995,0.0,-10.605714285714285,-1.9200000000000002,-19.865714285714287,0.0,86.57142857142857,27.428571428571427,201.71428571428572,0.0,0.0,0.0,0.0,0.0,22.0,6.285714285714286,43.142857142857146,0.0,2.925714285714286,0.5485714285714283,6.265714285714288,PENYIR_clean_primitive
