f-link-chi-0,f-link-chi-1,f-link-chi-2,f-link-chi-3,f-link-Z-0,f-link-Z-1,f-link-Z-2,f-link-Z-3,f-link-I-0,f-link-I-1,f-link-I-2,f-link-I-3,f-link-T-0,f-link-T-1,f-link-T-2,f-link-T-3,f-link-S-0,f-link-S-1,f-link-S-2,f-link-S-3,name
776.3972000000012,2198.0827999999983,4113.772399999998,5531.752,3140.0,9512.0,16232.0,19780.0,124.0,340.0,648.0,884.0,1156.0,3812.0,6392.0,8032.0,52.97239999999993,168.57159999999945,297.4664000000001,382.2451999999992,TOVGAO
776.3972000000012,2198.0827999999988,4113.772399999998,5531.7519999999995,3140.0,9512.0,16232.0,19780.0,124.0,340.0,648.0,884.0,1156.0,3812.0,6392.0,8032.0,52.972399999999936,168.57159999999948,297.4664000000001,382.2451999999993,TOVGAO
1160.6816000000017,3107.2087999999935,5727.892799999996,7684.304000000005,4436.0,12536.0,20712.0,25736.0,188.0,488.0,920.0,1248.0,1616.0,5104.0,8136.0,10496.0,76.0859999999999,231.4343999999996,396.9367999999999,517.1839999999992,TOVGAO
