f-sbu-chi-0,f-sbu-chi-1,f-sbu-chi-2,f-sbu-chi-3,f-sbu-Z-0,f-sbu-Z-1,f-sbu-Z-2,f-sbu-Z-3,f-sbu-I-0,f-sbu-I-1,f-sbu-I-2,f-sbu-I-3,f-sbu-T-0,f-sbu-T-1,f-sbu-T-2,f-sbu-T-3,f-sbu-S-0,f-sbu-S-1,f-sbu-S-2,f-sbu-S-3,mc-chi-0,mc-chi-1,mc-chi-2,mc-chi-3,mc-Z-0,mc-Z-1,mc-Z-2,mc-Z-3,mc-I-0,mc-I-1,mc-I-2,mc-I-3,mc-T-0,mc-T-1,mc-T-2,mc-T-3,mc-S-0,mc-S-1,mc-S-2,mc-S-3,D_mc-chi-0,D_mc-chi-1,D_mc-chi-2,D_mc-chi-3,D_mc-Z-0,D_mc-Z-1,D_mc-Z-2,D_mc-Z-3,D_mc-I-0,D_mc-I-1,D_mc-I-2,D_mc-I-3,D_mc-T-0,D_mc-T-1,D_mc-T-2,D_mc-T-3,D_mc-S-0,D_mc-S-1,D_mc-S-2,D_mc-S-3,name
66.5864,108.22399999999999,149.6592,186.048,1181.0,1960.0,1980.0,1008.0,9.0,16.0,20.0,24.0,36.0,80.0,80.0,48.0,6.526,12.899999999999999,15.250799999999998,13.86,3.61,23.104,19.38,19.38,841.0,812.0,696.0,696.0,1.0,4.0,4.0,4.0,16.0,32.0,32.0,48.0,1.9043999999999996,4.14,4.2504,4.2504,0.0,-4.5600000000000005,-2.5999999999999996,-2.5999999999999996,0.0,88.0,92.0,92.0,0.0,0.0,0.0,0.0,0.0,8.0,8.0,4.0,0.0,2.5199999999999996,2.4399999999999995,2.4399999999999995,ZEVWOO
66.5864,108.22399999999999,149.6592,186.048,1181.0,1960.0,1980.0,1008.0,9.0,16.0,20.0,24.0,36.0,80.0,80.0,48.0,6.526,12.900000000000002,15.250799999999998,13.86,3.61,23.104,19.38,19.38,841.0,812.0,696.0,696.0,1.0,4.0,4.0,4.0,16.0,32.0,32.0,48.0,1.9043999999999996,4.14,4.2504,4.2504,0.0,-4.5600000000000005,-2.5999999999999996,-2.5999999999999996,0.0,88.0,92.0,92.0,0.0,0.0,0.0,0.0,0.0,8.0,8.0,4.0,0.0,2.5199999999999996,2.4399999999999995,2.4399999999999995,ZEVWOO
