f-lig-chi-0,f-lig-chi-1,f-lig-chi-2,f-lig-chi-3,f-lig-Z-0,f-lig-Z-1,f-lig-Z-2,f-lig-Z-3,f-lig-I-0,f-lig-I-1,f-lig-I-2,f-lig-I-3,f-lig-T-0,f-lig-T-1,f-lig-T-2,f-lig-T-3,f-lig-S-0,f-lig-S-1,f-lig-S-2,f-lig-S-3,name
291.63929999999993,515.8140000000001,947.0332,1151.846,1362.0,2424.0,4324.0,4880.0,35.0,72.0,120.0,160.0,192.0,484.0,714.0,868.0,16.3307,36.96000000000001,59.18560000000002,74.27599999999998,CUVXAT_clean_primitive
291.6393,515.8140000000001,947.0331999999999,1151.8459999999995,1362.0,2424.0,4324.0,4880.0,35.0,72.0,120.0,160.0,192.0,484.0,714.0,868.0,16.330700000000004,36.96000000000001,59.185600000000015,74.276,CUVXAT_clean_primitive
291.6393,515.8140000000001,947.0331999999999,1151.846,1362.0,2424.0,4324.0,4880.0,35.0,72.0,120.0,160.0,192.0,484.0,714.0,868.0,16.330700000000007,36.96000000000001,59.185600000000015,74.27599999999998,CUVXAT_clean_primitive
291.63929999999993,515.814,947.0331999999997,1151.8460000000002,1362.0,2424.0,4324.0,4880.0,35.0,72.0,120.0,160.0,192.0,484.0,714.0,868.0,16.3307,36.96000000000001,59.185600000000015,74.27600000000001,CUVXAT_clean_primitive
291.63929999999993,515.814,947.0331999999999,1151.8460000000002,1362.0,2424.0,4324.0,4880.0,35.0,72.0,120.0,160.0,192.0,484.0,714.0,868.0,16.3307,36.96000000000001,59.185600000000015,74.276,CUVXAT_clean_primitive
291.6393,515.8140000000002,947.0332000000001,1151.8459999999998,1362.0,2424.0,4324.0,4880.0,35.0,72.0,120.0,160.0,192.0,484.0,714.0,868.0,16.330700000000007,36.96000000000001,59.185600000000015,74.27600000000001,CUVXAT_clean_primitive
