f-sbu-chi-0,f-sbu-chi-1,f-sbu-chi-2,f-sbu-chi-3,f-sbu-Z-0,f-sbu-Z-1,f-sbu-Z-2,f-sbu-Z-3,f-sbu-I-0,f-sbu-I-1,f-sbu-I-2,f-sbu-I-3,f-sbu-T-0,f-sbu-T-1,f-sbu-T-2,f-sbu-T-3,f-sbu-S-0,f-sbu-S-1,f-sbu-S-2,f-sbu-S-3,mc-chi-0,mc-chi-1,mc-chi-2,mc-chi-3,mc-Z-0,mc-Z-1,mc-Z-2,mc-Z-3,mc-I-0,mc-I-1,mc-I-2,mc-I-3,mc-T-0,mc-T-1,mc-T-2,mc-T-3,mc-S-0,mc-S-1,mc-S-2,mc-S-3,D_mc-chi-0,D_mc-chi-1,D_mc-chi-2,D_mc-chi-3,D_mc-Z-0,D_mc-Z-1,D_mc-Z-2,D_mc-Z-3,D_mc-I-0,D_mc-I-1,D_mc-I-2,D_mc-I-3,D_mc-T-0,D_mc-T-1,D_mc-T-2,D_mc-T-3,D_mc-S-0,D_mc-S-1,D_mc-S-2,D_mc-S-3,name
129.586,264.60839999999996,554.968,757.224,1263.0,3216.0,3952.0,2040.0,17.0,36.0,66.0,96.0,102.0,284.0,432.0,340.0,7.977999999999999,21.147199999999998,35.527,35.3328,3.5343999999999998,38.8032,43.992000000000004,32.1104,729.0,1296.0,810.0,1080.0,1.0,6.0,10.0,6.0,36.0,96.0,120.0,108.0,1.5876000000000001,5.518800000000001,6.678,5.7204,0.0,-9.360000000000001,-4.600000000000001,-5.8,0.0,114.0,240.0,122.0,0.0,0.0,0.0,0.0,0.0,20.0,40.0,18.0,0.0,3.1800000000000006,7.299999999999999,3.0200000000000005,GAZKUP
129.586,264.6084,554.9679999999998,757.224,1263.0,3216.0,3952.0,2040.0,17.0,36.0,66.0,96.0,102.0,284.0,432.0,340.0,7.977999999999999,21.147199999999998,35.527,35.332800000000006,3.5343999999999998,38.8032,43.992000000000004,32.1104,729.0,1296.0,810.0,1080.0,1.0,6.0,10.0,6.0,36.0,96.0,120.0,108.0,1.5876000000000001,5.518800000000001,6.678,5.7204,0.0,-9.360000000000001,-4.600000000000001,-5.8,0.0,114.0,240.0,122.0,0.0,0.0,0.0,0.0,0.0,20.0,40.0,18.0,0.0,3.1800000000000006,7.299999999999999,3.0200000000000005,GAZKUP
