f-lig-chi-0,f-lig-chi-1,f-lig-chi-2,f-lig-chi-3,f-lig-Z-0,f-lig-Z-1,f-lig-Z-2,f-lig-Z-3,f-lig-I-0,f-lig-I-1,f-lig-I-2,f-lig-I-3,f-lig-T-0,f-lig-T-1,f-lig-T-2,f-lig-T-3,f-lig-S-0,f-lig-S-1,f-lig-S-2,f-lig-S-3,name
332.3284999999999,650.1480000000005,1088.5138000000002,1351.9660000000008,1412.0,2784.0,4066.0,4288.0,47.0,96.0,160.0,208.0,256.0,636.0,866.0,940.0,19.97030000000001,46.32320000000002,69.1312,80.03520000000005,ROMQER_clean_primitive
332.3284999999999,650.1480000000004,1088.5138000000002,1351.9660000000008,1412.0,2784.0,4066.0,4288.0,47.0,96.0,160.0,208.0,256.0,636.0,866.0,940.0,19.97030000000001,46.32320000000002,69.1312,80.03520000000005,ROMQER_clean_primitive
332.32849999999996,650.1480000000004,1088.5138000000002,1351.9660000000003,1412.0,2784.0,4066.0,4288.0,47.0,96.0,160.0,208.0,256.0,636.0,866.0,940.0,19.97030000000001,46.323200000000014,69.13120000000002,80.03520000000002,ROMQER_clean_primitive
332.32849999999996,650.1480000000004,1088.5138000000002,1351.9660000000003,1412.0,2784.0,4066.0,4288.0,47.0,96.0,160.0,208.0,256.0,636.0,866.0,940.0,19.97030000000001,46.32320000000002,69.1312,80.03520000000003,ROMQER_clean_primitive
332.32849999999996,650.1480000000005,1088.5138,1351.9660000000003,1412.0,2784.0,4066.0,4288.0,47.0,96.0,160.0,208.0,256.0,636.0,866.0,940.0,19.970300000000016,46.32320000000003,69.1312,80.03520000000006,ROMQER_clean_primitive
332.3284999999999,650.1480000000003,1088.5138,1351.966,1412.0,2784.0,4066.0,4288.0,47.0,96.0,160.0,208.0,256.0,636.0,866.0,940.0,19.970300000000016,46.32320000000003,69.13119999999999,80.03520000000006,ROMQER_clean_primitive
332.32849999999974,650.1480000000003,1088.5138000000002,1351.9660000000001,1412.0,2784.0,4066.0,4288.0,47.0,96.0,160.0,208.0,256.0,636.0,866.0,940.0,19.97030000000001,46.323200000000014,69.13120000000004,80.0352,ROMQER_clean_primitive
332.3284999999998,650.1480000000003,1088.5138000000002,1351.9660000000003,1412.0,2784.0,4066.0,4288.0,47.0,96.0,160.0,208.0,256.0,636.0,866.0,940.0,19.97030000000001,46.32320000000002,69.13120000000002,80.0352,ROMQER_clean_primitive
