f-lig-chi-0,f-lig-chi-1,f-lig-chi-2,f-lig-chi-3,f-lig-Z-0,f-lig-Z-1,f-lig-Z-2,f-lig-Z-3,f-lig-I-0,f-lig-I-1,f-lig-I-2,f-lig-I-3,f-lig-T-0,f-lig-T-1,f-lig-T-2,f-lig-T-3,f-lig-S-0,f-lig-S-1,f-lig-S-2,f-lig-S-3,name
188.92299999999994,377.09400000000005,588.2914,716.262,832.0,1680.0,2440.0,2472.0,27.0,56.0,86.0,108.0,142.0,348.0,478.0,492.0,12.0603,27.90480000000001,40.4006,44.74360000000001,KIFXOO_clean_primitive
188.92299999999997,377.094,588.2914000000001,716.262,832.0,1680.0,2440.0,2472.0,27.0,56.0,86.0,108.0,142.0,348.0,478.0,492.0,12.060300000000003,27.90480000000001,40.40060000000001,44.74360000000001,KIFXOO_clean_primitive
193.76299999999998,392.23,599.5114,742.618,833.0,1696.0,2452.0,2500.0,28.0,58.0,88.0,112.0,146.0,358.0,492.0,512.0,12.1972,28.445000000000007,40.970400000000005,45.85360000000002,KIFXOO_clean_primitive
193.76299999999998,392.23,599.5114000000001,742.618,833.0,1696.0,2452.0,2500.0,28.0,58.0,88.0,112.0,146.0,358.0,492.0,512.0,12.197200000000002,28.445000000000007,40.97040000000001,45.8536,KIFXOO_clean_primitive
122.2282,268.821,406.22000000000014,458.812,466.0,1080.0,1400.0,1288.0,20.0,42.0,64.0,76.0,106.0,258.0,352.0,360.0,8.1492,19.8506,27.907200000000003,28.971600000000006,KIFXOO_clean_primitive
122.22820000000003,268.821,406.22000000000014,458.812,466.0,1080.0,1400.0,1288.0,20.0,42.0,64.0,76.0,106.0,258.0,352.0,360.0,8.1492,19.8506,27.90720000000001,28.971600000000006,KIFXOO_clean_primitive
122.2282,268.8210000000001,406.2200000000001,458.812,466.0,1080.0,1400.0,1288.0,20.0,42.0,64.0,76.0,106.0,258.0,352.0,360.0,8.149199999999999,19.850600000000004,27.907200000000007,28.971600000000006,KIFXOO_clean_primitive
