f-link-chi-0,f-link-chi-1,f-link-chi-2,f-link-chi-3,f-link-Z-0,f-link-Z-1,f-link-Z-2,f-link-Z-3,f-link-I-0,f-link-I-1,f-link-I-2,f-link-I-3,f-link-T-0,f-link-T-1,f-link-T-2,f-link-T-3,f-link-S-0,f-link-S-1,f-link-S-2,f-link-S-3,name
199.77439999999999,403.46100000000007,628.0204000000001,772.4469999999999,842.0,1728.0,2464.0,2506.0,30.0,62.0,96.0,124.0,158.0,390.0,544.0,580.0,12.987000000000002,30.353400000000008,44.11200000000001,49.98680000000001,LIHDUC
378.7211999999997,1149.5231999999999,2310.2220000000007,3033.3228,1146.0,3780.0,4926.0,6894.0,60.0,162.0,366.0,472.0,642.0,2164.0,3138.0,4596.0,18.615600000000015,64.38300000000001,107.89860000000003,151.06200000000004,LIHDUC
199.7744,403.46100000000007,628.0204,772.4469999999998,842.0,1728.0,2464.0,2506.0,30.0,62.0,96.0,124.0,158.0,390.0,544.0,580.0,12.987000000000004,30.353400000000015,44.11200000000001,49.9868,LIHDUC
199.77439999999996,403.461,628.0204000000001,772.4469999999999,842.0,1728.0,2464.0,2506.0,30.0,62.0,96.0,124.0,158.0,390.0,544.0,580.0,12.987000000000002,30.353400000000008,44.112000000000016,49.98680000000001,LIHDUC
