f-lig-chi-0,f-lig-chi-1,f-lig-chi-2,f-lig-chi-3,f-lig-Z-0,f-lig-Z-1,f-lig-Z-2,f-lig-Z-3,f-lig-I-0,f-lig-I-1,f-lig-I-2,f-lig-I-3,f-lig-T-0,f-lig-T-1,f-lig-T-2,f-lig-T-3,f-lig-S-0,f-lig-S-1,f-lig-S-2,f-lig-S-3,name
617.5114000000004,1267.1970000000008,2145.096800000001,2753.5851999999995,2416.0,5088.0,7664.0,8866.0,94.0,194.0,332.0,430.0,526.0,1312.0,1896.0,2240.0,37.62380000000003,90.62900000000002,139.13160000000002,175.04619999999989,OWUWOU_clean_primitive
617.5114000000005,1267.1970000000008,2145.096800000001,2753.5851999999995,2416.0,5088.0,7664.0,8866.0,94.0,194.0,332.0,430.0,526.0,1312.0,1896.0,2240.0,37.62380000000003,90.62900000000002,139.13160000000002,175.04619999999989,OWUWOU_clean_primitive
617.5114000000002,1267.1970000000006,2145.0968000000003,2753.5852,2416.0,5088.0,7664.0,8866.0,94.0,194.0,332.0,430.0,526.0,1312.0,1896.0,2240.0,37.62380000000004,90.62900000000002,139.1316,175.04619999999983,OWUWOU_clean_primitive
617.5114000000002,1267.1970000000006,2145.0968000000003,2753.5852,2416.0,5088.0,7664.0,8866.0,94.0,194.0,332.0,430.0,526.0,1312.0,1896.0,2240.0,37.62380000000004,90.62900000000002,139.1316,175.04619999999983,OWUWOU_clean_primitive
