f-link-chi-0,f-link-chi-1,f-link-chi-2,f-link-chi-3,f-link-Z-0,f-link-Z-1,f-link-Z-2,f-link-Z-3,f-link-I-0,f-link-I-1,f-link-I-2,f-link-I-3,f-link-T-0,f-link-T-1,f-link-T-2,f-link-T-3,f-link-S-0,f-link-S-1,f-link-S-2,f-link-S-3,name
219.42860000000002,463.5670000000002,730.1624,914.5174000000003,842.0,1828.0,2468.0,2416.0,34.0,70.0,112.0,142.0,182.0,448.0,596.0,602.0,13.533000000000005,32.47980000000001,46.6608,51.37740000000001,VOPWII
219.42860000000002,463.56700000000023,730.1624000000002,914.5174,842.0,1828.0,2468.0,2416.0,34.0,70.0,112.0,142.0,182.0,448.0,596.0,602.0,13.533000000000003,32.47980000000001,46.66080000000001,51.377399999999994,VOPWII
144.0441,255.969,399.64559999999994,462.2129999999999,711.0,1260.0,1896.0,1944.0,18.0,36.0,54.0,66.0,90.0,216.0,294.0,306.0,8.9442,19.126800000000003,27.591,31.000200000000007,VOPWII
144.04410000000001,255.969,399.64559999999994,462.21299999999997,711.0,1260.0,1896.0,1944.0,18.0,36.0,54.0,66.0,90.0,216.0,294.0,306.0,8.9442,19.126800000000003,27.591000000000005,31.000200000000007,VOPWII
