f-chi-0-all,f-chi-1-all,f-chi-2-all,f-chi-3-all,f-Z-0-all,f-Z-1-all,f-Z-2-all,f-Z-3-all,f-I-0-all,f-I-1-all,f-I-2-all,f-I-3-all,f-T-0-all,f-T-1-all,f-T-2-all,f-T-3-all,f-S-0-all,f-S-1-all,f-S-2-all,f-S-3-all,mc-chi-0-all,mc-chi-1-all,mc-chi-2-all,mc-chi-3-all,mc-Z-0-all,mc-Z-1-all,mc-Z-2-all,mc-Z-3-all,mc-I-0-all,mc-I-1-all,mc-I-2-all,mc-I-3-all,mc-T-0-all,mc-T-1-all,mc-T-2-all,mc-T-3-all,mc-S-0-all,mc-S-1-all,mc-S-2-all,mc-S-3-all,D_mc-chi-0-all,D_mc-chi-1-all,D_mc-chi-2-all,D_mc-chi-3-all,D_mc-Z-0-all,D_mc-Z-1-all,D_mc-Z-2-all,D_mc-Z-3-all,D_mc-I-0-all,D_mc-I-1-all,D_mc-I-2-all,D_mc-I-3-all,D_mc-T-0-all,D_mc-T-1-all,D_mc-T-2-all,D_mc-T-3-all,D_mc-S-0-all,D_mc-S-1-all,D_mc-S-2-all,D_mc-S-3-all,name
5428.183999999979,12905.991999999926,33607.25440000011,41350.13119999984,140296.0,314464.0,789904.0,872624.0,744.0,2096.0,4272.0,6512.0,7040.0,22848.0,42544.0,61520.0,517.7008,1606.4656000000166,3134.076799999991,4565.952000000009,3.0119130434782666,24.47095652173911,21.413721739130427,70.54111304347823,641.1739130434783,822.3478260869565,3423.913043478261,2287.913043478261,1.0,4.173913043478261,6.608695652173913,12.26086956521739,17.82608695652174,54.26086956521739,104.17391304347827,147.34782608695653,1.4971130434782627,3.7441130434782655,8.73071304347825,10.601282608695652,0.0,-6.975652173913042,-0.5695652173913041,-19.186956521739113,0.0,71.30434782608695,31.73913043478261,220.3913043478261,0.0,0.0,0.0,0.0,0.0,5.217391304347826,4.434782608695652,17.26086956521739,0.0,2.0582608695652183,0.986956521739132,6.355217391304333,FAZFET_clean_primitive
