f-link-chi-0,f-link-chi-1,f-link-chi-2,f-link-chi-3,f-link-Z-0,f-link-Z-1,f-link-Z-2,f-link-Z-3,f-link-I-0,f-link-I-1,f-link-I-2,f-link-I-3,f-link-T-0,f-link-T-1,f-link-T-2,f-link-T-3,f-link-S-0,f-link-S-1,f-link-S-2,f-link-S-3,name
195.7614,442.17000000000013,723.4724,803.1129999999999,714.0,1728.0,2360.0,1984.0,32.0,68.0,112.0,134.0,180.0,452.0,656.0,658.0,12.467200000000005,31.38520000000001,46.84880000000002,48.45260000000001,JUMZUO01
348.51099999999974,685.5930000000003,1156.0788000000005,1448.5710000000001,1450.0,2880.0,4188.0,4416.0,50.0,102.0,172.0,226.0,274.0,684.0,932.0,1012.0,20.83700000000001,48.64860000000002,72.87000000000002,84.59540000000001,JUMZUO01
195.76140000000004,442.1700000000002,723.4724000000001,803.1130000000002,714.0,1728.0,2360.0,1984.0,32.0,68.0,112.0,134.0,180.0,452.0,656.0,658.0,12.467200000000002,31.38520000000002,46.848800000000004,48.4526,JUMZUO01
348.5109999999997,685.5930000000003,1156.0788,1448.5710000000001,1450.0,2880.0,4188.0,4416.0,50.0,102.0,172.0,226.0,274.0,684.0,932.0,1012.0,20.83700000000001,48.648600000000016,72.87,84.59540000000001,JUMZUO01
195.76140000000004,442.17000000000024,723.4724,803.1130000000003,714.0,1728.0,2360.0,1984.0,32.0,68.0,112.0,134.0,180.0,452.0,656.0,658.0,12.467200000000002,31.385200000000015,46.8488,48.45260000000001,JUMZUO01
