f-lig-chi-0,f-lig-chi-1,f-lig-chi-2,f-lig-chi-3,f-lig-Z-0,f-lig-Z-1,f-lig-Z-2,f-lig-Z-3,f-lig-I-0,f-lig-I-1,f-lig-I-2,f-lig-I-3,f-lig-T-0,f-lig-T-1,f-lig-T-2,f-lig-T-3,f-lig-S-0,f-lig-S-1,f-lig-S-2,f-lig-S-3,name
194.46819999999994,324.53319999999985,595.6035999999998,621.8769999999997,1381.0,2800.0,3484.0,3664.0,23.0,46.0,74.0,86.0,120.0,286.0,390.0,462.0,12.730099999999998,28.21340000000001,41.00499999999999,46.67660000000002,KUVJIW_clean_primitive
194.46819999999994,324.5331999999998,595.6035999999999,621.8769999999998,1381.0,2800.0,3484.0,3664.0,23.0,46.0,74.0,86.0,120.0,286.0,390.0,462.0,12.730099999999998,28.213400000000014,41.00499999999998,46.67660000000002,KUVJIW_clean_primitive
