f-chi-0-all,f-chi-1-all,f-chi-2-all,f-chi-3-all,f-Z-0-all,f-Z-1-all,f-Z-2-all,f-Z-3-all,f-I-0-all,f-I-1-all,f-I-2-all,f-I-3-all,f-T-0-all,f-T-1-all,f-T-2-all,f-T-3-all,f-S-0-all,f-S-1-all,f-S-2-all,f-S-3-all,mc-chi-0-all,mc-chi-1-all,mc-chi-2-all,mc-chi-3-all,mc-Z-0-all,mc-Z-1-all,mc-Z-2-all,mc-Z-3-all,mc-I-0-all,mc-I-1-all,mc-I-2-all,mc-I-3-all,mc-T-0-all,mc-T-1-all,mc-T-2-all,mc-T-3-all,mc-S-0-all,mc-S-1-all,mc-S-2-all,mc-S-3-all,D_mc-chi-0-all,D_mc-chi-1-all,D_mc-chi-2-all,D_mc-chi-3-all,D_mc-Z-0-all,D_mc-Z-1-all,D_mc-Z-2-all,D_mc-Z-3-all,D_mc-I-0-all,D_mc-I-1-all,D_mc-I-2-all,D_mc-I-3-all,D_mc-T-0-all,D_mc-T-1-all,D_mc-T-2-all,D_mc-T-3-all,D_mc-S-0-all,D_mc-S-1-all,D_mc-S-2-all,D_mc-S-3-all,name
590.7096000000004,1093.0859999999996,4483.552399999999,4211.958,26982.0,50760.0,80576.0,84216.0,66.0,180.0,464.0,568.0,744.0,2608.0,3968.0,4424.0,50.3484,166.12679999999995,320.4691999999998,410.1524,1.4399999999999997,31.955999999999992,19.259999999999994,61.98800000000002,3969.0,3906.0,7434.0,7602.0,1.0,8.0,7.0,17.0,70.0,178.0,239.66666666666666,350.3333333333333,2.8223999999999987,9.8784,11.0936,21.364000000000004,0.0,-17.03,-7.6499999999999995,-31.25666666666668,0.0,442.0,323.0,950.3333333333334,0.0,0.0,0.0,0.0,0.0,50.0,28.666666666666668,93.33333333333333,0.0,7.560000000000001,5.156666666666666,15.843333333333335,YEKWOC_clean_primitive
590.7096000000001,1093.0859999999996,4483.5524,4211.957999999998,26982.0,50760.0,80576.0,84216.0,66.0,180.0,464.0,568.0,744.0,2608.0,3968.0,4424.0,50.34839999999997,166.1268,320.4691999999998,410.1524000000002,1.4399999999999997,31.955999999999992,19.259999999999994,61.98800000000002,3969.0,3906.0,7434.0,7602.0,1.0,8.0,7.0,17.0,70.0,178.0,239.66666666666666,350.3333333333333,2.8223999999999987,9.8784,11.0936,21.364000000000004,0.0,-17.03,-7.6499999999999995,-31.25666666666668,0.0,442.0,323.0,950.3333333333334,0.0,0.0,0.0,0.0,0.0,50.0,28.666666666666668,93.33333333333333,0.0,7.560000000000001,5.156666666666666,15.843333333333335,YEKWOC_clean_primitive
