name,cif_file,Di,Df,Dif,rho,VSA,GSA,VPOV,GPOV,POAV_vol_frac,PONAV_vol_frac,GPOAV,GPONAV,POAV,PONAV
OKIWUB02_clean,OKIWUB02_clean.cif,5.03837,4.11286,5.03837,1.09856,653.629,594.987,0.19039999999999999,0.17331779784445092,0.1855,0.0049,0.168858,0.00446039,1001.92,26.4658
