f-chi-0-all,f-chi-1-all,f-chi-2-all,f-chi-3-all,f-Z-0-all,f-Z-1-all,f-Z-2-all,f-Z-3-all,f-I-0-all,f-I-1-all,f-I-2-all,f-I-3-all,f-T-0-all,f-T-1-all,f-T-2-all,f-T-3-all,f-S-0-all,f-S-1-all,f-S-2-all,f-S-3-all,mc-chi-0-all,mc-chi-1-all,mc-chi-2-all,mc-chi-3-all,mc-Z-0-all,mc-Z-1-all,mc-Z-2-all,mc-Z-3-all,mc-I-0-all,mc-I-1-all,mc-I-2-all,mc-I-3-all,mc-T-0-all,mc-T-1-all,mc-T-2-all,mc-T-3-all,mc-S-0-all,mc-S-1-all,mc-S-2-all,mc-S-3-all,D_mc-chi-0-all,D_mc-chi-1-all,D_mc-chi-2-all,D_mc-chi-3-all,D_mc-Z-0-all,D_mc-Z-1-all,D_mc-Z-2-all,D_mc-Z-3-all,D_mc-I-0-all,D_mc-I-1-all,D_mc-I-2-all,D_mc-I-3-all,D_mc-T-0-all,D_mc-T-1-all,D_mc-T-2-all,D_mc-T-3-all,D_mc-S-0-all,D_mc-S-1-all,D_mc-S-2-all,D_mc-S-3-all,name
1204.7780000000007,2308.9280000000035,9373.798400000003,9414.592000000011,16016.0,55552.0,102656.0,144128.0,140.0,448.0,1016.0,1472.0,1752.0,6416.0,11928.0,16784.0,134.15480000000002,460.42559999999895,883.2119999999977,1277.5584000000006,1.0,21.78666666666666,13.533333333333326,57.80666666666664,400.0,1013.3333333333334,1813.3333333333333,2693.3333333333335,1.0,6.333333333333333,7.333333333333333,17.666666666666668,40.333333333333336,117.0,212.0,341.0,2.9241000000000006,7.905900000000002,15.013799999999998,22.281300000000005,0.0,-15.453333333333324,-6.199999999999999,-40.13999999999999,0.0,76.0,56.0,218.66666666666666,0.0,0.0,0.0,0.0,0.0,22.0,13.333333333333334,58.666666666666664,0.0,6.206666666666667,3.7600000000000002,17.18,ZEGSUB_clean_primitive
