f-link-chi-0,f-link-chi-1,f-link-chi-2,f-link-chi-3,f-link-Z-0,f-link-Z-1,f-link-Z-2,f-link-Z-3,f-link-I-0,f-link-I-1,f-link-I-2,f-link-I-3,f-link-T-0,f-link-T-1,f-link-T-2,f-link-T-3,f-link-S-0,f-link-S-1,f-link-S-2,f-link-S-3,name
178.555,387.41720000000015,601.5554000000002,697.9000000000001,772.0,1730.0,2504.0,2392.0,27.0,58.0,90.0,108.0,148.0,368.0,514.0,496.0,12.178700000000005,29.153000000000006,42.95380000000001,44.987600000000015,MUTNAQ
178.555,387.41720000000015,601.5554000000002,697.9000000000001,772.0,1730.0,2504.0,2392.0,27.0,58.0,90.0,108.0,148.0,368.0,514.0,496.0,12.178700000000005,29.153000000000006,42.95380000000001,44.987600000000015,MUTNAQ
178.555,387.41720000000015,601.5554000000002,697.9000000000001,772.0,1730.0,2504.0,2392.0,27.0,58.0,90.0,108.0,148.0,368.0,514.0,496.0,12.178700000000005,29.153000000000006,42.95380000000001,44.987600000000015,MUTNAQ
178.555,387.41720000000015,601.5554000000002,697.9000000000001,772.0,1730.0,2504.0,2392.0,27.0,58.0,90.0,108.0,148.0,368.0,514.0,496.0,12.178700000000005,29.153000000000006,42.95380000000001,44.987600000000015,MUTNAQ
