f-lig-chi-0,f-lig-chi-1,f-lig-chi-2,f-lig-chi-3,f-lig-Z-0,f-lig-Z-1,f-lig-Z-2,f-lig-Z-3,f-lig-I-0,f-lig-I-1,f-lig-I-2,f-lig-I-3,f-lig-T-0,f-lig-T-1,f-lig-T-2,f-lig-T-3,f-lig-S-0,f-lig-S-1,f-lig-S-2,f-lig-S-3,name
241.1391,468.63900000000007,801.1505999999993,974.6310000000002,939.0,1836.0,2748.0,3072.0,36.0,72.0,126.0,150.0,198.0,480.0,654.0,882.0,14.144400000000012,33.07920000000001,50.095800000000004,62.338200000000015,SOJTOC_clean_primitive
241.1391,468.63900000000007,801.1505999999993,974.6310000000002,939.0,1836.0,2748.0,3072.0,36.0,72.0,126.0,150.0,198.0,480.0,654.0,882.0,14.144400000000012,33.07920000000001,50.095800000000004,62.338200000000015,SOJTOC_clean_primitive
241.1391,468.6390000000001,801.1505999999993,974.6310000000002,939.0,1836.0,2748.0,3072.0,36.0,72.0,126.0,150.0,198.0,480.0,654.0,882.0,14.144400000000012,33.07920000000001,50.095800000000004,62.338200000000015,SOJTOC_clean_primitive
241.1391,468.6390000000001,801.1505999999993,974.6310000000002,939.0,1836.0,2748.0,3072.0,36.0,72.0,126.0,150.0,198.0,480.0,654.0,882.0,14.144400000000012,33.07920000000001,50.095800000000004,62.338200000000015,SOJTOC_clean_primitive
