f-lig-chi-0,f-lig-chi-1,f-lig-chi-2,f-lig-chi-3,f-lig-Z-0,f-lig-Z-1,f-lig-Z-2,f-lig-Z-3,f-lig-I-0,f-lig-I-1,f-lig-I-2,f-lig-I-3,f-lig-T-0,f-lig-T-1,f-lig-T-2,f-lig-T-3,f-lig-S-0,f-lig-S-1,f-lig-S-2,f-lig-S-3,name
469.5681999999999,969.7140000000006,1599.8348000000015,1886.8094000000006,2014.0,4248.0,6392.0,7736.0,68.0,144.0,236.0,282.0,380.0,928.0,1340.0,1694.0,29.565200000000022,70.84000000000005,107.44760000000001,133.32900000000004,LITCIC_clean_primitive
479.2481999999999,999.9860000000007,1622.274800000001,1939.5214000000008,2016.0,4280.0,6416.0,7792.0,70.0,148.0,240.0,290.0,388.0,948.0,1368.0,1734.0,29.83900000000002,71.92040000000003,108.5872,135.549,LITCIC_clean_primitive
