f-link-chi-0,f-link-chi-1,f-link-chi-2,f-link-chi-3,f-link-Z-0,f-link-Z-1,f-link-Z-2,f-link-Z-3,f-link-I-0,f-link-I-1,f-link-I-2,f-link-I-3,f-link-T-0,f-link-T-1,f-link-T-2,f-link-T-3,f-link-S-0,f-link-S-1,f-link-S-2,f-link-S-3,name
361.30999999999995,1442.0441999999996,2489.150600000001,3399.6937999999996,1518.0,5118.0,8072.0,10212.0,44.0,188.0,360.0,466.0,996.0,5166.0,8148.0,8772.0,17.7788,81.534,138.13279999999997,170.87380000000005,IFESUJ
361.3099999999999,1442.0441999999996,2489.150600000001,3399.693799999999,1518.0,5118.0,8072.0,10212.0,44.0,188.0,360.0,466.0,996.0,5166.0,8148.0,8772.0,17.7788,81.534,138.13279999999997,170.87380000000005,IFESUJ
361.30999999999995,1442.0441999999998,2489.150600000001,3399.693799999999,1518.0,5118.0,8072.0,10212.0,44.0,188.0,360.0,466.0,996.0,5166.0,8148.0,8772.0,17.7788,81.534,138.1328,170.87380000000005,IFESUJ
361.30999999999983,1423.5609999999995,2507.3138000000013,3399.6938,1518.0,5020.0,8168.0,10212.0,44.0,186.0,362.0,466.0,986.0,5104.0,8044.0,8616.0,17.77880000000001,80.409,139.25699999999995,170.87380000000005,IFESUJ
361.3099999999998,1423.5609999999992,2507.3138000000013,3399.6937999999996,1518.0,5020.0,8168.0,10212.0,44.0,186.0,362.0,466.0,986.0,5104.0,8044.0,8616.0,17.77880000000001,80.409,139.257,170.87380000000005,IFESUJ
361.30999999999983,1423.5609999999992,2507.3138000000013,3399.6937999999996,1518.0,5020.0,8168.0,10212.0,44.0,186.0,362.0,466.0,986.0,5104.0,8044.0,8616.0,17.77880000000001,80.409,139.257,170.87380000000005,IFESUJ
