f-sbu-chi-0,f-sbu-chi-1,f-sbu-chi-2,f-sbu-chi-3,f-sbu-Z-0,f-sbu-Z-1,f-sbu-Z-2,f-sbu-Z-3,f-sbu-I-0,f-sbu-I-1,f-sbu-I-2,f-sbu-I-3,f-sbu-T-0,f-sbu-T-1,f-sbu-T-2,f-sbu-T-3,f-sbu-S-0,f-sbu-S-1,f-sbu-S-2,f-sbu-S-3,mc-chi-0,mc-chi-1,mc-chi-2,mc-chi-3,mc-Z-0,mc-Z-1,mc-Z-2,mc-Z-3,mc-I-0,mc-I-1,mc-I-2,mc-I-3,mc-T-0,mc-T-1,mc-T-2,mc-T-3,mc-S-0,mc-S-1,mc-S-2,mc-S-3,D_mc-chi-0,D_mc-chi-1,D_mc-chi-2,D_mc-chi-3,D_mc-Z-0,D_mc-Z-1,D_mc-Z-2,D_mc-Z-3,D_mc-I-0,D_mc-I-1,D_mc-I-2,D_mc-I-3,D_mc-T-0,D_mc-T-1,D_mc-T-2,D_mc-T-3,D_mc-S-0,D_mc-S-1,D_mc-S-2,D_mc-S-3,name
390.1388999999999,772.2262,1500.286799999999,2182.9735999999984,8790.0,14568.0,18942.0,18664.0,53.0,114.0,194.0,292.0,314.0,832.0,1210.0,1444.0,31.785800000000012,77.63219999999998,125.12060000000001,163.92120000000003,2.8560999999999996,29.65386666666667,31.602999999999998,65.85366666666668,2304.0,1952.0,2112.0,3584.0,1.0,5.333333333333333,7.333333333333333,14.666666666666666,28.666666666666668,68.0,118.0,179.33333333333334,2.1904,5.821333333333333,8.357066666666665,14.1488,0.0,-8.533333333333333,-6.306666666666664,-14.179999999999998,0.0,215.33333333333334,308.0,629.3333333333334,0.0,0.0,0.0,0.0,0.0,16.0,17.333333333333332,45.333333333333336,0.0,3.9600000000000004,5.206666666666666,12.146666666666667,HUWHUE
390.1389,772.2261999999998,1500.2867999999996,2182.9735999999994,8790.0,14568.0,18942.0,18664.0,53.0,114.0,194.0,292.0,314.0,832.0,1210.0,1444.0,31.785800000000016,77.63220000000001,125.1206,163.92120000000003,2.8560999999999996,29.65386666666667,31.602999999999998,65.85366666666668,2304.0,1952.0,2112.0,3584.0,1.0,5.333333333333333,7.333333333333333,14.666666666666666,28.666666666666668,68.0,118.0,179.33333333333334,2.1904,5.821333333333333,8.357066666666665,14.1488,0.0,-8.533333333333333,-6.306666666666664,-14.179999999999998,0.0,215.33333333333334,308.0,629.3333333333334,0.0,0.0,0.0,0.0,0.0,16.0,17.333333333333332,45.333333333333336,0.0,3.9600000000000004,5.206666666666666,12.146666666666667,HUWHUE
