f-sbu-chi-0,f-sbu-chi-1,f-sbu-chi-2,f-sbu-chi-3,f-sbu-Z-0,f-sbu-Z-1,f-sbu-Z-2,f-sbu-Z-3,f-sbu-I-0,f-sbu-I-1,f-sbu-I-2,f-sbu-I-3,f-sbu-T-0,f-sbu-T-1,f-sbu-T-2,f-sbu-T-3,f-sbu-S-0,f-sbu-S-1,f-sbu-S-2,f-sbu-S-3,mc-chi-0,mc-chi-1,mc-chi-2,mc-chi-3,mc-Z-0,mc-Z-1,mc-Z-2,mc-Z-3,mc-I-0,mc-I-1,mc-I-2,mc-I-3,mc-T-0,mc-T-1,mc-T-2,mc-T-3,mc-S-0,mc-S-1,mc-S-2,mc-S-3,D_mc-chi-0,D_mc-chi-1,D_mc-chi-2,D_mc-chi-3,D_mc-Z-0,D_mc-Z-1,D_mc-Z-2,D_mc-Z-3,D_mc-I-0,D_mc-I-1,D_mc-I-2,D_mc-I-3,D_mc-T-0,D_mc-T-1,D_mc-T-2,D_mc-T-3,D_mc-S-0,D_mc-S-1,D_mc-S-2,D_mc-S-3,name
184.25850000000003,321.632,549.2596,1092.9407999999996,3278.0,5432.0,9638.0,8344.0,23.0,44.0,74.0,136.0,118.0,328.0,510.0,544.0,14.8086,31.680000000000003,55.4802,82.20000000000003,2.8560999999999996,30.825599999999998,56.130533333333325,77.06400000000001,2304.0,2016.0,3712.0,4032.0,1.0,6.0,12.0,17.333333333333332,36.0,108.0,176.0,232.0,2.1904,6.659999999999999,13.517333333333331,16.398399999999995,0.0,-8.1,-12.93333333333333,-16.30666666666666,0.0,246.0,498.6666666666667,748.0,0.0,0.0,0.0,0.0,0.0,18.0,42.666666666666664,65.33333333333333,0.0,4.38,8.626666666666667,14.573333333333336,KOMGOJ
152.77030000000002,265.5744000000001,483.6371999999999,1019.6159999999998,3108.0,5124.0,9462.0,5460.0,19.0,36.0,66.0,120.0,102.0,288.0,426.0,360.0,12.4978,27.0,50.800200000000004,68.40000000000002,2.8560999999999996,30.825599999999998,56.130533333333325,77.06400000000001,2304.0,2016.0,3712.0,4032.0,1.0,6.0,12.0,17.333333333333332,36.0,108.0,176.0,232.0,2.1904,6.659999999999999,13.517333333333331,16.398399999999995,0.0,-8.1,-12.93333333333333,-16.30666666666666,0.0,246.0,498.6666666666667,748.0,0.0,0.0,0.0,0.0,0.0,18.0,42.666666666666664,65.33333333333333,0.0,4.38,8.626666666666667,14.573333333333336,KOMGOJ
152.77030000000002,265.5744000000001,483.6371999999999,1019.6159999999998,3108.0,5124.0,9462.0,5460.0,19.0,36.0,66.0,120.0,102.0,288.0,426.0,360.0,12.497800000000002,27.0,50.800200000000004,68.40000000000002,2.8560999999999996,30.825599999999998,56.130533333333325,77.06400000000001,2304.0,2016.0,3712.0,4032.0,1.0,6.0,12.0,17.333333333333332,36.0,108.0,176.0,232.0,2.1904,6.659999999999999,13.517333333333331,16.398399999999995,0.0,-8.1,-12.93333333333333,-16.30666666666666,0.0,246.0,498.6666666666667,748.0,0.0,0.0,0.0,0.0,0.0,18.0,42.666666666666664,65.33333333333333,0.0,4.38,8.626666666666667,14.573333333333336,KOMGOJ
