f-chi-0-all,f-chi-1-all,f-chi-2-all,f-chi-3-all,f-Z-0-all,f-Z-1-all,f-Z-2-all,f-Z-3-all,f-I-0-all,f-I-1-all,f-I-2-all,f-I-3-all,f-T-0-all,f-T-1-all,f-T-2-all,f-T-3-all,f-S-0-all,f-S-1-all,f-S-2-all,f-S-3-all,mc-chi-0-all,mc-chi-1-all,mc-chi-2-all,mc-chi-3-all,mc-Z-0-all,mc-Z-1-all,mc-Z-2-all,mc-Z-3-all,mc-I-0-all,mc-I-1-all,mc-I-2-all,mc-I-3-all,mc-T-0-all,mc-T-1-all,mc-T-2-all,mc-T-3-all,mc-S-0-all,mc-S-1-all,mc-S-2-all,mc-S-3-all,D_mc-chi-0-all,D_mc-chi-1-all,D_mc-chi-2-all,D_mc-chi-3-all,D_mc-Z-0-all,D_mc-Z-1-all,D_mc-Z-2-all,D_mc-Z-3-all,D_mc-I-0-all,D_mc-I-1-all,D_mc-I-2-all,D_mc-I-3-all,D_mc-T-0-all,D_mc-T-1-all,D_mc-T-2-all,D_mc-T-3-all,D_mc-S-0-all,D_mc-S-1-all,D_mc-S-2-all,D_mc-S-3-all,name
2011.1039999999948,3939.6960000000013,10100.337600000033,10947.17759999999,88752.0,123408.0,148800.0,174720.0,240.0,624.0,1200.0,1440.0,1824.0,4944.0,8352.0,9504.0,190.12320000000113,517.9919999999984,876.3504000000039,1012.3679999999944,1.2100000000000006,18.480000000000008,16.83,26.355999999999998,3249.0,2223.0,2052.0,3192.0,1.0,5.0,6.0,8.0,25.0,55.0,90.0,100.0,2.8560999999999983,6.202299999999998,7.807799999999996,10.139999999999993,0.0,-11.300000000000004,-8.699999999999996,-15.160000000000004,0.0,246.0,306.0,400.0,0.0,0.0,0.0,0.0,0.0,14.0,12.0,20.0,0.0,4.78,5.519999999999997,7.5200000000000005,DANVEU_clean_primitive
