f-chi-0-all,f-chi-1-all,f-chi-2-all,f-chi-3-all,f-Z-0-all,f-Z-1-all,f-Z-2-all,f-Z-3-all,f-I-0-all,f-I-1-all,f-I-2-all,f-I-3-all,f-T-0-all,f-T-1-all,f-T-2-all,f-T-3-all,f-S-0-all,f-S-1-all,f-S-2-all,f-S-3-all,mc-chi-0-all,mc-chi-1-all,mc-chi-2-all,mc-chi-3-all,mc-Z-0-all,mc-Z-1-all,mc-Z-2-all,mc-Z-3-all,mc-I-0-all,mc-I-1-all,mc-I-2-all,mc-I-3-all,mc-T-0-all,mc-T-1-all,mc-T-2-all,mc-T-3-all,mc-S-0-all,mc-S-1-all,mc-S-2-all,mc-S-3-all,D_mc-chi-0-all,D_mc-chi-1-all,D_mc-chi-2-all,D_mc-chi-3-all,D_mc-Z-0-all,D_mc-Z-1-all,D_mc-Z-2-all,D_mc-Z-3-all,D_mc-I-0-all,D_mc-I-1-all,D_mc-I-2-all,D_mc-I-3-all,D_mc-T-0-all,D_mc-T-1-all,D_mc-T-2-all,D_mc-T-3-all,D_mc-S-0-all,D_mc-S-1-all,D_mc-S-2-all,D_mc-S-3-all,name
210.10339999999994,407.2807999999999,1541.2643999999996,968.4279999999998,10376.0,19936.0,23856.0,18848.0,24.0,68.0,160.0,132.0,296.0,1064.0,1276.0,1072.0,17.768800000000002,62.12359999999997,103.32000000000001,93.45159999999998,1.5376,36.1832,14.1856,52.07999999999999,4624.0,4624.0,6256.0,6120.0,1.0,9.0,5.0,15.0,81.0,216.0,207.0,396.0,2.7224999999999997,10.972499999999998,7.8045,17.4075,0.0,-18.02,-5.239999999999999,-23.4,0.0,544.0,248.0,930.0,0.0,0.0,0.0,0.0,0.0,57.0,22.0,91.0,0.0,8.2,3.5199999999999996,14.199999999999998,COWMOR_clean_primitive
210.10339999999994,407.2807999999999,1541.2643999999998,968.4279999999997,10376.0,19936.0,23856.0,18848.0,24.0,68.0,160.0,132.0,296.0,1064.0,1276.0,1072.0,17.768800000000002,62.12359999999997,103.32000000000001,93.45159999999998,1.5376,36.1832,14.1856,52.07999999999999,4624.0,4624.0,6256.0,6120.0,1.0,9.0,5.0,15.0,81.0,216.0,207.0,396.0,2.7224999999999997,10.972499999999998,7.8045,17.4075,0.0,-18.02,-5.239999999999999,-23.4,0.0,544.0,248.0,930.0,0.0,0.0,0.0,0.0,0.0,57.0,22.0,91.0,0.0,8.2,3.5199999999999996,14.199999999999998,COWMOR_clean_primitive
