f-chi-0-all,f-chi-1-all,f-chi-2-all,f-chi-3-all,f-Z-0-all,f-Z-1-all,f-Z-2-all,f-Z-3-all,f-I-0-all,f-I-1-all,f-I-2-all,f-I-3-all,f-T-0-all,f-T-1-all,f-T-2-all,f-T-3-all,f-S-0-all,f-S-1-all,f-S-2-all,f-S-3-all,mc-chi-0-all,mc-chi-1-all,mc-chi-2-all,mc-chi-3-all,mc-Z-0-all,mc-Z-1-all,mc-Z-2-all,mc-Z-3-all,mc-I-0-all,mc-I-1-all,mc-I-2-all,mc-I-3-all,mc-T-0-all,mc-T-1-all,mc-T-2-all,mc-T-3-all,mc-S-0-all,mc-S-1-all,mc-S-2-all,mc-S-3-all,D_mc-chi-0-all,D_mc-chi-1-all,D_mc-chi-2-all,D_mc-chi-3-all,D_mc-Z-0-all,D_mc-Z-1-all,D_mc-Z-2-all,D_mc-Z-3-all,D_mc-I-0-all,D_mc-I-1-all,D_mc-I-2-all,D_mc-I-3-all,D_mc-T-0-all,D_mc-T-1-all,D_mc-T-2-all,D_mc-T-3-all,D_mc-S-0-all,D_mc-S-1-all,D_mc-S-2-all,D_mc-S-3-all,name
227.51269999999997,413.21599999999995,852.3968000000001,1293.1359999999995,3842.0,7760.0,12626.0,12412.0,29.0,60.0,106.0,168.0,166.0,452.0,696.0,800.0,19.0501,44.0516,75.10500000000003,98.47600000000003,2.7224999999999997,25.607999999999993,28.104999999999993,62.05100000000001,900.0,1080.0,2080.0,2300.0,1.0,4.666666666666667,7.333333333333333,13.333333333333334,22.666666666666668,58.666666666666664,106.66666666666667,146.66666666666666,1.7161000000000002,4.4976666666666665,7.641666666666668,11.790000000000001,0.0,-7.82,-4.933333333333334,-15.60666666666667,0.0,104.0,150.66666666666666,323.3333333333333,0.0,0.0,0.0,0.0,0.0,10.666666666666666,14.0,33.333333333333336,0.0,2.68,3.7733333333333334,8.466666666666667,GIRYIR_clean_primitive
227.5127,413.216,852.3968,1293.1359999999997,3842.0,7760.0,12626.0,12412.0,29.0,60.0,106.0,168.0,166.0,452.0,696.0,800.0,19.0501,44.0516,75.10500000000002,98.47600000000004,2.7224999999999997,25.607999999999993,28.104999999999993,62.05100000000001,900.0,1080.0,2080.0,2300.0,1.0,4.666666666666667,7.333333333333333,13.333333333333334,22.666666666666668,58.666666666666664,106.66666666666667,146.66666666666666,1.7161000000000002,4.4976666666666665,7.641666666666668,11.790000000000001,0.0,-7.82,-4.933333333333334,-15.60666666666667,0.0,104.0,150.66666666666666,323.3333333333333,0.0,0.0,0.0,0.0,0.0,10.666666666666666,14.0,33.333333333333336,0.0,2.68,3.7733333333333334,8.466666666666667,GIRYIR_clean_primitive
