f-chi-0-all,f-chi-1-all,f-chi-2-all,f-chi-3-all,f-Z-0-all,f-Z-1-all,f-Z-2-all,f-Z-3-all,f-I-0-all,f-I-1-all,f-I-2-all,f-I-3-all,f-T-0-all,f-T-1-all,f-T-2-all,f-T-3-all,f-S-0-all,f-S-1-all,f-S-2-all,f-S-3-all,mc-chi-0-all,mc-chi-1-all,mc-chi-2-all,mc-chi-3-all,mc-Z-0-all,mc-Z-1-all,mc-Z-2-all,mc-Z-3-all,mc-I-0-all,mc-I-1-all,mc-I-2-all,mc-I-3-all,mc-T-0-all,mc-T-1-all,mc-T-2-all,mc-T-3-all,mc-S-0-all,mc-S-1-all,mc-S-2-all,mc-S-3-all,D_mc-chi-0-all,D_mc-chi-1-all,D_mc-chi-2-all,D_mc-chi-3-all,D_mc-Z-0-all,D_mc-Z-1-all,D_mc-Z-2-all,D_mc-Z-3-all,D_mc-I-0-all,D_mc-I-1-all,D_mc-I-2-all,D_mc-I-3-all,D_mc-T-0-all,D_mc-T-1-all,D_mc-T-2-all,D_mc-T-3-all,D_mc-S-0-all,D_mc-S-1-all,D_mc-S-2-all,D_mc-S-3-all,name
538.3818,1056.1740000000007,2343.4792,2907.380000000001,6246.0,14636.0,20632.0,26864.0,68.0,156.0,284.0,404.0,440.0,1160.0,1768.0,2168.0,40.347600000000035,105.73480000000006,169.58760000000012,229.6204,2.4025000000000003,24.882666666666665,20.046666666666667,51.80100000000001,625.0,933.3333333333334,1116.6666666666667,1950.0,1.0,4.666666666666667,5.333333333333333,11.0,22.0,47.0,79.33333333333333,130.66666666666666,1.9320999999999995,4.735266666666665,6.282799999999999,11.439699999999997,0.0,-8.820000000000002,-4.666666666666666,-16.37,0.0,79.33333333333333,88.66666666666667,197.0,0.0,0.0,0.0,0.0,0.0,12.0,8.0,23.333333333333332,0.0,3.08,2.893333333333333,7.06,ZIGWUJ_clean_primitive
538.3818000000001,1056.1740000000011,2343.4792000000007,2907.3800000000006,6246.0,14636.0,20632.0,26864.0,68.0,156.0,284.0,404.0,440.0,1160.0,1768.0,2168.0,40.34760000000003,105.7348000000001,169.58760000000007,229.6204000000001,2.4025000000000003,24.882666666666665,20.046666666666667,51.80100000000001,625.0,933.3333333333334,1116.6666666666667,1950.0,1.0,4.666666666666667,5.333333333333333,11.0,22.0,47.0,79.33333333333333,130.66666666666666,1.9320999999999995,4.735266666666665,6.282799999999999,11.439699999999997,0.0,-8.820000000000002,-4.666666666666666,-16.37,0.0,79.33333333333333,88.66666666666667,197.0,0.0,0.0,0.0,0.0,0.0,12.0,8.0,23.333333333333332,0.0,3.08,2.893333333333333,7.06,ZIGWUJ_clean_primitive
