f-lig-chi-0,f-lig-chi-1,f-lig-chi-2,f-lig-chi-3,f-lig-Z-0,f-lig-Z-1,f-lig-Z-2,f-lig-Z-3,f-lig-I-0,f-lig-I-1,f-lig-I-2,f-lig-I-3,f-lig-T-0,f-lig-T-1,f-lig-T-2,f-lig-T-3,f-lig-S-0,f-lig-S-1,f-lig-S-2,f-lig-S-3,name
122.2282,268.82099999999997,406.22,458.81200000000007,466.0,1080.0,1400.0,1288.0,20.0,42.0,64.0,76.0,106.0,258.0,352.0,360.0,8.1492,19.850600000000004,27.907200000000003,28.971600000000002,SEJBAL_clean_primitive
122.2282,268.82099999999997,406.22,458.81200000000007,466.0,1080.0,1400.0,1288.0,20.0,42.0,64.0,76.0,106.0,258.0,352.0,360.0,8.1492,19.850600000000004,27.907200000000003,28.971600000000002,SEJBAL_clean_primitive
239.58239999999998,450.8399999999999,712.9417999999997,872.1399999999998,1158.0,2184.0,3320.0,3760.0,31.0,64.0,98.0,124.0,162.0,396.0,554.0,628.0,15.1039,33.63360000000001,49.49300000000002,58.60120000000002,SEJBAL_clean_primitive
