f-chi-0-all,f-chi-1-all,f-chi-2-all,f-chi-3-all,f-Z-0-all,f-Z-1-all,f-Z-2-all,f-Z-3-all,f-I-0-all,f-I-1-all,f-I-2-all,f-I-3-all,f-T-0-all,f-T-1-all,f-T-2-all,f-T-3-all,f-S-0-all,f-S-1-all,f-S-2-all,f-S-3-all,mc-chi-0-all,mc-chi-1-all,mc-chi-2-all,mc-chi-3-all,mc-Z-0-all,mc-Z-1-all,mc-Z-2-all,mc-Z-3-all,mc-I-0-all,mc-I-1-all,mc-I-2-all,mc-I-3-all,mc-T-0-all,mc-T-1-all,mc-T-2-all,mc-T-3-all,mc-S-0-all,mc-S-1-all,mc-S-2-all,mc-S-3-all,D_mc-chi-0-all,D_mc-chi-1-all,D_mc-chi-2-all,D_mc-chi-3-all,D_mc-Z-0-all,D_mc-Z-1-all,D_mc-Z-2-all,D_mc-Z-3-all,D_mc-I-0-all,D_mc-I-1-all,D_mc-I-2-all,D_mc-I-3-all,D_mc-T-0-all,D_mc-T-1-all,D_mc-T-2-all,D_mc-T-3-all,D_mc-S-0-all,D_mc-S-1-all,D_mc-S-2-all,D_mc-S-3-all,name
373.3788999999998,666.7109999999998,2672.6392,2792.4689999999982,18904.0,34356.0,57766.0,55728.0,41.0,112.0,272.0,368.0,430.0,1440.0,2366.0,2784.0,31.78690000000003,104.33779999999999,195.6665999999999,261.9021999999999,1.2100000000000002,29.081249999999997,18.645,55.12649999999999,4225.0,3997.5,8677.5,7605.0,1.0,7.75,7.5,16.25,60.75,149.5,232.25,319.25,2.822399999999999,9.5214,11.995199999999997,20.365799999999997,0.0,-17.912499999999998,-8.699999999999998,-32.239999999999995,0.0,442.25,354.0,939.25,0.0,0.0,0.0,0.0,0.0,41.75,28.25,84.5,0.0,7.352499999999999,5.46,15.177499999999997,VUKTOM_clean_primitive
373.3788999999999,666.7109999999998,2672.639200000001,2792.468999999999,18904.0,34356.0,57766.0,55728.0,41.0,112.0,272.0,368.0,430.0,1440.0,2366.0,2784.0,31.786900000000024,104.33779999999999,195.66659999999993,261.9022,1.2100000000000002,29.081249999999997,18.645,55.12649999999999,4225.0,3997.5,8677.5,7605.0,1.0,7.75,7.5,16.25,60.75,149.5,232.25,319.25,2.822399999999999,9.5214,11.995199999999997,20.365799999999997,0.0,-17.912499999999998,-8.699999999999998,-32.239999999999995,0.0,442.25,354.0,939.25,0.0,0.0,0.0,0.0,0.0,41.75,28.25,84.5,0.0,7.352499999999999,5.46,15.177499999999997,VUKTOM_clean_primitive
