f-lig-chi-0,f-lig-chi-1,f-lig-chi-2,f-lig-chi-3,f-lig-Z-0,f-lig-Z-1,f-lig-Z-2,f-lig-Z-3,f-lig-I-0,f-lig-I-1,f-lig-I-2,f-lig-I-3,f-lig-T-0,f-lig-T-1,f-lig-T-2,f-lig-T-3,f-lig-S-0,f-lig-S-1,f-lig-S-2,f-lig-S-3,name
210.04280000000006,550.2692000000001,966.7352000000002,1209.293,836.0,2372.0,3668.0,3560.0,32.0,80.0,148.0,194.0,260.0,860.0,1396.0,1378.0,13.257600000000004,39.492799999999995,67.3668,74.96020000000006,DAXJET01_clean_primitive
210.04280000000006,550.2692000000002,966.7352000000003,1209.293,836.0,2372.0,3668.0,3560.0,32.0,80.0,148.0,194.0,260.0,860.0,1396.0,1378.0,13.257600000000004,39.4928,67.3668,74.96020000000006,DAXJET01_clean_primitive
210.04280000000006,550.2692000000002,966.7352000000003,1209.293,836.0,2372.0,3668.0,3560.0,32.0,80.0,148.0,194.0,260.0,860.0,1396.0,1378.0,13.257600000000004,39.4928,67.3668,74.96020000000006,DAXJET01_clean_primitive
