f-chi-0-all,f-chi-1-all,f-chi-2-all,f-chi-3-all,f-Z-0-all,f-Z-1-all,f-Z-2-all,f-Z-3-all,f-I-0-all,f-I-1-all,f-I-2-all,f-I-3-all,f-T-0-all,f-T-1-all,f-T-2-all,f-T-3-all,f-S-0-all,f-S-1-all,f-S-2-all,f-S-3-all,mc-chi-0-all,mc-chi-1-all,mc-chi-2-all,mc-chi-3-all,mc-Z-0-all,mc-Z-1-all,mc-Z-2-all,mc-Z-3-all,mc-I-0-all,mc-I-1-all,mc-I-2-all,mc-I-3-all,mc-T-0-all,mc-T-1-all,mc-T-2-all,mc-T-3-all,mc-S-0-all,mc-S-1-all,mc-S-2-all,mc-S-3-all,D_mc-chi-0-all,D_mc-chi-1-all,D_mc-chi-2-all,D_mc-chi-3-all,D_mc-Z-0-all,D_mc-Z-1-all,D_mc-Z-2-all,D_mc-Z-3-all,D_mc-I-0-all,D_mc-I-1-all,D_mc-I-2-all,D_mc-I-3-all,D_mc-T-0-all,D_mc-T-1-all,D_mc-T-2-all,D_mc-T-3-all,D_mc-S-0-all,D_mc-S-1-all,D_mc-S-2-all,D_mc-S-3-all,name
182.24039999999997,452.95020000000017,1049.8529999999998,1057.7484,3717.0,9054.0,19698.0,14904.0,24.0,66.0,132.0,144.0,222.0,720.0,1272.0,1152.0,18.35460000000001,52.323,102.34440000000002,105.6516,3.5343999999999993,31.583999999999993,33.8024,79.4864,729.0,1053.0,3159.0,2214.0,1.0,5.0,8.0,15.0,25.0,80.0,160.0,180.0,1.5876000000000001,4.624200000000001,10.092600000000003,12.2346,0.0,-7.3999999999999995,-2.94,-14.080000000000004,0.0,96.0,99.0,323.0,0.0,0.0,0.0,0.0,0.0,9.0,8.0,39.0,0.0,2.6299999999999994,2.07,9.19,ATIJUJ_manual_primitive
182.24039999999997,452.95020000000017,1049.8529999999996,1057.7484,3717.0,9054.0,19698.0,14904.0,24.0,66.0,132.0,144.0,222.0,720.0,1272.0,1152.0,18.35460000000001,52.323,102.34440000000002,105.6516,3.5343999999999993,31.583999999999993,33.8024,79.4864,729.0,1053.0,3159.0,2214.0,1.0,5.0,8.0,15.0,25.0,80.0,160.0,180.0,1.5876000000000001,4.624200000000001,10.092600000000003,12.2346,0.0,-7.3999999999999995,-2.94,-14.080000000000004,0.0,96.0,99.0,323.0,0.0,0.0,0.0,0.0,0.0,9.0,8.0,39.0,0.0,2.6299999999999994,2.07,9.19,ATIJUJ_manual_primitive
