f-chi-0-all,f-chi-1-all,f-chi-2-all,f-chi-3-all,f-Z-0-all,f-Z-1-all,f-Z-2-all,f-Z-3-all,f-I-0-all,f-I-1-all,f-I-2-all,f-I-3-all,f-T-0-all,f-T-1-all,f-T-2-all,f-T-3-all,f-S-0-all,f-S-1-all,f-S-2-all,f-S-3-all,mc-chi-0-all,mc-chi-1-all,mc-chi-2-all,mc-chi-3-all,mc-Z-0-all,mc-Z-1-all,mc-Z-2-all,mc-Z-3-all,mc-I-0-all,mc-I-1-all,mc-I-2-all,mc-I-3-all,mc-T-0-all,mc-T-1-all,mc-T-2-all,mc-T-3-all,mc-S-0-all,mc-S-1-all,mc-S-2-all,mc-S-3-all,D_mc-chi-0-all,D_mc-chi-1-all,D_mc-chi-2-all,D_mc-chi-3-all,D_mc-Z-0-all,D_mc-Z-1-all,D_mc-Z-2-all,D_mc-Z-3-all,D_mc-I-0-all,D_mc-I-1-all,D_mc-I-2-all,D_mc-I-3-all,D_mc-T-0-all,D_mc-T-1-all,D_mc-T-2-all,D_mc-T-3-all,D_mc-S-0-all,D_mc-S-1-all,D_mc-S-2-all,D_mc-S-3-all,name
136.5638,206.4,380.3008,454.0799999999999,8920.0,8960.0,7936.0,6400.0,16.0,32.0,44.0,56.0,76.0,176.0,208.0,208.0,13.532799999999998,28.7328,35.742,36.85039999999999,1.44,16.512,12.239999999999998,28.752,4096.0,2048.0,1536.0,3584.0,1.0,4.0,4.0,8.0,16.0,32.0,48.0,72.0,2.8560999999999996,4.9348,5.2052,10.14,0.0,-8.96,-5.3999999999999995,-14.36,0.0,224.0,232.0,456.0,0.0,0.0,0.0,0.0,0.0,8.0,4.0,14.0,0.0,3.84,3.6799999999999997,7.52,YUDFIO_clean_primitive
136.5638,206.4,380.3008,454.08,8920.0,8960.0,7936.0,6400.0,16.0,32.0,44.0,56.0,76.0,176.0,208.0,208.0,13.532799999999998,28.7328,35.742,36.8504,1.44,16.512,12.239999999999998,28.752,4096.0,2048.0,1536.0,3584.0,1.0,4.0,4.0,8.0,16.0,32.0,48.0,72.0,2.8560999999999996,4.9348,5.2052,10.14,0.0,-8.96,-5.3999999999999995,-14.36,0.0,224.0,232.0,456.0,0.0,0.0,0.0,0.0,0.0,8.0,4.0,14.0,0.0,3.84,3.6799999999999997,7.52,YUDFIO_clean_primitive
