f-lig-chi-0,f-lig-chi-1,f-lig-chi-2,f-lig-chi-3,f-lig-Z-0,f-lig-Z-1,f-lig-Z-2,f-lig-Z-3,f-lig-I-0,f-lig-I-1,f-lig-I-2,f-lig-I-3,f-lig-T-0,f-lig-T-1,f-lig-T-2,f-lig-T-3,f-lig-S-0,f-lig-S-1,f-lig-S-2,f-lig-S-3,name
327.5934,656.6328000000003,1015.5459999999999,1201.4990000000003,1810.0,3496.0,5026.0,5306.0,45.0,96.0,146.0,180.0,242.0,596.0,844.0,888.0,22.93920000000001,52.124400000000016,76.3206,86.92960000000005,EBAVAH_auto_primitive
327.5933999999999,656.6328000000003,1015.5459999999998,1201.499,1810.0,3496.0,5026.0,5306.0,45.0,96.0,146.0,180.0,242.0,596.0,844.0,888.0,22.93920000000001,52.12440000000002,76.32060000000001,86.92960000000002,EBAVAH_auto_primitive
327.5934,656.6328000000003,1015.546,1201.4989999999996,1810.0,3496.0,5026.0,5306.0,45.0,96.0,146.0,180.0,242.0,596.0,844.0,888.0,22.93920000000001,52.12440000000002,76.3206,86.92960000000004,EBAVAH_auto_primitive
327.5933999999999,656.6328000000005,1015.5459999999999,1201.4990000000012,1810.0,3496.0,5026.0,5306.0,45.0,96.0,146.0,180.0,242.0,596.0,844.0,888.0,22.939200000000017,52.12440000000003,76.32060000000003,86.92960000000005,EBAVAH_auto_primitive
327.5933999999999,656.6328000000003,1015.5459999999998,1201.4990000000003,1810.0,3496.0,5026.0,5306.0,45.0,96.0,146.0,180.0,242.0,596.0,844.0,888.0,22.939200000000007,52.12440000000002,76.32060000000003,86.92960000000004,EBAVAH_auto_primitive
327.5933999999999,656.6328000000002,1015.5459999999998,1201.4990000000003,1810.0,3496.0,5026.0,5306.0,45.0,96.0,146.0,180.0,242.0,596.0,844.0,888.0,22.939200000000007,52.12440000000002,76.32060000000003,86.92960000000002,EBAVAH_auto_primitive
327.5934,656.6328000000002,1015.546,1201.4989999999998,1810.0,3496.0,5026.0,5306.0,45.0,96.0,146.0,180.0,242.0,596.0,844.0,888.0,22.939200000000003,52.124400000000016,76.3206,86.92960000000004,EBAVAH_auto_primitive
327.59339999999986,656.6328000000002,1015.546,1201.4990000000005,1810.0,3496.0,5026.0,5306.0,45.0,96.0,146.0,180.0,242.0,596.0,844.0,888.0,22.93920000000001,52.12440000000003,76.32060000000003,86.92960000000006,EBAVAH_auto_primitive
327.59339999999986,656.6328000000002,1015.5460000000002,1201.4990000000005,1810.0,3496.0,5026.0,5306.0,45.0,96.0,146.0,180.0,242.0,596.0,844.0,888.0,22.93920000000001,52.12440000000003,76.32060000000001,86.92960000000005,EBAVAH_auto_primitive
