f-lig-chi-0,f-lig-chi-1,f-lig-chi-2,f-lig-chi-3,f-lig-Z-0,f-lig-Z-1,f-lig-Z-2,f-lig-Z-3,f-lig-I-0,f-lig-I-1,f-lig-I-2,f-lig-I-3,f-lig-T-0,f-lig-T-1,f-lig-T-2,f-lig-T-3,f-lig-S-0,f-lig-S-1,f-lig-S-2,f-lig-S-3,name
181.87960000000004,407.56040000000013,616.6554,700.6963999999998,736.0,1712.0,2370.0,2396.0,28.0,60.0,92.0,108.0,152.0,374.0,528.0,552.0,11.858799999999999,29.016400000000008,41.96680000000002,44.98920000000002,GIKQIC_clean_primitive
181.87960000000004,407.56040000000013,616.6554000000002,700.6964000000003,736.0,1712.0,2370.0,2396.0,28.0,60.0,92.0,108.0,152.0,374.0,528.0,552.0,11.858800000000002,29.016400000000008,41.966800000000006,44.98920000000001,GIKQIC_clean_primitive
53.99079999999999,71.0016,142.0032,0.0,512.0,1024.0,768.0,0.0,5.0,8.0,12.0,0.0,20.0,32.0,12.0,0.0,3.1719999999999997,5.9568,6.394799999999999,0.0,GIKQIC_clean_primitive
181.87960000000004,407.5604000000001,616.6554000000002,700.6964000000002,736.0,1712.0,2370.0,2396.0,28.0,60.0,92.0,108.0,152.0,374.0,528.0,552.0,11.8588,29.016400000000008,41.96680000000001,44.98920000000001,GIKQIC_clean_primitive
53.99079999999999,71.0016,142.0032,0.0,512.0,1024.0,768.0,0.0,5.0,8.0,12.0,0.0,20.0,32.0,12.0,0.0,3.1719999999999997,5.9568,6.394799999999999,0.0,GIKQIC_clean_primitive
181.87960000000004,407.5604000000001,616.6554,700.6963999999999,736.0,1712.0,2370.0,2396.0,28.0,60.0,92.0,108.0,152.0,374.0,528.0,552.0,11.8588,29.016400000000008,41.96680000000001,44.98920000000001,GIKQIC_clean_primitive
53.99079999999999,71.0016,142.0032,0.0,512.0,1024.0,768.0,0.0,5.0,8.0,12.0,0.0,20.0,32.0,12.0,0.0,3.1719999999999997,5.9568,6.394799999999999,0.0,GIKQIC_clean_primitive
53.99079999999999,71.0016,142.0032,0.0,512.0,1024.0,768.0,0.0,5.0,8.0,12.0,0.0,20.0,32.0,12.0,0.0,3.1719999999999997,5.9568,6.394799999999999,0.0,GIKQIC_clean_primitive
