f-lig-chi-0,f-lig-chi-1,f-lig-chi-2,f-lig-chi-3,f-lig-Z-0,f-lig-Z-1,f-lig-Z-2,f-lig-Z-3,f-lig-I-0,f-lig-I-1,f-lig-I-2,f-lig-I-3,f-lig-T-0,f-lig-T-1,f-lig-T-2,f-lig-T-3,f-lig-S-0,f-lig-S-1,f-lig-S-2,f-lig-S-3,name
138.09199999999998,231.77520000000004,413.94359999999995,266.6804,1148.0,2448.0,2532.0,1922.0,16.0,32.0,48.0,34.0,80.0,168.0,180.0,166.0,10.126999999999999,21.851999999999997,28.054800000000004,21.339399999999998,QOVDEL_clean_primitive
138.09199999999998,231.77520000000004,413.94359999999995,266.68039999999996,1148.0,2448.0,2532.0,1922.0,16.0,32.0,48.0,34.0,80.0,168.0,180.0,166.0,10.126999999999999,21.852000000000004,28.054800000000004,21.339399999999998,QOVDEL_clean_primitive
138.09199999999998,231.77520000000004,413.94360000000006,266.6804,1148.0,2448.0,2532.0,1922.0,16.0,32.0,48.0,34.0,80.0,168.0,180.0,166.0,10.126999999999999,21.852000000000004,28.054800000000004,21.339399999999998,QOVDEL_clean_primitive
