f-chi-0-all,f-chi-1-all,f-chi-2-all,f-chi-3-all,f-Z-0-all,f-Z-1-all,f-Z-2-all,f-Z-3-all,f-I-0-all,f-I-1-all,f-I-2-all,f-I-3-all,f-T-0-all,f-T-1-all,f-T-2-all,f-T-3-all,f-S-0-all,f-S-1-all,f-S-2-all,f-S-3-all,mc-chi-0-all,mc-chi-1-all,mc-chi-2-all,mc-chi-3-all,mc-Z-0-all,mc-Z-1-all,mc-Z-2-all,mc-Z-3-all,mc-I-0-all,mc-I-1-all,mc-I-2-all,mc-I-3-all,mc-T-0-all,mc-T-1-all,mc-T-2-all,mc-T-3-all,mc-S-0-all,mc-S-1-all,mc-S-2-all,mc-S-3-all,D_mc-chi-0-all,D_mc-chi-1-all,D_mc-chi-2-all,D_mc-chi-3-all,D_mc-Z-0-all,D_mc-Z-1-all,D_mc-Z-2-all,D_mc-Z-3-all,D_mc-I-0-all,D_mc-I-1-all,D_mc-I-2-all,D_mc-I-3-all,D_mc-T-0-all,D_mc-T-1-all,D_mc-T-2-all,D_mc-T-3-all,D_mc-S-0-all,D_mc-S-1-all,D_mc-S-2-all,D_mc-S-3-all,name
245.32659999999993,412.7999999999998,1611.2959999999998,2116.8384,10760.0,19968.0,39936.0,44544.0,26.0,64.0,160.0,256.0,224.0,640.0,1024.0,1408.0,22.76640000000002,64.0064,124.35199999999998,206.96960000000016,2.2275666666666667,27.684799999999996,33.760133333333336,79.6256,1634.0,1874.6666666666667,4086.6666666666665,5293.333333333333,1.0,6.0,9.333333333333334,19.333333333333332,38.0,102.66666666666667,198.66666666666666,308.0,1.9784,6.382000000000001,11.673066666666665,20.777199999999997,0.0,-11.020000000000001,-8.666666666666666,-28.113333333333344,0.0,196.66666666666666,213.33333333333334,626.0,0.0,0.0,0.0,0.0,0.0,20.666666666666668,21.333333333333332,68.66666666666667,0.0,4.220000000000001,4.2666666666666675,12.993333333333332,RALZEL_clean_primitive
212.2676,451.4880000000001,947.7528000000003,1509.0239999999997,3212.0,7968.0,16608.0,13728.0,30.0,72.0,144.0,200.0,252.0,848.0,1176.0,1232.0,21.0058,54.884800000000006,112.53519999999995,127.81920000000005,2.2275666666666667,27.684799999999996,33.760133333333336,79.6256,1634.0,1874.6666666666667,4086.6666666666665,5293.333333333333,1.0,6.0,9.333333333333334,19.333333333333332,38.0,102.66666666666667,198.66666666666666,308.0,1.9784,6.382000000000001,11.673066666666665,20.777199999999997,0.0,-11.020000000000001,-8.666666666666666,-28.113333333333344,0.0,196.66666666666666,213.33333333333334,626.0,0.0,0.0,0.0,0.0,0.0,20.666666666666668,21.333333333333332,68.66666666666667,0.0,4.220000000000001,4.2666666666666675,12.993333333333332,RALZEL_clean_primitive
