f-lig-chi-0,f-lig-chi-1,f-lig-chi-2,f-lig-chi-3,f-lig-Z-0,f-lig-Z-1,f-lig-Z-2,f-lig-Z-3,f-lig-I-0,f-lig-I-1,f-lig-I-2,f-lig-I-3,f-lig-T-0,f-lig-T-1,f-lig-T-2,f-lig-T-3,f-lig-S-0,f-lig-S-1,f-lig-S-2,f-lig-S-3,name
461.24879999999933,972.417000000001,1561.0208000000011,2024.3140000000026,1974.0,4272.0,6416.0,7168.0,70.0,150.0,240.0,324.0,390.0,990.0,1472.0,1732.0,30.99100000000003,74.89019999999988,114.21920000000001,139.46600000000012,NAFSOF_clean_primitive
461.24879999999933,972.417000000001,1561.0208000000011,2024.3140000000026,1974.0,4272.0,6416.0,7168.0,70.0,150.0,240.0,324.0,390.0,990.0,1472.0,1732.0,30.99100000000003,74.89019999999988,114.21920000000001,139.46600000000012,NAFSOF_clean_primitive
