name,cif_file,Di,Df,Dif,rho,VSA,GSA,VPOV,GPOV,POAV_vol_frac,PONAV_vol_frac,GPOAV,GPONAV,POAV,PONAV
GEGDED_clean,GEGDED_clean.cif,10.73095,6.57358,10.72652,0.838883,1800.36,2146.14,0.6115999999999999,0.7290647205867802,0.5768,0.0348,0.687581,0.0414838,4743.91,286.214
