f-lig-chi-0,f-lig-chi-1,f-lig-chi-2,f-lig-chi-3,f-lig-Z-0,f-lig-Z-1,f-lig-Z-2,f-lig-Z-3,f-lig-I-0,f-lig-I-1,f-lig-I-2,f-lig-I-3,f-lig-T-0,f-lig-T-1,f-lig-T-2,f-lig-T-3,f-lig-S-0,f-lig-S-1,f-lig-S-2,f-lig-S-3,name
128.54440000000002,274.81320000000005,396.68819999999994,313.84680000000003,589.0,1284.0,1608.0,1032.0,17.0,36.0,54.0,44.0,90.0,208.0,260.0,208.0,7.9817,18.330800000000004,24.532600000000002,18.2108,CUMJEB_clean_primitive
128.54440000000002,274.81320000000005,396.68820000000005,313.84680000000003,589.0,1284.0,1608.0,1032.0,17.0,36.0,54.0,44.0,90.0,208.0,260.0,208.0,7.9817,18.3308,24.532600000000006,18.210800000000003,CUMJEB_clean_primitive
128.54440000000002,274.81320000000005,396.6882000000001,313.84680000000003,589.0,1284.0,1608.0,1032.0,17.0,36.0,54.0,44.0,90.0,208.0,260.0,208.0,7.9817,18.330800000000004,24.532600000000006,18.2108,CUMJEB_clean_primitive
128.54440000000002,274.81320000000005,396.68820000000005,313.8468,589.0,1284.0,1608.0,1032.0,17.0,36.0,54.0,44.0,90.0,208.0,260.0,208.0,7.9817,18.330800000000004,24.532600000000006,18.2108,CUMJEB_clean_primitive
128.54440000000002,274.8132,396.6882,313.8468,589.0,1284.0,1608.0,1032.0,17.0,36.0,54.0,44.0,90.0,208.0,260.0,208.0,7.9817,18.330800000000004,24.532600000000006,18.2108,CUMJEB_clean_primitive
128.54440000000002,274.81320000000005,396.6882,313.8468,589.0,1284.0,1608.0,1032.0,17.0,36.0,54.0,44.0,90.0,208.0,260.0,208.0,7.9817,18.330800000000004,24.532600000000006,18.2108,CUMJEB_clean_primitive
