f-chi-0-all,f-chi-1-all,f-chi-2-all,f-chi-3-all,f-Z-0-all,f-Z-1-all,f-Z-2-all,f-Z-3-all,f-I-0-all,f-I-1-all,f-I-2-all,f-I-3-all,f-T-0-all,f-T-1-all,f-T-2-all,f-T-3-all,f-S-0-all,f-S-1-all,f-S-2-all,f-S-3-all,mc-chi-0-all,mc-chi-1-all,mc-chi-2-all,mc-chi-3-all,mc-Z-0-all,mc-Z-1-all,mc-Z-2-all,mc-Z-3-all,mc-I-0-all,mc-I-1-all,mc-I-2-all,mc-I-3-all,mc-T-0-all,mc-T-1-all,mc-T-2-all,mc-T-3-all,mc-S-0-all,mc-S-1-all,mc-S-2-all,mc-S-3-all,D_mc-chi-0-all,D_mc-chi-1-all,D_mc-chi-2-all,D_mc-chi-3-all,D_mc-Z-0-all,D_mc-Z-1-all,D_mc-Z-2-all,D_mc-Z-3-all,D_mc-I-0-all,D_mc-I-1-all,D_mc-I-2-all,D_mc-I-3-all,D_mc-T-0-all,D_mc-T-1-all,D_mc-T-2-all,D_mc-T-3-all,D_mc-S-0-all,D_mc-S-1-all,D_mc-S-2-all,D_mc-S-3-all,name
206.88099999999991,329.6895999999998,514.3416000000001,582.8735999999998,15304.0,8960.0,8160.0,9216.0,24.0,48.0,60.0,72.0,108.0,240.0,272.0,272.0,21.13340000000001,41.87280000000002,49.122,49.873599999999996,3.2144500000000003,14.8952,11.041499999999997,25.9367,3562.0,976.0,732.0,1708.0,1.0,3.0,3.0,6.0,10.0,20.0,30.0,46.0,2.4988499999999996,3.5477999999999996,3.7422000000000004,7.290000000000001,0.0,-5.989999999999999,-3.3199999999999985,-9.309999999999997,0.0,98.0,104.0,202.0,0.0,0.0,0.0,0.0,0.0,4.0,1.0,6.0,0.0,2.670000000000001,2.55,5.219999999999999,LACGED_clean_primitive
206.88099999999991,329.6895999999998,514.3416,582.8735999999998,15304.0,8960.0,8160.0,9216.0,24.0,48.0,60.0,72.0,108.0,240.0,272.0,272.0,21.13340000000001,41.87280000000002,49.12200000000001,49.87360000000001,3.2144500000000003,14.8952,11.041499999999997,25.9367,3562.0,976.0,732.0,1708.0,1.0,3.0,3.0,6.0,10.0,20.0,30.0,46.0,2.4988499999999996,3.5477999999999996,3.7422000000000004,7.290000000000001,0.0,-5.989999999999999,-3.3199999999999985,-9.309999999999997,0.0,98.0,104.0,202.0,0.0,0.0,0.0,0.0,0.0,4.0,1.0,6.0,0.0,2.670000000000001,2.55,5.219999999999999,LACGED_clean_primitive
