f-lig-chi-0,f-lig-chi-1,f-lig-chi-2,f-lig-chi-3,f-lig-Z-0,f-lig-Z-1,f-lig-Z-2,f-lig-Z-3,f-lig-I-0,f-lig-I-1,f-lig-I-2,f-lig-I-3,f-lig-T-0,f-lig-T-1,f-lig-T-2,f-lig-T-3,f-lig-S-0,f-lig-S-1,f-lig-S-2,f-lig-S-3,name
283.7809999999999,543.813,885.8187999999997,1063.7352,1298.0,2496.0,3700.0,3912.0,38.0,78.0,124.0,154.0,202.0,492.0,668.0,732.0,17.370200000000004,39.347000000000016,57.91480000000001,66.35780000000003,JUGQIN_clean_primitive
283.7809999999999,543.813,885.8187999999997,1063.7352,1298.0,2496.0,3700.0,3912.0,38.0,78.0,124.0,154.0,202.0,492.0,668.0,732.0,17.370200000000004,39.347000000000016,57.91480000000001,66.35780000000003,JUGQIN_clean_primitive
44.742399999999996,62.745599999999996,71.0016,0.0,241.0,336.0,384.0,0.0,4.0,6.0,6.0,0.0,12.0,18.0,6.0,0.0,2.1612,3.2849999999999997,3.1973999999999996,0.0,JUGQIN_clean_primitive
44.742399999999996,62.745599999999996,71.0016,0.0,241.0,336.0,384.0,0.0,4.0,6.0,6.0,0.0,12.0,18.0,6.0,0.0,2.1612,3.2849999999999997,3.1973999999999996,0.0,JUGQIN_clean_primitive
