f-lig-chi-0,f-lig-chi-1,f-lig-chi-2,f-lig-chi-3,f-lig-Z-0,f-lig-Z-1,f-lig-Z-2,f-lig-Z-3,f-lig-I-0,f-lig-I-1,f-lig-I-2,f-lig-I-3,f-lig-T-0,f-lig-T-1,f-lig-T-2,f-lig-T-3,f-lig-S-0,f-lig-S-1,f-lig-S-2,f-lig-S-3,name
89.8211,170.8482,239.82899999999995,199.66100000000003,434.0,810.0,1146.0,842.0,11.0,22.0,30.0,24.0,52.0,116.0,134.0,92.0,5.3683,11.4442,15.0334,11.2208,JOFKIA_clean_primitive
89.8211,170.8482,239.829,199.661,434.0,810.0,1146.0,842.0,11.0,22.0,30.0,24.0,52.0,116.0,134.0,92.0,5.3683,11.4442,15.0334,11.2208,JOFKIA_clean_primitive
89.82110000000002,170.84820000000002,239.82899999999998,199.66100000000003,434.0,810.0,1146.0,842.0,11.0,22.0,30.0,24.0,52.0,116.0,134.0,92.0,5.3683,11.4442,15.033399999999999,11.2208,JOFKIA_clean_primitive
89.8211,170.84819999999996,239.82899999999995,199.661,434.0,810.0,1146.0,842.0,11.0,22.0,30.0,24.0,52.0,116.0,134.0,92.0,5.3683,11.444200000000002,15.0334,11.2208,JOFKIA_clean_primitive
89.8211,170.8482,239.829,199.66100000000003,434.0,810.0,1146.0,842.0,11.0,22.0,30.0,24.0,52.0,116.0,134.0,92.0,5.3683000000000005,11.444199999999999,15.0334,11.220800000000002,JOFKIA_clean_primitive
89.82110000000002,170.84819999999996,239.82899999999998,199.66100000000006,434.0,810.0,1146.0,842.0,11.0,22.0,30.0,24.0,52.0,116.0,134.0,92.0,5.3683,11.4442,15.033400000000002,11.2208,JOFKIA_clean_primitive
