f-link-chi-0,f-link-chi-1,f-link-chi-2,f-link-chi-3,f-link-Z-0,f-link-Z-1,f-link-Z-2,f-link-Z-3,f-link-I-0,f-link-I-1,f-link-I-2,f-link-I-3,f-link-T-0,f-link-T-1,f-link-T-2,f-link-T-3,f-link-S-0,f-link-S-1,f-link-S-2,f-link-S-3,name
60.33939999999999,83.18099999999998,117.51039999999998,94.66879999999999,328.0,456.0,640.0,512.0,6.0,10.0,12.0,8.0,22.0,42.0,28.0,8.0,3.3174,5.682600000000001,6.628399999999999,4.263199999999999,WUSGOI
60.33939999999999,83.18099999999998,117.51039999999998,94.66879999999999,328.0,456.0,640.0,512.0,6.0,10.0,12.0,8.0,22.0,42.0,28.0,8.0,3.3173999999999992,5.682600000000001,6.628399999999999,4.263199999999999,WUSGOI
61.8105,90.54080000000002,161.27519999999998,90.816,483.0,992.0,828.0,96.0,7.0,12.0,16.0,12.0,28.0,56.0,42.0,16.0,3.529,7.2707999999999995,7.9636,3.2412,WUSGOI
56.970499999999994,75.4048,151.6392,45.408,482.0,976.0,798.0,48.0,6.0,10.0,14.0,6.0,24.0,44.0,26.0,6.0,3.3920999999999992,6.730600000000001,7.179199999999999,1.6206,WUSGOI
56.970499999999994,75.4048,151.6392,45.408,482.0,976.0,798.0,48.0,6.0,10.0,14.0,6.0,24.0,44.0,26.0,6.0,3.3920999999999997,6.730600000000001,7.179199999999999,1.6206,WUSGOI
61.8105,90.54079999999999,161.27519999999998,90.81599999999999,483.0,992.0,828.0,96.0,7.0,12.0,16.0,12.0,28.0,56.0,42.0,16.0,3.529,7.2707999999999995,7.9636,3.2412000000000005,WUSGOI
60.33939999999999,83.18099999999998,117.51039999999998,94.66879999999999,328.0,456.0,640.0,512.0,6.0,10.0,12.0,8.0,22.0,42.0,28.0,8.0,3.3173999999999992,5.682600000000001,6.628399999999999,4.263199999999999,WUSGOI
