f-sbu-chi-0,f-sbu-chi-1,f-sbu-chi-2,f-sbu-chi-3,f-sbu-Z-0,f-sbu-Z-1,f-sbu-Z-2,f-sbu-Z-3,f-sbu-I-0,f-sbu-I-1,f-sbu-I-2,f-sbu-I-3,f-sbu-T-0,f-sbu-T-1,f-sbu-T-2,f-sbu-T-3,f-sbu-S-0,f-sbu-S-1,f-sbu-S-2,f-sbu-S-3,mc-chi-0,mc-chi-1,mc-chi-2,mc-chi-3,mc-Z-0,mc-Z-1,mc-Z-2,mc-Z-3,mc-I-0,mc-I-1,mc-I-2,mc-I-3,mc-T-0,mc-T-1,mc-T-2,mc-T-3,mc-S-0,mc-S-1,mc-S-2,mc-S-3,D_mc-chi-0,D_mc-chi-1,D_mc-chi-2,D_mc-chi-3,D_mc-Z-0,D_mc-Z-1,D_mc-Z-2,D_mc-Z-3,D_mc-I-0,D_mc-I-1,D_mc-I-2,D_mc-I-3,D_mc-T-0,D_mc-T-1,D_mc-T-2,D_mc-T-3,D_mc-S-0,D_mc-S-1,D_mc-S-2,D_mc-S-3,name
1892.8656000000028,5178.984000000009,9368.265599999997,11720.860800000019,182736.0,479424.0,705024.0,543600.0,288.0,816.0,1440.0,1872.0,2544.0,7872.0,12816.0,15168.0,297.86879999999906,907.4735999999991,1501.9776000000036,1918.728000000006,3.6100000000000034,20.93799999999999,25.365000000000006,61.99699999999998,841.0,4814.0,3045.0,2842.0,1.0,4.0,6.0,13.0,16.0,52.0,96.0,132.0,1.9043999999999992,6.8309999999999995,8.901000000000005,11.28840000000001,0.0,-3.419999999999998,-1.9500000000000017,-7.930000000000006,0.0,-50.0,69.0,279.0,0.0,0.0,0.0,0.0,0.0,3.0,0.0,19.0,0.0,0.5700000000000002,1.8299999999999985,9.759999999999993,NEYYOG
