f-lig-chi-0,f-lig-chi-1,f-lig-chi-2,f-lig-chi-3,f-lig-Z-0,f-lig-Z-1,f-lig-Z-2,f-lig-Z-3,f-lig-I-0,f-lig-I-1,f-lig-I-2,f-lig-I-3,f-lig-T-0,f-lig-T-1,f-lig-T-2,f-lig-T-3,f-lig-S-0,f-lig-S-1,f-lig-S-2,f-lig-S-3,name
277.81719999999996,571.8630000000002,923.3263999999999,1067.0840000000003,1506.0,2736.0,3616.0,4064.0,44.0,90.0,148.0,172.0,238.0,570.0,784.0,942.0,18.534600000000008,43.5666,64.1068,73.50600000000003,EMEGEJ_clean_primitive
203.09939999999995,407.031,635.1604000000001,786.4819999999999,912.0,1848.0,2704.0,2936.0,30.0,62.0,96.0,124.0,158.0,390.0,544.0,580.0,13.899000000000003,31.585400000000007,46.57600000000001,54.594800000000006,EMEGEJ_clean_primitive
277.81719999999996,571.8630000000002,923.3263999999999,1067.0840000000005,1506.0,2736.0,3616.0,4064.0,44.0,90.0,148.0,172.0,238.0,570.0,784.0,942.0,18.534600000000008,43.56660000000001,64.10680000000002,73.50600000000003,EMEGEJ_clean_primitive
