f-link-chi-0,f-link-chi-1,f-link-chi-2,f-link-chi-3,f-link-Z-0,f-link-Z-1,f-link-Z-2,f-link-Z-3,f-link-I-0,f-link-I-1,f-link-I-2,f-link-I-3,f-link-T-0,f-link-T-1,f-link-T-2,f-link-T-3,f-link-S-0,f-link-S-1,f-link-S-2,f-link-S-3,name
73.6386,134.55059999999997,176.22079999999997,114.66879999999999,396.0,726.0,950.0,616.0,8.0,16.0,20.0,12.0,36.0,78.0,86.0,40.0,4.5016,9.119200000000001,11.3092,6.69,OTENUX
73.6386,134.55059999999997,176.2208,114.66879999999999,396.0,726.0,950.0,616.0,8.0,16.0,20.0,12.0,36.0,78.0,86.0,40.0,4.5016,9.119200000000001,11.3092,6.6899999999999995,OTENUX
73.6386,134.55059999999997,176.22079999999997,114.66879999999999,396.0,726.0,950.0,616.0,8.0,16.0,20.0,12.0,36.0,78.0,86.0,40.0,4.5016,9.119200000000001,11.3092,6.6899999999999995,OTENUX
73.6386,134.55059999999997,176.22079999999997,114.66879999999999,396.0,726.0,950.0,616.0,8.0,16.0,20.0,12.0,36.0,78.0,86.0,40.0,4.5016,9.1192,11.309200000000002,6.689999999999999,OTENUX
73.6386,134.55059999999997,176.2208,114.6688,396.0,726.0,950.0,616.0,8.0,16.0,20.0,12.0,36.0,78.0,86.0,40.0,4.5016,9.119200000000001,11.3092,6.69,OTENUX
73.6386,134.55059999999997,176.22079999999997,114.6688,396.0,726.0,950.0,616.0,8.0,16.0,20.0,12.0,36.0,78.0,86.0,40.0,4.5016,9.1192,11.309200000000002,6.6899999999999995,OTENUX
