f-sbu-chi-0,f-sbu-chi-1,f-sbu-chi-2,f-sbu-chi-3,f-sbu-Z-0,f-sbu-Z-1,f-sbu-Z-2,f-sbu-Z-3,f-sbu-I-0,f-sbu-I-1,f-sbu-I-2,f-sbu-I-3,f-sbu-T-0,f-sbu-T-1,f-sbu-T-2,f-sbu-T-3,f-sbu-S-0,f-sbu-S-1,f-sbu-S-2,f-sbu-S-3,mc-chi-0,mc-chi-1,mc-chi-2,mc-chi-3,mc-Z-0,mc-Z-1,mc-Z-2,mc-Z-3,mc-I-0,mc-I-1,mc-I-2,mc-I-3,mc-T-0,mc-T-1,mc-T-2,mc-T-3,mc-S-0,mc-S-1,mc-S-2,mc-S-3,D_mc-chi-0,D_mc-chi-1,D_mc-chi-2,D_mc-chi-3,D_mc-Z-0,D_mc-Z-1,D_mc-Z-2,D_mc-Z-3,D_mc-I-0,D_mc-I-1,D_mc-I-2,D_mc-I-3,D_mc-T-0,D_mc-T-1,D_mc-T-2,D_mc-T-3,D_mc-S-0,D_mc-S-1,D_mc-S-2,D_mc-S-3,name
196.2408,358.8808,1058.4671999999998,1863.7183999999997,5098.0,10136.0,15150.0,9080.0,24.0,54.0,126.0,216.0,180.0,562.0,962.0,832.0,15.037600000000003,41.9174,86.78059999999999,112.47600000000001,1.44,33.888,41.79,32.153999999999996,4096.0,4192.0,3616.0,3968.0,1.0,8.5,14.0,8.5,72.5,191.5,237.0,169.5,2.8560999999999996,10.57095,14.077699999999998,10.689250000000001,0.0,-18.04,-18.025,-16.595,0.0,478.5,839.5,482.0,0.0,0.0,0.0,0.0,0.0,50.0,91.5,54.5,0.0,8.11,15.329999999999998,8.04,OTENUX
196.2408,358.88079999999997,1058.4671999999996,1863.7183999999995,5098.0,10136.0,15150.0,9080.0,24.0,54.0,126.0,216.0,180.0,562.0,962.0,832.0,15.037599999999998,41.9174,86.78059999999999,112.47600000000001,1.44,33.888,41.79,32.153999999999996,4096.0,4192.0,3616.0,3968.0,1.0,8.5,14.0,8.5,72.5,191.5,237.0,169.5,2.8560999999999996,10.57095,14.077699999999998,10.689250000000001,0.0,-18.04,-18.025,-16.595,0.0,478.5,839.5,482.0,0.0,0.0,0.0,0.0,0.0,50.0,91.5,54.5,0.0,8.11,15.329999999999998,8.04,OTENUX
170.66590000000002,298.5282,818.8256000000002,1535.1264,4760.0,8670.0,8226.0,3780.0,23.0,46.0,100.0,194.0,146.0,450.0,712.0,598.0,10.8591,30.923000000000002,57.69879999999999,68.17260000000002,1.44,33.888,41.79,32.153999999999996,4096.0,4192.0,3616.0,3968.0,1.0,8.5,14.0,8.5,72.5,191.5,237.0,169.5,2.8560999999999996,10.57095,14.077699999999998,10.689250000000001,0.0,-18.04,-18.025,-16.595,0.0,478.5,839.5,482.0,0.0,0.0,0.0,0.0,0.0,50.0,91.5,54.5,0.0,8.11,15.329999999999998,8.04,OTENUX
170.66590000000002,298.5282,818.8256,1535.1264,4760.0,8670.0,8226.0,3780.0,23.0,46.0,100.0,194.0,146.0,450.0,712.0,598.0,10.8591,30.923,57.69879999999999,68.17259999999999,1.44,33.888,41.79,32.153999999999996,4096.0,4192.0,3616.0,3968.0,1.0,8.5,14.0,8.5,72.5,191.5,237.0,169.5,2.8560999999999996,10.57095,14.077699999999998,10.689250000000001,0.0,-18.04,-18.025,-16.595,0.0,478.5,839.5,482.0,0.0,0.0,0.0,0.0,0.0,50.0,91.5,54.5,0.0,8.11,15.329999999999998,8.04,OTENUX
