f-chi-0-all,f-chi-1-all,f-chi-2-all,f-chi-3-all,f-Z-0-all,f-Z-1-all,f-Z-2-all,f-Z-3-all,f-I-0-all,f-I-1-all,f-I-2-all,f-I-3-all,f-T-0-all,f-T-1-all,f-T-2-all,f-T-3-all,f-S-0-all,f-S-1-all,f-S-2-all,f-S-3-all,mc-chi-0-all,mc-chi-1-all,mc-chi-2-all,mc-chi-3-all,mc-Z-0-all,mc-Z-1-all,mc-Z-2-all,mc-Z-3-all,mc-I-0-all,mc-I-1-all,mc-I-2-all,mc-I-3-all,mc-T-0-all,mc-T-1-all,mc-T-2-all,mc-T-3-all,mc-S-0-all,mc-S-1-all,mc-S-2-all,mc-S-3-all,D_mc-chi-0-all,D_mc-chi-1-all,D_mc-chi-2-all,D_mc-chi-3-all,D_mc-Z-0-all,D_mc-Z-1-all,D_mc-Z-2-all,D_mc-Z-3-all,D_mc-I-0-all,D_mc-I-1-all,D_mc-I-2-all,D_mc-I-3-all,D_mc-T-0-all,D_mc-T-1-all,D_mc-T-2-all,D_mc-T-3-all,D_mc-S-0-all,D_mc-S-1-all,D_mc-S-2-all,D_mc-S-3-all,name
1144.731600000001,1951.1680000000028,6694.497600000002,8409.836800000014,49236.0,83776.0,129540.0,137920.0,126.0,312.0,700.0,1088.0,1028.0,3012.0,5124.0,6484.0,97.65779999999985,286.33519999999993,519.3504,728.4816000000006,1.299599999999999,26.14399999999999,20.413600000000006,51.42919999999999,3600.0,3200.0,5800.0,6320.0,1.0,6.666666666666667,7.666666666666667,14.666666666666666,45.0,99.5,173.66666666666666,240.5,3.027600000000001,8.467999999999998,11.495600000000001,19.0472,0.0,-15.333333333333336,-9.16666666666667,-28.39333333333333,0.0,346.6666666666667,363.3333333333333,774.6666666666666,0.0,0.0,0.0,0.0,0.0,30.333333333333332,26.333333333333332,62.833333333333336,0.0,6.733333333333333,6.733333333333332,14.573333333333336,UMEPOT_clean_primitive
1144.731600000001,1951.1680000000028,6694.497600000001,8409.836800000012,49236.0,83776.0,129540.0,137920.0,126.0,312.0,700.0,1088.0,1028.0,3012.0,5124.0,6484.0,97.65779999999985,286.33519999999993,519.3504000000001,728.4816000000004,1.299599999999999,26.14399999999999,20.413600000000006,51.42919999999999,3600.0,3200.0,5800.0,6320.0,1.0,6.666666666666667,7.666666666666667,14.666666666666666,45.0,99.5,173.66666666666666,240.5,3.027600000000001,8.467999999999998,11.495600000000001,19.0472,0.0,-15.333333333333336,-9.16666666666667,-28.39333333333333,0.0,346.6666666666667,363.3333333333333,774.6666666666666,0.0,0.0,0.0,0.0,0.0,30.333333333333332,26.333333333333332,62.833333333333336,0.0,6.733333333333333,6.733333333333332,14.573333333333336,UMEPOT_clean_primitive
