f-chi-0-all,f-chi-1-all,f-chi-2-all,f-chi-3-all,f-Z-0-all,f-Z-1-all,f-Z-2-all,f-Z-3-all,f-I-0-all,f-I-1-all,f-I-2-all,f-I-3-all,f-T-0-all,f-T-1-all,f-T-2-all,f-T-3-all,f-S-0-all,f-S-1-all,f-S-2-all,f-S-3-all,mc-chi-0-all,mc-chi-1-all,mc-chi-2-all,mc-chi-3-all,mc-Z-0-all,mc-Z-1-all,mc-Z-2-all,mc-Z-3-all,mc-I-0-all,mc-I-1-all,mc-I-2-all,mc-I-3-all,mc-T-0-all,mc-T-1-all,mc-T-2-all,mc-T-3-all,mc-S-0-all,mc-S-1-all,mc-S-2-all,mc-S-3-all,D_mc-chi-0-all,D_mc-chi-1-all,D_mc-chi-2-all,D_mc-chi-3-all,D_mc-Z-0-all,D_mc-Z-1-all,D_mc-Z-2-all,D_mc-Z-3-all,D_mc-I-0-all,D_mc-I-1-all,D_mc-I-2-all,D_mc-I-3-all,D_mc-T-0-all,D_mc-T-1-all,D_mc-T-2-all,D_mc-T-3-all,D_mc-S-0-all,D_mc-S-1-all,D_mc-S-2-all,D_mc-S-3-all,name
278.57289999999995,538.4416,1308.5109999999993,1750.479999999999,8380.0,15264.0,26274.0,23208.0,33.0,76.0,146.0,218.0,234.0,680.0,1070.0,1236.0,23.516600000000004,61.8616,108.55280000000002,144.12019999999998,2.8560999999999996,33.98026666666667,31.101633333333325,74.83883333333333,2304.0,2240.0,4896.0,4432.0,1.0,6.0,7.666666666666667,15.666666666666666,36.0,88.0,162.0,224.0,2.1904,6.521866666666667,10.137999999999998,15.929733333333333,0.0,-9.966666666666667,-5.4466666666666645,-17.806666666666665,0.0,241.33333333333334,266.0,659.6666666666666,0.0,0.0,0.0,0.0,0.0,21.333333333333332,19.0,56.666666666666664,0.0,4.473333333333334,4.496666666666666,12.423333333333334,LABKIL_clean_primitive
278.57289999999995,538.4416,1308.5109999999988,1750.4799999999989,8380.0,15264.0,26274.0,23208.0,33.0,76.0,146.0,218.0,234.0,680.0,1070.0,1236.0,23.516600000000004,61.8616,108.55280000000002,144.1202,2.8560999999999996,33.98026666666667,31.101633333333325,74.83883333333333,2304.0,2240.0,4896.0,4432.0,1.0,6.0,7.666666666666667,15.666666666666666,36.0,88.0,162.0,224.0,2.1904,6.521866666666667,10.137999999999998,15.929733333333333,0.0,-9.966666666666667,-5.4466666666666645,-17.806666666666665,0.0,241.33333333333334,266.0,659.6666666666666,0.0,0.0,0.0,0.0,0.0,21.333333333333332,19.0,56.666666666666664,0.0,4.473333333333334,4.496666666666666,12.423333333333334,LABKIL_clean_primitive
