f-lig-chi-0,f-lig-chi-1,f-lig-chi-2,f-lig-chi-3,f-lig-Z-0,f-lig-Z-1,f-lig-Z-2,f-lig-Z-3,f-lig-I-0,f-lig-I-1,f-lig-I-2,f-lig-I-3,f-lig-T-0,f-lig-T-1,f-lig-T-2,f-lig-T-3,f-lig-S-0,f-lig-S-1,f-lig-S-2,f-lig-S-3,name
164.9224,325.0952000000001,518.406,506.9622000000001,793.0,1574.0,2316.0,2040.0,21.0,44.0,68.0,68.0,112.0,268.0,358.0,326.0,10.234900000000001,23.0392,33.41160000000001,31.336399999999998,DAWWIJ_clean_primitive
164.9224,325.0952000000001,518.406,506.9622000000001,793.0,1574.0,2316.0,2040.0,21.0,44.0,68.0,68.0,112.0,268.0,358.0,326.0,10.234900000000001,23.0392,33.41160000000001,31.336399999999998,DAWWIJ_clean_primitive
164.9224,325.09520000000003,518.406,506.96220000000005,793.0,1574.0,2316.0,2040.0,21.0,44.0,68.0,68.0,112.0,268.0,358.0,326.0,10.2349,23.039200000000005,33.41160000000001,31.3364,DAWWIJ_clean_primitive
164.9224,325.09520000000003,518.4059999999998,506.96220000000005,793.0,1574.0,2316.0,2040.0,21.0,44.0,68.0,68.0,112.0,268.0,358.0,326.0,10.2349,23.039200000000005,33.41160000000001,31.3364,DAWWIJ_clean_primitive
164.9224,325.0952,518.406,506.9622,793.0,1574.0,2316.0,2040.0,21.0,44.0,68.0,68.0,112.0,268.0,358.0,326.0,10.2349,23.039200000000008,33.41160000000001,31.3364,DAWWIJ_clean_primitive
164.9224,325.0952,518.4059999999998,506.9622,793.0,1574.0,2316.0,2040.0,21.0,44.0,68.0,68.0,112.0,268.0,358.0,326.0,10.2349,23.039200000000008,33.41160000000001,31.336400000000005,DAWWIJ_clean_primitive
164.9224,325.0952,518.4059999999998,506.9622,793.0,1574.0,2316.0,2040.0,21.0,44.0,68.0,68.0,112.0,268.0,358.0,326.0,10.2349,23.039200000000008,33.41160000000001,31.336400000000005,DAWWIJ_clean_primitive
164.9224,325.0952,518.406,506.9622,793.0,1574.0,2316.0,2040.0,21.0,44.0,68.0,68.0,112.0,268.0,358.0,326.0,10.2349,23.039200000000008,33.41160000000001,31.3364,DAWWIJ_clean_primitive
