f-link-chi-0,f-link-chi-1,f-link-chi-2,f-link-chi-3,f-link-Z-0,f-link-Z-1,f-link-Z-2,f-link-Z-3,f-link-I-0,f-link-I-1,f-link-I-2,f-link-I-3,f-link-T-0,f-link-T-1,f-link-T-2,f-link-T-3,f-link-S-0,f-link-S-1,f-link-S-2,f-link-S-3,name
411.75959999999964,938.0940000000007,1674.6019999999994,2159.9014000000006,1338.0,3360.0,4736.0,4984.0,70.0,148.0,268.0,362.0,416.0,1076.0,1620.0,1918.0,24.90460000000002,65.08040000000003,102.69399999999992,124.84820000000003,OTODOS
411.7595999999996,938.0940000000007,1674.6019999999994,2159.9014000000006,1338.0,3360.0,4736.0,4984.0,70.0,148.0,268.0,362.0,416.0,1076.0,1620.0,1918.0,24.904600000000023,65.08040000000003,102.6939999999999,124.84820000000002,OTODOS
411.75959999999964,938.0940000000008,1674.6019999999992,2159.9014000000006,1338.0,3360.0,4736.0,4984.0,70.0,148.0,268.0,362.0,416.0,1076.0,1620.0,1918.0,24.904600000000016,65.08040000000001,102.69399999999993,124.84819999999998,OTODOS
411.75959999999964,938.0940000000008,1674.6019999999992,2159.9014000000006,1338.0,3360.0,4736.0,4984.0,70.0,148.0,268.0,362.0,416.0,1076.0,1620.0,1918.0,24.904600000000016,65.08040000000001,102.69399999999993,124.84819999999998,OTODOS
