f-chi-0-all,f-chi-1-all,f-chi-2-all,f-chi-3-all,f-Z-0-all,f-Z-1-all,f-Z-2-all,f-Z-3-all,f-I-0-all,f-I-1-all,f-I-2-all,f-I-3-all,f-T-0-all,f-T-1-all,f-T-2-all,f-T-3-all,f-S-0-all,f-S-1-all,f-S-2-all,f-S-3-all,mc-chi-0-all,mc-chi-1-all,mc-chi-2-all,mc-chi-3-all,mc-Z-0-all,mc-Z-1-all,mc-Z-2-all,mc-Z-3-all,mc-I-0-all,mc-I-1-all,mc-I-2-all,mc-I-3-all,mc-T-0-all,mc-T-1-all,mc-T-2-all,mc-T-3-all,mc-S-0-all,mc-S-1-all,mc-S-2-all,mc-S-3-all,D_mc-chi-0-all,D_mc-chi-1-all,D_mc-chi-2-all,D_mc-chi-3-all,D_mc-Z-0-all,D_mc-Z-1-all,D_mc-Z-2-all,D_mc-Z-3-all,D_mc-I-0-all,D_mc-I-1-all,D_mc-I-2-all,D_mc-I-3-all,D_mc-T-0-all,D_mc-T-1-all,D_mc-T-2-all,D_mc-T-3-all,D_mc-S-0-all,D_mc-S-1-all,D_mc-S-2-all,D_mc-S-3-all,name
130.5358,267.6544,417.9864,540.6619999999999,2350.0,4396.0,5396.0,5750.0,16.0,36.0,52.0,66.0,96.0,252.0,332.0,304.0,11.747799999999998,27.706000000000003,38.79279999999999,43.9248,3.61,24.624,26.086999999999996,37.525,841.0,870.0,928.0,2059.0,1.0,4.0,5.0,8.0,16.0,40.0,60.0,108.0,1.9043999999999996,4.0847999999999995,5.2578000000000005,9.3426,0.0,-5.360000000000001,-4.23,-4.549999999999999,0.0,86.0,113.0,161.0,0.0,0.0,0.0,0.0,0.0,6.0,5.0,5.0,0.0,2.5599999999999996,3.0899999999999994,4.27,ZECKID_clean_primitive
130.53580000000002,267.65439999999995,417.9864,540.6619999999999,2350.0,4396.0,5396.0,5750.0,16.0,36.0,52.0,66.0,96.0,252.0,332.0,304.0,11.7478,27.706000000000007,38.79279999999999,43.9248,3.61,24.624,26.086999999999996,37.525,841.0,870.0,928.0,2059.0,1.0,4.0,5.0,8.0,16.0,40.0,60.0,108.0,1.9043999999999996,4.0847999999999995,5.2578000000000005,9.3426,0.0,-5.360000000000001,-4.23,-4.549999999999999,0.0,86.0,113.0,161.0,0.0,0.0,0.0,0.0,0.0,6.0,5.0,5.0,0.0,2.5599999999999996,3.0899999999999994,4.27,ZECKID_clean_primitive
