f-lig-chi-0,f-lig-chi-1,f-lig-chi-2,f-lig-chi-3,f-lig-Z-0,f-lig-Z-1,f-lig-Z-2,f-lig-Z-3,f-lig-I-0,f-lig-I-1,f-lig-I-2,f-lig-I-3,f-lig-T-0,f-lig-T-1,f-lig-T-2,f-lig-T-3,f-lig-S-0,f-lig-S-1,f-lig-S-2,f-lig-S-3,name
154.59320000000002,339.7110000000002,541.3500000000001,645.1769999999999,542.0,1272.0,1644.0,1512.0,26.0,54.0,88.0,110.0,142.0,352.0,484.0,514.0,9.882600000000004,24.501400000000007,35.38480000000001,38.0902,DIYKAZ_clean_primitive
154.59320000000002,339.7110000000002,541.3500000000001,645.1769999999999,542.0,1272.0,1644.0,1512.0,26.0,54.0,88.0,110.0,142.0,352.0,484.0,514.0,9.882600000000004,24.501400000000007,35.38480000000001,38.0902,DIYKAZ_clean_primitive
123.11600000000001,223.38,345.8884,401.93499999999995,596.0,1080.0,1600.0,1648.0,16.0,32.0,48.0,58.0,80.0,192.0,256.0,250.0,7.847999999999999,16.847600000000003,24.2152,26.716200000000004,DIYKAZ_clean_primitive
123.11600000000001,223.38,345.8884,401.93499999999995,596.0,1080.0,1600.0,1648.0,16.0,32.0,48.0,58.0,80.0,192.0,256.0,250.0,7.847999999999999,16.847600000000003,24.215200000000003,26.7162,DIYKAZ_clean_primitive
123.116,223.38,345.88839999999993,401.93499999999995,596.0,1080.0,1600.0,1648.0,16.0,32.0,48.0,58.0,80.0,192.0,256.0,250.0,7.847999999999999,16.847600000000003,24.2152,26.7162,DIYKAZ_clean_primitive
123.116,223.37999999999997,345.88839999999993,401.9349999999999,596.0,1080.0,1600.0,1648.0,16.0,32.0,48.0,58.0,80.0,192.0,256.0,250.0,7.847999999999999,16.847600000000007,24.2152,26.716199999999997,DIYKAZ_clean_primitive
