f-chi-0-all,f-chi-1-all,f-chi-2-all,f-chi-3-all,f-Z-0-all,f-Z-1-all,f-Z-2-all,f-Z-3-all,f-I-0-all,f-I-1-all,f-I-2-all,f-I-3-all,f-T-0-all,f-T-1-all,f-T-2-all,f-T-3-all,f-S-0-all,f-S-1-all,f-S-2-all,f-S-3-all,mc-chi-0-all,mc-chi-1-all,mc-chi-2-all,mc-chi-3-all,mc-Z-0-all,mc-Z-1-all,mc-Z-2-all,mc-Z-3-all,mc-I-0-all,mc-I-1-all,mc-I-2-all,mc-I-3-all,mc-T-0-all,mc-T-1-all,mc-T-2-all,mc-T-3-all,mc-S-0-all,mc-S-1-all,mc-S-2-all,mc-S-3-all,D_mc-chi-0-all,D_mc-chi-1-all,D_mc-chi-2-all,D_mc-chi-3-all,D_mc-Z-0-all,D_mc-Z-1-all,D_mc-Z-2-all,D_mc-Z-3-all,D_mc-I-0-all,D_mc-I-1-all,D_mc-I-2-all,D_mc-I-3-all,D_mc-T-0-all,D_mc-T-1-all,D_mc-T-2-all,D_mc-T-3-all,D_mc-S-0-all,D_mc-S-1-all,D_mc-S-2-all,D_mc-S-3-all,name
198.06519999999998,362.65599999999995,700.7083999999999,1087.0367999999999,5552.0,8432.0,10056.0,7712.0,26.0,52.0,92.0,136.0,144.0,372.0,496.0,488.0,16.304800000000004,37.73999999999999,60.846,71.86160000000002,2.8560999999999996,27.716,33.293,55.0433,2304.0,1824.0,1824.0,3264.0,1.0,5.0,8.0,12.0,25.0,65.0,100.0,140.0,2.1904,5.4612,7.9327999999999985,12.3136,0.0,-7.95,-6.18,-12.29,0.0,202.0,346.0,508.0,0.0,0.0,0.0,0.0,0.0,12.0,20.0,32.0,0.0,3.71,6.48,9.440000000000001,DIYKAZ_clean_primitive
198.06519999999998,362.65599999999995,700.7083999999999,1087.0367999999999,5552.0,8432.0,10056.0,7712.0,26.0,52.0,92.0,136.0,144.0,372.0,496.0,488.0,16.304800000000004,37.73999999999999,60.846,71.86160000000002,2.8560999999999996,27.716,33.293,55.0433,2304.0,1824.0,1824.0,3264.0,1.0,5.0,8.0,12.0,25.0,65.0,100.0,140.0,2.1904,5.4612,7.9327999999999985,12.3136,0.0,-7.95,-6.18,-12.29,0.0,202.0,346.0,508.0,0.0,0.0,0.0,0.0,0.0,12.0,20.0,32.0,0.0,3.71,6.48,9.440000000000001,DIYKAZ_clean_primitive
