f-chi-0-all,f-chi-1-all,f-chi-2-all,f-chi-3-all,f-Z-0-all,f-Z-1-all,f-Z-2-all,f-Z-3-all,f-I-0-all,f-I-1-all,f-I-2-all,f-I-3-all,f-T-0-all,f-T-1-all,f-T-2-all,f-T-3-all,f-S-0-all,f-S-1-all,f-S-2-all,f-S-3-all,mc-chi-0-all,mc-chi-1-all,mc-chi-2-all,mc-chi-3-all,mc-Z-0-all,mc-Z-1-all,mc-Z-2-all,mc-Z-3-all,mc-I-0-all,mc-I-1-all,mc-I-2-all,mc-I-3-all,mc-T-0-all,mc-T-1-all,mc-T-2-all,mc-T-3-all,mc-S-0-all,mc-S-1-all,mc-S-2-all,mc-S-3-all,D_mc-chi-0-all,D_mc-chi-1-all,D_mc-chi-2-all,D_mc-chi-3-all,D_mc-Z-0-all,D_mc-Z-1-all,D_mc-Z-2-all,D_mc-Z-3-all,D_mc-I-0-all,D_mc-I-1-all,D_mc-I-2-all,D_mc-I-3-all,D_mc-T-0-all,D_mc-T-1-all,D_mc-T-2-all,D_mc-T-3-all,D_mc-S-0-all,D_mc-S-1-all,D_mc-S-2-all,D_mc-S-3-all,name
323.73849999999993,561.8400000000001,1132.7087999999999,1528.3488000000002,8983.0,12624.0,16878.0,14208.0,40.0,84.0,138.0,192.0,222.0,552.0,738.0,840.0,30.854800000000004,70.8048,108.34499999999998,125.30640000000007,2.3101749999999996,20.658,22.529249999999998,46.63485,1818.25,1308.0,1467.0,2415.0,1.0,4.5,6.0,12.0,21.0,48.0,81.0,123.0,2.6032,5.4318,7.392,12.8016,0.0,-8.580000000000002,-6.464999999999998,-14.550000000000002,0.0,138.0,208.5,426.0,0.0,0.0,0.0,0.0,0.0,10.5,9.0,27.0,0.0,4.065,4.979999999999999,11.280000000000001,GAXKOH_clean_primitive
323.73849999999993,561.84,1132.7087999999997,1528.3488,8983.0,12624.0,16878.0,14208.0,40.0,84.0,138.0,192.0,222.0,552.0,738.0,840.0,30.854800000000015,70.8048,108.34499999999998,125.30640000000008,2.3101749999999996,20.658,22.529249999999998,46.63485,1818.25,1308.0,1467.0,2415.0,1.0,4.5,6.0,12.0,21.0,48.0,81.0,123.0,2.6032,5.4318,7.392,12.8016,0.0,-8.580000000000002,-6.464999999999998,-14.550000000000002,0.0,138.0,208.5,426.0,0.0,0.0,0.0,0.0,0.0,10.5,9.0,27.0,0.0,4.065,4.979999999999999,11.280000000000001,GAXKOH_clean_primitive
