f-link-chi-0,f-link-chi-1,f-link-chi-2,f-link-chi-3,f-link-Z-0,f-link-Z-1,f-link-Z-2,f-link-Z-3,f-link-I-0,f-link-I-1,f-link-I-2,f-link-I-3,f-link-T-0,f-link-T-1,f-link-T-2,f-link-T-3,f-link-S-0,f-link-S-1,f-link-S-2,f-link-S-3,name
208.0938,390.4340000000001,683.2908,1034.5289999999998,882.0,1616.0,2556.0,3012.0,28.0,56.0,100.0,158.0,156.0,420.0,644.0,744.0,11.561200000000001,26.490400000000008,42.9412,58.63660000000001,LAGDAB
129.61590000000004,307.6830000000001,608.1192000000001,711.6030000000002,600.0,1440.0,2232.0,1872.0,22.0,48.0,96.0,120.0,144.0,384.0,648.0,672.0,8.011299999999999,22.1298,38.713800000000006,42.64260000000001,LAGDAB
129.61590000000004,307.6830000000001,608.1192000000001,711.6030000000002,600.0,1440.0,2232.0,1872.0,22.0,48.0,96.0,120.0,144.0,384.0,648.0,672.0,8.011299999999999,22.1298,38.713800000000006,42.64260000000001,LAGDAB
129.6159,307.68300000000005,608.1192000000001,711.6030000000003,600.0,1440.0,2232.0,1872.0,22.0,48.0,96.0,120.0,144.0,384.0,648.0,672.0,8.011299999999999,22.129800000000003,38.71379999999999,42.64260000000001,LAGDAB
208.0938,390.434,683.2908,1034.529,882.0,1616.0,2556.0,3012.0,28.0,56.0,100.0,158.0,156.0,420.0,644.0,744.0,11.561200000000003,26.49040000000001,42.941199999999995,58.636599999999994,LAGDAB
129.6159,307.68300000000005,608.1192000000001,711.6030000000003,600.0,1440.0,2232.0,1872.0,22.0,48.0,96.0,120.0,144.0,384.0,648.0,672.0,8.011299999999999,22.129800000000003,38.71379999999999,42.64260000000001,LAGDAB
