f-sbu-chi-0,f-sbu-chi-1,f-sbu-chi-2,f-sbu-chi-3,f-sbu-Z-0,f-sbu-Z-1,f-sbu-Z-2,f-sbu-Z-3,f-sbu-I-0,f-sbu-I-1,f-sbu-I-2,f-sbu-I-3,f-sbu-T-0,f-sbu-T-1,f-sbu-T-2,f-sbu-T-3,f-sbu-S-0,f-sbu-S-1,f-sbu-S-2,f-sbu-S-3,mc-chi-0,mc-chi-1,mc-chi-2,mc-chi-3,mc-Z-0,mc-Z-1,mc-Z-2,mc-Z-3,mc-I-0,mc-I-1,mc-I-2,mc-I-3,mc-T-0,mc-T-1,mc-T-2,mc-T-3,mc-S-0,mc-S-1,mc-S-2,mc-S-3,D_mc-chi-0,D_mc-chi-1,D_mc-chi-2,D_mc-chi-3,D_mc-Z-0,D_mc-Z-1,D_mc-Z-2,D_mc-Z-3,D_mc-I-0,D_mc-I-1,D_mc-I-2,D_mc-I-3,D_mc-T-0,D_mc-T-1,D_mc-T-2,D_mc-T-3,D_mc-S-0,D_mc-S-1,D_mc-S-2,D_mc-S-3,name
851.107800000001,1873.7100000000005,3997.4652000000006,5332.807199999999,20568.0,45360.0,79920.0,73056.0,102.0,276.0,480.0,684.0,900.0,2976.0,4248.0,4560.0,77.81339999999994,221.73480000000015,379.0224000000001,470.5308000000003,2.7224999999999984,26.487999999999996,25.08,52.712,900.0,1120.0,2640.0,2240.0,1.0,4.666666666666667,6.666666666666667,10.666666666666666,22.0,69.33333333333333,106.0,125.33333333333333,1.7161000000000006,4.462733333333333,8.139466666666669,10.479999999999997,0.0,-8.353333333333332,-4.199999999999999,-14.346666666666664,0.0,102.66666666666667,112.0,245.33333333333334,0.0,0.0,0.0,0.0,0.0,7.333333333333333,8.666666666666666,22.0,0.0,2.706666666666666,2.52,5.973333333333332,OLEYEL
