name,cif_file,Di,Df,Dif,rho,VSA,GSA,VPOV,GPOV,POAV_vol_frac,PONAV_vol_frac,GPOAV,GPONAV,POAV,PONAV
mil-100-al,mil-100-al.cif,26.59158,8.93737,26.58471,0.617952,1348.19,2181.71,0.5928,0.959297809538605,0.5909,0.0019,0.956223,0.00307467,57245.1,184.068
