f-lig-chi-0,f-lig-chi-1,f-lig-chi-2,f-lig-chi-3,f-lig-Z-0,f-lig-Z-1,f-lig-Z-2,f-lig-Z-3,f-lig-I-0,f-lig-I-1,f-lig-I-2,f-lig-I-3,f-lig-T-0,f-lig-T-1,f-lig-T-2,f-lig-T-3,f-lig-S-0,f-lig-S-1,f-lig-S-2,f-lig-S-3,name
103.1701,182.90719999999993,271.98939999999993,260.0468,535.0,950.0,1384.0,1196.0,12.0,24.0,34.0,32.0,58.0,134.0,166.0,120.0,6.357999999999999,13.244800000000003,18.255400000000005,15.808,BAXSIE_clean_primitive
103.1701,182.9072,271.9894,260.04679999999996,535.0,950.0,1384.0,1196.0,12.0,24.0,34.0,32.0,58.0,134.0,166.0,120.0,6.3580000000000005,13.244800000000001,18.2554,15.807999999999998,BAXSIE_clean_primitive
103.1701,182.90719999999993,271.98939999999993,260.04679999999996,535.0,950.0,1384.0,1196.0,12.0,24.0,34.0,32.0,58.0,134.0,166.0,120.0,6.357999999999999,13.244800000000005,18.255399999999998,15.808,BAXSIE_clean_primitive
103.1701,182.9072,271.9894,260.04679999999996,535.0,950.0,1384.0,1196.0,12.0,24.0,34.0,32.0,58.0,134.0,166.0,120.0,6.3580000000000005,13.244800000000001,18.2554,15.807999999999998,BAXSIE_clean_primitive
103.17009999999999,182.90720000000005,271.9894,260.04679999999996,535.0,950.0,1384.0,1196.0,12.0,24.0,34.0,32.0,58.0,134.0,166.0,120.0,6.358,13.244800000000003,18.2554,15.808,BAXSIE_clean_primitive
103.1701,182.9072,271.9894,260.0468,535.0,950.0,1384.0,1196.0,12.0,24.0,34.0,32.0,58.0,134.0,166.0,120.0,6.357999999999999,13.244800000000003,18.255400000000005,15.808000000000002,BAXSIE_clean_primitive
103.17009999999999,182.9072,271.98940000000005,260.04679999999996,535.0,950.0,1384.0,1196.0,12.0,24.0,34.0,32.0,58.0,134.0,166.0,120.0,6.3580000000000005,13.244799999999998,18.255399999999998,15.808000000000002,BAXSIE_clean_primitive
103.1701,182.9072,271.98939999999993,260.04679999999996,535.0,950.0,1384.0,1196.0,12.0,24.0,34.0,32.0,58.0,134.0,166.0,120.0,6.357999999999999,13.244800000000005,18.255399999999995,15.808,BAXSIE_clean_primitive
