f-lig-chi-0,f-lig-chi-1,f-lig-chi-2,f-lig-chi-3,f-lig-Z-0,f-lig-Z-1,f-lig-Z-2,f-lig-Z-3,f-lig-I-0,f-lig-I-1,f-lig-I-2,f-lig-I-3,f-lig-T-0,f-lig-T-1,f-lig-T-2,f-lig-T-3,f-lig-S-0,f-lig-S-1,f-lig-S-2,f-lig-S-3,name
266.8464,589.8150000000004,1042.9643999999994,1266.1629999999993,798.0,1944.0,2640.0,2476.0,46.0,94.0,172.0,218.0,266.0,676.0,916.0,964.0,15.29580000000002,39.40860000000002,60.32679999999999,65.72900000000003,ESASAU_clean_primitive
266.8464,589.8150000000004,1042.9643999999994,1266.1629999999993,798.0,1944.0,2640.0,2476.0,46.0,94.0,172.0,218.0,266.0,676.0,916.0,964.0,15.29580000000002,39.40860000000002,60.32679999999999,65.72900000000003,ESASAU_clean_primitive
269.8991999999999,507.0736,799.7032,1006.6462,1320.0,2482.0,3784.0,4288.0,34.0,70.0,108.0,140.0,178.0,438.0,620.0,692.0,16.761800000000004,37.010200000000005,55.17880000000001,66.44120000000001,ESASAU_clean_primitive
269.8991999999999,507.0736,799.7032,1006.6462,1320.0,2482.0,3784.0,4288.0,34.0,70.0,108.0,140.0,178.0,438.0,620.0,692.0,16.761800000000004,37.010200000000005,55.17880000000001,66.44120000000001,ESASAU_clean_primitive
