f-link-chi-0,f-link-chi-1,f-link-chi-2,f-link-chi-3,f-link-Z-0,f-link-Z-1,f-link-Z-2,f-link-Z-3,f-link-I-0,f-link-I-1,f-link-I-2,f-link-I-3,f-link-T-0,f-link-T-1,f-link-T-2,f-link-T-3,f-link-S-0,f-link-S-1,f-link-S-2,f-link-S-3,name
87.6148,168.72200000000004,259.8274,266.72200000000004,298.0,566.0,712.0,532.0,14.0,26.0,42.0,40.0,68.0,150.0,154.0,128.0,5.017399999999999,10.9654,14.257,13.591199999999997,CUNGAU
87.6148,168.72200000000004,259.8274,266.72200000000004,298.0,566.0,712.0,532.0,14.0,26.0,42.0,40.0,68.0,150.0,154.0,128.0,5.017399999999999,10.9654,14.257,13.591199999999997,CUNGAU
87.61480000000002,168.72200000000004,259.8274,266.72200000000004,298.0,566.0,712.0,532.0,14.0,26.0,42.0,40.0,68.0,150.0,154.0,128.0,5.017399999999999,10.9654,14.257000000000001,13.591199999999997,CUNGAU
87.61480000000002,168.72200000000004,259.8274,266.72200000000004,298.0,566.0,712.0,532.0,14.0,26.0,42.0,40.0,68.0,150.0,154.0,128.0,5.017399999999999,10.9654,14.257000000000001,13.591199999999997,CUNGAU
87.61480000000002,168.72200000000004,259.8274,266.72200000000004,298.0,566.0,712.0,532.0,14.0,26.0,42.0,40.0,68.0,150.0,154.0,128.0,5.017399999999999,10.9654,14.257000000000001,13.591199999999997,CUNGAU
87.61480000000002,168.72200000000004,259.8274,266.72200000000004,298.0,566.0,712.0,532.0,14.0,26.0,42.0,40.0,68.0,150.0,154.0,128.0,5.017399999999999,10.9654,14.257000000000001,13.591199999999997,CUNGAU
87.61480000000002,168.72200000000004,259.8274,266.72200000000004,298.0,566.0,712.0,532.0,14.0,26.0,42.0,40.0,68.0,150.0,154.0,128.0,5.0173999999999985,10.965400000000002,14.257000000000001,13.591199999999999,CUNGAU
87.61480000000002,168.722,259.8274,266.7220000000001,298.0,566.0,712.0,532.0,14.0,26.0,42.0,40.0,68.0,150.0,154.0,128.0,5.017399999999999,10.9654,14.257000000000003,13.591199999999997,CUNGAU
