name,cif_file,Di,Df,Dif,rho,VSA,GSA,VPOV,GPOV,POAV_vol_frac,PONAV_vol_frac,GPOAV,GPONAV,POAV,PONAV
PAMTUU_clean,PAMTUU_clean.cif,12.41048,5.62633,12.40534,0.908425,1775.84,1954.85,0.5922000000000001,0.6518975149296861,0.5501,0.0421,0.605553,0.0463439,2848.7,218.016
