f-sbu-chi-0,f-sbu-chi-1,f-sbu-chi-2,f-sbu-chi-3,f-sbu-Z-0,f-sbu-Z-1,f-sbu-Z-2,f-sbu-Z-3,f-sbu-I-0,f-sbu-I-1,f-sbu-I-2,f-sbu-I-3,f-sbu-T-0,f-sbu-T-1,f-sbu-T-2,f-sbu-T-3,f-sbu-S-0,f-sbu-S-1,f-sbu-S-2,f-sbu-S-3,mc-chi-0,mc-chi-1,mc-chi-2,mc-chi-3,mc-Z-0,mc-Z-1,mc-Z-2,mc-Z-3,mc-I-0,mc-I-1,mc-I-2,mc-I-3,mc-T-0,mc-T-1,mc-T-2,mc-T-3,mc-S-0,mc-S-1,mc-S-2,mc-S-3,D_mc-chi-0,D_mc-chi-1,D_mc-chi-2,D_mc-chi-3,D_mc-Z-0,D_mc-Z-1,D_mc-Z-2,D_mc-Z-3,D_mc-I-0,D_mc-I-1,D_mc-I-2,D_mc-I-3,D_mc-T-0,D_mc-T-1,D_mc-T-2,D_mc-T-3,D_mc-S-0,D_mc-S-1,D_mc-S-2,D_mc-S-3,name
331.0219999999998,653.8079999999999,3294.6384,2898.384,7352.0,23856.0,35832.0,36048.0,40.0,128.0,352.0,416.0,632.0,2584.0,4096.0,4368.0,30.186400000000013,125.02079999999997,227.5872,269.0880000000001,0.9025,31.502000000000002,16.0075,48.9725,1444.0,2774.0,4066.0,4256.0,1.0,10.0,8.0,17.0,100.0,290.0,360.0,490.0,3.4225000000000003,12.839,14.652000000000001,21.996500000000005,0.0,-23.660000000000004,-9.25,-35.40000000000001,0.0,307.0,197.0,534.0,0.0,0.0,0.0,0.0,0.0,71.0,44.0,121.0,0.0,11.560000000000002,6.880000000000001,19.560000000000006,PEWLIO
