f-chi-0-all,f-chi-1-all,f-chi-2-all,f-chi-3-all,f-Z-0-all,f-Z-1-all,f-Z-2-all,f-Z-3-all,f-I-0-all,f-I-1-all,f-I-2-all,f-I-3-all,f-T-0-all,f-T-1-all,f-T-2-all,f-T-3-all,f-S-0-all,f-S-1-all,f-S-2-all,f-S-3-all,mc-chi-0-all,mc-chi-1-all,mc-chi-2-all,mc-chi-3-all,mc-Z-0-all,mc-Z-1-all,mc-Z-2-all,mc-Z-3-all,mc-I-0-all,mc-I-1-all,mc-I-2-all,mc-I-3-all,mc-T-0-all,mc-T-1-all,mc-T-2-all,mc-T-3-all,mc-S-0-all,mc-S-1-all,mc-S-2-all,mc-S-3-all,D_mc-chi-0-all,D_mc-chi-1-all,D_mc-chi-2-all,D_mc-chi-3-all,D_mc-Z-0-all,D_mc-Z-1-all,D_mc-Z-2-all,D_mc-Z-3-all,D_mc-I-0-all,D_mc-I-1-all,D_mc-I-2-all,D_mc-I-3-all,D_mc-T-0-all,D_mc-T-1-all,D_mc-T-2-all,D_mc-T-3-all,D_mc-S-0-all,D_mc-S-1-all,D_mc-S-2-all,D_mc-S-3-all,name
274.8551999999999,631.0239999999997,1790.7599999999998,1823.758399999999,4232.0,10480.0,18322.0,21028.0,32.0,92.0,208.0,252.0,364.0,1372.0,2192.0,2204.0,20.167600000000014,62.15080000000004,113.11380000000004,145.73080000000007,3.534399999999999,40.608,29.750999999999998,82.3534,729.0,1134.0,2416.5,2646.0,1.0,7.0,7.0,14.0,49.0,143.5,217.0,234.5,1.5876000000000001,5.531399999999999,7.8309000000000015,12.600000000000003,0.0,-8.44,-2.665,-17.485,0.0,147.0,99.5,280.0,0.0,0.0,0.0,0.0,0.0,28.5,18.0,64.5,0.0,4.43,2.6050000000000004,7.640000000000002,VULFOZ_clean_primitive
274.8551999999999,631.0239999999997,1790.7599999999998,1823.758399999999,4232.0,10480.0,18322.0,21028.0,32.0,92.0,208.0,252.0,364.0,1372.0,2192.0,2204.0,20.167600000000014,62.15080000000003,113.11380000000004,145.73080000000007,3.534399999999999,40.608,29.750999999999998,82.3534,729.0,1134.0,2416.5,2646.0,1.0,7.0,7.0,14.0,49.0,143.5,217.0,234.5,1.5876000000000001,5.531399999999999,7.8309000000000015,12.600000000000003,0.0,-8.44,-2.665,-17.485,0.0,147.0,99.5,280.0,0.0,0.0,0.0,0.0,0.0,28.5,18.0,64.5,0.0,4.43,2.6050000000000004,7.640000000000002,VULFOZ_clean_primitive
