f-lig-chi-0,f-lig-chi-1,f-lig-chi-2,f-lig-chi-3,f-lig-Z-0,f-lig-Z-1,f-lig-Z-2,f-lig-Z-3,f-lig-I-0,f-lig-I-1,f-lig-I-2,f-lig-I-3,f-lig-T-0,f-lig-T-1,f-lig-T-2,f-lig-T-3,f-lig-S-0,f-lig-S-1,f-lig-S-2,f-lig-S-3,name
249.93460000000005,566.6014000000002,914.3567999999996,1027.11,958.0,2308.0,3204.0,2880.0,40.0,86.0,140.0,168.0,226.0,566.0,820.0,868.0,16.2376,40.703800000000015,60.802800000000026,64.79440000000002,YIPDOR_clean_primitive
249.93460000000002,566.6014000000001,914.3567999999997,1027.11,958.0,2308.0,3204.0,2880.0,40.0,86.0,140.0,168.0,226.0,566.0,820.0,868.0,16.237600000000004,40.703800000000015,60.802800000000026,64.79440000000002,YIPDOR_clean_primitive
249.93460000000002,566.6014000000002,914.3567999999998,1027.11,958.0,2308.0,3204.0,2880.0,40.0,86.0,140.0,168.0,226.0,566.0,820.0,868.0,16.2376,40.703800000000015,60.802800000000026,64.79440000000002,YIPDOR_clean_primitive
249.93460000000002,566.6014000000002,914.3567999999997,1027.1100000000001,958.0,2308.0,3204.0,2880.0,40.0,86.0,140.0,168.0,226.0,566.0,820.0,868.0,16.2376,40.703800000000015,60.802800000000026,64.79440000000001,YIPDOR_clean_primitive
