f-lig-chi-0,f-lig-chi-1,f-lig-chi-2,f-lig-chi-3,f-lig-Z-0,f-lig-Z-1,f-lig-Z-2,f-lig-Z-3,f-lig-I-0,f-lig-I-1,f-lig-I-2,f-lig-I-3,f-lig-T-0,f-lig-T-1,f-lig-T-2,f-lig-T-3,f-lig-S-0,f-lig-S-1,f-lig-S-2,f-lig-S-3,name
181.0665,321.7792000000002,608.7707999999999,751.4893999999998,1206.0,2584.0,3564.0,4166.0,24.0,48.0,82.0,106.0,130.0,324.0,454.0,470.0,11.6486,27.05840000000001,41.13360000000001,49.92020000000001,TIGSOT_clean_primitive
181.0665,321.7792000000002,608.7708,751.4893999999998,1206.0,2584.0,3564.0,4166.0,24.0,48.0,82.0,106.0,130.0,324.0,454.0,470.0,11.6486,27.05840000000001,41.13360000000001,49.92020000000001,TIGSOT_clean_primitive
185.90650000000002,335.1552000000002,631.2107999999998,793.2893999999998,1207.0,2598.0,3588.0,4194.0,25.0,50.0,86.0,114.0,136.0,342.0,482.0,502.0,11.785500000000003,27.61340000000001,42.2732,51.6074,TIGSOT_clean_primitive
185.90650000000002,335.1552000000002,631.2107999999998,793.2893999999998,1207.0,2598.0,3588.0,4194.0,25.0,50.0,86.0,114.0,136.0,342.0,482.0,502.0,11.785500000000003,27.61340000000001,42.2732,51.6074,TIGSOT_clean_primitive
181.06650000000002,321.7792000000001,608.7707999999999,751.4893999999999,1206.0,2584.0,3564.0,4166.0,24.0,48.0,82.0,106.0,130.0,324.0,454.0,470.0,11.648599999999998,27.058400000000006,41.13360000000001,49.9202,TIGSOT_clean_primitive
185.9065,335.1552000000001,631.2107999999998,793.2894,1207.0,2598.0,3588.0,4194.0,25.0,50.0,86.0,114.0,136.0,342.0,482.0,502.0,11.785499999999999,27.613400000000006,42.27320000000001,51.607400000000005,TIGSOT_clean_primitive
185.9065,335.1552000000001,631.2107999999998,793.2894,1207.0,2598.0,3588.0,4194.0,25.0,50.0,86.0,114.0,136.0,342.0,482.0,502.0,11.785499999999999,27.613400000000006,42.27320000000001,51.607400000000005,TIGSOT_clean_primitive
181.0665,321.7792000000001,608.7707999999999,751.4894,1206.0,2584.0,3564.0,4166.0,24.0,48.0,82.0,106.0,130.0,324.0,454.0,470.0,11.648599999999998,27.058400000000006,41.13360000000001,49.92020000000001,TIGSOT_clean_primitive
