f-chi-0-all,f-chi-1-all,f-chi-2-all,f-chi-3-all,f-Z-0-all,f-Z-1-all,f-Z-2-all,f-Z-3-all,f-I-0-all,f-I-1-all,f-I-2-all,f-I-3-all,f-T-0-all,f-T-1-all,f-T-2-all,f-T-3-all,f-S-0-all,f-S-1-all,f-S-2-all,f-S-3-all,mc-chi-0-all,mc-chi-1-all,mc-chi-2-all,mc-chi-3-all,mc-Z-0-all,mc-Z-1-all,mc-Z-2-all,mc-Z-3-all,mc-I-0-all,mc-I-1-all,mc-I-2-all,mc-I-3-all,mc-T-0-all,mc-T-1-all,mc-T-2-all,mc-T-3-all,mc-S-0-all,mc-S-1-all,mc-S-2-all,mc-S-3-all,D_mc-chi-0-all,D_mc-chi-1-all,D_mc-chi-2-all,D_mc-chi-3-all,D_mc-Z-0-all,D_mc-Z-1-all,D_mc-Z-2-all,D_mc-Z-3-all,D_mc-I-0-all,D_mc-I-1-all,D_mc-I-2-all,D_mc-I-3-all,D_mc-T-0-all,D_mc-T-1-all,D_mc-T-2-all,D_mc-T-3-all,D_mc-S-0-all,D_mc-S-1-all,D_mc-S-2-all,D_mc-S-3-all,name
719.0724000000006,1326.6047999999982,3055.0303999999996,3297.062400000003,17700.0,34032.0,56912.0,72024.0,84.0,200.0,336.0,472.0,536.0,1344.0,2008.0,2936.0,69.01159999999993,169.3487999999997,262.79920000000004,384.78079999999966,2.7224999999999997,22.483999999999998,16.0545,56.66649999999999,900.0,950.0,1770.0,2320.0,1.0,4.0,4.333333333333333,11.0,16.0,33.333333333333336,66.66666666666667,104.0,1.7161000000000006,3.8339333333333343,5.764,10.362100000000002,0.0,-7.026666666666665,-2.58,-16.193333333333335,0.0,88.33333333333333,71.0,252.66666666666666,0.0,0.0,0.0,0.0,0.0,7.666666666666667,0.6666666666666666,18.0,0.0,2.313333333333334,1.2766666666666666,6.500000000000001,TIGSOT_clean_primitive
