f-chi-0-all,f-chi-1-all,f-chi-2-all,f-chi-3-all,f-Z-0-all,f-Z-1-all,f-Z-2-all,f-Z-3-all,f-I-0-all,f-I-1-all,f-I-2-all,f-I-3-all,f-T-0-all,f-T-1-all,f-T-2-all,f-T-3-all,f-S-0-all,f-S-1-all,f-S-2-all,f-S-3-all,mc-chi-0-all,mc-chi-1-all,mc-chi-2-all,mc-chi-3-all,mc-Z-0-all,mc-Z-1-all,mc-Z-2-all,mc-Z-3-all,mc-I-0-all,mc-I-1-all,mc-I-2-all,mc-I-3-all,mc-T-0-all,mc-T-1-all,mc-T-2-all,mc-T-3-all,mc-S-0-all,mc-S-1-all,mc-S-2-all,mc-S-3-all,D_mc-chi-0-all,D_mc-chi-1-all,D_mc-chi-2-all,D_mc-chi-3-all,D_mc-Z-0-all,D_mc-Z-1-all,D_mc-Z-2-all,D_mc-Z-3-all,D_mc-I-0-all,D_mc-I-1-all,D_mc-I-2-all,D_mc-I-3-all,D_mc-T-0-all,D_mc-T-1-all,D_mc-T-2-all,D_mc-T-3-all,D_mc-S-0-all,D_mc-S-1-all,D_mc-S-2-all,D_mc-S-3-all,name
164.9703,354.59519999999986,836.5893999999998,903.7567999999998,3138.0,7072.0,11440.0,9760.0,19.0,48.0,92.0,116.0,150.0,464.0,728.0,624.0,12.3667,34.806400000000004,59.972399999999986,64.96999999999998,3.6481,30.661866666666665,28.688199999999995,48.03013333333333,784.0,1045.3333333333333,2072.0,1642.6666666666667,1.0,4.666666666666667,6.666666666666667,8.0,22.666666666666668,64.0,92.0,88.0,1.4641,4.122066666666667,6.308133333333333,7.195466666666668,0.0,-7.14,-2.2866666666666666,-9.866666666666667,0.0,93.33333333333333,112.66666666666667,165.33333333333334,0.0,0.0,0.0,0.0,0.0,9.333333333333334,12.666666666666666,18.666666666666668,0.0,2.2399999999999998,2.853333333333333,3.733333333333333,HOXSUK_clean_primitive
164.9703,354.59519999999986,836.5893999999998,903.7567999999998,3138.0,7072.0,11440.0,9760.0,19.0,48.0,92.0,116.0,150.0,464.0,728.0,624.0,12.3667,34.806400000000004,59.972399999999986,64.96999999999998,3.6481,30.661866666666665,28.688199999999995,48.03013333333333,784.0,1045.3333333333333,2072.0,1642.6666666666667,1.0,4.666666666666667,6.666666666666667,8.0,22.666666666666668,64.0,92.0,88.0,1.4641,4.122066666666667,6.308133333333333,7.195466666666668,0.0,-7.14,-2.2866666666666666,-9.866666666666667,0.0,93.33333333333333,112.66666666666667,165.33333333333334,0.0,0.0,0.0,0.0,0.0,9.333333333333334,12.666666666666666,18.666666666666668,0.0,2.2399999999999998,2.853333333333333,3.733333333333333,HOXSUK_clean_primitive
