f-lig-chi-0,f-lig-chi-1,f-lig-chi-2,f-lig-chi-3,f-lig-Z-0,f-lig-Z-1,f-lig-Z-2,f-lig-Z-3,f-lig-I-0,f-lig-I-1,f-lig-I-2,f-lig-I-3,f-lig-T-0,f-lig-T-1,f-lig-T-2,f-lig-T-3,f-lig-S-0,f-lig-S-1,f-lig-S-2,f-lig-S-3,name
574.0645000000001,1113.6360000000002,1849.6676000000014,2361.416,2632.0,5136.0,7832.0,8864.0,77.0,160.0,260.0,344.0,420.0,1048.0,1528.0,1784.0,35.3333,81.06560000000003,122.94440000000004,151.2376,WEHHIC_clean_primitive
574.0645000000001,1113.6360000000002,1849.6676000000014,2361.416,2632.0,5136.0,7832.0,8864.0,77.0,160.0,260.0,344.0,420.0,1048.0,1528.0,1784.0,35.3333,81.06560000000003,122.94440000000004,151.2376,WEHHIC_clean_primitive
574.0645000000001,1113.6360000000002,1849.6676000000016,2361.4159999999997,2632.0,5136.0,7832.0,8864.0,77.0,160.0,260.0,344.0,420.0,1048.0,1528.0,1784.0,35.3333,81.06560000000003,122.94440000000006,151.23760000000001,WEHHIC_clean_primitive
574.0645000000001,1113.6360000000002,1849.6676000000016,2361.416,2632.0,5136.0,7832.0,8864.0,77.0,160.0,260.0,344.0,420.0,1048.0,1528.0,1784.0,35.3333,81.06560000000003,122.94440000000006,151.23760000000001,WEHHIC_clean_primitive
