name,cif_file,Di,Df,Dif,rho,VSA,GSA,VPOV,GPOV,POAV_vol_frac,PONAV_vol_frac,GPOAV,GPONAV,POAV,PONAV
DOPHUN_clean,DOPHUN_clean.cif,12.14431,5.61287,10.35542,0.984545,1340.38,1361.43,0.5297000000000001,0.5380150221676003,0.3997,0.13,0.405974,0.132041,3990.86,1298.0
