f-chi-0-all,f-chi-1-all,f-chi-2-all,f-chi-3-all,f-Z-0-all,f-Z-1-all,f-Z-2-all,f-Z-3-all,f-I-0-all,f-I-1-all,f-I-2-all,f-I-3-all,f-T-0-all,f-T-1-all,f-T-2-all,f-T-3-all,f-S-0-all,f-S-1-all,f-S-2-all,f-S-3-all,mc-chi-0-all,mc-chi-1-all,mc-chi-2-all,mc-chi-3-all,mc-Z-0-all,mc-Z-1-all,mc-Z-2-all,mc-Z-3-all,mc-I-0-all,mc-I-1-all,mc-I-2-all,mc-I-3-all,mc-T-0-all,mc-T-1-all,mc-T-2-all,mc-T-3-all,mc-S-0-all,mc-S-1-all,mc-S-2-all,mc-S-3-all,D_mc-chi-0-all,D_mc-chi-1-all,D_mc-chi-2-all,D_mc-chi-3-all,D_mc-Z-0-all,D_mc-Z-1-all,D_mc-Z-2-all,D_mc-Z-3-all,D_mc-I-0-all,D_mc-I-1-all,D_mc-I-2-all,D_mc-I-3-all,D_mc-T-0-all,D_mc-T-1-all,D_mc-T-2-all,D_mc-T-3-all,D_mc-S-0-all,D_mc-S-1-all,D_mc-S-2-all,D_mc-S-3-all,name
168.85049999999998,330.7008000000001,435.7588,438.85080000000005,7776.0,7068.0,9214.0,7128.0,21.0,44.0,58.0,56.0,102.0,236.0,302.0,252.0,16.7602,33.38999999999999,46.00179999999999,40.372,2.8560999999999996,14.6016,18.8942,29.51866666666666,2304.0,960.0,1248.0,1952.0,1.0,2.6666666666666665,4.0,6.0,7.333333333333333,18.0,27.333333333333332,40.0,2.1904,2.920533333333333,4.4992,6.699466666666666,0.0,-4.133333333333333,-4.42,-7.326666666666667,0.0,108.0,166.0,247.33333333333334,0.0,0.0,0.0,0.0,0.0,0.6666666666666666,0.6666666666666666,2.0,0.0,1.9733333333333336,2.8799999999999994,4.3533333333333335,ASEJOZ_clean_primitive
168.85049999999998,330.7008000000001,435.7588,438.85080000000005,7776.0,7068.0,9214.0,7128.0,21.0,44.0,58.0,56.0,102.0,236.0,302.0,252.0,16.7602,33.38999999999999,46.00179999999999,40.372,2.8560999999999996,14.6016,18.8942,29.51866666666666,2304.0,960.0,1248.0,1952.0,1.0,2.6666666666666665,4.0,6.0,7.333333333333333,18.0,27.333333333333332,40.0,2.1904,2.920533333333333,4.4992,6.699466666666666,0.0,-4.133333333333333,-4.42,-7.326666666666667,0.0,108.0,166.0,247.33333333333334,0.0,0.0,0.0,0.0,0.0,0.6666666666666666,0.6666666666666666,2.0,0.0,1.9733333333333336,2.8799999999999994,4.3533333333333335,ASEJOZ_clean_primitive
