f-lig-chi-0,f-lig-chi-1,f-lig-chi-2,f-lig-chi-3,f-lig-Z-0,f-lig-Z-1,f-lig-Z-2,f-lig-Z-3,f-lig-I-0,f-lig-I-1,f-lig-I-2,f-lig-I-3,f-lig-T-0,f-lig-T-1,f-lig-T-2,f-lig-T-3,f-lig-S-0,f-lig-S-1,f-lig-S-2,f-lig-S-3,name
890.3580000000018,1748.4840000000002,2891.5464000000015,3575.324999999997,4110.0,8136.0,12396.0,14088.0,120.0,252.0,408.0,522.0,660.0,1632.0,2352.0,2886.0,55.66800000000001,128.71319999999997,195.0887999999999,238.17539999999977,GOVWOF_clean_primitive
890.3580000000028,1748.4839999999997,2891.5464000000024,3575.325,4110.0,8136.0,12396.0,14088.0,120.0,252.0,408.0,522.0,660.0,1632.0,2352.0,2886.0,55.66800000000002,128.7132,195.08879999999994,238.17539999999985,GOVWOF_clean_primitive
890.3580000000028,1748.4839999999997,2891.5464000000024,3575.325,4110.0,8136.0,12396.0,14088.0,120.0,252.0,408.0,522.0,660.0,1632.0,2352.0,2886.0,55.66800000000003,128.7132,195.08879999999994,238.17539999999985,GOVWOF_clean_primitive
