f-lig-chi-0,f-lig-chi-1,f-lig-chi-2,f-lig-chi-3,f-lig-Z-0,f-lig-Z-1,f-lig-Z-2,f-lig-Z-3,f-lig-I-0,f-lig-I-1,f-lig-I-2,f-lig-I-3,f-lig-T-0,f-lig-T-1,f-lig-T-2,f-lig-T-3,f-lig-S-0,f-lig-S-1,f-lig-S-2,f-lig-S-3,name
122.2282,268.821,406.22,458.812,466.0,1080.0,1400.0,1288.0,20.0,42.0,64.0,76.0,106.0,258.0,352.0,360.0,8.1492,19.850600000000004,27.907200000000003,28.971600000000002,DOKHUH_clean_primitive
122.22820000000002,268.821,406.22,458.81199999999995,466.0,1080.0,1400.0,1288.0,20.0,42.0,64.0,76.0,106.0,258.0,352.0,360.0,8.149199999999999,19.850600000000004,27.907200000000007,28.97160000000001,DOKHUH_clean_primitive
122.22820000000002,268.821,406.22,458.81199999999995,466.0,1080.0,1400.0,1288.0,20.0,42.0,64.0,76.0,106.0,258.0,352.0,360.0,8.149199999999999,19.850600000000004,27.907200000000007,28.97160000000001,DOKHUH_clean_primitive
192.5916,362.304,598.4555999999998,685.5930000000002,825.0,1548.0,2382.0,2880.0,27.0,54.0,90.0,102.0,144.0,342.0,474.0,630.0,11.544300000000002,26.103000000000005,38.879400000000004,48.648600000000016,DOKHUH_clean_primitive
192.5916,362.304,598.4555999999998,685.5930000000002,825.0,1548.0,2382.0,2880.0,27.0,54.0,90.0,102.0,144.0,342.0,474.0,630.0,11.544300000000003,26.103000000000005,38.879400000000004,48.648600000000016,DOKHUH_clean_primitive
