f-chi-0-all,f-chi-1-all,f-chi-2-all,f-chi-3-all,f-Z-0-all,f-Z-1-all,f-Z-2-all,f-Z-3-all,f-I-0-all,f-I-1-all,f-I-2-all,f-I-3-all,f-T-0-all,f-T-1-all,f-T-2-all,f-T-3-all,f-S-0-all,f-S-1-all,f-S-2-all,f-S-3-all,mc-chi-0-all,mc-chi-1-all,mc-chi-2-all,mc-chi-3-all,mc-Z-0-all,mc-Z-1-all,mc-Z-2-all,mc-Z-3-all,mc-I-0-all,mc-I-1-all,mc-I-2-all,mc-I-3-all,mc-T-0-all,mc-T-1-all,mc-T-2-all,mc-T-3-all,mc-S-0-all,mc-S-1-all,mc-S-2-all,mc-S-3-all,D_mc-chi-0-all,D_mc-chi-1-all,D_mc-chi-2-all,D_mc-chi-3-all,D_mc-Z-0-all,D_mc-Z-1-all,D_mc-Z-2-all,D_mc-Z-3-all,D_mc-I-0-all,D_mc-I-1-all,D_mc-I-2-all,D_mc-I-3-all,D_mc-T-0-all,D_mc-T-1-all,D_mc-T-2-all,D_mc-T-3-all,D_mc-S-0-all,D_mc-S-1-all,D_mc-S-2-all,D_mc-S-3-all,name
143.2044,252.64640000000003,356.6210000000001,485.9263999999999,5356.0,5952.0,7748.0,4056.0,19.0,36.0,50.0,60.0,86.0,196.0,224.0,196.0,14.158500000000002,27.975,40.766,36.23040000000001,2.8560999999999996,18.9956,23.70225,47.294650000000004,2304.0,1248.0,1584.0,2352.0,1.0,3.5,5.5,11.0,12.5,32.0,58.5,81.5,2.1904,3.8406000000000002,6.267799999999999,10.078799999999998,0.0,-5.325,-4.729999999999999,-9.394999999999998,0.0,142.0,231.0,479.0,0.0,0.0,0.0,0.0,0.0,3.5,3.0,16.0,0.0,2.585,3.905,9.469999999999999,DOKHUH_clean_primitive
220.9394,459.4514000000001,736.8310000000002,1008.9584000000003,5580.0,6696.0,9004.0,8032.0,33.0,70.0,110.0,152.0,180.0,454.0,652.0,752.0,18.811100000000007,43.205600000000004,66.3016,78.6996,2.8560999999999996,18.9956,23.70225,47.294650000000004,2304.0,1248.0,1584.0,2352.0,1.0,3.5,5.5,11.0,12.5,32.0,58.5,81.5,2.1904,3.8406000000000002,6.267799999999999,10.078799999999998,0.0,-5.325,-4.729999999999999,-9.394999999999998,0.0,142.0,231.0,479.0,0.0,0.0,0.0,0.0,0.0,3.5,3.0,16.0,0.0,2.585,3.905,9.469999999999999,DOKHUH_clean_primitive
