f-lig-chi-0,f-lig-chi-1,f-lig-chi-2,f-lig-chi-3,f-lig-Z-0,f-lig-Z-1,f-lig-Z-2,f-lig-Z-3,f-lig-I-0,f-lig-I-1,f-lig-I-2,f-lig-I-3,f-lig-T-0,f-lig-T-1,f-lig-T-2,f-lig-T-3,f-lig-S-0,f-lig-S-1,f-lig-S-2,f-lig-S-3,name
357.12099999999987,732.4422000000004,1313.9612,1531.7799999999995,1846.0,4224.0,5528.0,5968.0,54.0,114.0,196.0,240.0,310.0,770.0,1080.0,1272.0,23.478000000000005,58.088200000000036,88.17719999999998,103.13119999999999,LUKRIS_clean_primitive
357.121,732.4422000000003,1313.9612,1531.7799999999997,1846.0,4224.0,5528.0,5968.0,54.0,114.0,196.0,240.0,310.0,770.0,1080.0,1272.0,23.47800000000001,58.08820000000003,88.1772,103.13119999999998,LUKRIS_clean_primitive
357.1209999999998,732.4422000000001,1313.9612000000002,1531.780000000001,1846.0,4224.0,5528.0,5968.0,54.0,114.0,196.0,240.0,310.0,770.0,1080.0,1272.0,23.478000000000026,58.08820000000003,88.17720000000003,103.13119999999999,LUKRIS_clean_primitive
357.121,732.4422000000001,1313.9612,1531.7800000000009,1846.0,4224.0,5528.0,5968.0,54.0,114.0,196.0,240.0,310.0,770.0,1080.0,1272.0,23.478000000000026,58.08820000000003,88.1772,103.13119999999999,LUKRIS_clean_primitive
