f-link-chi-0,f-link-chi-1,f-link-chi-2,f-link-chi-3,f-link-Z-0,f-link-Z-1,f-link-Z-2,f-link-Z-3,f-link-I-0,f-link-I-1,f-link-I-2,f-link-I-3,f-link-T-0,f-link-T-1,f-link-T-2,f-link-T-3,f-link-S-0,f-link-S-1,f-link-S-2,f-link-S-3,name
291.63929999999993,515.8140000000001,947.0331999999997,1151.846,1362.0,2424.0,4324.0,4880.0,35.0,72.0,120.0,160.0,192.0,484.0,714.0,868.0,16.330700000000004,36.96,59.185600000000015,74.276,HEBGUS
291.63929999999993,515.8140000000001,947.0331999999997,1151.846,1362.0,2424.0,4324.0,4880.0,35.0,72.0,120.0,160.0,192.0,484.0,714.0,868.0,16.330700000000004,36.96,59.185600000000015,74.276,HEBGUS
241.13140000000004,538.3840000000002,857.3144000000001,1053.091,862.0,2044.0,2756.0,2704.0,40.0,84.0,136.0,174.0,220.0,548.0,760.0,814.0,15.386400000000005,38.43960000000001,56.17760000000002,62.1646,HEBGUS
241.13140000000004,538.3840000000002,857.3144000000001,1053.091,862.0,2044.0,2756.0,2704.0,40.0,84.0,136.0,174.0,220.0,548.0,760.0,814.0,15.386400000000005,38.43960000000001,56.17760000000002,62.1646,HEBGUS
291.6392999999999,515.8140000000001,947.0331999999999,1151.8459999999998,1362.0,2424.0,4324.0,4880.0,35.0,72.0,120.0,160.0,192.0,484.0,714.0,868.0,16.3307,36.96000000000001,59.185600000000015,74.276,HEBGUS
291.6392999999999,515.8140000000001,947.0331999999999,1151.8459999999998,1362.0,2424.0,4324.0,4880.0,35.0,72.0,120.0,160.0,192.0,484.0,714.0,868.0,16.3307,36.96000000000001,59.185600000000015,74.276,HEBGUS
