f-sbu-chi-0,f-sbu-chi-1,f-sbu-chi-2,f-sbu-chi-3,f-sbu-Z-0,f-sbu-Z-1,f-sbu-Z-2,f-sbu-Z-3,f-sbu-I-0,f-sbu-I-1,f-sbu-I-2,f-sbu-I-3,f-sbu-T-0,f-sbu-T-1,f-sbu-T-2,f-sbu-T-3,f-sbu-S-0,f-sbu-S-1,f-sbu-S-2,f-sbu-S-3,mc-chi-0,mc-chi-1,mc-chi-2,mc-chi-3,mc-Z-0,mc-Z-1,mc-Z-2,mc-Z-3,mc-I-0,mc-I-1,mc-I-2,mc-I-3,mc-T-0,mc-T-1,mc-T-2,mc-T-3,mc-S-0,mc-S-1,mc-S-2,mc-S-3,D_mc-chi-0,D_mc-chi-1,D_mc-chi-2,D_mc-chi-3,D_mc-Z-0,D_mc-Z-1,D_mc-Z-2,D_mc-Z-3,D_mc-I-0,D_mc-I-1,D_mc-I-2,D_mc-I-3,D_mc-T-0,D_mc-T-1,D_mc-T-2,D_mc-T-3,D_mc-S-0,D_mc-S-1,D_mc-S-2,D_mc-S-3,name
257.1552,491.96399999999994,991.2108000000001,1226.8123999999998,3018.0,6360.0,9168.0,9656.0,34.0,72.0,128.0,156.0,200.0,504.0,708.0,780.0,19.067400000000006,45.73120000000001,75.39999999999999,89.60200000000003,2.7224999999999997,27.06,29.452499999999997,60.423,900.0,1140.0,1260.0,1950.0,1.0,5.0,7.0,14.0,25.0,60.0,115.0,155.0,1.7161000000000002,4.8339,7.060900000000001,11.344600000000002,0.0,-8.15,-6.300000000000001,-13.520000000000001,0.0,112.0,168.0,355.0,0.0,0.0,0.0,0.0,0.0,13.0,12.0,39.0,0.0,2.86,3.7800000000000007,9.68,AlaZnOAc
257.1552,491.9639999999999,991.2108000000001,1226.8123999999998,3018.0,6360.0,9168.0,9656.0,34.0,72.0,128.0,156.0,200.0,504.0,708.0,780.0,19.0674,45.73120000000001,75.40000000000002,89.60200000000005,2.7224999999999997,27.06,29.452499999999997,60.423,900.0,1140.0,1260.0,1950.0,1.0,5.0,7.0,14.0,25.0,60.0,115.0,155.0,1.7161000000000002,4.8339,7.060900000000001,11.344600000000002,0.0,-8.15,-6.300000000000001,-13.520000000000001,0.0,112.0,168.0,355.0,0.0,0.0,0.0,0.0,0.0,13.0,12.0,39.0,0.0,2.86,3.7800000000000007,9.68,AlaZnOAc
257.1551999999999,491.9639999999999,991.2107999999998,1226.8123999999998,3018.0,6360.0,9168.0,9656.0,34.0,72.0,128.0,156.0,200.0,504.0,708.0,780.0,19.067400000000003,45.7312,75.4,89.60200000000003,2.7224999999999997,27.06,29.452499999999997,60.423,900.0,1140.0,1260.0,1950.0,1.0,5.0,7.0,14.0,25.0,60.0,115.0,155.0,1.7161000000000002,4.8339,7.060900000000001,11.344600000000002,0.0,-8.15,-6.300000000000001,-13.520000000000001,0.0,112.0,168.0,355.0,0.0,0.0,0.0,0.0,0.0,13.0,12.0,39.0,0.0,2.86,3.7800000000000007,9.68,AlaZnOAc
