f-sbu-chi-0,f-sbu-chi-1,f-sbu-chi-2,f-sbu-chi-3,f-sbu-Z-0,f-sbu-Z-1,f-sbu-Z-2,f-sbu-Z-3,f-sbu-I-0,f-sbu-I-1,f-sbu-I-2,f-sbu-I-3,f-sbu-T-0,f-sbu-T-1,f-sbu-T-2,f-sbu-T-3,f-sbu-S-0,f-sbu-S-1,f-sbu-S-2,f-sbu-S-3,mc-chi-0,mc-chi-1,mc-chi-2,mc-chi-3,mc-Z-0,mc-Z-1,mc-Z-2,mc-Z-3,mc-I-0,mc-I-1,mc-I-2,mc-I-3,mc-T-0,mc-T-1,mc-T-2,mc-T-3,mc-S-0,mc-S-1,mc-S-2,mc-S-3,D_mc-chi-0,D_mc-chi-1,D_mc-chi-2,D_mc-chi-3,D_mc-Z-0,D_mc-Z-1,D_mc-Z-2,D_mc-Z-3,D_mc-I-0,D_mc-I-1,D_mc-I-2,D_mc-I-3,D_mc-T-0,D_mc-T-1,D_mc-T-2,D_mc-T-3,D_mc-S-0,D_mc-S-1,D_mc-S-2,D_mc-S-3,name
367.79639999999984,619.1999999999996,1850.9184000000002,2303.4239999999995,18352.0,26880.0,27648.0,36096.0,40.0,96.0,192.0,288.0,288.0,768.0,1152.0,1536.0,31.328800000000015,86.1984,139.19999999999996,194.12159999999994,1.44,24.768,18.359999999999996,43.128,4096.0,3072.0,2304.0,5376.0,1.0,6.0,6.0,12.0,36.0,72.0,108.0,180.0,2.8560999999999996,7.4022,7.8077999999999985,15.21,0.0,-13.440000000000001,-8.1,-21.54,0.0,336.0,348.0,684.0,0.0,0.0,0.0,0.0,0.0,24.0,18.0,42.0,0.0,5.76,5.52,11.280000000000001,SANHEX
