f-lig-chi-0,f-lig-chi-1,f-lig-chi-2,f-lig-chi-3,f-lig-Z-0,f-lig-Z-1,f-lig-Z-2,f-lig-Z-3,f-lig-I-0,f-lig-I-1,f-lig-I-2,f-lig-I-3,f-lig-T-0,f-lig-T-1,f-lig-T-2,f-lig-T-3,f-lig-S-0,f-lig-S-1,f-lig-S-2,f-lig-S-3,name
96.02940000000001,170.646,263.26199999999994,332.1254,474.0,840.0,1248.0,1352.0,12.0,24.0,36.0,42.0,60.0,144.0,180.0,138.0,5.962799999999999,12.7512,18.387600000000006,19.122599999999995,ALATAK_clean_primitive
96.02940000000001,170.646,263.26199999999994,332.1254,474.0,840.0,1248.0,1352.0,12.0,24.0,36.0,42.0,60.0,144.0,180.0,138.0,5.962799999999999,12.7512,18.387600000000006,19.122599999999995,ALATAK_clean_primitive
