f-chi-0-all,f-chi-1-all,f-chi-2-all,f-chi-3-all,f-Z-0-all,f-Z-1-all,f-Z-2-all,f-Z-3-all,f-I-0-all,f-I-1-all,f-I-2-all,f-I-3-all,f-T-0-all,f-T-1-all,f-T-2-all,f-T-3-all,f-S-0-all,f-S-1-all,f-S-2-all,f-S-3-all,mc-chi-0-all,mc-chi-1-all,mc-chi-2-all,mc-chi-3-all,mc-Z-0-all,mc-Z-1-all,mc-Z-2-all,mc-Z-3-all,mc-I-0-all,mc-I-1-all,mc-I-2-all,mc-I-3-all,mc-T-0-all,mc-T-1-all,mc-T-2-all,mc-T-3-all,mc-S-0-all,mc-S-1-all,mc-S-2-all,mc-S-3-all,D_mc-chi-0-all,D_mc-chi-1-all,D_mc-chi-2-all,D_mc-chi-3-all,D_mc-Z-0-all,D_mc-Z-1-all,D_mc-Z-2-all,D_mc-Z-3-all,D_mc-I-0-all,D_mc-I-1-all,D_mc-I-2-all,D_mc-I-3-all,D_mc-T-0-all,D_mc-T-1-all,D_mc-T-2-all,D_mc-T-3-all,D_mc-S-0-all,D_mc-S-1-all,D_mc-S-2-all,D_mc-S-3-all,name
378.3713999999998,693.5039999999996,1337.985599999999,1535.6159999999993,7368.0,13824.0,14784.0,18432.0,42.0,96.0,144.0,192.0,240.0,576.0,768.0,960.0,30.20100000000003,72.88320000000002,99.57600000000008,126.84480000000008,2.7224999999999997,22.704000000000004,16.829999999999995,39.53399999999999,900.0,960.0,720.0,1680.0,1.0,4.0,4.0,8.0,16.0,32.0,48.0,80.0,1.7161000000000006,3.8252000000000006,4.0348000000000015,7.86,0.0,-7.1599999999999975,-3.600000000000001,-10.760000000000003,0.0,88.0,96.0,184.0,0.0,0.0,0.0,0.0,0.0,8.0,4.0,12.0,0.0,2.3200000000000003,2.16,4.480000000000001,UVUDUM_clean_primitive
378.3713999999998,693.5039999999997,1337.9855999999995,1535.6159999999993,7368.0,13824.0,14784.0,18432.0,42.0,96.0,144.0,192.0,240.0,576.0,768.0,960.0,30.201000000000022,72.88320000000002,99.57600000000006,126.84480000000009,2.7224999999999997,22.704000000000004,16.829999999999995,39.53399999999999,900.0,960.0,720.0,1680.0,1.0,4.0,4.0,8.0,16.0,32.0,48.0,80.0,1.7161000000000006,3.8252000000000006,4.0348000000000015,7.86,0.0,-7.1599999999999975,-3.600000000000001,-10.760000000000003,0.0,88.0,96.0,184.0,0.0,0.0,0.0,0.0,0.0,8.0,4.0,12.0,0.0,2.3200000000000003,2.16,4.480000000000001,UVUDUM_clean_primitive
