f-chi-0-all,f-chi-1-all,f-chi-2-all,f-chi-3-all,f-Z-0-all,f-Z-1-all,f-Z-2-all,f-Z-3-all,f-I-0-all,f-I-1-all,f-I-2-all,f-I-3-all,f-T-0-all,f-T-1-all,f-T-2-all,f-T-3-all,f-S-0-all,f-S-1-all,f-S-2-all,f-S-3-all,mc-chi-0-all,mc-chi-1-all,mc-chi-2-all,mc-chi-3-all,mc-Z-0-all,mc-Z-1-all,mc-Z-2-all,mc-Z-3-all,mc-I-0-all,mc-I-1-all,mc-I-2-all,mc-I-3-all,mc-T-0-all,mc-T-1-all,mc-T-2-all,mc-T-3-all,mc-S-0-all,mc-S-1-all,mc-S-2-all,mc-S-3-all,D_mc-chi-0-all,D_mc-chi-1-all,D_mc-chi-2-all,D_mc-chi-3-all,D_mc-Z-0-all,D_mc-Z-1-all,D_mc-Z-2-all,D_mc-Z-3-all,D_mc-I-0-all,D_mc-I-1-all,D_mc-I-2-all,D_mc-I-3-all,D_mc-T-0-all,D_mc-T-1-all,D_mc-T-2-all,D_mc-T-3-all,D_mc-S-0-all,D_mc-S-1-all,D_mc-S-2-all,D_mc-S-3-all,name
133.5328,241.30560000000003,495.9407999999998,769.3183999999999,2557.0,4584.0,8492.0,7440.0,18.0,36.0,64.0,102.0,100.0,272.0,388.0,344.0,13.4053,27.896000000000008,48.60039999999999,66.49520000000001,3.0152,19.545599999999997,18.78213333333333,43.233066666666666,627.0,652.0,1680.0,1152.0,1.0,3.3333333333333335,4.666666666666667,9.0,14.666666666666666,37.333333333333336,66.66666666666667,86.66666666666667,1.604466666666667,3.1093333333333333,5.796066666666667,7.295066666666667,0.0,-4.96,-1.7866666666666664,-8.026666666666669,0.0,60.666666666666664,56.0,187.66666666666666,0.0,0.0,0.0,0.0,0.0,6.666666666666667,8.0,20.0,0.0,1.7533333333333336,1.3066666666666669,5.603333333333334,TAQGUQ_clean_primitive
133.5328,241.30559999999997,495.94079999999985,769.3183999999999,2557.0,4584.0,8492.0,7440.0,18.0,36.0,64.0,102.0,100.0,272.0,388.0,344.0,13.4053,27.896000000000008,48.60039999999999,66.49520000000001,3.0152,19.545599999999997,18.78213333333333,43.233066666666666,627.0,652.0,1680.0,1152.0,1.0,3.3333333333333335,4.666666666666667,9.0,14.666666666666666,37.333333333333336,66.66666666666667,86.66666666666667,1.604466666666667,3.1093333333333333,5.796066666666667,7.295066666666667,0.0,-4.96,-1.7866666666666664,-8.026666666666669,0.0,60.666666666666664,56.0,187.66666666666666,0.0,0.0,0.0,0.0,0.0,6.666666666666667,8.0,20.0,0.0,1.7533333333333336,1.3066666666666669,5.603333333333334,TAQGUQ_clean_primitive
