f-chi-0-all,f-chi-1-all,f-chi-2-all,f-chi-3-all,f-Z-0-all,f-Z-1-all,f-Z-2-all,f-Z-3-all,f-I-0-all,f-I-1-all,f-I-2-all,f-I-3-all,f-T-0-all,f-T-1-all,f-T-2-all,f-T-3-all,f-S-0-all,f-S-1-all,f-S-2-all,f-S-3-all,mc-chi-0-all,mc-chi-1-all,mc-chi-2-all,mc-chi-3-all,mc-Z-0-all,mc-Z-1-all,mc-Z-2-all,mc-Z-3-all,mc-I-0-all,mc-I-1-all,mc-I-2-all,mc-I-3-all,mc-T-0-all,mc-T-1-all,mc-T-2-all,mc-T-3-all,mc-S-0-all,mc-S-1-all,mc-S-2-all,mc-S-3-all,D_mc-chi-0-all,D_mc-chi-1-all,D_mc-chi-2-all,D_mc-chi-3-all,D_mc-Z-0-all,D_mc-Z-1-all,D_mc-Z-2-all,D_mc-Z-3-all,D_mc-I-0-all,D_mc-I-1-all,D_mc-I-2-all,D_mc-I-3-all,D_mc-T-0-all,D_mc-T-1-all,D_mc-T-2-all,D_mc-T-3-all,D_mc-S-0-all,D_mc-S-1-all,D_mc-S-2-all,D_mc-S-3-all,name
97.8135,149.022,261.8333999999999,465.11999999999995,1186.0,2376.0,3264.0,2520.0,13.0,24.0,42.0,60.0,66.0,168.0,192.0,120.0,8.494900000000001,18.480000000000004,29.037000000000003,34.65,2.01065,18.9851,20.871600000000004,3.0012,518.5,734.0,774.0,988.0,1.0,5.0,5.0,2.0,26.0,52.0,46.0,48.0,2.70205,5.8275,5.8309,4.9,0.0,-6.6,-7.09,0.0,0.0,84.0,83.0,0.0,0.0,0.0,0.0,0.0,0.0,16.0,17.0,0.0,0.0,3.86,3.88,0.0,QUTVIM_clean_primitive
97.8135,149.022,261.8333999999999,465.11999999999995,1186.0,2376.0,3264.0,2520.0,13.0,24.0,42.0,60.0,66.0,168.0,192.0,120.0,8.494900000000001,18.480000000000004,29.037000000000003,34.65,2.01065,18.9851,20.871600000000004,3.0012,518.5,734.0,774.0,988.0,1.0,5.0,5.0,2.0,26.0,52.0,46.0,48.0,2.70205,5.8275,5.8309,4.9,0.0,-6.6,-7.09,0.0,0.0,84.0,83.0,0.0,0.0,0.0,0.0,0.0,0.0,16.0,17.0,0.0,0.0,3.86,3.88,0.0,QUTVIM_clean_primitive
63.648799999999994,81.9584,127.6272,186.048,701.0,1400.0,1500.0,1008.0,9.0,16.0,20.0,24.0,36.0,80.0,80.0,48.0,8.4632,16.38,18.8236,13.86,2.01065,18.9851,20.871600000000004,3.0012,518.5,734.0,774.0,988.0,1.0,5.0,5.0,2.0,26.0,52.0,46.0,48.0,2.70205,5.8275,5.8309,4.9,0.0,-6.6,-7.09,0.0,0.0,84.0,83.0,0.0,0.0,0.0,0.0,0.0,0.0,16.0,17.0,0.0,0.0,3.86,3.88,0.0,QUTVIM_clean_primitive
63.648799999999994,81.9584,127.6272,186.048,701.0,1400.0,1500.0,1008.0,9.0,16.0,20.0,24.0,36.0,80.0,80.0,48.0,8.4632,16.38,18.8236,13.86,2.01065,18.9851,20.871600000000004,3.0012,518.5,734.0,774.0,988.0,1.0,5.0,5.0,2.0,26.0,52.0,46.0,48.0,2.70205,5.8275,5.8309,4.9,0.0,-6.6,-7.09,0.0,0.0,84.0,83.0,0.0,0.0,0.0,0.0,0.0,0.0,16.0,17.0,0.0,0.0,3.86,3.88,0.0,QUTVIM_clean_primitive
