f-chi-0-all,f-chi-1-all,f-chi-2-all,f-chi-3-all,f-Z-0-all,f-Z-1-all,f-Z-2-all,f-Z-3-all,f-I-0-all,f-I-1-all,f-I-2-all,f-I-3-all,f-T-0-all,f-T-1-all,f-T-2-all,f-T-3-all,f-S-0-all,f-S-1-all,f-S-2-all,f-S-3-all,mc-chi-0-all,mc-chi-1-all,mc-chi-2-all,mc-chi-3-all,mc-Z-0-all,mc-Z-1-all,mc-Z-2-all,mc-Z-3-all,mc-I-0-all,mc-I-1-all,mc-I-2-all,mc-I-3-all,mc-T-0-all,mc-T-1-all,mc-T-2-all,mc-T-3-all,mc-S-0-all,mc-S-1-all,mc-S-2-all,mc-S-3-all,D_mc-chi-0-all,D_mc-chi-1-all,D_mc-chi-2-all,D_mc-chi-3-all,D_mc-Z-0-all,D_mc-Z-1-all,D_mc-Z-2-all,D_mc-Z-3-all,D_mc-I-0-all,D_mc-I-1-all,D_mc-I-2-all,D_mc-I-3-all,D_mc-T-0-all,D_mc-T-1-all,D_mc-T-2-all,D_mc-T-3-all,D_mc-S-0-all,D_mc-S-1-all,D_mc-S-2-all,D_mc-S-3-all,name
840.2001999999983,2387.980800000001,5592.475200000003,9403.844799999997,17632.0,37548.0,77628.0,130840.0,106.0,324.0,732.0,1192.0,1056.0,3420.0,7524.0,11688.0,81.64259999999999,251.3700000000002,550.8972000000002,865.4832000000006,3.61,25.991999999999994,49.889249999999976,69.81549999999996,841.0,913.5,1761.75,4255.75,1.0,4.5,9.0,13.75,21.0,63.0,126.0,210.0,1.9043999999999992,4.6575,9.377099999999997,16.528950000000002,0.0,-5.130000000000002,-9.157500000000004,-10.620000000000003,0.0,99.0,200.25,252.0,0.0,0.0,0.0,0.0,0.0,7.5,15.0,17.25,0.0,2.834999999999999,5.624999999999999,6.997499999999998,UQOWUU_clean_primitive
