f-lig-chi-0,f-lig-chi-1,f-lig-chi-2,f-lig-chi-3,f-lig-Z-0,f-lig-Z-1,f-lig-Z-2,f-lig-Z-3,f-lig-I-0,f-lig-I-1,f-lig-I-2,f-lig-I-3,f-lig-T-0,f-lig-T-1,f-lig-T-2,f-lig-T-3,f-lig-S-0,f-lig-S-1,f-lig-S-2,f-lig-S-3,name
570.2832000000003,1182.0780000000007,1905.4812000000015,2476.490999999999,2520.0,5328.0,8112.0,9456.0,84.0,180.0,288.0,390.0,468.0,1188.0,1776.0,2166.0,38.1396,91.19879999999999,139.72799999999998,174.45659999999992,AZAWAB_clean_primitive
570.2832000000001,1182.0780000000009,1905.4812000000022,2476.491000000001,2520.0,5328.0,8112.0,9456.0,84.0,180.0,288.0,390.0,468.0,1188.0,1776.0,2166.0,38.13960000000003,91.19879999999999,139.728,174.45660000000012,AZAWAB_clean_primitive
570.2832,1182.0780000000009,1905.481200000002,2476.4910000000013,2520.0,5328.0,8112.0,9456.0,84.0,180.0,288.0,390.0,468.0,1188.0,1776.0,2166.0,38.13960000000003,91.1988,139.728,174.4566000000001,AZAWAB_clean_primitive
570.2832000000003,1182.0780000000007,1905.4812000000015,2476.491,2520.0,5328.0,8112.0,9456.0,84.0,180.0,288.0,390.0,468.0,1188.0,1776.0,2166.0,38.1396,91.19879999999999,139.72799999999998,174.45659999999992,AZAWAB_clean_primitive
