f-link-chi-0,f-link-chi-1,f-link-chi-2,f-link-chi-3,f-link-Z-0,f-link-Z-1,f-link-Z-2,f-link-Z-3,f-link-I-0,f-link-I-1,f-link-I-2,f-link-I-3,f-link-T-0,f-link-T-1,f-link-T-2,f-link-T-3,f-link-S-0,f-link-S-1,f-link-S-2,f-link-S-3,name
360.6812999999998,736.0320000000005,1192.2908,1572.9640000000009,1572.0,3264.0,4976.0,5872.0,53.0,112.0,180.0,248.0,292.0,744.0,1124.0,1400.0,23.647700000000015,56.056000000000026,86.0372,109.18960000000004,MOF-841
360.6812999999998,736.0320000000005,1192.2908,1572.9640000000009,1572.0,3264.0,4976.0,5872.0,53.0,112.0,180.0,248.0,292.0,744.0,1124.0,1400.0,23.647700000000015,56.056000000000026,86.0372,109.18960000000004,MOF-841
360.6812999999998,736.0320000000005,1192.2908000000004,1572.9640000000002,1572.0,3264.0,4976.0,5872.0,53.0,112.0,180.0,248.0,292.0,744.0,1124.0,1400.0,23.647700000000015,56.056000000000026,86.0372,109.18960000000001,MOF-841
360.6812999999998,736.0320000000005,1192.2908000000002,1572.9640000000002,1572.0,3264.0,4976.0,5872.0,53.0,112.0,180.0,248.0,292.0,744.0,1124.0,1400.0,23.647700000000015,56.056000000000026,86.03719999999998,109.18960000000003,MOF-841
