f-sbu-chi-0,f-sbu-chi-1,f-sbu-chi-2,f-sbu-chi-3,f-sbu-Z-0,f-sbu-Z-1,f-sbu-Z-2,f-sbu-Z-3,f-sbu-I-0,f-sbu-I-1,f-sbu-I-2,f-sbu-I-3,f-sbu-T-0,f-sbu-T-1,f-sbu-T-2,f-sbu-T-3,f-sbu-S-0,f-sbu-S-1,f-sbu-S-2,f-sbu-S-3,mc-chi-0,mc-chi-1,mc-chi-2,mc-chi-3,mc-Z-0,mc-Z-1,mc-Z-2,mc-Z-3,mc-I-0,mc-I-1,mc-I-2,mc-I-3,mc-T-0,mc-T-1,mc-T-2,mc-T-3,mc-S-0,mc-S-1,mc-S-2,mc-S-3,D_mc-chi-0,D_mc-chi-1,D_mc-chi-2,D_mc-chi-3,D_mc-Z-0,D_mc-Z-1,D_mc-Z-2,D_mc-Z-3,D_mc-I-0,D_mc-I-1,D_mc-I-2,D_mc-I-3,D_mc-T-0,D_mc-T-1,D_mc-T-2,D_mc-T-3,D_mc-S-0,D_mc-S-1,D_mc-S-2,D_mc-S-3,name
587.9974000000001,1000.6272000000004,4276.003999999998,3837.939199999999,12736.0,33792.0,71936.0,96512.0,62.0,160.0,416.0,560.0,624.0,2144.0,4272.0,5888.0,45.032,143.89760000000007,297.1544000000001,458.6736000000004,1.7688999999999997,36.60160000000001,20.6416,106.64826666666666,1600.0,2560.0,7360.0,7466.666666666667,1.0,8.0,8.0,24.0,64.0,160.0,341.3333333333333,426.6666666666667,2.3716000000000004,8.9936,14.229600000000003,27.14506666666669,0.0,-16.88,-4.879999999999998,-48.26666666666666,0.0,256.0,136.0,773.3333333333334,0.0,0.0,0.0,0.0,0.0,44.0,21.333333333333332,138.66666666666666,0.0,6.480000000000003,3.0799999999999996,19.33333333333334,MOF-841
587.9974000000001,1000.6272000000002,4276.003999999998,3837.939199999998,12736.0,33792.0,71936.0,96512.0,62.0,160.0,416.0,560.0,624.0,2144.0,4272.0,5888.0,45.032000000000004,143.8976000000001,297.1544000000001,458.6736000000005,1.7688999999999997,36.60160000000001,20.6416,106.64826666666666,1600.0,2560.0,7360.0,7466.666666666667,1.0,8.0,8.0,24.0,64.0,160.0,341.3333333333333,426.6666666666667,2.3716000000000004,8.9936,14.229600000000003,27.14506666666669,0.0,-16.88,-4.879999999999998,-48.26666666666666,0.0,256.0,136.0,773.3333333333334,0.0,0.0,0.0,0.0,0.0,44.0,21.333333333333332,138.66666666666666,0.0,6.480000000000003,3.0799999999999996,19.33333333333334,MOF-841
