f-chi-0-all,f-chi-1-all,f-chi-2-all,f-chi-3-all,f-Z-0-all,f-Z-1-all,f-Z-2-all,f-Z-3-all,f-I-0-all,f-I-1-all,f-I-2-all,f-I-3-all,f-T-0-all,f-T-1-all,f-T-2-all,f-T-3-all,f-S-0-all,f-S-1-all,f-S-2-all,f-S-3-all,mc-chi-0-all,mc-chi-1-all,mc-chi-2-all,mc-chi-3-all,mc-Z-0-all,mc-Z-1-all,mc-Z-2-all,mc-Z-3-all,mc-I-0-all,mc-I-1-all,mc-I-2-all,mc-I-3-all,mc-T-0-all,mc-T-1-all,mc-T-2-all,mc-T-3-all,mc-S-0-all,mc-S-1-all,mc-S-2-all,mc-S-3-all,D_mc-chi-0-all,D_mc-chi-1-all,D_mc-chi-2-all,D_mc-chi-3-all,D_mc-Z-0-all,D_mc-Z-1-all,D_mc-Z-2-all,D_mc-Z-3-all,D_mc-I-0-all,D_mc-I-1-all,D_mc-I-2-all,D_mc-I-3-all,D_mc-T-0-all,D_mc-T-1-all,D_mc-T-2-all,D_mc-T-3-all,D_mc-S-0-all,D_mc-S-1-all,D_mc-S-2-all,D_mc-S-3-all,name
98.93239999999999,159.20319999999995,292.24800000000005,272.5856,546.0,960.0,1642.0,1536.0,12.0,28.0,36.0,36.0,76.0,208.0,242.0,168.0,9.1068,22.279600000000002,27.550800000000002,23.505999999999997,0.9603999999999999,13.4848,8.4574,17.610599999999998,9.0,96.0,63.0,126.0,1.0,4.0,4.0,6.0,16.0,40.0,52.0,60.0,1.7689000000000001,3.8836,4.8412,5.985,0.0,-9.84,-4.709999999999999,-12.09,0.0,-20.0,-9.0,-24.0,0.0,0.0,0.0,0.0,0.0,6.0,3.0,9.0,0.0,2.4000000000000004,1.6800000000000002,3.4800000000000004,HOZFEJ_clean_primitive
98.93239999999999,159.20319999999995,292.248,272.5856,546.0,960.0,1642.0,1536.0,12.0,28.0,36.0,36.0,76.0,208.0,242.0,168.0,9.1068,22.279600000000002,27.550800000000002,23.505999999999997,0.9603999999999999,13.4848,8.4574,17.610599999999998,9.0,96.0,63.0,126.0,1.0,4.0,4.0,6.0,16.0,40.0,52.0,60.0,1.7689000000000001,3.8836,4.8412,5.985,0.0,-9.84,-4.709999999999999,-12.09,0.0,-20.0,-9.0,-24.0,0.0,0.0,0.0,0.0,0.0,6.0,3.0,9.0,0.0,2.4000000000000004,1.6800000000000002,3.4800000000000004,HOZFEJ_clean_primitive
