f-lig-chi-0,f-lig-chi-1,f-lig-chi-2,f-lig-chi-3,f-lig-Z-0,f-lig-Z-1,f-lig-Z-2,f-lig-Z-3,f-lig-I-0,f-lig-I-1,f-lig-I-2,f-lig-I-3,f-lig-T-0,f-lig-T-1,f-lig-T-2,f-lig-T-3,f-lig-S-0,f-lig-S-1,f-lig-S-2,f-lig-S-3,name
215.82039999999995,395.454,651.1657999999998,800.4838000000001,1000.0,1824.0,2732.0,2896.0,28.0,56.0,90.0,114.0,146.0,356.0,484.0,566.0,12.898799999999998,28.30520000000001,41.757799999999996,49.462599999999995,NEVJOP_clean_primitive
122.22819999999999,268.821,406.2200000000001,458.81200000000007,466.0,1080.0,1400.0,1288.0,20.0,42.0,64.0,76.0,106.0,258.0,352.0,360.0,8.1492,19.850600000000007,27.907200000000003,28.971600000000002,NEVJOP_clean_primitive
122.22820000000002,268.82099999999997,406.2200000000001,458.812,466.0,1080.0,1400.0,1288.0,20.0,42.0,64.0,76.0,106.0,258.0,352.0,360.0,8.149199999999999,19.850600000000004,27.90720000000001,28.9716,NEVJOP_clean_primitive
215.82039999999995,395.4539999999999,651.1657999999999,800.4838,1000.0,1824.0,2732.0,2896.0,28.0,56.0,90.0,114.0,146.0,356.0,484.0,566.0,12.8988,28.305200000000003,41.757799999999996,49.46260000000001,NEVJOP_clean_primitive
122.22820000000002,268.8210000000001,406.22000000000014,458.81199999999995,466.0,1080.0,1400.0,1288.0,20.0,42.0,64.0,76.0,106.0,258.0,352.0,360.0,8.1492,19.850600000000004,27.907200000000003,28.97160000000001,NEVJOP_clean_primitive
215.82039999999998,395.4539999999999,651.1657999999998,800.4838,1000.0,1824.0,2732.0,2896.0,28.0,56.0,90.0,114.0,146.0,356.0,484.0,566.0,12.898799999999998,28.30520000000001,41.7578,49.46260000000001,NEVJOP_clean_primitive
122.22820000000002,268.821,406.22,458.812,466.0,1080.0,1400.0,1288.0,20.0,42.0,64.0,76.0,106.0,258.0,352.0,360.0,8.149199999999999,19.850600000000004,27.90720000000001,28.97160000000001,NEVJOP_clean_primitive
122.22820000000002,268.8210000000001,406.2200000000001,458.81199999999995,466.0,1080.0,1400.0,1288.0,20.0,42.0,64.0,76.0,106.0,258.0,352.0,360.0,8.1492,19.850600000000004,27.907200000000007,28.971600000000013,NEVJOP_clean_primitive
215.82039999999992,395.45400000000006,651.1657999999999,800.4838,1000.0,1824.0,2732.0,2896.0,28.0,56.0,90.0,114.0,146.0,356.0,484.0,566.0,12.898799999999998,28.305200000000013,41.757799999999996,49.4626,NEVJOP_clean_primitive
