f-chi-0-all,f-chi-1-all,f-chi-2-all,f-chi-3-all,f-Z-0-all,f-Z-1-all,f-Z-2-all,f-Z-3-all,f-I-0-all,f-I-1-all,f-I-2-all,f-I-3-all,f-T-0-all,f-T-1-all,f-T-2-all,f-T-3-all,f-S-0-all,f-S-1-all,f-S-2-all,f-S-3-all,mc-chi-0-all,mc-chi-1-all,mc-chi-2-all,mc-chi-3-all,mc-Z-0-all,mc-Z-1-all,mc-Z-2-all,mc-Z-3-all,mc-I-0-all,mc-I-1-all,mc-I-2-all,mc-I-3-all,mc-T-0-all,mc-T-1-all,mc-T-2-all,mc-T-3-all,mc-S-0-all,mc-S-1-all,mc-S-2-all,mc-S-3-all,D_mc-chi-0-all,D_mc-chi-1-all,D_mc-chi-2-all,D_mc-chi-3-all,D_mc-Z-0-all,D_mc-Z-1-all,D_mc-Z-2-all,D_mc-Z-3-all,D_mc-I-0-all,D_mc-I-1-all,D_mc-I-2-all,D_mc-I-3-all,D_mc-T-0-all,D_mc-T-1-all,D_mc-T-2-all,D_mc-T-3-all,D_mc-S-0-all,D_mc-S-1-all,D_mc-S-2-all,D_mc-S-3-all,name
975.075800000001,1974.8130000000015,4154.1208000000015,5765.445600000004,15728.0,32952.0,59488.0,67752.0,126.0,290.0,524.0,780.0,822.0,2258.0,3652.0,4684.0,82.12939999999995,205.71860000000032,363.41720000000004,504.9588000000003,2.7224999999999997,25.607999999999993,26.977499999999992,70.367,900.0,1080.0,2460.0,2570.0,1.0,4.666666666666667,7.0,15.0,22.0,56.666666666666664,114.33333333333333,157.0,1.7161000000000006,4.4976666666666665,8.2399,13.060700000000002,0.0,-7.82,-4.800000000000002,-17.89666666666667,0.0,104.0,128.0,364.3333333333333,0.0,0.0,0.0,0.0,0.0,10.0,8.666666666666666,36.666666666666664,0.0,2.6799999999999997,2.8800000000000003,9.680000000000001,NEVJOP_clean_primitive
