f-chi-0-all,f-chi-1-all,f-chi-2-all,f-chi-3-all,f-Z-0-all,f-Z-1-all,f-Z-2-all,f-Z-3-all,f-I-0-all,f-I-1-all,f-I-2-all,f-I-3-all,f-T-0-all,f-T-1-all,f-T-2-all,f-T-3-all,f-S-0-all,f-S-1-all,f-S-2-all,f-S-3-all,mc-chi-0-all,mc-chi-1-all,mc-chi-2-all,mc-chi-3-all,mc-Z-0-all,mc-Z-1-all,mc-Z-2-all,mc-Z-3-all,mc-I-0-all,mc-I-1-all,mc-I-2-all,mc-I-3-all,mc-T-0-all,mc-T-1-all,mc-T-2-all,mc-T-3-all,mc-S-0-all,mc-S-1-all,mc-S-2-all,mc-S-3-all,D_mc-chi-0-all,D_mc-chi-1-all,D_mc-chi-2-all,D_mc-chi-3-all,D_mc-Z-0-all,D_mc-Z-1-all,D_mc-Z-2-all,D_mc-Z-3-all,D_mc-I-0-all,D_mc-I-1-all,D_mc-I-2-all,D_mc-I-3-all,D_mc-T-0-all,D_mc-T-1-all,D_mc-T-2-all,D_mc-T-3-all,D_mc-S-0-all,D_mc-S-1-all,D_mc-S-2-all,D_mc-S-3-all,name
76.20049999999999,116.6848,176.4792,210.528,2704.0,3456.0,3072.0,1152.0,9.0,16.0,20.0,24.0,36.0,80.0,80.0,48.0,6.6936,13.14,15.511599999999998,13.490399999999998,2.8560999999999996,23.2544,17.238,40.4924,2304.0,1536.0,1152.0,2688.0,1.0,4.0,4.0,8.0,16.0,32.0,48.0,80.0,2.1904,4.3216,4.5584,8.879999999999999,0.0,-7.0,-3.4399999999999995,-10.439999999999998,0.0,160.0,168.0,328.0,0.0,0.0,0.0,0.0,0.0,8.0,4.0,12.0,0.0,3.0,2.84,5.84,UGUXAV_clean_primitive
76.20049999999999,116.6848,176.4792,210.528,2704.0,3456.0,3072.0,1152.0,9.0,16.0,20.0,24.0,36.0,80.0,80.0,48.0,6.6936,13.14,15.511599999999998,13.490399999999998,2.8560999999999996,23.2544,17.238,40.4924,2304.0,1536.0,1152.0,2688.0,1.0,4.0,4.0,8.0,16.0,32.0,48.0,80.0,2.1904,4.3216,4.5584,8.879999999999999,0.0,-7.0,-3.4399999999999995,-10.439999999999998,0.0,160.0,168.0,328.0,0.0,0.0,0.0,0.0,0.0,8.0,4.0,12.0,0.0,3.0,2.84,5.84,UGUXAV_clean_primitive
