f-lig-chi-0,f-lig-chi-1,f-lig-chi-2,f-lig-chi-3,f-lig-Z-0,f-lig-Z-1,f-lig-Z-2,f-lig-Z-3,f-lig-I-0,f-lig-I-1,f-lig-I-2,f-lig-I-3,f-lig-T-0,f-lig-T-1,f-lig-T-2,f-lig-T-3,f-lig-S-0,f-lig-S-1,f-lig-S-2,f-lig-S-3,name
119.3028,261.32800000000003,367.9492000000001,306.3200000000001,540.0,1210.0,1516.0,986.0,16.0,34.0,48.0,42.0,82.0,192.0,244.0,154.0,7.419200000000001,17.1442,22.801600000000008,16.9642,BAXFUD_clean_primitive
119.3028,261.32800000000003,367.9492000000001,306.3200000000001,540.0,1210.0,1516.0,986.0,16.0,34.0,48.0,42.0,82.0,192.0,244.0,154.0,7.419200000000001,17.1442,22.801600000000008,16.9642,BAXFUD_clean_primitive
119.30280000000003,261.32800000000003,367.94919999999996,306.32,540.0,1210.0,1516.0,986.0,16.0,34.0,48.0,42.0,82.0,192.0,244.0,154.0,7.4192,17.1442,22.801599999999997,16.9642,BAXFUD_clean_primitive
119.30280000000003,261.32800000000003,367.94919999999996,306.32,540.0,1210.0,1516.0,986.0,16.0,34.0,48.0,42.0,82.0,192.0,244.0,154.0,7.4192,17.1442,22.801599999999997,16.9642,BAXFUD_clean_primitive
119.30280000000002,261.32800000000003,367.9492000000001,306.32,540.0,1210.0,1516.0,986.0,16.0,34.0,48.0,42.0,82.0,192.0,244.0,154.0,7.4192,17.1442,22.8016,16.964200000000005,BAXFUD_clean_primitive
119.30280000000002,261.32800000000003,367.9492,306.32,540.0,1210.0,1516.0,986.0,16.0,34.0,48.0,42.0,82.0,192.0,244.0,154.0,7.4192,17.1442,22.801600000000004,16.9642,BAXFUD_clean_primitive
