f-link-chi-0,f-link-chi-1,f-link-chi-2,f-link-chi-3,f-link-Z-0,f-link-Z-1,f-link-Z-2,f-link-Z-3,f-link-I-0,f-link-I-1,f-link-I-2,f-link-I-3,f-link-T-0,f-link-T-1,f-link-T-2,f-link-T-3,f-link-S-0,f-link-S-1,f-link-S-2,f-link-S-3,name
98.65240000000001,90.74399999999999,475.212,0.0,682.0,1512.0,2430.0,0.0,7.0,12.0,30.0,0.0,42.0,72.0,30.0,0.0,4.3702000000000005,9.883199999999999,15.123000000000001,0.0,SIFSIX-2-Cu-i
135.2332,294.8310000000001,432.2300000000001,471.817,538.0,1224.0,1544.0,1360.0,22.0,46.0,68.0,78.0,114.0,272.0,352.0,322.0,9.335000000000003,22.222200000000008,30.27880000000001,30.15740000000001,SIFSIX-2-Cu-i
135.23319999999998,294.83100000000013,432.23,471.817,538.0,1224.0,1544.0,1360.0,22.0,46.0,68.0,78.0,114.0,272.0,352.0,322.0,9.335000000000003,22.222200000000008,30.278800000000007,30.15740000000001,SIFSIX-2-Cu-i
135.2332,294.831,432.23000000000013,471.81700000000006,538.0,1224.0,1544.0,1360.0,22.0,46.0,68.0,78.0,114.0,272.0,352.0,322.0,9.335000000000003,22.2222,30.27880000000001,30.15740000000001,SIFSIX-2-Cu-i
98.65240000000001,90.74399999999999,475.212,0.0,682.0,1512.0,2430.0,0.0,7.0,12.0,30.0,0.0,42.0,72.0,30.0,0.0,4.3702000000000005,9.883199999999999,15.123000000000001,0.0,SIFSIX-2-Cu-i
135.2332,294.8310000000001,432.2300000000001,471.817,538.0,1224.0,1544.0,1360.0,22.0,46.0,68.0,78.0,114.0,272.0,352.0,322.0,9.335000000000003,22.222200000000008,30.27880000000001,30.15740000000001,SIFSIX-2-Cu-i
