f-lig-chi-0,f-lig-chi-1,f-lig-chi-2,f-lig-chi-3,f-lig-Z-0,f-lig-Z-1,f-lig-Z-2,f-lig-Z-3,f-lig-I-0,f-lig-I-1,f-lig-I-2,f-lig-I-3,f-lig-T-0,f-lig-T-1,f-lig-T-2,f-lig-T-3,f-lig-S-0,f-lig-S-1,f-lig-S-2,f-lig-S-3,name
75.2484,129.82299999999998,156.10620000000003,180.82399999999996,357.0,592.0,702.0,752.0,10.0,18.0,22.0,24.0,40.0,86.0,88.0,68.0,4.865799999999999,9.2566,10.655000000000001,11.398399999999997,QOPPOC_clean_primitive
75.2484,129.823,156.1062,180.82399999999996,357.0,592.0,702.0,752.0,10.0,18.0,22.0,24.0,40.0,86.0,88.0,68.0,4.865799999999999,9.2566,10.655,11.398399999999997,QOPPOC_clean_primitive
75.2484,129.823,156.1062,180.82399999999998,357.0,592.0,702.0,752.0,10.0,18.0,22.0,24.0,40.0,86.0,88.0,68.0,4.865799999999999,9.256599999999999,10.655000000000001,11.398399999999999,QOPPOC_clean_primitive
75.2484,129.823,156.10619999999997,180.82399999999998,357.0,592.0,702.0,752.0,10.0,18.0,22.0,24.0,40.0,86.0,88.0,68.0,4.8658,9.256599999999999,10.655,11.3984,QOPPOC_clean_primitive
75.2484,129.823,156.1062,180.82399999999998,357.0,592.0,702.0,752.0,10.0,18.0,22.0,24.0,40.0,86.0,88.0,68.0,4.8658,9.256599999999999,10.655000000000001,11.398399999999999,QOPPOC_clean_primitive
75.2484,129.823,156.1062,180.82399999999998,357.0,592.0,702.0,752.0,10.0,18.0,22.0,24.0,40.0,86.0,88.0,68.0,4.8658,9.256599999999999,10.655,11.398399999999999,QOPPOC_clean_primitive
75.2484,129.82300000000004,156.10619999999997,180.82399999999998,357.0,592.0,702.0,752.0,10.0,18.0,22.0,24.0,40.0,86.0,88.0,68.0,4.8658,9.256599999999999,10.655,11.398399999999999,QOPPOC_clean_primitive
75.2484,129.82299999999998,156.10619999999997,180.82399999999998,357.0,592.0,702.0,752.0,10.0,18.0,22.0,24.0,40.0,86.0,88.0,68.0,4.8658,9.256599999999999,10.655000000000001,11.3984,QOPPOC_clean_primitive
