f-lig-chi-0,f-lig-chi-1,f-lig-chi-2,f-lig-chi-3,f-lig-Z-0,f-lig-Z-1,f-lig-Z-2,f-lig-Z-3,f-lig-I-0,f-lig-I-1,f-lig-I-2,f-lig-I-3,f-lig-T-0,f-lig-T-1,f-lig-T-2,f-lig-T-3,f-lig-S-0,f-lig-S-1,f-lig-S-2,f-lig-S-3,name
95.2054,179.87699999999998,269.6172,289.0998,1621.0,1176.0,1836.0,1914.0,13.0,26.0,38.0,42.0,64.0,150.0,190.0,164.0,6.896,13.9524,19.639400000000002,20.075400000000002,HAZNED_clean_primitive
95.2054,179.87699999999998,269.61719999999997,289.0998,1621.0,1176.0,1836.0,1914.0,13.0,26.0,38.0,42.0,64.0,150.0,190.0,164.0,6.896,13.9524,19.639400000000002,20.075400000000002,HAZNED_clean_primitive
95.2054,179.87699999999998,269.6172,289.09979999999996,1621.0,1176.0,1836.0,1914.0,13.0,26.0,38.0,42.0,64.0,150.0,190.0,164.0,6.896,13.952399999999999,19.639400000000006,20.0754,HAZNED_clean_primitive
95.2054,179.87699999999998,269.6172,289.09979999999996,1621.0,1176.0,1836.0,1914.0,13.0,26.0,38.0,42.0,64.0,150.0,190.0,164.0,6.896,13.952399999999999,19.639400000000006,20.0754,HAZNED_clean_primitive
95.2054,179.87699999999998,269.61719999999997,289.09979999999996,1621.0,1176.0,1836.0,1914.0,13.0,26.0,38.0,42.0,64.0,150.0,190.0,164.0,6.896,13.9524,19.639400000000002,20.075400000000002,HAZNED_clean_primitive
95.2054,179.87699999999998,269.61719999999997,289.09979999999996,1621.0,1176.0,1836.0,1914.0,13.0,26.0,38.0,42.0,64.0,150.0,190.0,164.0,6.896,13.9524,19.639400000000002,20.075400000000002,HAZNED_clean_primitive
95.2054,179.87699999999998,269.61719999999997,289.0998,1621.0,1176.0,1836.0,1914.0,13.0,26.0,38.0,42.0,64.0,150.0,190.0,164.0,6.896,13.952399999999999,19.639400000000002,20.075400000000002,HAZNED_clean_primitive
95.2054,179.87699999999998,269.61719999999997,289.0998,1621.0,1176.0,1836.0,1914.0,13.0,26.0,38.0,42.0,64.0,150.0,190.0,164.0,6.896,13.952399999999999,19.639400000000002,20.075400000000002,HAZNED_clean_primitive
