f-chi-0-all,f-chi-1-all,f-chi-2-all,f-chi-3-all,f-Z-0-all,f-Z-1-all,f-Z-2-all,f-Z-3-all,f-I-0-all,f-I-1-all,f-I-2-all,f-I-3-all,f-T-0-all,f-T-1-all,f-T-2-all,f-T-3-all,f-S-0-all,f-S-1-all,f-S-2-all,f-S-3-all,mc-chi-0-all,mc-chi-1-all,mc-chi-2-all,mc-chi-3-all,mc-Z-0-all,mc-Z-1-all,mc-Z-2-all,mc-Z-3-all,mc-I-0-all,mc-I-1-all,mc-I-2-all,mc-I-3-all,mc-T-0-all,mc-T-1-all,mc-T-2-all,mc-T-3-all,mc-S-0-all,mc-S-1-all,mc-S-2-all,mc-S-3-all,D_mc-chi-0-all,D_mc-chi-1-all,D_mc-chi-2-all,D_mc-chi-3-all,D_mc-Z-0-all,D_mc-Z-1-all,D_mc-Z-2-all,D_mc-Z-3-all,D_mc-I-0-all,D_mc-I-1-all,D_mc-I-2-all,D_mc-I-3-all,D_mc-T-0-all,D_mc-T-1-all,D_mc-T-2-all,D_mc-T-3-all,D_mc-S-0-all,D_mc-S-1-all,D_mc-S-2-all,D_mc-S-3-all,name
769.7648999999986,2019.5831999999994,5239.7195999999985,9146.854800000001,25986.0,55308.0,113166.0,167928.0,99.0,288.0,690.0,1188.0,978.0,3192.0,6996.0,11148.0,71.02019999999999,228.0444000000001,518.6850000000003,848.8764000000004,2.8560999999999996,31.095999999999997,51.47739999999999,83.57613333333335,2304.0,2656.0,6080.0,8096.0,1.0,6.0,11.333333333333334,18.0,36.0,104.0,216.0,308.0,2.1904,7.133599999999998,13.744266666666665,20.236533333333327,0.0,-8.26,-11.306666666666665,-19.033333333333335,0.0,232.66666666666666,417.3333333333333,695.3333333333334,0.0,0.0,0.0,0.0,0.0,18.666666666666668,32.0,56.666666666666664,0.0,4.06,7.486666666666666,12.966666666666669,ESANET_clean_primitive
