f-lig-chi-0,f-lig-chi-1,f-lig-chi-2,f-lig-chi-3,f-lig-Z-0,f-lig-Z-1,f-lig-Z-2,f-lig-Z-3,f-lig-I-0,f-lig-I-1,f-lig-I-2,f-lig-I-3,f-lig-T-0,f-lig-T-1,f-lig-T-2,f-lig-T-3,f-lig-S-0,f-lig-S-1,f-lig-S-2,f-lig-S-3,name
388.2918999999999,695.7268,1310.9808000000007,1534.0719999999988,2374.0,4912.0,6048.0,5752.0,49.0,98.0,170.0,208.0,268.0,652.0,844.0,968.0,23.633800000000022,53.83100000000003,79.23999999999998,88.58039999999997,HUVHIR_clean_primitive
388.2918999999999,695.7268000000001,1310.9808000000005,1534.0719999999988,2374.0,4912.0,6048.0,5752.0,49.0,98.0,170.0,208.0,268.0,652.0,844.0,968.0,23.633800000000022,53.831000000000024,79.23999999999998,88.58039999999997,HUVHIR_clean_primitive
