f-chi-0-all,f-chi-1-all,f-chi-2-all,f-chi-3-all,f-Z-0-all,f-Z-1-all,f-Z-2-all,f-Z-3-all,f-I-0-all,f-I-1-all,f-I-2-all,f-I-3-all,f-T-0-all,f-T-1-all,f-T-2-all,f-T-3-all,f-S-0-all,f-S-1-all,f-S-2-all,f-S-3-all,mc-chi-0-all,mc-chi-1-all,mc-chi-2-all,mc-chi-3-all,mc-Z-0-all,mc-Z-1-all,mc-Z-2-all,mc-Z-3-all,mc-I-0-all,mc-I-1-all,mc-I-2-all,mc-I-3-all,mc-T-0-all,mc-T-1-all,mc-T-2-all,mc-T-3-all,mc-S-0-all,mc-S-1-all,mc-S-2-all,mc-S-3-all,D_mc-chi-0-all,D_mc-chi-1-all,D_mc-chi-2-all,D_mc-chi-3-all,D_mc-Z-0-all,D_mc-Z-1-all,D_mc-Z-2-all,D_mc-Z-3-all,D_mc-I-0-all,D_mc-I-1-all,D_mc-I-2-all,D_mc-I-3-all,D_mc-T-0-all,D_mc-T-1-all,D_mc-T-2-all,D_mc-T-3-all,D_mc-S-0-all,D_mc-S-1-all,D_mc-S-2-all,D_mc-S-3-all,name
159.41260000000003,316.88959999999986,500.88800000000003,815.8077999999999,5242.0,6468.0,11200.0,10822.0,22.0,44.0,72.0,106.0,116.0,300.0,440.0,464.0,14.891600000000002,31.47000000000002,54.19759999999999,66.36320000000002,3.7249,23.468799999999998,41.26339999999999,71.81530000000001,2209.0,1316.0,2350.0,5311.0,1.0,4.0,8.0,15.0,16.0,48.0,96.0,152.0,1.6384,3.84,7.8336,13.337599999999998,0.0,-4.44,-5.94,-8.260000000000002,0.0,160.0,326.0,592.0,0.0,0.0,0.0,0.0,0.0,4.0,8.0,22.0,0.0,2.12,4.12,8.78,QAPQEE_clean_primitive
159.41260000000003,316.88959999999986,500.88800000000003,815.8077999999999,5242.0,6468.0,11200.0,10822.0,22.0,44.0,72.0,106.0,116.0,300.0,440.0,464.0,14.891600000000002,31.47000000000002,54.19759999999999,66.36320000000002,3.7249,23.468799999999998,41.26339999999999,71.81530000000001,2209.0,1316.0,2350.0,5311.0,1.0,4.0,8.0,15.0,16.0,48.0,96.0,152.0,1.6384,3.84,7.8336,13.337599999999998,0.0,-4.44,-5.94,-8.260000000000002,0.0,160.0,326.0,592.0,0.0,0.0,0.0,0.0,0.0,4.0,8.0,22.0,0.0,2.12,4.12,8.78,QAPQEE_clean_primitive
