f-link-chi-0,f-link-chi-1,f-link-chi-2,f-link-chi-3,f-link-Z-0,f-link-Z-1,f-link-Z-2,f-link-Z-3,f-link-I-0,f-link-I-1,f-link-I-2,f-link-I-3,f-link-T-0,f-link-T-1,f-link-T-2,f-link-T-3,f-link-S-0,f-link-S-1,f-link-S-2,f-link-S-3,name
132.0272,245.676,367.51239999999996,445.2389999999999,1060.0,1432.0,2200.0,2608.0,18.0,36.0,52.0,66.0,88.0,212.0,292.0,314.0,9.5032,19.774000000000004,28.188399999999998,33.9266,Zr-DMBDC
132.0272,245.676,367.51239999999996,445.2389999999999,1060.0,1432.0,2200.0,2608.0,18.0,36.0,52.0,66.0,88.0,212.0,292.0,314.0,9.5032,19.774000000000004,28.188399999999998,33.9266,Zr-DMBDC
132.0272,245.676,367.5124,445.2390000000001,1060.0,1432.0,2200.0,2608.0,18.0,36.0,52.0,66.0,88.0,212.0,292.0,314.0,9.503200000000001,19.774000000000004,28.188400000000005,33.9266,Zr-DMBDC
132.0272,245.676,367.5124,445.239,1060.0,1432.0,2200.0,2608.0,18.0,36.0,52.0,66.0,88.0,212.0,292.0,314.0,9.5032,19.774,28.188399999999998,33.9266,Zr-DMBDC
132.0272,245.676,367.51239999999996,445.23900000000003,1060.0,1432.0,2200.0,2608.0,18.0,36.0,52.0,66.0,88.0,212.0,292.0,314.0,9.5032,19.774000000000004,28.1884,33.92659999999999,Zr-DMBDC
132.0272,245.676,367.5124,445.239,1060.0,1432.0,2200.0,2608.0,18.0,36.0,52.0,66.0,88.0,212.0,292.0,314.0,9.5032,19.774000000000004,28.188399999999998,33.9266,Zr-DMBDC
