f-chi-0-all,f-chi-1-all,f-chi-2-all,f-chi-3-all,f-Z-0-all,f-Z-1-all,f-Z-2-all,f-Z-3-all,f-I-0-all,f-I-1-all,f-I-2-all,f-I-3-all,f-T-0-all,f-T-1-all,f-T-2-all,f-T-3-all,f-S-0-all,f-S-1-all,f-S-2-all,f-S-3-all,mc-chi-0-all,mc-chi-1-all,mc-chi-2-all,mc-chi-3-all,mc-Z-0-all,mc-Z-1-all,mc-Z-2-all,mc-Z-3-all,mc-I-0-all,mc-I-1-all,mc-I-2-all,mc-I-3-all,mc-T-0-all,mc-T-1-all,mc-T-2-all,mc-T-3-all,mc-S-0-all,mc-S-1-all,mc-S-2-all,mc-S-3-all,D_mc-chi-0-all,D_mc-chi-1-all,D_mc-chi-2-all,D_mc-chi-3-all,D_mc-Z-0-all,D_mc-Z-1-all,D_mc-Z-2-all,D_mc-Z-3-all,D_mc-I-0-all,D_mc-I-1-all,D_mc-I-2-all,D_mc-I-3-all,D_mc-T-0-all,D_mc-T-1-all,D_mc-T-2-all,D_mc-T-3-all,D_mc-S-0-all,D_mc-S-1-all,D_mc-S-2-all,D_mc-S-3-all,name
348.1679999999999,658.4079999999998,1533.5791999999997,1785.7999999999995,4188.0,10136.0,15236.0,19552.0,42.0,96.0,174.0,232.0,270.0,700.0,1086.0,1396.0,26.381800000000023,68.86239999999998,112.29900000000005,154.45919999999992,2.4025000000000003,26.66,22.165,55.18,625.0,1000.0,1375.0,2075.0,1.0,5.0,6.0,11.5,25.5,56.5,101.0,140.5,1.9321,5.073499999999999,7.283599999999998,11.919249999999996,0.0,-9.450000000000001,-4.999999999999999,-17.775,0.0,85.0,95.0,204.5,0.0,0.0,0.0,0.0,0.0,14.5,11.5,31.5,0.0,3.3000000000000003,3.0999999999999996,7.41,XIHXAP_clean_primitive
348.16799999999984,658.4079999999997,1533.5791999999994,1785.799999999999,4188.0,10136.0,15236.0,19552.0,42.0,96.0,174.0,232.0,270.0,700.0,1086.0,1396.0,26.381800000000013,68.86239999999998,112.29900000000005,154.45919999999995,2.4025000000000003,26.66,22.165,55.18,625.0,1000.0,1375.0,2075.0,1.0,5.0,6.0,11.5,25.5,56.5,101.0,140.5,1.9321,5.073499999999999,7.283599999999998,11.919249999999996,0.0,-9.450000000000001,-4.999999999999999,-17.775,0.0,85.0,95.0,204.5,0.0,0.0,0.0,0.0,0.0,14.5,11.5,31.5,0.0,3.3000000000000003,3.0999999999999996,7.41,XIHXAP_clean_primitive
