name,cif_file,Di,Df,Dif,rho,VSA,GSA,VPOV,GPOV,POAV_vol_frac,PONAV_vol_frac,GPOAV,GPONAV,POAV,PONAV
GERWEH_clean,GERWEH_clean.cif,9.16761,6.64251,9.16761,1.11428,1349.29,1210.91,0.45389999999999997,0.4073482428115016,0.4431,0.0108,0.397657,0.00969238,1234.41,30.0873
