f-lig-chi-0,f-lig-chi-1,f-lig-chi-2,f-lig-chi-3,f-lig-Z-0,f-lig-Z-1,f-lig-Z-2,f-lig-Z-3,f-lig-I-0,f-lig-I-1,f-lig-I-2,f-lig-I-3,f-lig-T-0,f-lig-T-1,f-lig-T-2,f-lig-T-3,f-lig-S-0,f-lig-S-1,f-lig-S-2,f-lig-S-3,name
110.20540000000001,216.92419999999998,342.2041999999999,331.788,448.0,890.0,1268.0,1164.0,16.0,32.0,52.0,48.0,84.0,194.0,244.0,236.0,6.569599999999999,15.031200000000002,21.234799999999996,20.6088,ZIJVOF_clean_primitive
110.20540000000001,216.92419999999998,342.2041999999999,331.788,448.0,890.0,1268.0,1164.0,16.0,32.0,52.0,48.0,84.0,194.0,244.0,236.0,6.569599999999999,15.031200000000002,21.234799999999996,20.6088,ZIJVOF_clean_primitive
110.20540000000003,216.92420000000004,342.2042,331.78799999999995,448.0,890.0,1268.0,1164.0,16.0,32.0,52.0,48.0,84.0,194.0,244.0,236.0,6.5695999999999986,15.031200000000002,21.2348,20.608800000000002,ZIJVOF_clean_primitive
110.20540000000001,216.92420000000004,342.20419999999996,331.788,448.0,890.0,1268.0,1164.0,16.0,32.0,52.0,48.0,84.0,194.0,244.0,236.0,6.5695999999999986,15.031200000000002,21.234799999999996,20.608799999999995,ZIJVOF_clean_primitive
110.20540000000001,216.9242,342.2042,331.78799999999995,448.0,890.0,1268.0,1164.0,16.0,32.0,52.0,48.0,84.0,194.0,244.0,236.0,6.569599999999999,15.0312,21.2348,20.608800000000006,ZIJVOF_clean_primitive
110.20540000000001,216.92420000000004,342.2042,331.78799999999995,448.0,890.0,1268.0,1164.0,16.0,32.0,52.0,48.0,84.0,194.0,244.0,236.0,6.5696,15.0312,21.2348,20.6088,ZIJVOF_clean_primitive
110.2054,216.92420000000004,342.2042,331.788,448.0,890.0,1268.0,1164.0,16.0,32.0,52.0,48.0,84.0,194.0,244.0,236.0,6.5696,15.031200000000002,21.2348,20.6088,ZIJVOF_clean_primitive
110.20540000000001,216.92420000000004,342.2042,331.788,448.0,890.0,1268.0,1164.0,16.0,32.0,52.0,48.0,84.0,194.0,244.0,236.0,6.569599999999999,15.031200000000004,21.2348,20.608800000000002,ZIJVOF_clean_primitive
