f-lig-chi-0,f-lig-chi-1,f-lig-chi-2,f-lig-chi-3,f-lig-Z-0,f-lig-Z-1,f-lig-Z-2,f-lig-Z-3,f-lig-I-0,f-lig-I-1,f-lig-I-2,f-lig-I-3,f-lig-T-0,f-lig-T-1,f-lig-T-2,f-lig-T-3,f-lig-S-0,f-lig-S-1,f-lig-S-2,f-lig-S-3,name
232.25760000000002,457.38240000000013,907.5172000000001,1096.8820000000003,1298.0,2904.0,3168.0,2650.0,34.0,68.0,132.0,174.0,200.0,512.0,708.0,786.0,13.336800000000004,32.8668,51.312799999999996,57.00579999999999,IYIGEC_clean_primitive
232.25760000000002,457.3824000000001,907.5172000000001,1096.882,1298.0,2904.0,3168.0,2650.0,34.0,68.0,132.0,174.0,200.0,512.0,708.0,786.0,13.336800000000004,32.8668,51.31280000000001,57.0058,IYIGEC_clean_primitive
134.06140000000002,320.68800000000005,646.0632,724.6080000000001,424.0,1152.0,1800.0,1584.0,22.0,48.0,96.0,120.0,144.0,384.0,648.0,672.0,7.4502,20.69760000000001,35.942400000000006,41.2104,IYIGEC_clean_primitive
232.25760000000002,457.3824000000001,907.5171999999999,1096.882,1298.0,2904.0,3168.0,2650.0,34.0,68.0,132.0,174.0,200.0,512.0,708.0,786.0,13.336800000000004,32.866800000000005,51.31280000000001,57.0058,IYIGEC_clean_primitive
134.06140000000002,320.6880000000001,646.0632,724.6080000000001,424.0,1152.0,1800.0,1584.0,22.0,48.0,96.0,120.0,144.0,384.0,648.0,672.0,7.450199999999998,20.69760000000001,35.9424,41.21040000000001,IYIGEC_clean_primitive
232.25760000000002,457.3824,907.5171999999999,1096.882,1298.0,2904.0,3168.0,2650.0,34.0,68.0,132.0,174.0,200.0,512.0,708.0,786.0,13.3368,32.866800000000005,51.312799999999996,57.005799999999994,IYIGEC_clean_primitive
