f-chi-0-all,f-chi-1-all,f-chi-2-all,f-chi-3-all,f-Z-0-all,f-Z-1-all,f-Z-2-all,f-Z-3-all,f-I-0-all,f-I-1-all,f-I-2-all,f-I-3-all,f-T-0-all,f-T-1-all,f-T-2-all,f-T-3-all,f-S-0-all,f-S-1-all,f-S-2-all,f-S-3-all,mc-chi-0-all,mc-chi-1-all,mc-chi-2-all,mc-chi-3-all,mc-Z-0-all,mc-Z-1-all,mc-Z-2-all,mc-Z-3-all,mc-I-0-all,mc-I-1-all,mc-I-2-all,mc-I-3-all,mc-T-0-all,mc-T-1-all,mc-T-2-all,mc-T-3-all,mc-S-0-all,mc-S-1-all,mc-S-2-all,mc-S-3-all,D_mc-chi-0-all,D_mc-chi-1-all,D_mc-chi-2-all,D_mc-chi-3-all,D_mc-Z-0-all,D_mc-Z-1-all,D_mc-Z-2-all,D_mc-Z-3-all,D_mc-I-0-all,D_mc-I-1-all,D_mc-I-2-all,D_mc-I-3-all,D_mc-T-0-all,D_mc-T-1-all,D_mc-T-2-all,D_mc-T-3-all,D_mc-S-0-all,D_mc-S-1-all,D_mc-S-2-all,D_mc-S-3-all,name
113.36550000000001,180.8064,411.00600000000003,526.32,1276.0,3072.0,3792.0,2880.0,13.0,24.0,42.0,60.0,66.0,168.0,192.0,120.0,8.3173,17.6952,27.537000000000003,33.726000000000006,3.3489000000000004,37.7712,27.999,61.927200000000006,676.0,1248.0,936.0,1404.0,1.0,6.0,6.0,12.0,36.0,72.0,108.0,108.0,1.5625,5.475,5.775,8.249999999999998,0.0,-9.659999999999998,-4.3199999999999985,-11.879999999999999,0.0,108.0,120.0,258.0,0.0,0.0,0.0,0.0,0.0,24.0,18.0,54.0,0.0,3.12,2.88,8.399999999999999,CAJHUS_clean_primitive
113.36550000000001,180.8064,411.00600000000003,526.32,1276.0,3072.0,3792.0,2880.0,13.0,24.0,42.0,60.0,66.0,168.0,192.0,120.0,8.3173,17.6952,27.537000000000003,33.726000000000006,3.3489000000000004,37.7712,27.999,61.927200000000006,676.0,1248.0,936.0,1404.0,1.0,6.0,6.0,12.0,36.0,72.0,108.0,108.0,1.5625,5.475,5.775,8.249999999999998,0.0,-9.659999999999998,-4.3199999999999985,-11.879999999999999,0.0,108.0,120.0,258.0,0.0,0.0,0.0,0.0,0.0,24.0,18.0,54.0,0.0,3.12,2.88,8.399999999999999,CAJHUS_clean_primitive
