f-lig-chi-0,f-lig-chi-1,f-lig-chi-2,f-lig-chi-3,f-lig-Z-0,f-lig-Z-1,f-lig-Z-2,f-lig-Z-3,f-lig-I-0,f-lig-I-1,f-lig-I-2,f-lig-I-3,f-lig-T-0,f-lig-T-1,f-lig-T-2,f-lig-T-3,f-lig-S-0,f-lig-S-1,f-lig-S-2,f-lig-S-3,name
520.9844,1190.6460000000004,2013.1804000000006,2700.1369999999993,2156.0,5184.0,8128.0,9704.0,84.0,188.0,320.0,442.0,508.0,1344.0,2152.0,2646.0,36.79560000000001,93.97079999999995,152.28159999999997,192.76899999999983,QUNWAZ_clean_primitive
520.9843999999995,1190.6459999999993,2013.180400000001,2700.1369999999997,2156.0,5184.0,8128.0,9704.0,84.0,188.0,320.0,442.0,508.0,1344.0,2152.0,2646.0,36.79560000000001,93.97079999999983,152.2815999999998,192.76899999999992,QUNWAZ_clean_primitive
520.9843999999997,1190.646000000001,2013.1804000000009,2700.1369999999997,2156.0,5184.0,8128.0,9704.0,84.0,188.0,320.0,442.0,508.0,1344.0,2152.0,2646.0,36.79560000000003,93.97079999999995,152.28159999999997,192.76899999999992,QUNWAZ_clean_primitive
122.22820000000002,268.821,406.22,458.812,466.0,1080.0,1400.0,1288.0,20.0,42.0,64.0,76.0,106.0,258.0,352.0,360.0,8.1492,19.850600000000004,27.907200000000007,28.971600000000006,QUNWAZ_clean_primitive
520.9844,1190.6460000000009,2013.1804000000009,2700.136999999999,2156.0,5184.0,8128.0,9704.0,84.0,188.0,320.0,442.0,508.0,1344.0,2152.0,2646.0,36.79560000000001,93.97079999999997,152.28159999999994,192.7689999999998,QUNWAZ_clean_primitive
122.22820000000002,268.8210000000001,406.2200000000001,458.81199999999995,466.0,1080.0,1400.0,1288.0,20.0,42.0,64.0,76.0,106.0,258.0,352.0,360.0,8.1492,19.8506,27.907200000000007,28.97160000000001,QUNWAZ_clean_primitive
