f-lig-chi-0,f-lig-chi-1,f-lig-chi-2,f-lig-chi-3,f-lig-Z-0,f-lig-Z-1,f-lig-Z-2,f-lig-Z-3,f-lig-I-0,f-lig-I-1,f-lig-I-2,f-lig-I-3,f-lig-T-0,f-lig-T-1,f-lig-T-2,f-lig-T-3,f-lig-S-0,f-lig-S-1,f-lig-S-2,f-lig-S-3,name
393.68369999999993,835.8390000000007,1568.3454000000004,2157.042000000001,1461.0,3240.0,5022.0,5592.0,60.0,126.0,240.0,348.0,366.0,978.0,1470.0,1620.0,22.719600000000014,57.24180000000003,94.60079999999999,119.91960000000005,NIZNAN_clean_primitive
393.6836999999998,835.8390000000006,1568.3454,2157.0420000000013,1461.0,3240.0,5022.0,5592.0,60.0,126.0,240.0,348.0,366.0,978.0,1470.0,1620.0,22.719600000000028,57.24180000000003,94.60079999999995,119.91960000000003,NIZNAN_clean_primitive
393.6836999999999,835.8390000000006,1568.3454000000006,2157.042000000001,1461.0,3240.0,5022.0,5592.0,60.0,126.0,240.0,348.0,366.0,978.0,1470.0,1620.0,22.719600000000025,57.24180000000003,94.60079999999998,119.91960000000005,NIZNAN_clean_primitive
393.68369999999976,835.8390000000006,1568.3454,2157.042000000001,1461.0,3240.0,5022.0,5592.0,60.0,126.0,240.0,348.0,366.0,978.0,1470.0,1620.0,22.719600000000028,57.24180000000003,94.60079999999994,119.91960000000006,NIZNAN_clean_primitive
