f-lig-chi-0,f-lig-chi-1,f-lig-chi-2,f-lig-chi-3,f-lig-Z-0,f-lig-Z-1,f-lig-Z-2,f-lig-Z-3,f-lig-I-0,f-lig-I-1,f-lig-I-2,f-lig-I-3,f-lig-T-0,f-lig-T-1,f-lig-T-2,f-lig-T-3,f-lig-S-0,f-lig-S-1,f-lig-S-2,f-lig-S-3,name
154.59320000000002,339.7110000000001,541.3500000000001,645.1769999999999,542.0,1272.0,1644.0,1512.0,26.0,54.0,88.0,110.0,142.0,352.0,484.0,514.0,9.882600000000004,24.501400000000007,35.38479999999999,38.090199999999996,ACAJIZ_clean_primitive
154.59320000000002,339.7110000000001,541.3500000000001,645.1769999999999,542.0,1272.0,1644.0,1512.0,26.0,54.0,88.0,110.0,142.0,352.0,484.0,514.0,9.882600000000004,24.501400000000007,35.3848,38.090199999999996,ACAJIZ_clean_primitive
108.8869,189.51599999999996,320.2054,384.47400000000005,442.0,744.0,1006.0,768.0,15.0,28.0,48.0,60.0,76.0,184.0,210.0,168.0,5.9174999999999995,12.658800000000001,17.844800000000003,17.9388,ACAJIZ_clean_primitive
108.8869,189.51599999999996,320.2054,384.47400000000005,442.0,744.0,1006.0,768.0,15.0,28.0,48.0,60.0,76.0,184.0,210.0,168.0,5.9174999999999995,12.658800000000001,17.844800000000003,17.9388,ACAJIZ_clean_primitive
108.8869,189.51599999999996,320.2054,384.47400000000005,442.0,744.0,1006.0,768.0,15.0,28.0,48.0,60.0,76.0,184.0,210.0,168.0,5.9175,12.6588,17.8448,17.9388,ACAJIZ_clean_primitive
108.8869,189.51599999999996,320.2054,384.47400000000005,442.0,744.0,1006.0,768.0,15.0,28.0,48.0,60.0,76.0,184.0,210.0,168.0,5.9175,12.6588,17.8448,17.9388,ACAJIZ_clean_primitive
