f-chi-0-all,f-chi-1-all,f-chi-2-all,f-chi-3-all,f-Z-0-all,f-Z-1-all,f-Z-2-all,f-Z-3-all,f-I-0-all,f-I-1-all,f-I-2-all,f-I-3-all,f-T-0-all,f-T-1-all,f-T-2-all,f-T-3-all,f-S-0-all,f-S-1-all,f-S-2-all,f-S-3-all,mc-chi-0-all,mc-chi-1-all,mc-chi-2-all,mc-chi-3-all,mc-Z-0-all,mc-Z-1-all,mc-Z-2-all,mc-Z-3-all,mc-I-0-all,mc-I-1-all,mc-I-2-all,mc-I-3-all,mc-T-0-all,mc-T-1-all,mc-T-2-all,mc-T-3-all,mc-S-0-all,mc-S-1-all,mc-S-2-all,mc-S-3-all,D_mc-chi-0-all,D_mc-chi-1-all,D_mc-chi-2-all,D_mc-chi-3-all,D_mc-Z-0-all,D_mc-Z-1-all,D_mc-Z-2-all,D_mc-Z-3-all,D_mc-I-0-all,D_mc-I-1-all,D_mc-I-2-all,D_mc-I-3-all,D_mc-T-0-all,D_mc-T-1-all,D_mc-T-2-all,D_mc-T-3-all,D_mc-S-0-all,D_mc-S-1-all,D_mc-S-2-all,D_mc-S-3-all,name
177.83549999999997,381.4339999999999,732.8724,951.3399999999998,3570.0,6752.0,11352.0,11944.0,23.0,56.0,96.0,132.0,152.0,412.0,674.0,828.0,15.6127,40.349599999999995,68.232,84.2244,2.7224999999999997,21.823999999999998,25.299999999999997,50.95199999999999,900.0,920.0,1960.0,2160.0,1.0,4.0,6.666666666666667,10.666666666666666,16.0,42.666666666666664,74.66666666666667,125.33333333333333,1.7161000000000002,3.8601333333333336,6.969200000000002,10.549866666666668,0.0,-6.626666666666668,-4.333333333333334,-13.280000000000001,0.0,89.33333333333333,134.66666666666666,248.0,0.0,0.0,0.0,0.0,0.0,5.333333333333333,8.0,11.333333333333334,0.0,2.2933333333333334,3.4133333333333336,5.920000000000001,BENXUP_clean_primitive
177.83549999999997,381.4339999999999,732.8723999999997,951.3399999999998,3570.0,6752.0,11352.0,11944.0,23.0,56.0,96.0,132.0,152.0,412.0,674.0,828.0,15.6127,40.349599999999995,68.232,84.22440000000002,2.7224999999999997,21.823999999999998,25.299999999999997,50.95199999999999,900.0,920.0,1960.0,2160.0,1.0,4.0,6.666666666666667,10.666666666666666,16.0,42.666666666666664,74.66666666666667,125.33333333333333,1.7161000000000002,3.8601333333333336,6.969200000000002,10.549866666666668,0.0,-6.626666666666668,-4.333333333333334,-13.280000000000001,0.0,89.33333333333333,134.66666666666666,248.0,0.0,0.0,0.0,0.0,0.0,5.333333333333333,8.0,11.333333333333334,0.0,2.2933333333333334,3.4133333333333336,5.920000000000001,BENXUP_clean_primitive
