f-lig-chi-0,f-lig-chi-1,f-lig-chi-2,f-lig-chi-3,f-lig-Z-0,f-lig-Z-1,f-lig-Z-2,f-lig-Z-3,f-lig-I-0,f-lig-I-1,f-lig-I-2,f-lig-I-3,f-lig-T-0,f-lig-T-1,f-lig-T-2,f-lig-T-3,f-lig-S-0,f-lig-S-1,f-lig-S-2,f-lig-S-3,name
285.4358,619.2700000000004,999.9548000000001,1213.997,1256.0,2788.0,4292.0,4412.0,42.0,92.0,148.0,186.0,240.0,612.0,916.0,978.0,19.06820000000001,46.63240000000001,71.98760000000001,80.91700000000002,IYUCEM_clean_primitive
285.4358,619.2700000000004,999.9548000000001,1213.997,1256.0,2788.0,4292.0,4412.0,42.0,92.0,148.0,186.0,240.0,612.0,916.0,978.0,19.06820000000001,46.63240000000001,71.98760000000001,80.91700000000002,IYUCEM_clean_primitive
285.4358,619.2700000000004,999.9548000000002,1213.9970000000003,1256.0,2788.0,4292.0,4412.0,42.0,92.0,148.0,186.0,240.0,612.0,916.0,978.0,19.068200000000004,46.63240000000002,71.98760000000001,80.91699999999999,IYUCEM_clean_primitive
285.4358,619.2700000000004,999.9548000000002,1213.9970000000003,1256.0,2788.0,4292.0,4412.0,42.0,92.0,148.0,186.0,240.0,612.0,916.0,978.0,19.068200000000008,46.63240000000002,71.98760000000001,80.91699999999999,IYUCEM_clean_primitive
285.4358,619.2700000000003,999.9548000000001,1213.997000000001,1256.0,2788.0,4292.0,4412.0,42.0,92.0,148.0,186.0,240.0,612.0,916.0,978.0,19.068200000000008,46.63240000000002,71.98760000000003,80.917,IYUCEM_clean_primitive
285.4358,619.2700000000003,999.9548000000002,1213.9970000000008,1256.0,2788.0,4292.0,4412.0,42.0,92.0,148.0,186.0,240.0,612.0,916.0,978.0,19.068200000000008,46.63240000000002,71.98760000000003,80.91700000000002,IYUCEM_clean_primitive
