f-chi-0-all,f-chi-1-all,f-chi-2-all,f-chi-3-all,f-Z-0-all,f-Z-1-all,f-Z-2-all,f-Z-3-all,f-I-0-all,f-I-1-all,f-I-2-all,f-I-3-all,f-T-0-all,f-T-1-all,f-T-2-all,f-T-3-all,f-S-0-all,f-S-1-all,f-S-2-all,f-S-3-all,mc-chi-0-all,mc-chi-1-all,mc-chi-2-all,mc-chi-3-all,mc-Z-0-all,mc-Z-1-all,mc-Z-2-all,mc-Z-3-all,mc-I-0-all,mc-I-1-all,mc-I-2-all,mc-I-3-all,mc-T-0-all,mc-T-1-all,mc-T-2-all,mc-T-3-all,mc-S-0-all,mc-S-1-all,mc-S-2-all,mc-S-3-all,D_mc-chi-0-all,D_mc-chi-1-all,D_mc-chi-2-all,D_mc-chi-3-all,D_mc-Z-0-all,D_mc-Z-1-all,D_mc-Z-2-all,D_mc-Z-3-all,D_mc-I-0-all,D_mc-I-1-all,D_mc-I-2-all,D_mc-I-3-all,D_mc-T-0-all,D_mc-T-1-all,D_mc-T-2-all,D_mc-T-3-all,D_mc-S-0-all,D_mc-S-1-all,D_mc-S-2-all,D_mc-S-3-all,name
172.24079999999998,341.6383999999999,752.7932,906.1455999999997,2356.0,5748.0,8478.0,8112.0,20.0,46.0,82.0,110.0,136.0,380.0,556.0,562.0,13.3066,33.95,55.930599999999984,68.586,3.5343999999999998,34.8176,29.901400000000002,64.83179999999999,729.0,1161.0,1620.0,1944.0,1.0,5.5,6.5,12.0,30.5,72.0,121.5,151.5,1.5876000000000001,5.0841,6.923700000000001,10.3824,0.0,-8.18,-3.6849999999999996,-11.925,0.0,105.5,115.5,252.0,0.0,0.0,0.0,0.0,0.0,17.5,14.0,38.5,0.0,2.8949999999999996,2.6950000000000003,6.88,SIWSUO_clean_primitive
172.24079999999998,341.6383999999998,752.7932,906.1455999999996,2356.0,5748.0,8478.0,8112.0,20.0,46.0,82.0,110.0,136.0,380.0,556.0,562.0,13.3066,33.95,55.930599999999984,68.58600000000001,3.5343999999999998,34.8176,29.901400000000002,64.83179999999999,729.0,1161.0,1620.0,1944.0,1.0,5.5,6.5,12.0,30.5,72.0,121.5,151.5,1.5876000000000001,5.0841,6.923700000000001,10.3824,0.0,-8.18,-3.6849999999999996,-11.925,0.0,105.5,115.5,252.0,0.0,0.0,0.0,0.0,0.0,17.5,14.0,38.5,0.0,2.8949999999999996,2.6950000000000003,6.88,SIWSUO_clean_primitive
