f-lig-chi-0,f-lig-chi-1,f-lig-chi-2,f-lig-chi-3,f-lig-Z-0,f-lig-Z-1,f-lig-Z-2,f-lig-Z-3,f-lig-I-0,f-lig-I-1,f-lig-I-2,f-lig-I-3,f-lig-T-0,f-lig-T-1,f-lig-T-2,f-lig-T-3,f-lig-S-0,f-lig-S-1,f-lig-S-2,f-lig-S-3,name
525.2338000000001,1099.9968000000001,2092.5083999999993,2835.5559999999996,3044.0,7056.0,9372.0,10352.0,78.0,168.0,312.0,456.0,480.0,1296.0,2172.0,2856.0,34.5482,87.54000000000008,145.9176000000002,192.22800000000004,MAYPIM_clean_primitive
525.2338000000001,1099.9967999999997,2092.5083999999997,2835.555999999999,3044.0,7056.0,9372.0,10352.0,78.0,168.0,312.0,456.0,480.0,1296.0,2172.0,2856.0,34.5482,87.54000000000009,145.9176000000002,192.22800000000018,MAYPIM_clean_primitive
