f-chi-0-all,f-chi-1-all,f-chi-2-all,f-chi-3-all,f-Z-0-all,f-Z-1-all,f-Z-2-all,f-Z-3-all,f-I-0-all,f-I-1-all,f-I-2-all,f-I-3-all,f-T-0-all,f-T-1-all,f-T-2-all,f-T-3-all,f-S-0-all,f-S-1-all,f-S-2-all,f-S-3-all,mc-chi-0-all,mc-chi-1-all,mc-chi-2-all,mc-chi-3-all,mc-Z-0-all,mc-Z-1-all,mc-Z-2-all,mc-Z-3-all,mc-I-0-all,mc-I-1-all,mc-I-2-all,mc-I-3-all,mc-T-0-all,mc-T-1-all,mc-T-2-all,mc-T-3-all,mc-S-0-all,mc-S-1-all,mc-S-2-all,mc-S-3-all,D_mc-chi-0-all,D_mc-chi-1-all,D_mc-chi-2-all,D_mc-chi-3-all,D_mc-Z-0-all,D_mc-Z-1-all,D_mc-Z-2-all,D_mc-Z-3-all,D_mc-I-0-all,D_mc-I-1-all,D_mc-I-2-all,D_mc-I-3-all,D_mc-T-0-all,D_mc-T-1-all,D_mc-T-2-all,D_mc-T-3-all,D_mc-S-0-all,D_mc-S-1-all,D_mc-S-2-all,D_mc-S-3-all,name
159.8612,310.28800000000007,478.2632,496.4607999999999,10500.0,10080.0,17088.0,16128.0,18.0,40.0,52.0,64.0,92.0,208.0,264.0,336.0,16.0442,33.57999999999999,43.164800000000014,53.727999999999994,3.724899999999999,16.598,12.448499999999997,45.49975,2209.0,940.0,1880.0,2585.0,1.0,2.5,2.5,7.5,6.5,13.0,26.0,43.0,1.6384000000000003,2.336,3.2640000000000002,7.136000000000001,0.0,-3.7750000000000004,-1.6250000000000007,-9.1,0.0,97.5,77.5,297.5,0.0,0.0,0.0,0.0,0.0,1.5,-3.5,3.0,0.0,1.375,0.65,4.0249999999999995,MAYPIM_clean_primitive
159.8612,310.28800000000007,478.2632,496.4607999999999,10500.0,10080.0,17088.0,16128.0,18.0,40.0,52.0,64.0,92.0,208.0,264.0,336.0,16.0442,33.57999999999999,43.16480000000001,53.727999999999994,3.724899999999999,16.598,12.448499999999997,45.49975,2209.0,940.0,1880.0,2585.0,1.0,2.5,2.5,7.5,6.5,13.0,26.0,43.0,1.6384000000000003,2.336,3.2640000000000002,7.136000000000001,0.0,-3.7750000000000004,-1.6250000000000007,-9.1,0.0,97.5,77.5,297.5,0.0,0.0,0.0,0.0,0.0,1.5,-3.5,3.0,0.0,1.375,0.65,4.0249999999999995,MAYPIM_clean_primitive
