f-chi-0-all,f-chi-1-all,f-chi-2-all,f-chi-3-all,f-Z-0-all,f-Z-1-all,f-Z-2-all,f-Z-3-all,f-I-0-all,f-I-1-all,f-I-2-all,f-I-3-all,f-T-0-all,f-T-1-all,f-T-2-all,f-T-3-all,f-S-0-all,f-S-1-all,f-S-2-all,f-S-3-all,mc-chi-0-all,mc-chi-1-all,mc-chi-2-all,mc-chi-3-all,mc-Z-0-all,mc-Z-1-all,mc-Z-2-all,mc-Z-3-all,mc-I-0-all,mc-I-1-all,mc-I-2-all,mc-I-3-all,mc-T-0-all,mc-T-1-all,mc-T-2-all,mc-T-3-all,mc-S-0-all,mc-S-1-all,mc-S-2-all,mc-S-3-all,D_mc-chi-0-all,D_mc-chi-1-all,D_mc-chi-2-all,D_mc-chi-3-all,D_mc-Z-0-all,D_mc-Z-1-all,D_mc-Z-2-all,D_mc-Z-3-all,D_mc-I-0-all,D_mc-I-1-all,D_mc-I-2-all,D_mc-I-3-all,D_mc-T-0-all,D_mc-T-1-all,D_mc-T-2-all,D_mc-T-3-all,D_mc-S-0-all,D_mc-S-1-all,D_mc-S-2-all,D_mc-S-3-all,name
1049.7846000000015,2187.883200000002,6774.880800000003,8785.392000000002,26656.0,56256.0,78816.0,87360.0,118.0,312.0,720.0,1056.0,1032.0,3048.0,5688.0,6912.0,80.64219999999989,240.62640000000053,482.24159999999966,659.0496000000005,2.7648599999999997,30.629759999999997,26.377199999999995,50.03736,2108.8,2380.8,2246.4,2476.8,1.0,6.0,7.2,12.0,42.0,94.8,180.0,144.0,2.0208999999999997,6.561240000000001,8.482319999999998,10.31832,0.0,-11.736000000000004,-8.016000000000002,-15.384000000000006,0.0,249.6,331.2,537.6,0.0,0.0,0.0,0.0,0.0,28.8,28.8,60.0,0.0,4.608000000000001,5.471999999999999,10.848000000000004,PUYHOI_clean_primitive
