f-chi-0-all,f-chi-1-all,f-chi-2-all,f-chi-3-all,f-Z-0-all,f-Z-1-all,f-Z-2-all,f-Z-3-all,f-I-0-all,f-I-1-all,f-I-2-all,f-I-3-all,f-T-0-all,f-T-1-all,f-T-2-all,f-T-3-all,f-S-0-all,f-S-1-all,f-S-2-all,f-S-3-all,mc-chi-0-all,mc-chi-1-all,mc-chi-2-all,mc-chi-3-all,mc-Z-0-all,mc-Z-1-all,mc-Z-2-all,mc-Z-3-all,mc-I-0-all,mc-I-1-all,mc-I-2-all,mc-I-3-all,mc-T-0-all,mc-T-1-all,mc-T-2-all,mc-T-3-all,mc-S-0-all,mc-S-1-all,mc-S-2-all,mc-S-3-all,D_mc-chi-0-all,D_mc-chi-1-all,D_mc-chi-2-all,D_mc-chi-3-all,D_mc-Z-0-all,D_mc-Z-1-all,D_mc-Z-2-all,D_mc-Z-3-all,D_mc-I-0-all,D_mc-I-1-all,D_mc-I-2-all,D_mc-I-3-all,D_mc-T-0-all,D_mc-T-1-all,D_mc-T-2-all,D_mc-T-3-all,D_mc-S-0-all,D_mc-S-1-all,D_mc-S-2-all,D_mc-S-3-all,name
304.22519999999986,616.3296000000004,1318.4375999999995,2106.2488000000008,10968.0,15264.0,35304.0,28064.0,48.0,100.0,200.0,308.0,304.0,852.0,1392.0,1936.0,22.503600000000027,62.196400000000004,109.55059999999993,153.86520000000004,3.8415999999999997,30.223200000000002,42.97299999999999,62.82779999999999,2500.0,1800.0,7000.0,3750.0,1.0,5.0,10.0,11.0,25.0,77.5,115.0,170.0,1.96,5.222,9.625,11.606,0.0,-5.619999999999998,-2.325000000000001,-10.495,0.0,214.0,360.0,475.0,0.0,0.0,0.0,0.0,0.0,9.5,27.0,21.0,0.0,3.2699999999999996,7.124999999999999,7.109999999999999,HOXGEH_clean_primitive
304.22519999999986,616.3296000000004,1318.437599999999,2106.2488000000003,10968.0,15264.0,35304.0,28064.0,48.0,100.0,200.0,308.0,304.0,852.0,1392.0,1936.0,22.503600000000027,62.196400000000004,109.55059999999993,153.8652000000001,3.8415999999999997,30.223200000000002,42.97299999999999,62.82779999999999,2500.0,1800.0,7000.0,3750.0,1.0,5.0,10.0,11.0,25.0,77.5,115.0,170.0,1.96,5.222,9.625,11.606,0.0,-5.619999999999998,-2.325000000000001,-10.495,0.0,214.0,360.0,475.0,0.0,0.0,0.0,0.0,0.0,9.5,27.0,21.0,0.0,3.2699999999999996,7.124999999999999,7.109999999999999,HOXGEH_clean_primitive
304.2251999999998,616.3296000000004,1318.437599999999,2106.2488000000003,10968.0,15264.0,35304.0,28064.0,48.0,100.0,200.0,308.0,304.0,852.0,1392.0,1936.0,22.503600000000027,62.196400000000004,109.55059999999993,153.8652000000001,3.8415999999999997,30.223200000000002,42.97299999999999,62.82779999999999,2500.0,1800.0,7000.0,3750.0,1.0,5.0,10.0,11.0,25.0,77.5,115.0,170.0,1.96,5.222,9.625,11.606,0.0,-5.619999999999998,-2.325000000000001,-10.495,0.0,214.0,360.0,475.0,0.0,0.0,0.0,0.0,0.0,9.5,27.0,21.0,0.0,3.2699999999999996,7.124999999999999,7.109999999999999,HOXGEH_clean_primitive
