f-chi-0-all,f-chi-1-all,f-chi-2-all,f-chi-3-all,f-Z-0-all,f-Z-1-all,f-Z-2-all,f-Z-3-all,f-I-0-all,f-I-1-all,f-I-2-all,f-I-3-all,f-T-0-all,f-T-1-all,f-T-2-all,f-T-3-all,f-S-0-all,f-S-1-all,f-S-2-all,f-S-3-all,mc-chi-0-all,mc-chi-1-all,mc-chi-2-all,mc-chi-3-all,mc-Z-0-all,mc-Z-1-all,mc-Z-2-all,mc-Z-3-all,mc-I-0-all,mc-I-1-all,mc-I-2-all,mc-I-3-all,mc-T-0-all,mc-T-1-all,mc-T-2-all,mc-T-3-all,mc-S-0-all,mc-S-1-all,mc-S-2-all,mc-S-3-all,D_mc-chi-0-all,D_mc-chi-1-all,D_mc-chi-2-all,D_mc-chi-3-all,D_mc-Z-0-all,D_mc-Z-1-all,D_mc-Z-2-all,D_mc-Z-3-all,D_mc-I-0-all,D_mc-I-1-all,D_mc-I-2-all,D_mc-I-3-all,D_mc-T-0-all,D_mc-T-1-all,D_mc-T-2-all,D_mc-T-3-all,D_mc-S-0-all,D_mc-S-1-all,D_mc-S-2-all,D_mc-S-3-all,name
676.3692000000005,1248.8612000000016,6553.6744,6320.667000000002,25014.0,67616.0,126232.0,196350.0,76.0,224.0,688.0,906.0,1076.0,4100.0,7260.0,10942.0,58.10859999999992,219.13960000000017,488.9696000000001,752.6468000000002,1.2544000000000002,36.463466666666676,22.556800000000006,93.69546666666669,3364.0,4968.666666666667,10498.0,16568.666666666668,1.0,10.0,9.0,28.333333333333332,102.0,276.0,453.3333333333333,826.0,2.6569,12.480366666666667,15.137266666666667,35.83283333333335,0.0,-21.356666666666666,-10.059999999999999,-51.92333333333334,0.0,494.3333333333333,341.0,1357.6666666666667,0.0,0.0,0.0,0.0,0.0,75.0,44.333333333333336,190.66666666666666,0.0,8.643333333333336,5.383333333333332,24.19999999999999,MEJZIM_clean_primitive
