f-chi-0-all,f-chi-1-all,f-chi-2-all,f-chi-3-all,f-Z-0-all,f-Z-1-all,f-Z-2-all,f-Z-3-all,f-I-0-all,f-I-1-all,f-I-2-all,f-I-3-all,f-T-0-all,f-T-1-all,f-T-2-all,f-T-3-all,f-S-0-all,f-S-1-all,f-S-2-all,f-S-3-all,mc-chi-0-all,mc-chi-1-all,mc-chi-2-all,mc-chi-3-all,mc-Z-0-all,mc-Z-1-all,mc-Z-2-all,mc-Z-3-all,mc-I-0-all,mc-I-1-all,mc-I-2-all,mc-I-3-all,mc-T-0-all,mc-T-1-all,mc-T-2-all,mc-T-3-all,mc-S-0-all,mc-S-1-all,mc-S-2-all,mc-S-3-all,D_mc-chi-0-all,D_mc-chi-1-all,D_mc-chi-2-all,D_mc-chi-3-all,D_mc-Z-0-all,D_mc-Z-1-all,D_mc-Z-2-all,D_mc-Z-3-all,D_mc-I-0-all,D_mc-I-1-all,D_mc-I-2-all,D_mc-I-3-all,D_mc-T-0-all,D_mc-T-1-all,D_mc-T-2-all,D_mc-T-3-all,D_mc-S-0-all,D_mc-S-1-all,D_mc-S-2-all,D_mc-S-3-all,name
214.5803999999999,417.0367999999999,1002.9271999999999,1570.5399999999997,2536.0,6302.0,10302.0,10704.0,27.0,58.0,120.0,200.0,184.0,556.0,864.0,900.0,16.544100000000004,40.27480000000003,75.57679999999999,107.83959999999998,3.5343999999999998,39.3672,43.29639999999999,87.40119999999997,729.0,1255.5,1903.5,2484.0,1.0,6.5,9.5,17.0,42.5,111.0,191.0,247.0,1.5876000000000001,5.8023,9.078300000000002,14.225400000000002,0.0,-8.72,-5.17,-14.530000000000001,0.0,129.0,186.0,367.0,0.0,0.0,0.0,0.0,0.0,25.5,32.0,72.5,0.0,3.585,4.765000000000001,10.13,NERVOV_clean_primitive
214.5803999999999,417.03679999999986,1002.9272,1570.5399999999995,2536.0,6302.0,10302.0,10704.0,27.0,58.0,120.0,200.0,184.0,556.0,864.0,900.0,16.544100000000004,40.27480000000003,75.57679999999999,107.83959999999999,3.5343999999999998,39.3672,43.29639999999999,87.40119999999997,729.0,1255.5,1903.5,2484.0,1.0,6.5,9.5,17.0,42.5,111.0,191.0,247.0,1.5876000000000001,5.8023,9.078300000000002,14.225400000000002,0.0,-8.72,-5.17,-14.530000000000001,0.0,129.0,186.0,367.0,0.0,0.0,0.0,0.0,0.0,25.5,32.0,72.5,0.0,3.585,4.765000000000001,10.13,NERVOV_clean_primitive
