f-link-chi-0,f-link-chi-1,f-link-chi-2,f-link-chi-3,f-link-Z-0,f-link-Z-1,f-link-Z-2,f-link-Z-3,f-link-I-0,f-link-I-1,f-link-I-2,f-link-I-3,f-link-T-0,f-link-T-1,f-link-T-2,f-link-T-3,f-link-S-0,f-link-S-1,f-link-S-2,f-link-S-3,name
169.3738,292.84199999999987,461.9707999999998,539.5289999999999,874.0,1512.0,2336.0,2568.0,20.0,40.0,60.0,74.0,100.0,240.0,332.0,378.0,10.466,21.991200000000003,32.13719999999999,37.96100000000002,Zn-slash-Co-BTEC
169.3738,292.842,461.9707999999999,539.529,874.0,1512.0,2336.0,2568.0,20.0,40.0,60.0,74.0,100.0,240.0,332.0,378.0,10.466000000000001,21.991200000000006,32.1372,37.961000000000006,Zn-slash-Co-BTEC
169.37379999999996,292.8419999999999,461.9707999999999,539.5289999999999,874.0,1512.0,2336.0,2568.0,20.0,40.0,60.0,74.0,100.0,240.0,332.0,378.0,10.466,21.991200000000006,32.1372,37.961000000000006,Zn-slash-Co-BTEC
169.37379999999996,292.8419999999999,461.9707999999999,539.5289999999999,874.0,1512.0,2336.0,2568.0,20.0,40.0,60.0,74.0,100.0,240.0,332.0,378.0,10.466000000000001,21.991200000000006,32.1372,37.961000000000006,Zn-slash-Co-BTEC
169.3738,292.84199999999987,461.9707999999998,539.5289999999998,874.0,1512.0,2336.0,2568.0,20.0,40.0,60.0,74.0,100.0,240.0,332.0,378.0,10.466,21.991200000000003,32.13719999999999,37.96100000000001,Zn-slash-Co-BTEC
169.37379999999996,292.8419999999999,461.9707999999998,539.5289999999999,874.0,1512.0,2336.0,2568.0,20.0,40.0,60.0,74.0,100.0,240.0,332.0,378.0,10.466,21.991200000000006,32.1372,37.96100000000001,Zn-slash-Co-BTEC
169.3738,292.8419999999999,461.9707999999998,539.5289999999999,874.0,1512.0,2336.0,2568.0,20.0,40.0,60.0,74.0,100.0,240.0,332.0,378.0,10.466,21.991200000000006,32.1372,37.96100000000002,Zn-slash-Co-BTEC
169.3738,292.8419999999999,461.9707999999999,539.529,874.0,1512.0,2336.0,2568.0,20.0,40.0,60.0,74.0,100.0,240.0,332.0,378.0,10.466,21.991200000000006,32.13719999999999,37.96100000000002,Zn-slash-Co-BTEC
