f-lig-chi-0,f-lig-chi-1,f-lig-chi-2,f-lig-chi-3,f-lig-Z-0,f-lig-Z-1,f-lig-Z-2,f-lig-Z-3,f-lig-I-0,f-lig-I-1,f-lig-I-2,f-lig-I-3,f-lig-T-0,f-lig-T-1,f-lig-T-2,f-lig-T-3,f-lig-S-0,f-lig-S-1,f-lig-S-2,f-lig-S-3,name
202.41909999999993,391.884,619.4556000000001,759.5129999999996,931.0,1812.0,2712.0,2934.0,28.0,58.0,90.0,116.0,148.0,366.0,522.0,588.0,13.049200000000004,29.70660000000001,44.007400000000004,51.7492,QIQTAN_clean_primitive
202.4191,391.88399999999996,619.4555999999998,759.5129999999999,931.0,1812.0,2712.0,2934.0,28.0,58.0,90.0,116.0,148.0,366.0,522.0,588.0,13.049199999999999,29.70660000000001,44.007400000000004,51.74920000000001,QIQTAN_clean_primitive
202.41909999999996,391.88399999999996,619.4555999999999,759.5129999999999,931.0,1812.0,2712.0,2934.0,28.0,58.0,90.0,116.0,148.0,366.0,522.0,588.0,13.0492,29.70660000000001,44.007400000000004,51.74920000000002,QIQTAN_clean_primitive
122.22820000000002,268.82099999999997,406.2200000000001,458.812,466.0,1080.0,1400.0,1288.0,20.0,42.0,64.0,76.0,106.0,258.0,352.0,360.0,8.149199999999999,19.8506,27.90720000000001,28.9716,QIQTAN_clean_primitive
122.2282,268.82099999999997,406.2200000000001,458.812,466.0,1080.0,1400.0,1288.0,20.0,42.0,64.0,76.0,106.0,258.0,352.0,360.0,8.149199999999999,19.8506,27.90720000000001,28.9716,QIQTAN_clean_primitive
122.22820000000002,268.821,406.22,458.812,466.0,1080.0,1400.0,1288.0,20.0,42.0,64.0,76.0,106.0,258.0,352.0,360.0,8.149199999999999,19.850600000000004,27.907200000000007,28.97160000000001,QIQTAN_clean_primitive
122.22820000000003,268.8210000000001,406.22,458.81199999999995,466.0,1080.0,1400.0,1288.0,20.0,42.0,64.0,76.0,106.0,258.0,352.0,360.0,8.149199999999999,19.850600000000004,27.907200000000007,28.971600000000013,QIQTAN_clean_primitive
202.41909999999993,391.884,619.4556,759.5129999999999,931.0,1812.0,2712.0,2934.0,28.0,58.0,90.0,116.0,148.0,366.0,522.0,588.0,13.0492,29.706600000000005,44.007400000000004,51.74920000000001,QIQTAN_clean_primitive
122.22820000000003,268.8210000000001,406.2200000000001,458.81199999999995,466.0,1080.0,1400.0,1288.0,20.0,42.0,64.0,76.0,106.0,258.0,352.0,360.0,8.1492,19.850600000000004,27.907200000000007,28.971600000000013,QIQTAN_clean_primitive
