f-sbu-chi-0,f-sbu-chi-1,f-sbu-chi-2,f-sbu-chi-3,f-sbu-Z-0,f-sbu-Z-1,f-sbu-Z-2,f-sbu-Z-3,f-sbu-I-0,f-sbu-I-1,f-sbu-I-2,f-sbu-I-3,f-sbu-T-0,f-sbu-T-1,f-sbu-T-2,f-sbu-T-3,f-sbu-S-0,f-sbu-S-1,f-sbu-S-2,f-sbu-S-3,mc-chi-0,mc-chi-1,mc-chi-2,mc-chi-3,mc-Z-0,mc-Z-1,mc-Z-2,mc-Z-3,mc-I-0,mc-I-1,mc-I-2,mc-I-3,mc-T-0,mc-T-1,mc-T-2,mc-T-3,mc-S-0,mc-S-1,mc-S-2,mc-S-3,D_mc-chi-0,D_mc-chi-1,D_mc-chi-2,D_mc-chi-3,D_mc-Z-0,D_mc-Z-1,D_mc-Z-2,D_mc-Z-3,D_mc-I-0,D_mc-I-1,D_mc-I-2,D_mc-I-3,D_mc-T-0,D_mc-T-1,D_mc-T-2,D_mc-T-3,D_mc-S-0,D_mc-S-1,D_mc-S-2,D_mc-S-3,name
109.36569999999999,185.1424,393.3688000000001,613.632,5238.0,10080.0,11854.0,8736.0,15.0,28.0,54.0,80.0,82.0,216.0,262.0,176.0,11.7828,24.868800000000004,46.00600000000001,55.80960000000001,2.8560999999999996,30.5552,34.476,64.22000000000001,2304.0,4704.0,2304.0,2688.0,1.0,6.0,8.0,16.0,36.0,84.0,144.0,192.0,2.1904,7.814399999999999,9.1168,13.497599999999995,0.0,-7.9399999999999995,-6.879999999999997,-10.959999999999997,0.0,190.0,336.0,712.0,0.0,0.0,0.0,0.0,0.0,22.0,24.0,64.0,0.0,3.6000000000000005,5.68,14.559999999999999,ACOGAB
109.36569999999999,185.14240000000004,393.3688000000001,613.632,5238.0,10080.0,11854.0,8736.0,15.0,28.0,54.0,80.0,82.0,216.0,262.0,176.0,11.782800000000002,24.868800000000007,46.00600000000001,55.80960000000002,2.8560999999999996,30.5552,34.476,64.22000000000001,2304.0,4704.0,2304.0,2688.0,1.0,6.0,8.0,16.0,36.0,84.0,144.0,192.0,2.1904,7.814399999999999,9.1168,13.497599999999995,0.0,-7.9399999999999995,-6.879999999999997,-10.959999999999997,0.0,190.0,336.0,712.0,0.0,0.0,0.0,0.0,0.0,22.0,24.0,64.0,0.0,3.6000000000000005,5.68,14.559999999999999,ACOGAB
