f-lig-chi-0,f-lig-chi-1,f-lig-chi-2,f-lig-chi-3,f-lig-Z-0,f-lig-Z-1,f-lig-Z-2,f-lig-Z-3,f-lig-I-0,f-lig-I-1,f-lig-I-2,f-lig-I-3,f-lig-T-0,f-lig-T-1,f-lig-T-2,f-lig-T-3,f-lig-S-0,f-lig-S-1,f-lig-S-2,f-lig-S-3,name
228.33429999999996,443.18999999999994,708.3445999999999,832.1501999999999,1045.0,2040.0,2990.0,3144.0,31.0,64.0,100.0,122.0,164.0,398.0,552.0,602.0,14.2815,32.46320000000001,47.45720000000001,53.95020000000001,BEXSII_clean_primitive
228.33429999999993,443.18999999999994,708.3445999999998,832.1501999999998,1045.0,2040.0,2990.0,3144.0,31.0,64.0,100.0,122.0,164.0,398.0,552.0,602.0,14.2815,32.46320000000001,47.45720000000001,53.95020000000003,BEXSII_clean_primitive
228.33429999999996,443.19,708.3445999999999,832.1501999999998,1045.0,2040.0,2990.0,3144.0,31.0,64.0,100.0,122.0,164.0,398.0,552.0,602.0,14.281499999999998,32.463200000000015,47.45720000000001,53.950200000000024,BEXSII_clean_primitive
228.33429999999993,443.18999999999994,708.3445999999999,832.1501999999998,1045.0,2040.0,2990.0,3144.0,31.0,64.0,100.0,122.0,164.0,398.0,552.0,602.0,14.2815,32.463200000000015,47.4572,53.950200000000024,BEXSII_clean_primitive
