f-chi-0-all,f-chi-1-all,f-chi-2-all,f-chi-3-all,f-Z-0-all,f-Z-1-all,f-Z-2-all,f-Z-3-all,f-I-0-all,f-I-1-all,f-I-2-all,f-I-3-all,f-T-0-all,f-T-1-all,f-T-2-all,f-T-3-all,f-S-0-all,f-S-1-all,f-S-2-all,f-S-3-all,mc-chi-0-all,mc-chi-1-all,mc-chi-2-all,mc-chi-3-all,mc-Z-0-all,mc-Z-1-all,mc-Z-2-all,mc-Z-3-all,mc-I-0-all,mc-I-1-all,mc-I-2-all,mc-I-3-all,mc-T-0-all,mc-T-1-all,mc-T-2-all,mc-T-3-all,mc-S-0-all,mc-S-1-all,mc-S-2-all,mc-S-3-all,D_mc-chi-0-all,D_mc-chi-1-all,D_mc-chi-2-all,D_mc-chi-3-all,D_mc-Z-0-all,D_mc-Z-1-all,D_mc-Z-2-all,D_mc-Z-3-all,D_mc-I-0-all,D_mc-I-1-all,D_mc-I-2-all,D_mc-I-3-all,D_mc-T-0-all,D_mc-T-1-all,D_mc-T-2-all,D_mc-T-3-all,D_mc-S-0-all,D_mc-S-1-all,D_mc-S-2-all,D_mc-S-3-all,name
274.06899999999996,491.09759999999994,877.4399999999998,1163.9807999999998,5824.0,10416.0,15396.0,14784.0,34.0,72.0,108.0,152.0,180.0,440.0,580.0,672.0,25.932600000000008,56.92880000000002,83.61239999999995,105.85680000000005,2.7224999999999997,22.043999999999997,19.8495,61.726499999999994,900.0,930.0,1440.0,2610.0,1.0,4.0,5.0,12.0,16.0,36.0,68.0,112.0,1.7161000000000004,3.851399999999999,5.803300000000001,11.7114,0.0,-6.76,-3.7800000000000002,-17.61,0.0,89.0,102.0,273.0,0.0,0.0,0.0,0.0,0.0,7.0,3.0,20.0,0.0,2.3000000000000003,2.1200000000000006,6.780000000000001,HUVHOX_clean_primitive
274.0689999999999,491.09760000000006,877.4399999999998,1163.9807999999996,5824.0,10416.0,15396.0,14784.0,34.0,72.0,108.0,152.0,180.0,440.0,580.0,672.0,25.932600000000008,56.92880000000002,83.61239999999995,105.85680000000005,2.7224999999999997,22.043999999999997,19.8495,61.726499999999994,900.0,930.0,1440.0,2610.0,1.0,4.0,5.0,12.0,16.0,36.0,68.0,112.0,1.7161000000000004,3.851399999999999,5.803300000000001,11.7114,0.0,-6.76,-3.7800000000000002,-17.61,0.0,89.0,102.0,273.0,0.0,0.0,0.0,0.0,0.0,7.0,3.0,20.0,0.0,2.3000000000000003,2.1200000000000006,6.780000000000001,HUVHOX_clean_primitive
