f-chi-0-all,f-chi-1-all,f-chi-2-all,f-chi-3-all,f-Z-0-all,f-Z-1-all,f-Z-2-all,f-Z-3-all,f-I-0-all,f-I-1-all,f-I-2-all,f-I-3-all,f-T-0-all,f-T-1-all,f-T-2-all,f-T-3-all,f-S-0-all,f-S-1-all,f-S-2-all,f-S-3-all,mc-chi-0-all,mc-chi-1-all,mc-chi-2-all,mc-chi-3-all,mc-Z-0-all,mc-Z-1-all,mc-Z-2-all,mc-Z-3-all,mc-I-0-all,mc-I-1-all,mc-I-2-all,mc-I-3-all,mc-T-0-all,mc-T-1-all,mc-T-2-all,mc-T-3-all,mc-S-0-all,mc-S-1-all,mc-S-2-all,mc-S-3-all,D_mc-chi-0-all,D_mc-chi-1-all,D_mc-chi-2-all,D_mc-chi-3-all,D_mc-Z-0-all,D_mc-Z-1-all,D_mc-Z-2-all,D_mc-Z-3-all,D_mc-I-0-all,D_mc-I-1-all,D_mc-I-2-all,D_mc-I-3-all,D_mc-T-0-all,D_mc-T-1-all,D_mc-T-2-all,D_mc-T-3-all,D_mc-S-0-all,D_mc-S-1-all,D_mc-S-2-all,D_mc-S-3-all,name
84.7405,136.49919999999997,202.6952,301.34399999999994,546.0,1184.0,1416.0,1248.0,11.0,20.0,28.0,36.0,48.0,112.0,126.0,88.0,6.7090999999999985,13.6948,18.153999999999993,16.7316,1.7161000000000002,18.0256,19.126,29.055799999999994,144.0,384.0,312.0,624.0,1.0,4.0,6.0,8.0,16.0,40.0,56.0,80.0,1.9320999999999995,4.0588,5.309799999999999,8.451199999999998,0.0,-8.52,-6.739999999999999,-11.699999999999998,0.0,16.0,46.0,44.0,0.0,0.0,0.0,0.0,0.0,6.0,10.0,12.0,0.0,2.6399999999999997,4.52,5.04,DIWNAA_clean_primitive
84.7405,136.4992,202.69519999999997,301.344,546.0,1184.0,1416.0,1248.0,11.0,20.0,28.0,36.0,48.0,112.0,126.0,88.0,6.7090999999999985,13.6948,18.153999999999996,16.7316,1.7161000000000002,18.0256,19.126,29.055799999999994,144.0,384.0,312.0,624.0,1.0,4.0,6.0,8.0,16.0,40.0,56.0,80.0,1.9320999999999995,4.0588,5.309799999999999,8.451199999999998,0.0,-8.52,-6.739999999999999,-11.699999999999998,0.0,16.0,46.0,44.0,0.0,0.0,0.0,0.0,0.0,6.0,10.0,12.0,0.0,2.6399999999999997,4.52,5.04,DIWNAA_clean_primitive
84.74049999999998,136.49919999999997,202.69519999999997,301.34399999999994,546.0,1184.0,1416.0,1248.0,11.0,20.0,28.0,36.0,48.0,112.0,126.0,88.0,6.709099999999999,13.6948,18.153999999999996,16.7316,1.7161000000000002,18.0256,19.126,29.055799999999994,144.0,384.0,312.0,624.0,1.0,4.0,6.0,8.0,16.0,40.0,56.0,80.0,1.9320999999999995,4.0588,5.309799999999999,8.451199999999998,0.0,-8.52,-6.739999999999999,-11.699999999999998,0.0,16.0,46.0,44.0,0.0,0.0,0.0,0.0,0.0,6.0,10.0,12.0,0.0,2.6399999999999997,4.52,5.04,DIWNAA_clean_primitive
