f-chi-0-all,f-chi-1-all,f-chi-2-all,f-chi-3-all,f-Z-0-all,f-Z-1-all,f-Z-2-all,f-Z-3-all,f-I-0-all,f-I-1-all,f-I-2-all,f-I-3-all,f-T-0-all,f-T-1-all,f-T-2-all,f-T-3-all,f-S-0-all,f-S-1-all,f-S-2-all,f-S-3-all,mc-chi-0-all,mc-chi-1-all,mc-chi-2-all,mc-chi-3-all,mc-Z-0-all,mc-Z-1-all,mc-Z-2-all,mc-Z-3-all,mc-I-0-all,mc-I-1-all,mc-I-2-all,mc-I-3-all,mc-T-0-all,mc-T-1-all,mc-T-2-all,mc-T-3-all,mc-S-0-all,mc-S-1-all,mc-S-2-all,mc-S-3-all,D_mc-chi-0-all,D_mc-chi-1-all,D_mc-chi-2-all,D_mc-chi-3-all,D_mc-Z-0-all,D_mc-Z-1-all,D_mc-Z-2-all,D_mc-Z-3-all,D_mc-I-0-all,D_mc-I-1-all,D_mc-I-2-all,D_mc-I-3-all,D_mc-T-0-all,D_mc-T-1-all,D_mc-T-2-all,D_mc-T-3-all,D_mc-S-0-all,D_mc-S-1-all,D_mc-S-2-all,D_mc-S-3-all,name
651.6034000000004,1374.1399999999994,3356.859999999997,5442.551999999999,6826.0,19912.0,27972.0,37440.0,90.0,232.0,508.0,736.0,932.0,3616.0,4516.0,4480.0,52.778599999999976,170.9367999999996,307.1148000000001,383.2576000000002,2.4025000000000003,33.965666666666664,37.40666666666667,26.76333333333334,625.0,1283.3333333333333,1133.3333333333333,2300.0,1.0,8.0,8.666666666666666,8.0,66.0,208.0,122.0,240.0,1.9321,8.469733333333332,7.6079333333333325,10.119199999999998,0.0,-9.513333333333334,-10.700000000000001,-4.866666666666666,0.0,148.66666666666666,171.33333333333334,108.0,0.0,0.0,0.0,0.0,0.0,41.333333333333336,53.333333333333336,16.0,0.0,5.026666666666666,6.573333333333333,3.8399999999999985,MIHBAG_clean_primitive
