f-link-chi-0,f-link-chi-1,f-link-chi-2,f-link-chi-3,f-link-Z-0,f-link-Z-1,f-link-Z-2,f-link-Z-3,f-link-I-0,f-link-I-1,f-link-I-2,f-link-I-3,f-link-T-0,f-link-T-1,f-link-T-2,f-link-T-3,f-link-S-0,f-link-S-1,f-link-S-2,f-link-S-3,name
118.7144,219.09600000000003,337.3204,385.387,548.0,1008.0,1456.0,1420.0,16.0,32.0,48.0,58.0,80.0,192.0,256.0,250.0,7.4224,16.262400000000003,23.044800000000006,24.679399999999998,VOPHUF
118.71439999999998,219.096,337.32039999999995,385.387,548.0,1008.0,1456.0,1420.0,16.0,32.0,48.0,58.0,80.0,192.0,256.0,250.0,7.4224000000000006,16.262400000000003,23.044800000000002,24.679399999999998,VOPHUF
219.42860000000002,463.56700000000023,730.1624,914.5174000000002,842.0,1828.0,2468.0,2416.0,34.0,70.0,112.0,142.0,182.0,448.0,596.0,602.0,13.533000000000003,32.47980000000001,46.66080000000001,51.3774,VOPHUF
118.7144,219.09599999999995,337.3204,385.387,548.0,1008.0,1456.0,1420.0,16.0,32.0,48.0,58.0,80.0,192.0,256.0,250.0,7.4224000000000006,16.262400000000003,23.0448,24.6794,VOPHUF
219.42860000000005,463.5670000000002,730.1624,914.5174000000002,842.0,1828.0,2468.0,2416.0,34.0,70.0,112.0,142.0,182.0,448.0,596.0,602.0,13.533000000000005,32.47980000000001,46.660800000000016,51.377399999999994,VOPHUF
219.42860000000005,463.5670000000002,730.1624,914.5174000000002,842.0,1828.0,2468.0,2416.0,34.0,70.0,112.0,142.0,182.0,448.0,596.0,602.0,13.533000000000008,32.47980000000001,46.6608,51.3774,VOPHUF
219.4286,463.5670000000002,730.1623999999999,914.5174000000003,842.0,1828.0,2468.0,2416.0,34.0,70.0,112.0,142.0,182.0,448.0,596.0,602.0,13.533000000000007,32.47980000000001,46.6608,51.3774,VOPHUF
118.71440000000001,219.09599999999995,337.3203999999999,385.387,548.0,1008.0,1456.0,1420.0,16.0,32.0,48.0,58.0,80.0,192.0,256.0,250.0,7.4224,16.2624,23.044800000000006,24.6794,VOPHUF
