f-sbu-chi-0,f-sbu-chi-1,f-sbu-chi-2,f-sbu-chi-3,f-sbu-Z-0,f-sbu-Z-1,f-sbu-Z-2,f-sbu-Z-3,f-sbu-I-0,f-sbu-I-1,f-sbu-I-2,f-sbu-I-3,f-sbu-T-0,f-sbu-T-1,f-sbu-T-2,f-sbu-T-3,f-sbu-S-0,f-sbu-S-1,f-sbu-S-2,f-sbu-S-3,mc-chi-0,mc-chi-1,mc-chi-2,mc-chi-3,mc-Z-0,mc-Z-1,mc-Z-2,mc-Z-3,mc-I-0,mc-I-1,mc-I-2,mc-I-3,mc-T-0,mc-T-1,mc-T-2,mc-T-3,mc-S-0,mc-S-1,mc-S-2,mc-S-3,D_mc-chi-0,D_mc-chi-1,D_mc-chi-2,D_mc-chi-3,D_mc-Z-0,D_mc-Z-1,D_mc-Z-2,D_mc-Z-3,D_mc-I-0,D_mc-I-1,D_mc-I-2,D_mc-I-3,D_mc-T-0,D_mc-T-1,D_mc-T-2,D_mc-T-3,D_mc-S-0,D_mc-S-1,D_mc-S-2,D_mc-S-3,name
378.37919999999974,1105.356,2928.083600000001,2989.2639999999997,2142.0,8584.0,13016.0,12824.0,58.0,184.0,436.0,480.0,884.0,3804.0,5364.0,5284.0,25.62180000000002,103.13359999999997,182.46360000000004,198.5647999999999,1.0,27.520000000000003,21.400000000000002,42.16,400.0,1280.0,1360.0,1640.0,1.0,8.0,9.0,16.0,64.0,192.0,320.0,576.0,2.9240999999999997,9.986400000000001,13.457700000000003,18.126000000000005,0.0,-19.52,-12.399999999999999,-26.160000000000004,0.0,96.0,112.0,238.0,0.0,0.0,0.0,0.0,0.0,40.0,32.0,56.0,0.0,7.840000000000002,7.519999999999998,16.759999999999998,OSAVOU
378.3791999999997,1105.3560000000002,2928.0836000000004,2989.263999999999,2142.0,8584.0,13016.0,12824.0,58.0,184.0,436.0,480.0,884.0,3804.0,5364.0,5284.0,25.621800000000018,103.13359999999999,182.46360000000007,198.56479999999988,1.0,27.520000000000003,21.400000000000002,42.16,400.0,1280.0,1360.0,1640.0,1.0,8.0,9.0,16.0,64.0,192.0,320.0,576.0,2.9240999999999997,9.986400000000001,13.457700000000003,18.126000000000005,0.0,-19.52,-12.399999999999999,-26.160000000000004,0.0,96.0,112.0,238.0,0.0,0.0,0.0,0.0,0.0,40.0,32.0,56.0,0.0,7.840000000000002,7.519999999999998,16.759999999999998,OSAVOU
