f-chi-0-all,f-chi-1-all,f-chi-2-all,f-chi-3-all,f-Z-0-all,f-Z-1-all,f-Z-2-all,f-Z-3-all,f-I-0-all,f-I-1-all,f-I-2-all,f-I-3-all,f-T-0-all,f-T-1-all,f-T-2-all,f-T-3-all,f-S-0-all,f-S-1-all,f-S-2-all,f-S-3-all,mc-chi-0-all,mc-chi-1-all,mc-chi-2-all,mc-chi-3-all,mc-Z-0-all,mc-Z-1-all,mc-Z-2-all,mc-Z-3-all,mc-I-0-all,mc-I-1-all,mc-I-2-all,mc-I-3-all,mc-T-0-all,mc-T-1-all,mc-T-2-all,mc-T-3-all,mc-S-0-all,mc-S-1-all,mc-S-2-all,mc-S-3-all,D_mc-chi-0-all,D_mc-chi-1-all,D_mc-chi-2-all,D_mc-chi-3-all,D_mc-Z-0-all,D_mc-Z-1-all,D_mc-Z-2-all,D_mc-Z-3-all,D_mc-I-0-all,D_mc-I-1-all,D_mc-I-2-all,D_mc-I-3-all,D_mc-T-0-all,D_mc-T-1-all,D_mc-T-2-all,D_mc-T-3-all,D_mc-S-0-all,D_mc-S-1-all,D_mc-S-2-all,D_mc-S-3-all,name
160.3628,317.5807999999999,891.3063999999999,931.8271999999998,5588.0,10208.0,14122.0,9632.0,18.0,44.0,92.0,116.0,140.0,412.0,650.0,556.0,12.0072,34.952400000000004,60.901799999999994,62.28360000000002,3.1684,36.73919999999999,29.1564,42.6488,2401.0,2352.0,3675.0,2744.0,1.0,6.0,7.0,8.0,36.0,84.0,120.0,120.0,2.0164000000000004,6.2196,7.4408,8.519999999999998,0.0,-9.959999999999999,-3.9199999999999986,-9.719999999999999,0.0,246.0,268.0,336.0,0.0,0.0,0.0,0.0,0.0,22.0,22.0,28.0,0.0,4.14,4.699999999999999,5.359999999999999,LOQLEJ_manual_primitive
160.3628,317.58079999999995,891.3063999999999,931.8271999999998,5588.0,10208.0,14122.0,9632.0,18.0,44.0,92.0,116.0,140.0,412.0,650.0,556.0,12.007199999999997,34.95240000000001,60.901799999999994,62.283600000000014,3.1684,36.73919999999999,29.1564,42.6488,2401.0,2352.0,3675.0,2744.0,1.0,6.0,7.0,8.0,36.0,84.0,120.0,120.0,2.0164000000000004,6.2196,7.4408,8.519999999999998,0.0,-9.959999999999999,-3.9199999999999986,-9.719999999999999,0.0,246.0,268.0,336.0,0.0,0.0,0.0,0.0,0.0,22.0,22.0,28.0,0.0,4.14,4.699999999999999,5.359999999999999,LOQLEJ_manual_primitive
160.3628,317.5807999999999,891.3064000000002,931.8271999999998,5588.0,10208.0,14122.0,9632.0,18.0,44.0,92.0,116.0,140.0,412.0,650.0,556.0,12.0072,34.952400000000004,60.9018,62.283600000000014,3.1684,36.73919999999999,29.1564,42.6488,2401.0,2352.0,3675.0,2744.0,1.0,6.0,7.0,8.0,36.0,84.0,120.0,120.0,2.0164000000000004,6.2196,7.4408,8.519999999999998,0.0,-9.959999999999999,-3.9199999999999986,-9.719999999999999,0.0,246.0,268.0,336.0,0.0,0.0,0.0,0.0,0.0,22.0,22.0,28.0,0.0,4.14,4.699999999999999,5.359999999999999,LOQLEJ_manual_primitive
