f-link-chi-0,f-link-chi-1,f-link-chi-2,f-link-chi-3,f-link-Z-0,f-link-Z-1,f-link-Z-2,f-link-Z-3,f-link-I-0,f-link-I-1,f-link-I-2,f-link-I-3,f-link-T-0,f-link-T-1,f-link-T-2,f-link-T-3,f-link-S-0,f-link-S-1,f-link-S-2,f-link-S-3,name
348.51099999999985,685.5930000000005,1156.078800000001,1448.5710000000004,1450.0,2880.0,4188.0,4416.0,50.0,102.0,172.0,226.0,274.0,684.0,932.0,1012.0,20.837000000000014,48.64860000000002,72.87000000000002,84.59540000000004,JUMZOI
331.87139999999994,758.8800000000002,1291.7263999999998,1597.339,1158.0,2880.0,4256.0,4552.0,56.0,120.0,208.0,262.0,328.0,836.0,1212.0,1370.0,21.224800000000013,54.82400000000003,85.2552,98.17579999999997,JUMZOI
331.8713999999998,758.8800000000003,1291.7264000000002,1597.339,1158.0,2880.0,4256.0,4552.0,56.0,120.0,208.0,262.0,328.0,836.0,1212.0,1370.0,21.224800000000013,54.82400000000003,85.2552,98.17580000000001,JUMZOI
