f-link-chi-0,f-link-chi-1,f-link-chi-2,f-link-chi-3,f-link-Z-0,f-link-Z-1,f-link-Z-2,f-link-Z-3,f-link-I-0,f-link-I-1,f-link-I-2,f-link-I-3,f-link-T-0,f-link-T-1,f-link-T-2,f-link-T-3,f-link-S-0,f-link-S-1,f-link-S-2,f-link-S-3,name
132.79600000000002,250.132,378.00839999999994,446.815,598.0,1108.0,1626.0,1696.0,18.0,36.0,54.0,66.0,90.0,216.0,294.0,314.0,8.121799999999999,17.957600000000003,25.6286,28.995400000000004,Zn-DMOF-NH2
132.79600000000002,250.132,378.00839999999994,446.815,598.0,1108.0,1626.0,1696.0,18.0,36.0,54.0,66.0,90.0,216.0,294.0,314.0,8.121799999999999,17.957600000000003,25.6286,28.995400000000004,Zn-DMOF-NH2
115.57820000000002,266.6790000000001,524.2859999999998,642.4652,326.0,864.0,1260.0,1010.0,20.0,42.0,84.0,110.0,126.0,336.0,516.0,498.0,6.3252,17.325,29.18520000000001,31.860599999999987,Zn-DMOF-NH2
