f-link-chi-0,f-link-chi-1,f-link-chi-2,f-link-chi-3,f-link-Z-0,f-link-Z-1,f-link-Z-2,f-link-Z-3,f-link-I-0,f-link-I-1,f-link-I-2,f-link-I-3,f-link-T-0,f-link-T-1,f-link-T-2,f-link-T-3,f-link-S-0,f-link-S-1,f-link-S-2,f-link-S-3,name
102.6858,183.95699999999997,280.0474,270.4616,730.0,1152.0,1816.0,1810.0,13.0,26.0,38.0,38.0,64.0,150.0,190.0,146.0,7.0032,14.707,21.119799999999998,19.2594,AVUKEI
60.33939999999999,83.18099999999998,117.51039999999998,94.66879999999999,328.0,456.0,640.0,512.0,6.0,10.0,12.0,8.0,22.0,42.0,28.0,8.0,3.3174,5.682600000000001,6.628399999999999,4.263199999999999,AVUKEI
102.6858,183.957,280.0474,270.4616,730.0,1152.0,1816.0,1810.0,13.0,26.0,38.0,38.0,64.0,150.0,190.0,146.0,7.0032,14.707,21.119799999999994,19.2594,AVUKEI
60.33939999999999,83.18099999999998,117.51039999999998,94.66879999999999,328.0,456.0,640.0,512.0,6.0,10.0,12.0,8.0,22.0,42.0,28.0,8.0,3.3174,5.682600000000001,6.628399999999999,4.263199999999999,AVUKEI
102.68579999999999,183.957,280.0474,270.4616,730.0,1152.0,1816.0,1810.0,13.0,26.0,38.0,38.0,64.0,150.0,190.0,146.0,7.0032,14.707,21.119799999999998,19.2594,AVUKEI
102.6858,183.957,280.0474,270.4616,730.0,1152.0,1816.0,1810.0,13.0,26.0,38.0,38.0,64.0,150.0,190.0,146.0,7.0032,14.707000000000003,21.119799999999998,19.2594,AVUKEI
