f-lig-chi-0,f-lig-chi-1,f-lig-chi-2,f-lig-chi-3,f-lig-Z-0,f-lig-Z-1,f-lig-Z-2,f-lig-Z-3,f-lig-I-0,f-lig-I-1,f-lig-I-2,f-lig-I-3,f-lig-T-0,f-lig-T-1,f-lig-T-2,f-lig-T-3,f-lig-S-0,f-lig-S-1,f-lig-S-2,f-lig-S-3,name
402.8737999999997,881.3820000000003,1424.8108000000004,1856.2289999999996,1754.0,3768.0,5656.0,6432.0,60.0,136.0,220.0,298.0,380.0,1040.0,1512.0,1790.0,26.88600000000001,66.58959999999999,101.1772,125.33060000000008,BIDPOV_clean_primitive
402.87379999999973,881.3820000000004,1424.8108000000007,1856.2289999999998,1754.0,3768.0,5656.0,6432.0,60.0,136.0,220.0,298.0,380.0,1040.0,1512.0,1790.0,26.88600000000001,66.5896,101.17720000000001,125.33060000000006,BIDPOV_clean_primitive
402.87379999999973,881.3820000000004,1424.8108000000007,1856.229,1754.0,3768.0,5656.0,6432.0,60.0,136.0,220.0,298.0,380.0,1040.0,1512.0,1790.0,26.88600000000001,66.5896,101.1772,125.33060000000006,BIDPOV_clean_primitive
