f-lig-chi-0,f-lig-chi-1,f-lig-chi-2,f-lig-chi-3,f-lig-Z-0,f-lig-Z-1,f-lig-Z-2,f-lig-Z-3,f-lig-I-0,f-lig-I-1,f-lig-I-2,f-lig-I-3,f-lig-T-0,f-lig-T-1,f-lig-T-2,f-lig-T-3,f-lig-S-0,f-lig-S-1,f-lig-S-2,f-lig-S-3,name
214.25269999999992,413.9669999999999,650.6165999999998,793.088,995.0,1932.0,2880.0,2996.0,29.0,60.0,92.0,116.0,152.0,372.0,516.0,548.0,13.5821,30.769200000000005,44.946799999999996,51.06440000000002,RUWWOW01_clean_primitive
214.25269999999992,413.9669999999999,650.6165999999998,793.0879999999999,995.0,1932.0,2880.0,2996.0,29.0,60.0,92.0,116.0,152.0,372.0,516.0,548.0,13.5821,30.769200000000012,44.946799999999996,51.06440000000002,RUWWOW01_clean_primitive
