f-lig-chi-0,f-lig-chi-1,f-lig-chi-2,f-lig-chi-3,f-lig-Z-0,f-lig-Z-1,f-lig-Z-2,f-lig-Z-3,f-lig-I-0,f-lig-I-1,f-lig-I-2,f-lig-I-3,f-lig-T-0,f-lig-T-1,f-lig-T-2,f-lig-T-3,f-lig-S-0,f-lig-S-1,f-lig-S-2,f-lig-S-3,name
104.6855,178.75499999999997,268.05919999999986,287.79939999999993,572.0,984.0,1472.0,1576.0,12.0,24.0,34.0,34.0,58.0,132.0,156.0,130.0,6.814799999999999,13.921600000000005,19.5458,19.302599999999998,SIYXIH10_clean_primitive
104.68549999999999,178.75499999999994,268.0591999999999,287.79939999999993,572.0,984.0,1472.0,1576.0,12.0,24.0,34.0,34.0,58.0,132.0,156.0,130.0,6.8148,13.921600000000002,19.545799999999996,19.302599999999998,SIYXIH10_clean_primitive
104.6855,178.75499999999994,268.0591999999999,287.79939999999993,572.0,984.0,1472.0,1576.0,12.0,24.0,34.0,34.0,58.0,132.0,156.0,130.0,6.8148,13.921600000000005,19.5458,19.302599999999998,SIYXIH10_clean_primitive
