f-chi-0-all,f-chi-1-all,f-chi-2-all,f-chi-3-all,f-Z-0-all,f-Z-1-all,f-Z-2-all,f-Z-3-all,f-I-0-all,f-I-1-all,f-I-2-all,f-I-3-all,f-T-0-all,f-T-1-all,f-T-2-all,f-T-3-all,f-S-0-all,f-S-1-all,f-S-2-all,f-S-3-all,mc-chi-0-all,mc-chi-1-all,mc-chi-2-all,mc-chi-3-all,mc-Z-0-all,mc-Z-1-all,mc-Z-2-all,mc-Z-3-all,mc-I-0-all,mc-I-1-all,mc-I-2-all,mc-I-3-all,mc-T-0-all,mc-T-1-all,mc-T-2-all,mc-T-3-all,mc-S-0-all,mc-S-1-all,mc-S-2-all,mc-S-3-all,D_mc-chi-0-all,D_mc-chi-1-all,D_mc-chi-2-all,D_mc-chi-3-all,D_mc-Z-0-all,D_mc-Z-1-all,D_mc-Z-2-all,D_mc-Z-3-all,D_mc-I-0-all,D_mc-I-1-all,D_mc-I-2-all,D_mc-I-3-all,D_mc-T-0-all,D_mc-T-1-all,D_mc-T-2-all,D_mc-T-3-all,D_mc-S-0-all,D_mc-S-1-all,D_mc-S-2-all,D_mc-S-3-all,name
670.3680000000006,1313.232000000001,3366.779199999997,3649.059199999998,37392.0,46128.0,54208.0,63872.0,80.0,208.0,400.0,480.0,608.0,1648.0,2784.0,3168.0,63.10480000000001,172.07680000000008,291.37759999999963,336.74239999999975,1.2100000000000002,18.48,16.830000000000002,26.355999999999998,4225.0,2535.0,2340.0,3640.0,1.0,5.0,6.0,8.0,25.0,55.0,90.0,100.0,2.822399999999999,6.165599999999999,7.7616000000000005,10.079999999999998,0.0,-11.299999999999999,-8.699999999999998,-15.159999999999997,0.0,286.0,354.0,464.0,0.0,0.0,0.0,0.0,0.0,14.0,12.0,20.0,0.0,4.7299999999999995,5.46,7.4399999999999995,KAHYOJ_clean_primitive
