f-lig-chi-0,f-lig-chi-1,f-lig-chi-2,f-lig-chi-3,f-lig-Z-0,f-lig-Z-1,f-lig-Z-2,f-lig-Z-3,f-lig-I-0,f-lig-I-1,f-lig-I-2,f-lig-I-3,f-lig-T-0,f-lig-T-1,f-lig-T-2,f-lig-T-3,f-lig-S-0,f-lig-S-1,f-lig-S-2,f-lig-S-3,name
154.17129999999997,264.2466,460.85199999999986,490.46099999999984,964.0,1896.0,2464.0,2388.0,19.0,38.0,60.0,70.0,98.0,234.0,316.0,334.0,10.0078,21.967800000000008,31.739999999999995,34.57100000000001,MAGBAZ_clean_primitive
154.17129999999997,264.2466,460.8519999999998,490.46099999999984,964.0,1896.0,2464.0,2388.0,19.0,38.0,60.0,70.0,98.0,234.0,316.0,334.0,10.0078,21.967800000000008,31.74,34.57100000000001,MAGBAZ_clean_primitive
154.17129999999997,264.2466,460.852,490.46099999999984,964.0,1896.0,2464.0,2388.0,19.0,38.0,60.0,70.0,98.0,234.0,316.0,334.0,10.0078,21.967800000000008,31.739999999999995,34.57100000000001,MAGBAZ_clean_primitive
154.17129999999997,264.24659999999994,460.85199999999986,490.4609999999999,964.0,1896.0,2464.0,2388.0,19.0,38.0,60.0,70.0,98.0,234.0,316.0,334.0,10.0078,21.967800000000004,31.74,34.571000000000005,MAGBAZ_clean_primitive
