f-chi-0-all,f-chi-1-all,f-chi-2-all,f-chi-3-all,f-Z-0-all,f-Z-1-all,f-Z-2-all,f-Z-3-all,f-I-0-all,f-I-1-all,f-I-2-all,f-I-3-all,f-T-0-all,f-T-1-all,f-T-2-all,f-T-3-all,f-S-0-all,f-S-1-all,f-S-2-all,f-S-3-all,mc-chi-0-all,mc-chi-1-all,mc-chi-2-all,mc-chi-3-all,mc-Z-0-all,mc-Z-1-all,mc-Z-2-all,mc-Z-3-all,mc-I-0-all,mc-I-1-all,mc-I-2-all,mc-I-3-all,mc-T-0-all,mc-T-1-all,mc-T-2-all,mc-T-3-all,mc-S-0-all,mc-S-1-all,mc-S-2-all,mc-S-3-all,D_mc-chi-0-all,D_mc-chi-1-all,D_mc-chi-2-all,D_mc-chi-3-all,D_mc-Z-0-all,D_mc-Z-1-all,D_mc-Z-2-all,D_mc-Z-3-all,D_mc-I-0-all,D_mc-I-1-all,D_mc-I-2-all,D_mc-I-3-all,D_mc-T-0-all,D_mc-T-1-all,D_mc-T-2-all,D_mc-T-3-all,D_mc-S-0-all,D_mc-S-1-all,D_mc-S-2-all,D_mc-S-3-all,name
504.33769999999976,974.2080000000001,2454.7252000000008,2711.407999999999,8249.0,19680.0,33748.0,38752.0,57.0,144.0,266.0,364.0,442.0,1336.0,2212.0,2516.0,43.928099999999986,118.96080000000009,204.129,267.9684,2.402500000000001,24.882666666666662,19.392222222222227,56.70933333333333,625.0,933.3333333333334,1922.2222222222222,2133.3333333333335,1.0,4.666666666666667,5.777777777777778,11.555555555555555,23.555555555555557,60.0,109.77777777777777,136.0,1.9320999999999993,4.735266666666666,8.099066666666666,11.923111111111107,0.0,-8.82,-3.5555555555555554,-18.675555555555555,0.0,79.33333333333333,67.55555555555556,203.55555555555554,0.0,0.0,0.0,0.0,0.0,11.777777777777779,7.555555555555555,29.333333333333332,0.0,3.08,2.2044444444444444,7.484444444444445,OVEXOD_clean_primitive
504.33769999999976,974.2080000000001,2454.725200000002,2711.408,8249.0,19680.0,33748.0,38752.0,57.0,144.0,266.0,364.0,442.0,1336.0,2212.0,2516.0,43.928100000000015,118.96080000000009,204.129,267.9684000000001,2.402500000000001,24.882666666666662,19.392222222222227,56.70933333333333,625.0,933.3333333333334,1922.2222222222222,2133.3333333333335,1.0,4.666666666666667,5.777777777777778,11.555555555555555,23.555555555555557,60.0,109.77777777777777,136.0,1.9320999999999993,4.735266666666666,8.099066666666666,11.923111111111107,0.0,-8.82,-3.5555555555555554,-18.675555555555555,0.0,79.33333333333333,67.55555555555556,203.55555555555554,0.0,0.0,0.0,0.0,0.0,11.777777777777779,7.555555555555555,29.333333333333332,0.0,3.08,2.2044444444444444,7.484444444444445,OVEXOD_clean_primitive
