f-lig-chi-0,f-lig-chi-1,f-lig-chi-2,f-lig-chi-3,f-lig-Z-0,f-lig-Z-1,f-lig-Z-2,f-lig-Z-3,f-lig-I-0,f-lig-I-1,f-lig-I-2,f-lig-I-3,f-lig-T-0,f-lig-T-1,f-lig-T-2,f-lig-T-3,f-lig-S-0,f-lig-S-1,f-lig-S-2,f-lig-S-3,name
95.83250000000001,203.402,312.39779999999996,290.79159999999996,443.0,950.0,1362.0,1156.0,13.0,28.0,42.0,40.0,70.0,168.0,226.0,176.0,6.158099999999999,14.4304,20.657800000000005,17.958,IWELIG01_clean_primitive
95.8325,203.402,312.3978,290.7916,443.0,950.0,1362.0,1156.0,13.0,28.0,42.0,40.0,70.0,168.0,226.0,176.0,6.1581,14.4304,20.6578,17.958,IWELIG01_clean_primitive
95.83250000000001,203.402,312.3978,290.79159999999996,443.0,950.0,1362.0,1156.0,13.0,28.0,42.0,40.0,70.0,168.0,226.0,176.0,6.158099999999999,14.430399999999999,20.657800000000005,17.958000000000002,IWELIG01_clean_primitive
95.8325,203.40200000000002,312.39779999999996,290.79159999999996,443.0,950.0,1362.0,1156.0,13.0,28.0,42.0,40.0,70.0,168.0,226.0,176.0,6.1581,14.430399999999997,20.6578,17.958000000000002,IWELIG01_clean_primitive
95.83250000000001,203.40200000000002,312.3978,290.7916000000001,443.0,950.0,1362.0,1156.0,13.0,28.0,42.0,40.0,70.0,168.0,226.0,176.0,6.158099999999999,14.430400000000002,20.657799999999998,17.958000000000002,IWELIG01_clean_primitive
95.83250000000001,203.402,312.39779999999996,290.79159999999996,443.0,950.0,1362.0,1156.0,13.0,28.0,42.0,40.0,70.0,168.0,226.0,176.0,6.158099999999999,14.430399999999999,20.6578,17.958000000000002,IWELIG01_clean_primitive
95.8325,203.402,312.3978,290.79159999999996,443.0,950.0,1362.0,1156.0,13.0,28.0,42.0,40.0,70.0,168.0,226.0,176.0,6.1581,14.430399999999999,20.6578,17.958,IWELIG01_clean_primitive
95.8325,203.402,312.39779999999996,290.7916,443.0,950.0,1362.0,1156.0,13.0,28.0,42.0,40.0,70.0,168.0,226.0,176.0,6.158099999999999,14.430400000000002,20.6578,17.958000000000002,IWELIG01_clean_primitive
