f-chi-0-all,f-chi-1-all,f-chi-2-all,f-chi-3-all,f-Z-0-all,f-Z-1-all,f-Z-2-all,f-Z-3-all,f-I-0-all,f-I-1-all,f-I-2-all,f-I-3-all,f-T-0-all,f-T-1-all,f-T-2-all,f-T-3-all,f-S-0-all,f-S-1-all,f-S-2-all,f-S-3-all,mc-chi-0-all,mc-chi-1-all,mc-chi-2-all,mc-chi-3-all,mc-Z-0-all,mc-Z-1-all,mc-Z-2-all,mc-Z-3-all,mc-I-0-all,mc-I-1-all,mc-I-2-all,mc-I-3-all,mc-T-0-all,mc-T-1-all,mc-T-2-all,mc-T-3-all,mc-S-0-all,mc-S-1-all,mc-S-2-all,mc-S-3-all,D_mc-chi-0-all,D_mc-chi-1-all,D_mc-chi-2-all,D_mc-chi-3-all,D_mc-Z-0-all,D_mc-Z-1-all,D_mc-Z-2-all,D_mc-Z-3-all,D_mc-I-0-all,D_mc-I-1-all,D_mc-I-2-all,D_mc-I-3-all,D_mc-T-0-all,D_mc-T-1-all,D_mc-T-2-all,D_mc-T-3-all,D_mc-S-0-all,D_mc-S-1-all,D_mc-S-2-all,D_mc-S-3-all,name
808.3176000000011,1987.8048000000006,5696.518400000005,7691.766400000008,12900.0,35760.0,65168.0,83856.0,100.0,288.0,664.0,1008.0,1000.0,3216.0,6096.0,8736.0,69.05679999999997,217.06719999999981,446.75519999999995,676.1632000000006,3.5343999999999984,37.29919999999999,32.636799999999994,82.29386666666663,729.0,1242.0,2322.0,2520.0,1.0,6.0,7.333333333333333,15.333333333333334,36.0,92.0,168.0,244.0,1.5876000000000001,5.569200000000001,8.349600000000002,13.5828,0.0,-8.56,-3.5733333333333337,-14.946666666666667,0.0,116.0,112.0,320.6666666666667,0.0,0.0,0.0,0.0,0.0,20.666666666666668,16.0,51.333333333333336,0.0,3.1400000000000006,2.6133333333333337,8.540000000000001,IWELIG01_clean_primitive
