f-lig-chi-0,f-lig-chi-1,f-lig-chi-2,f-lig-chi-3,f-lig-Z-0,f-lig-Z-1,f-lig-Z-2,f-lig-Z-3,f-lig-I-0,f-lig-I-1,f-lig-I-2,f-lig-I-3,f-lig-T-0,f-lig-T-1,f-lig-T-2,f-lig-T-3,f-lig-S-0,f-lig-S-1,f-lig-S-2,f-lig-S-3,name
125.708,225.41999999999996,349.9683999999999,408.947,611.0,1092.0,1624.0,1616.0,16.0,32.0,48.0,58.0,80.0,192.0,256.0,250.0,7.8184,16.816800000000004,24.153600000000004,26.32100000000001,OFUYUL_SL_primitive
125.708,225.41999999999996,349.9683999999999,408.94699999999995,611.0,1092.0,1624.0,1616.0,16.0,32.0,48.0,58.0,80.0,192.0,256.0,250.0,7.8184,16.8168,24.153599999999997,26.321000000000005,OFUYUL_SL_primitive
125.70800000000001,225.41999999999996,349.9683999999999,408.94699999999995,611.0,1092.0,1624.0,1616.0,16.0,32.0,48.0,58.0,80.0,192.0,256.0,250.0,7.818399999999999,16.816800000000004,24.1536,26.32100000000001,OFUYUL_SL_primitive
125.708,225.41999999999996,349.9684,408.947,611.0,1092.0,1624.0,1616.0,16.0,32.0,48.0,58.0,80.0,192.0,256.0,250.0,7.818399999999999,16.8168,24.153600000000004,26.32100000000001,OFUYUL_SL_primitive
125.708,225.41999999999996,349.9684,408.947,611.0,1092.0,1624.0,1616.0,16.0,32.0,48.0,58.0,80.0,192.0,256.0,250.0,7.8184,16.816800000000004,24.153599999999997,26.321000000000005,OFUYUL_SL_primitive
125.708,225.42000000000002,349.96840000000003,408.94700000000006,611.0,1092.0,1624.0,1616.0,16.0,32.0,48.0,58.0,80.0,192.0,256.0,250.0,7.8184000000000005,16.816800000000004,24.1536,26.321000000000005,OFUYUL_SL_primitive
125.708,225.41999999999996,349.9683999999999,408.947,611.0,1092.0,1624.0,1616.0,16.0,32.0,48.0,58.0,80.0,192.0,256.0,250.0,7.8184,16.8168,24.1536,26.32100000000001,OFUYUL_SL_primitive
125.708,225.41999999999996,349.9683999999999,408.94699999999995,611.0,1092.0,1624.0,1616.0,16.0,32.0,48.0,58.0,80.0,192.0,256.0,250.0,7.8184,16.8168,24.1536,26.32100000000001,OFUYUL_SL_primitive
