f-lig-chi-0,f-lig-chi-1,f-lig-chi-2,f-lig-chi-3,f-lig-Z-0,f-lig-Z-1,f-lig-Z-2,f-lig-Z-3,f-lig-I-0,f-lig-I-1,f-lig-I-2,f-lig-I-3,f-lig-T-0,f-lig-T-1,f-lig-T-2,f-lig-T-3,f-lig-S-0,f-lig-S-1,f-lig-S-2,f-lig-S-3,name
250.4337999999999,477.2069999999999,752.6707999999998,926.099,1168.0,2232.0,3344.0,3554.0,34.0,70.0,108.0,140.0,178.0,438.0,620.0,692.0,16.0306,36.08220000000001,53.2044,62.62840000000002,MOCKAR_clean_primitive
250.4337999999999,477.20699999999994,752.6707999999998,926.0990000000002,1168.0,2232.0,3344.0,3554.0,34.0,70.0,108.0,140.0,178.0,438.0,620.0,692.0,16.0306,36.08220000000001,53.20440000000001,62.62840000000002,MOCKAR_clean_primitive
250.4337999999999,477.20699999999994,752.6707999999998,926.0990000000002,1168.0,2232.0,3344.0,3554.0,34.0,70.0,108.0,140.0,178.0,438.0,620.0,692.0,16.0306,36.08220000000001,53.20440000000001,62.62840000000002,MOCKAR_clean_primitive
