f-link-chi-0,f-link-chi-1,f-link-chi-2,f-link-chi-3,f-link-Z-0,f-link-Z-1,f-link-Z-2,f-link-Z-3,f-link-I-0,f-link-I-1,f-link-I-2,f-link-I-3,f-link-T-0,f-link-T-1,f-link-T-2,f-link-T-3,f-link-S-0,f-link-S-1,f-link-S-2,f-link-S-3,name
769.3201000000012,1616.0769999999986,2794.1508,3502.3435999999992,2842.0,6196.0,9108.0,11444.0,119.0,246.0,432.0,540.0,678.0,1674.0,2354.0,3082.0,44.971099999999986,111.08139999999987,170.58399999999995,218.71559999999982,BAFBIW
769.320100000001,1616.0769999999986,2794.150799999999,3502.343600000001,2842.0,6196.0,9108.0,11444.0,119.0,246.0,432.0,540.0,678.0,1674.0,2354.0,3082.0,44.97109999999996,111.08139999999985,170.58399999999995,218.71559999999988,BAFBIW
