f-lig-chi-0,f-lig-chi-1,f-lig-chi-2,f-lig-chi-3,f-lig-Z-0,f-lig-Z-1,f-lig-Z-2,f-lig-Z-3,f-lig-I-0,f-lig-I-1,f-lig-I-2,f-lig-I-3,f-lig-T-0,f-lig-T-1,f-lig-T-2,f-lig-T-3,f-lig-S-0,f-lig-S-1,f-lig-S-2,f-lig-S-3,name
282.2638,561.5832000000001,916.3265999999995,1186.4369999999997,1441.0,3012.0,4560.0,5304.0,41.0,86.0,138.0,186.0,224.0,566.0,834.0,978.0,18.947599999999998,44.929400000000015,68.80140000000003,85.48980000000002,ACODON_clean_primitive
282.2638,561.5832000000001,916.3265999999995,1186.4369999999997,1441.0,3012.0,4560.0,5304.0,41.0,86.0,138.0,186.0,224.0,566.0,834.0,978.0,18.947599999999998,44.929400000000015,68.80140000000003,85.48980000000002,ACODON_clean_primitive
282.2638,561.5832000000001,916.3265999999998,1186.437,1441.0,3012.0,4560.0,5304.0,41.0,86.0,138.0,186.0,224.0,566.0,834.0,978.0,18.947600000000005,44.92940000000002,68.80140000000002,85.4898,ACODON_clean_primitive
282.2638,561.5832,916.3265999999998,1186.437,1441.0,3012.0,4560.0,5304.0,41.0,86.0,138.0,186.0,224.0,566.0,834.0,978.0,18.947600000000005,44.92940000000002,68.80140000000002,85.4898,ACODON_clean_primitive
35.009699999999995,46.30799999999999,53.9392,0.0,165.0,204.0,160.0,0.0,4.0,6.0,6.0,0.0,12.0,18.0,6.0,0.0,1.7955999999999999,2.8182,2.1462,0.0,ACODON_clean_primitive
35.0097,46.30799999999999,53.9392,0.0,165.0,204.0,160.0,0.0,4.0,6.0,6.0,0.0,12.0,18.0,6.0,0.0,1.7955999999999999,2.8182,2.1462,0.0,ACODON_clean_primitive
