f-lig-chi-0,f-lig-chi-1,f-lig-chi-2,f-lig-chi-3,f-lig-Z-0,f-lig-Z-1,f-lig-Z-2,f-lig-Z-3,f-lig-I-0,f-lig-I-1,f-lig-I-2,f-lig-I-3,f-lig-T-0,f-lig-T-1,f-lig-T-2,f-lig-T-3,f-lig-S-0,f-lig-S-1,f-lig-S-2,f-lig-S-3,name
245.34380000000002,524.0250000000001,921.644,1116.6802,956.0,2124.0,3176.0,3604.0,37.0,78.0,138.0,172.0,216.0,544.0,768.0,848.0,14.765300000000002,36.45180000000002,56.8278,67.05760000000001,QARTAG_clean_primitive
177.08939999999998,355.011,557.1304,682.4420000000001,768.0,1560.0,2272.0,2360.0,26.0,54.0,84.0,108.0,138.0,342.0,484.0,524.0,11.527399999999998,26.84220000000001,39.461200000000005,45.10840000000001,QARTAG_clean_primitive
177.08939999999996,355.011,557.1304000000001,682.442,768.0,1560.0,2272.0,2360.0,26.0,54.0,84.0,108.0,138.0,342.0,484.0,524.0,11.5274,26.84220000000001,39.4612,45.10840000000002,QARTAG_clean_primitive
245.3438,524.025,921.6440000000001,1116.6802,956.0,2124.0,3176.0,3604.0,37.0,78.0,138.0,172.0,216.0,544.0,768.0,848.0,14.765300000000002,36.45180000000002,56.82780000000001,67.05760000000001,QARTAG_clean_primitive
245.34380000000002,524.0250000000002,921.6439999999998,1116.6802000000002,956.0,2124.0,3176.0,3604.0,37.0,78.0,138.0,172.0,216.0,544.0,768.0,848.0,14.765300000000003,36.45180000000001,56.8278,67.05760000000001,QARTAG_clean_primitive
245.34380000000002,524.0250000000002,921.6439999999998,1116.6802000000002,956.0,2124.0,3176.0,3604.0,37.0,78.0,138.0,172.0,216.0,544.0,768.0,848.0,14.765300000000009,36.45180000000002,56.82780000000002,67.05759999999998,QARTAG_clean_primitive
177.08939999999998,355.01099999999997,557.1303999999999,682.442,768.0,1560.0,2272.0,2360.0,26.0,54.0,84.0,108.0,138.0,342.0,484.0,524.0,11.5274,26.842200000000005,39.461200000000005,45.10840000000001,QARTAG_clean_primitive
177.08939999999998,355.0110000000001,557.1304000000002,682.4419999999998,768.0,1560.0,2272.0,2360.0,26.0,54.0,84.0,108.0,138.0,342.0,484.0,524.0,11.527400000000002,26.84220000000001,39.461200000000005,45.1084,QARTAG_clean_primitive
