f-chi-0-all,f-chi-1-all,f-chi-2-all,f-chi-3-all,f-Z-0-all,f-Z-1-all,f-Z-2-all,f-Z-3-all,f-I-0-all,f-I-1-all,f-I-2-all,f-I-3-all,f-T-0-all,f-T-1-all,f-T-2-all,f-T-3-all,f-S-0-all,f-S-1-all,f-S-2-all,f-S-3-all,mc-chi-0-all,mc-chi-1-all,mc-chi-2-all,mc-chi-3-all,mc-Z-0-all,mc-Z-1-all,mc-Z-2-all,mc-Z-3-all,mc-I-0-all,mc-I-1-all,mc-I-2-all,mc-I-3-all,mc-T-0-all,mc-T-1-all,mc-T-2-all,mc-T-3-all,mc-S-0-all,mc-S-1-all,mc-S-2-all,mc-S-3-all,D_mc-chi-0-all,D_mc-chi-1-all,D_mc-chi-2-all,D_mc-chi-3-all,D_mc-Z-0-all,D_mc-Z-1-all,D_mc-Z-2-all,D_mc-Z-3-all,D_mc-I-0-all,D_mc-I-1-all,D_mc-I-2-all,D_mc-I-3-all,D_mc-T-0-all,D_mc-T-1-all,D_mc-T-2-all,D_mc-T-3-all,D_mc-S-0-all,D_mc-S-1-all,D_mc-S-2-all,D_mc-S-3-all,name
446.8349999999998,795.0655999999998,1573.2492,2276.1088,16164.0,23712.0,34592.0,28992.0,54.0,112.0,184.0,280.0,304.0,824.0,1168.0,1288.0,40.27999999999999,92.46319999999999,144.45959999999997,182.996,2.8560999999999996,26.67946666666667,24.888066666666663,63.45386666666666,2304.0,1760.0,3072.0,3680.0,1.0,4.666666666666667,6.0,13.333333333333334,22.0,54.0,99.33333333333333,146.66666666666666,2.1904,5.061599999999999,7.538133333333332,13.319999999999995,0.0,-7.8999999999999995,-4.586666666666665,-15.01333333333333,0.0,187.33333333333334,224.0,563.3333333333334,0.0,0.0,0.0,0.0,0.0,10.666666666666666,8.0,33.333333333333336,0.0,3.486666666666667,3.7866666666666666,10.733333333333334,QARTAG_clean_primitive
