f-sbu-chi-0,f-sbu-chi-1,f-sbu-chi-2,f-sbu-chi-3,f-sbu-Z-0,f-sbu-Z-1,f-sbu-Z-2,f-sbu-Z-3,f-sbu-I-0,f-sbu-I-1,f-sbu-I-2,f-sbu-I-3,f-sbu-T-0,f-sbu-T-1,f-sbu-T-2,f-sbu-T-3,f-sbu-S-0,f-sbu-S-1,f-sbu-S-2,f-sbu-S-3,mc-chi-0,mc-chi-1,mc-chi-2,mc-chi-3,mc-Z-0,mc-Z-1,mc-Z-2,mc-Z-3,mc-I-0,mc-I-1,mc-I-2,mc-I-3,mc-T-0,mc-T-1,mc-T-2,mc-T-3,mc-S-0,mc-S-1,mc-S-2,mc-S-3,D_mc-chi-0,D_mc-chi-1,D_mc-chi-2,D_mc-chi-3,D_mc-Z-0,D_mc-Z-1,D_mc-Z-2,D_mc-Z-3,D_mc-I-0,D_mc-I-1,D_mc-I-2,D_mc-I-3,D_mc-T-0,D_mc-T-1,D_mc-T-2,D_mc-T-3,D_mc-S-0,D_mc-S-1,D_mc-S-2,D_mc-S-3,name
198.00009999999997,345.71999999999986,942.4878000000002,953.1551999999999,1480.0,4032.0,7200.0,8640.0,22.0,54.0,102.0,132.0,156.0,426.0,726.0,840.0,16.281399999999998,43.9314,75.64859999999999,95.92199999999998,1.7161000000000002,22.532,16.7942,49.413199999999996,144.0,480.0,576.0,1056.0,1.0,5.0,6.0,12.0,25.0,55.0,110.0,140.0,1.9321,5.073499999999999,8.145399999999997,12.398799999999996,0.0,-10.649999999999999,-4.96,-21.999999999999996,0.0,20.0,24.0,56.0,0.0,0.0,0.0,0.0,0.0,14.0,8.0,32.0,0.0,3.3000000000000003,2.48,7.760000000000001,DAFYAN
198.00009999999997,345.7199999999999,942.4878000000001,953.1551999999998,1480.0,4032.0,7200.0,8640.0,22.0,54.0,102.0,132.0,156.0,426.0,726.0,840.0,16.281399999999998,43.9314,75.64859999999999,95.92199999999998,1.7161000000000002,22.532,16.7942,49.413199999999996,144.0,480.0,576.0,1056.0,1.0,5.0,6.0,12.0,25.0,55.0,110.0,140.0,1.9321,5.073499999999999,8.145399999999997,12.398799999999996,0.0,-10.649999999999999,-4.96,-21.999999999999996,0.0,20.0,24.0,56.0,0.0,0.0,0.0,0.0,0.0,14.0,8.0,32.0,0.0,3.3000000000000003,2.48,7.760000000000001,DAFYAN
