f-lig-chi-0,f-lig-chi-1,f-lig-chi-2,f-lig-chi-3,f-lig-Z-0,f-lig-Z-1,f-lig-Z-2,f-lig-Z-3,f-lig-I-0,f-lig-I-1,f-lig-I-2,f-lig-I-3,f-lig-T-0,f-lig-T-1,f-lig-T-2,f-lig-T-3,f-lig-S-0,f-lig-S-1,f-lig-S-2,f-lig-S-3,name
139.8423,243.52499999999992,374.4145999999999,409.5964,735.0,1284.0,1934.0,2068.0,16.0,32.0,46.0,50.0,78.0,180.0,226.0,228.0,8.6096,17.864000000000004,25.081399999999995,26.7146,HORCUN_clean_primitive
139.84229999999997,243.52499999999992,374.41459999999995,409.5964,735.0,1284.0,1934.0,2068.0,16.0,32.0,46.0,50.0,78.0,180.0,226.0,228.0,8.6096,17.864,25.0814,26.7146,HORCUN_clean_primitive
139.84229999999997,243.52499999999992,374.41459999999995,409.5964,735.0,1284.0,1934.0,2068.0,16.0,32.0,46.0,50.0,78.0,180.0,226.0,228.0,8.6096,17.864,25.0814,26.7146,HORCUN_clean_primitive
139.8423,243.52499999999995,374.4145999999999,409.59639999999996,735.0,1284.0,1934.0,2068.0,16.0,32.0,46.0,50.0,78.0,180.0,226.0,228.0,8.609599999999999,17.864000000000004,25.0814,26.7146,HORCUN_clean_primitive
