f-chi-0-all,f-chi-1-all,f-chi-2-all,f-chi-3-all,f-Z-0-all,f-Z-1-all,f-Z-2-all,f-Z-3-all,f-I-0-all,f-I-1-all,f-I-2-all,f-I-3-all,f-T-0-all,f-T-1-all,f-T-2-all,f-T-3-all,f-S-0-all,f-S-1-all,f-S-2-all,f-S-3-all,mc-chi-0-all,mc-chi-1-all,mc-chi-2-all,mc-chi-3-all,mc-Z-0-all,mc-Z-1-all,mc-Z-2-all,mc-Z-3-all,mc-I-0-all,mc-I-1-all,mc-I-2-all,mc-I-3-all,mc-T-0-all,mc-T-1-all,mc-T-2-all,mc-T-3-all,mc-S-0-all,mc-S-1-all,mc-S-2-all,mc-S-3-all,D_mc-chi-0-all,D_mc-chi-1-all,D_mc-chi-2-all,D_mc-chi-3-all,D_mc-Z-0-all,D_mc-Z-1-all,D_mc-Z-2-all,D_mc-Z-3-all,D_mc-I-0-all,D_mc-I-1-all,D_mc-I-2-all,D_mc-I-3-all,D_mc-T-0-all,D_mc-T-1-all,D_mc-T-2-all,D_mc-T-3-all,D_mc-S-0-all,D_mc-S-1-all,D_mc-S-2-all,D_mc-S-3-all,name
204.91939999999994,389.8663999999999,999.0084,1009.6632,10346.0,14368.0,14784.0,11248.0,24.0,60.0,112.0,124.0,180.0,496.0,756.0,700.0,17.828000000000003,49.64519999999997,78.62640000000002,77.98440000000004,1.5376,25.097599999999996,18.971999999999998,25.444799999999997,4624.0,3196.0,2448.0,3264.0,1.0,6.0,6.0,7.0,36.0,78.0,108.0,102.0,2.7224999999999997,7.259999999999998,7.623,8.6955,0.0,-12.8,-7.8599999999999985,-11.84,0.0,361.0,372.0,428.0,0.0,0.0,0.0,0.0,0.0,23.0,18.0,25.0,0.0,5.5,5.279999999999999,6.279999999999999,HORCUN_clean_primitive
204.91939999999994,389.8663999999999,999.0083999999998,1009.6632000000001,10346.0,14368.0,14784.0,11248.0,24.0,60.0,112.0,124.0,180.0,496.0,756.0,700.0,17.828000000000003,49.64519999999997,78.62639999999999,77.98440000000001,1.5376,25.097599999999996,18.971999999999998,25.444799999999997,4624.0,3196.0,2448.0,3264.0,1.0,6.0,6.0,7.0,36.0,78.0,108.0,102.0,2.7224999999999997,7.259999999999998,7.623,8.6955,0.0,-12.8,-7.8599999999999985,-11.84,0.0,361.0,372.0,428.0,0.0,0.0,0.0,0.0,0.0,23.0,18.0,25.0,0.0,5.5,5.279999999999999,6.279999999999999,HORCUN_clean_primitive
