f-chi-0-all,f-chi-1-all,f-chi-2-all,f-chi-3-all,f-Z-0-all,f-Z-1-all,f-Z-2-all,f-Z-3-all,f-I-0-all,f-I-1-all,f-I-2-all,f-I-3-all,f-T-0-all,f-T-1-all,f-T-2-all,f-T-3-all,f-S-0-all,f-S-1-all,f-S-2-all,f-S-3-all,mc-chi-0-all,mc-chi-1-all,mc-chi-2-all,mc-chi-3-all,mc-Z-0-all,mc-Z-1-all,mc-Z-2-all,mc-Z-3-all,mc-I-0-all,mc-I-1-all,mc-I-2-all,mc-I-3-all,mc-T-0-all,mc-T-1-all,mc-T-2-all,mc-T-3-all,mc-S-0-all,mc-S-1-all,mc-S-2-all,mc-S-3-all,D_mc-chi-0-all,D_mc-chi-1-all,D_mc-chi-2-all,D_mc-chi-3-all,D_mc-Z-0-all,D_mc-Z-1-all,D_mc-Z-2-all,D_mc-Z-3-all,D_mc-I-0-all,D_mc-I-1-all,D_mc-I-2-all,D_mc-I-3-all,D_mc-T-0-all,D_mc-T-1-all,D_mc-T-2-all,D_mc-T-3-all,D_mc-S-0-all,D_mc-S-1-all,D_mc-S-2-all,D_mc-S-3-all,name
140.41639999999998,215.48159999999993,699.1487999999999,742.2143999999998,4118.0,8256.0,7992.0,4032.0,15.0,32.0,68.0,80.0,108.0,304.0,352.0,208.0,10.416699999999999,27.915200000000002,44.77319999999999,44.61760000000001,1.2544000000000002,30.822400000000005,18.2336,30.553600000000007,3364.0,3712.0,2204.0,3712.0,1.0,8.0,6.0,10.0,64.0,128.0,144.0,208.0,2.6569,9.5192,7.465399999999999,12.4206,0.0,-18.56,-9.559999999999999,-16.08,0.0,400.0,310.0,516.0,0.0,0.0,0.0,0.0,0.0,48.0,30.0,54.0,0.0,7.2,5.199999999999999,8.679999999999996,FEZQEI_clean_primitive
164.0836,257.3119999999999,793.8176,757.6255999999998,4246.0,8480.0,8504.0,5888.0,17.0,36.0,76.0,84.0,120.0,332.0,400.0,288.0,11.482499999999998,30.105200000000004,49.03639999999998,49.37720000000001,1.2544000000000002,30.822400000000005,18.2336,30.553600000000007,3364.0,3712.0,2204.0,3712.0,1.0,8.0,6.0,10.0,64.0,128.0,144.0,208.0,2.6569,9.5192,7.465399999999999,12.4206,0.0,-18.56,-9.559999999999999,-16.08,0.0,400.0,310.0,516.0,0.0,0.0,0.0,0.0,0.0,48.0,30.0,54.0,0.0,7.2,5.199999999999999,8.679999999999996,FEZQEI_clean_primitive
140.4164,215.48159999999993,699.1487999999999,742.2143999999997,4118.0,8256.0,7992.0,4032.0,15.0,32.0,68.0,80.0,108.0,304.0,352.0,208.0,10.416699999999999,27.9152,44.77319999999999,44.6176,1.2544000000000002,30.822400000000005,18.2336,30.553600000000007,3364.0,3712.0,2204.0,3712.0,1.0,8.0,6.0,10.0,64.0,128.0,144.0,208.0,2.6569,9.5192,7.465399999999999,12.4206,0.0,-18.56,-9.559999999999999,-16.08,0.0,400.0,310.0,516.0,0.0,0.0,0.0,0.0,0.0,48.0,30.0,54.0,0.0,7.2,5.199999999999999,8.679999999999996,FEZQEI_clean_primitive
