f-link-chi-0,f-link-chi-1,f-link-chi-2,f-link-chi-3,f-link-Z-0,f-link-Z-1,f-link-Z-2,f-link-Z-3,f-link-I-0,f-link-I-1,f-link-I-2,f-link-I-3,f-link-T-0,f-link-T-1,f-link-T-2,f-link-T-3,f-link-S-0,f-link-S-1,f-link-S-2,f-link-S-3,name
118.7144,219.096,337.3204,385.38699999999994,548.0,1008.0,1456.0,1420.0,16.0,32.0,48.0,58.0,80.0,192.0,256.0,250.0,7.4224,16.262400000000003,23.044800000000006,24.679399999999994,WAFKEU02
122.52319999999997,560.184,976.3439999999999,538.6831999999999,674.0,3072.0,5376.0,2978.0,18.0,80.0,144.0,82.0,384.0,1792.0,2816.0,1408.0,10.611400000000001,46.939200000000014,84.88480000000001,48.55700000000001,WAFKEU02
118.7144,219.096,337.3204,385.38699999999994,548.0,1008.0,1456.0,1420.0,16.0,32.0,48.0,58.0,80.0,192.0,256.0,250.0,7.4224,16.262400000000003,23.044800000000006,24.679399999999994,WAFKEU02
