f-chi-0-all,f-chi-1-all,f-chi-2-all,f-chi-3-all,f-Z-0-all,f-Z-1-all,f-Z-2-all,f-Z-3-all,f-I-0-all,f-I-1-all,f-I-2-all,f-I-3-all,f-T-0-all,f-T-1-all,f-T-2-all,f-T-3-all,f-S-0-all,f-S-1-all,f-S-2-all,f-S-3-all,mc-chi-0-all,mc-chi-1-all,mc-chi-2-all,mc-chi-3-all,mc-Z-0-all,mc-Z-1-all,mc-Z-2-all,mc-Z-3-all,mc-I-0-all,mc-I-1-all,mc-I-2-all,mc-I-3-all,mc-T-0-all,mc-T-1-all,mc-T-2-all,mc-T-3-all,mc-S-0-all,mc-S-1-all,mc-S-2-all,mc-S-3-all,D_mc-chi-0-all,D_mc-chi-1-all,D_mc-chi-2-all,D_mc-chi-3-all,D_mc-Z-0-all,D_mc-Z-1-all,D_mc-Z-2-all,D_mc-Z-3-all,D_mc-I-0-all,D_mc-I-1-all,D_mc-I-2-all,D_mc-I-3-all,D_mc-T-0-all,D_mc-T-1-all,D_mc-T-2-all,D_mc-T-3-all,D_mc-S-0-all,D_mc-S-1-all,D_mc-S-2-all,D_mc-S-3-all,name
185.19139999999996,341.4072000000001,912.4658000000002,673.8383999999999,2794.0,6984.0,9896.0,9032.0,21.0,48.0,94.0,84.0,142.0,360.0,528.0,440.0,14.6245,36.936800000000005,63.288599999999974,58.727600000000024,3.3489000000000004,37.2588,22.0149,56.144400000000005,676.0,1482.0,1300.0,2106.0,1.0,6.0,5.0,9.0,36.0,66.0,108.0,102.0,1.5625,5.8,5.4125,8.5375,0.0,-9.379999999999999,-2.879999999999999,-14.209999999999997,0.0,99.0,80.0,153.0,0.0,0.0,0.0,0.0,0.0,25.0,12.0,37.0,0.0,2.86,1.92,4.42,DALSER_clean_primitive
185.19139999999996,341.4072000000001,912.4658000000002,673.8383999999999,2794.0,6984.0,9896.0,9032.0,21.0,48.0,94.0,84.0,142.0,360.0,528.0,440.0,14.6245,36.936800000000005,63.288599999999974,58.727600000000024,3.3489000000000004,37.2588,22.0149,56.144400000000005,676.0,1482.0,1300.0,2106.0,1.0,6.0,5.0,9.0,36.0,66.0,108.0,102.0,1.5625,5.8,5.4125,8.5375,0.0,-9.379999999999999,-2.879999999999999,-14.209999999999997,0.0,99.0,80.0,153.0,0.0,0.0,0.0,0.0,0.0,25.0,12.0,37.0,0.0,2.86,1.92,4.42,DALSER_clean_primitive
