f-lig-chi-0,f-lig-chi-1,f-lig-chi-2,f-lig-chi-3,f-lig-Z-0,f-lig-Z-1,f-lig-Z-2,f-lig-Z-3,f-lig-I-0,f-lig-I-1,f-lig-I-2,f-lig-I-3,f-lig-T-0,f-lig-T-1,f-lig-T-2,f-lig-T-3,f-lig-S-0,f-lig-S-1,f-lig-S-2,f-lig-S-3,name
288.3191,608.3060000000002,970.2714,1281.7740000000006,1226.0,2624.0,4002.0,4764.0,43.0,92.0,148.0,200.0,240.0,612.0,924.0,1124.0,18.750700000000016,45.494000000000014,70.08840000000002,87.48240000000001,JORSEQ_clean_primitive
288.3191,608.3060000000002,970.2714,1281.7740000000006,1226.0,2624.0,4002.0,4764.0,43.0,92.0,148.0,200.0,240.0,612.0,924.0,1124.0,18.750700000000016,45.494000000000014,70.08840000000002,87.48240000000001,JORSEQ_clean_primitive
78.573,165.0112,219.1522,174.98240000000007,321.0,658.0,880.0,476.0,11.0,22.0,30.0,24.0,52.0,116.0,134.0,92.0,4.5459,10.274999999999999,13.0726,9.0,JORSEQ_clean_primitive
78.573,165.0112,219.1522,174.98240000000007,321.0,658.0,880.0,476.0,11.0,22.0,30.0,24.0,52.0,116.0,134.0,92.0,4.5459,10.275,13.072599999999998,9.0,JORSEQ_clean_primitive
78.57300000000001,165.0112,219.15220000000002,174.98240000000004,321.0,658.0,880.0,476.0,11.0,22.0,30.0,24.0,52.0,116.0,134.0,92.0,4.5459,10.275,13.0726,9.0,JORSEQ_clean_primitive
78.57300000000001,165.0112,219.15220000000002,174.98240000000004,321.0,658.0,880.0,476.0,11.0,22.0,30.0,24.0,52.0,116.0,134.0,92.0,4.5459000000000005,10.274999999999999,13.0726,9.0,JORSEQ_clean_primitive
