f-link-chi-0,f-link-chi-1,f-link-chi-2,f-link-chi-3,f-link-Z-0,f-link-Z-1,f-link-Z-2,f-link-Z-3,f-link-I-0,f-link-I-1,f-link-I-2,f-link-I-3,f-link-T-0,f-link-T-1,f-link-T-2,f-link-T-3,f-link-S-0,f-link-S-1,f-link-S-2,f-link-S-3,name
128.8782,384.9990000000001,499.21600000000007,478.99999999999994,606.0,1920.0,2332.0,2024.0,20.0,58.0,76.0,76.0,194.0,666.0,764.0,660.0,9.973200000000004,31.73940000000001,39.918000000000006,36.985200000000006,CIKCEG
155.62849999999997,303.909,449.92839999999995,511.5809999999999,776.0,1524.0,2176.0,2220.0,21.0,44.0,64.0,76.0,108.0,260.0,360.0,382.0,10.812500000000002,23.931600000000007,33.7016,37.144800000000004,CIKCEG
155.6285,303.909,449.9284,511.58099999999996,776.0,1524.0,2176.0,2220.0,21.0,44.0,64.0,76.0,108.0,260.0,360.0,382.0,10.812500000000002,23.931600000000007,33.701600000000006,37.14480000000001,CIKCEG
128.8782,384.999,499.21600000000007,478.9999999999999,606.0,1920.0,2332.0,2024.0,20.0,58.0,76.0,76.0,194.0,666.0,764.0,660.0,9.973200000000002,31.739400000000007,39.918000000000006,36.985200000000006,CIKCEG
