f-lig-chi-0,f-lig-chi-1,f-lig-chi-2,f-lig-chi-3,f-lig-Z-0,f-lig-Z-1,f-lig-Z-2,f-lig-Z-3,f-lig-I-0,f-lig-I-1,f-lig-I-2,f-lig-I-3,f-lig-T-0,f-lig-T-1,f-lig-T-2,f-lig-T-3,f-lig-S-0,f-lig-S-1,f-lig-S-2,f-lig-S-3,name
358.1840999999999,741.7440000000004,1137.1056000000003,1392.3929999999996,1587.0,3348.0,4776.0,4980.0,54.0,114.0,174.0,222.0,288.0,708.0,978.0,1014.0,24.816600000000008,57.98100000000003,83.95500000000003,95.84460000000001,ZARLIP_clean_primitive
358.1841,741.7440000000003,1137.1055999999996,1392.3930000000005,1587.0,3348.0,4776.0,4980.0,54.0,114.0,174.0,222.0,288.0,708.0,978.0,1014.0,24.81660000000001,57.98100000000002,83.955,95.84459999999999,ZARLIP_clean_primitive
358.18409999999983,741.7440000000006,1137.1055999999996,1392.3930000000003,1587.0,3348.0,4776.0,4980.0,54.0,114.0,174.0,222.0,288.0,708.0,978.0,1014.0,24.816600000000022,57.98100000000003,83.95500000000001,95.84460000000003,ZARLIP_clean_primitive
358.1840999999998,741.7440000000004,1137.1056000000005,1392.3930000000003,1587.0,3348.0,4776.0,4980.0,54.0,114.0,174.0,222.0,288.0,708.0,978.0,1014.0,24.816600000000015,57.98100000000002,83.95499999999998,95.84460000000003,ZARLIP_clean_primitive
358.18409999999983,741.7440000000005,1137.1056000000003,1392.3930000000005,1587.0,3348.0,4776.0,4980.0,54.0,114.0,174.0,222.0,288.0,708.0,978.0,1014.0,24.81660000000001,57.98100000000003,83.955,95.84460000000003,ZARLIP_clean_primitive
358.18409999999994,741.7440000000003,1137.1056,1392.393,1587.0,3348.0,4776.0,4980.0,54.0,114.0,174.0,222.0,288.0,708.0,978.0,1014.0,24.8166,57.98100000000003,83.955,95.8446,ZARLIP_clean_primitive
