f-lig-chi-0,f-lig-chi-1,f-lig-chi-2,f-lig-chi-3,f-lig-Z-0,f-lig-Z-1,f-lig-Z-2,f-lig-Z-3,f-lig-I-0,f-lig-I-1,f-lig-I-2,f-lig-I-3,f-lig-T-0,f-lig-T-1,f-lig-T-2,f-lig-T-3,f-lig-S-0,f-lig-S-1,f-lig-S-2,f-lig-S-3,name
138.9545,289.4462,446.5556,470.4600000000001,605.0,1286.0,1808.0,1596.0,20.0,42.0,64.0,72.0,106.0,258.0,358.0,344.0,8.9108,20.867800000000003,29.975600000000007,29.9332,YIXYUB_clean_primitive
138.9545,289.4462,446.5556000000001,470.4600000000001,605.0,1286.0,1808.0,1596.0,20.0,42.0,64.0,72.0,106.0,258.0,358.0,344.0,8.9108,20.867800000000003,29.975600000000007,29.9332,YIXYUB_clean_primitive
138.95450000000002,289.44620000000003,446.5556,470.46000000000004,605.0,1286.0,1808.0,1596.0,20.0,42.0,64.0,72.0,106.0,258.0,358.0,344.0,8.9108,20.867800000000003,29.97560000000001,29.9332,YIXYUB_clean_primitive
138.95450000000002,289.44620000000003,446.5556,470.46000000000004,605.0,1286.0,1808.0,1596.0,20.0,42.0,64.0,72.0,106.0,258.0,358.0,344.0,8.9108,20.867800000000003,29.97560000000001,29.9332,YIXYUB_clean_primitive
138.9545,289.44620000000003,446.55559999999997,470.4600000000001,605.0,1286.0,1808.0,1596.0,20.0,42.0,64.0,72.0,106.0,258.0,358.0,344.0,8.9108,20.867800000000003,29.9756,29.933200000000003,YIXYUB_clean_primitive
138.9545,289.44620000000003,446.5556,470.46000000000004,605.0,1286.0,1808.0,1596.0,20.0,42.0,64.0,72.0,106.0,258.0,358.0,344.0,8.9108,20.867800000000003,29.975600000000007,29.93320000000001,YIXYUB_clean_primitive
138.9545,289.44620000000003,446.5556,470.46000000000004,605.0,1286.0,1808.0,1596.0,20.0,42.0,64.0,72.0,106.0,258.0,358.0,344.0,8.9108,20.867800000000003,29.975600000000007,29.933200000000003,YIXYUB_clean_primitive
138.9545,289.44620000000003,446.55559999999997,470.4600000000001,605.0,1286.0,1808.0,1596.0,20.0,42.0,64.0,72.0,106.0,258.0,358.0,344.0,8.9108,20.867800000000003,29.9756,29.933200000000003,YIXYUB_clean_primitive
