f-link-chi-0,f-link-chi-1,f-link-chi-2,f-link-chi-3,f-link-Z-0,f-link-Z-1,f-link-Z-2,f-link-Z-3,f-link-I-0,f-link-I-1,f-link-I-2,f-link-I-3,f-link-T-0,f-link-T-1,f-link-T-2,f-link-T-3,f-link-S-0,f-link-S-1,f-link-S-2,f-link-S-3,name
192.40019999999998,351.44100000000003,605.6586,774.3690000000001,945.0,1692.0,2340.0,2160.0,28.0,54.0,96.0,126.0,150.0,372.0,474.0,510.0,11.2999,25.594800000000006,38.5602,43.48800000000001,XACFEN
192.40019999999998,351.44100000000014,605.6586,774.369,945.0,1692.0,2340.0,2160.0,28.0,54.0,96.0,126.0,150.0,372.0,474.0,510.0,11.299900000000001,25.594800000000006,38.56020000000001,43.488,XACFEN
192.4002,351.4410000000001,605.6586,774.369,945.0,1692.0,2340.0,2160.0,28.0,54.0,96.0,126.0,150.0,372.0,474.0,510.0,11.299900000000003,25.594800000000003,38.560199999999995,43.488000000000014,XACFEN
192.4002,351.44100000000003,605.6586000000001,774.369,945.0,1692.0,2340.0,2160.0,28.0,54.0,96.0,126.0,150.0,372.0,474.0,510.0,11.299900000000003,25.594800000000003,38.5602,43.488,XACFEN
