f-chi-0-all,f-chi-1-all,f-chi-2-all,f-chi-3-all,f-Z-0-all,f-Z-1-all,f-Z-2-all,f-Z-3-all,f-I-0-all,f-I-1-all,f-I-2-all,f-I-3-all,f-T-0-all,f-T-1-all,f-T-2-all,f-T-3-all,f-S-0-all,f-S-1-all,f-S-2-all,f-S-3-all,mc-chi-0-all,mc-chi-1-all,mc-chi-2-all,mc-chi-3-all,mc-Z-0-all,mc-Z-1-all,mc-Z-2-all,mc-Z-3-all,mc-I-0-all,mc-I-1-all,mc-I-2-all,mc-I-3-all,mc-T-0-all,mc-T-1-all,mc-T-2-all,mc-T-3-all,mc-S-0-all,mc-S-1-all,mc-S-2-all,mc-S-3-all,D_mc-chi-0-all,D_mc-chi-1-all,D_mc-chi-2-all,D_mc-chi-3-all,D_mc-Z-0-all,D_mc-Z-1-all,D_mc-Z-2-all,D_mc-Z-3-all,D_mc-I-0-all,D_mc-I-1-all,D_mc-I-2-all,D_mc-I-3-all,D_mc-T-0-all,D_mc-T-1-all,D_mc-T-2-all,D_mc-T-3-all,D_mc-S-0-all,D_mc-S-1-all,D_mc-S-2-all,D_mc-S-3-all,name
293.8995999999999,510.912,850.6176,1110.8160000000005,5140.0,9264.0,10884.0,9408.0,36.0,72.0,104.0,136.0,176.0,416.0,508.0,504.0,24.995600000000003,53.54160000000002,75.28560000000003,83.24560000000005,2.7224999999999997,22.043999999999997,21.037499999999998,45.3255,900.0,930.0,900.0,1680.0,1.0,4.0,5.0,10.0,16.0,36.0,60.0,88.0,1.7161000000000004,3.8514000000000004,5.043500000000001,8.8818,0.0,-6.76,-4.5,-10.970000000000002,0.0,89.0,120.0,244.0,0.0,0.0,0.0,0.0,0.0,7.0,5.0,18.0,0.0,2.3000000000000003,2.7,6.32,WOPHIU_clean_primitive
293.8995999999999,510.912,850.6175999999999,1110.8160000000005,5140.0,9264.0,10884.0,9408.0,36.0,72.0,104.0,136.0,176.0,416.0,508.0,504.0,24.995600000000003,53.54160000000002,75.28560000000002,83.24560000000004,2.7224999999999997,22.043999999999997,21.037499999999998,45.3255,900.0,930.0,900.0,1680.0,1.0,4.0,5.0,10.0,16.0,36.0,60.0,88.0,1.7161000000000004,3.8514000000000004,5.043500000000001,8.8818,0.0,-6.76,-4.5,-10.970000000000002,0.0,89.0,120.0,244.0,0.0,0.0,0.0,0.0,0.0,7.0,5.0,18.0,0.0,2.3000000000000003,2.7,6.32,WOPHIU_clean_primitive
