f-chi-0-all,f-chi-1-all,f-chi-2-all,f-chi-3-all,f-Z-0-all,f-Z-1-all,f-Z-2-all,f-Z-3-all,f-I-0-all,f-I-1-all,f-I-2-all,f-I-3-all,f-T-0-all,f-T-1-all,f-T-2-all,f-T-3-all,f-S-0-all,f-S-1-all,f-S-2-all,f-S-3-all,mc-chi-0-all,mc-chi-1-all,mc-chi-2-all,mc-chi-3-all,mc-Z-0-all,mc-Z-1-all,mc-Z-2-all,mc-Z-3-all,mc-I-0-all,mc-I-1-all,mc-I-2-all,mc-I-3-all,mc-T-0-all,mc-T-1-all,mc-T-2-all,mc-T-3-all,mc-S-0-all,mc-S-1-all,mc-S-2-all,mc-S-3-all,D_mc-chi-0-all,D_mc-chi-1-all,D_mc-chi-2-all,D_mc-chi-3-all,D_mc-Z-0-all,D_mc-Z-1-all,D_mc-Z-2-all,D_mc-Z-3-all,D_mc-I-0-all,D_mc-I-1-all,D_mc-I-2-all,D_mc-I-3-all,D_mc-T-0-all,D_mc-T-1-all,D_mc-T-2-all,D_mc-T-3-all,D_mc-S-0-all,D_mc-S-1-all,D_mc-S-2-all,D_mc-S-3-all,name
184.14319999999995,330.928,1144.649,1138.6399999999994,10506.0,16608.0,25218.0,16800.0,20.0,52.0,116.0,140.0,180.0,552.0,884.0,800.0,15.331399999999997,47.01200000000002,83.64739999999999,91.396,1.5625,30.1,20.6875,34.25,4761.0,3864.0,7245.0,4416.0,1.0,7.0,7.0,9.0,49.0,112.0,161.0,154.0,2.6895999999999995,8.380399999999998,10.2664,11.037199999999999,0.0,-15.329999999999998,-7.799999999999999,-16.15,0.0,427.0,378.0,557.0,0.0,0.0,0.0,0.0,0.0,33.0,26.0,41.0,0.0,6.37,5.22,8.03,PAPVIN_clean_primitive
184.14319999999995,330.928,1144.649,1138.6399999999999,10506.0,16608.0,25218.0,16800.0,20.0,52.0,116.0,140.0,180.0,552.0,884.0,800.0,15.331399999999997,47.01200000000002,83.6474,91.396,1.5625,30.1,20.6875,34.25,4761.0,3864.0,7245.0,4416.0,1.0,7.0,7.0,9.0,49.0,112.0,161.0,154.0,2.6895999999999995,8.380399999999998,10.2664,11.037199999999999,0.0,-15.329999999999998,-7.799999999999999,-16.15,0.0,427.0,378.0,557.0,0.0,0.0,0.0,0.0,0.0,33.0,26.0,41.0,0.0,6.37,5.22,8.03,PAPVIN_clean_primitive
