f-chi-0-all,f-chi-1-all,f-chi-2-all,f-chi-3-all,f-Z-0-all,f-Z-1-all,f-Z-2-all,f-Z-3-all,f-I-0-all,f-I-1-all,f-I-2-all,f-I-3-all,f-T-0-all,f-T-1-all,f-T-2-all,f-T-3-all,f-S-0-all,f-S-1-all,f-S-2-all,f-S-3-all,mc-chi-0-all,mc-chi-1-all,mc-chi-2-all,mc-chi-3-all,mc-Z-0-all,mc-Z-1-all,mc-Z-2-all,mc-Z-3-all,mc-I-0-all,mc-I-1-all,mc-I-2-all,mc-I-3-all,mc-T-0-all,mc-T-1-all,mc-T-2-all,mc-T-3-all,mc-S-0-all,mc-S-1-all,mc-S-2-all,mc-S-3-all,D_mc-chi-0-all,D_mc-chi-1-all,D_mc-chi-2-all,D_mc-chi-3-all,D_mc-Z-0-all,D_mc-Z-1-all,D_mc-Z-2-all,D_mc-Z-3-all,D_mc-I-0-all,D_mc-I-1-all,D_mc-I-2-all,D_mc-I-3-all,D_mc-T-0-all,D_mc-T-1-all,D_mc-T-2-all,D_mc-T-3-all,D_mc-S-0-all,D_mc-S-1-all,D_mc-S-2-all,D_mc-S-3-all,name
307.6528999999999,601.7141999999999,2792.8108,2486.0646,16364.0,39390.0,74530.0,81192.0,36.0,114.0,308.0,358.0,530.0,2118.0,3684.0,4262.0,32.34600000000002,124.90160000000004,247.4158,314.5608000000001,1.2768999999999997,30.052349999999997,20.904999999999994,57.3249,3481.0,4380.75,10516.75,10531.5,1.0,8.25,8.25,17.0,68.25,208.0,317.0,414.75,3.0976,11.343200000000001,15.7256,24.147200000000005,0.0,-17.2725,-9.1775,-31.52,0.0,412.5,308.5,824.5,0.0,0.0,0.0,0.0,0.0,43.0,29.75,90.5,0.0,8.075000000000001,5.585000000000001,16.2,AZILEA_clean_primitive
307.65289999999993,601.7141999999999,2792.8107999999997,2486.0646000000006,16364.0,39390.0,74530.0,81192.0,36.0,114.0,308.0,358.0,530.0,2118.0,3684.0,4262.0,32.34600000000002,124.90160000000003,247.4158,314.5608,1.2768999999999997,30.052349999999997,20.904999999999994,57.3249,3481.0,4380.75,10516.75,10531.5,1.0,8.25,8.25,17.0,68.25,208.0,317.0,414.75,3.0976,11.343200000000001,15.7256,24.147200000000005,0.0,-17.2725,-9.1775,-31.52,0.0,412.5,308.5,824.5,0.0,0.0,0.0,0.0,0.0,43.0,29.75,90.5,0.0,8.075000000000001,5.585000000000001,16.2,AZILEA_clean_primitive
