f-lig-chi-0,f-lig-chi-1,f-lig-chi-2,f-lig-chi-3,f-lig-Z-0,f-lig-Z-1,f-lig-Z-2,f-lig-Z-3,f-lig-I-0,f-lig-I-1,f-lig-I-2,f-lig-I-3,f-lig-T-0,f-lig-T-1,f-lig-T-2,f-lig-T-3,f-lig-S-0,f-lig-S-1,f-lig-S-2,f-lig-S-3,name
195.7614,442.17000000000013,723.4723999999999,803.1129999999998,714.0,1728.0,2360.0,1984.0,32.0,68.0,112.0,134.0,180.0,452.0,656.0,658.0,12.4672,31.38520000000001,46.84880000000001,48.452600000000004,QEVKOS_clean_primitive
195.7614,442.1700000000001,723.4724,803.1129999999998,714.0,1728.0,2360.0,1984.0,32.0,68.0,112.0,134.0,180.0,452.0,656.0,658.0,12.4672,31.38520000000002,46.84880000000002,48.45260000000001,QEVKOS_clean_primitive
195.7614,442.17000000000013,723.4724,803.1129999999997,714.0,1728.0,2360.0,1984.0,32.0,68.0,112.0,134.0,180.0,452.0,656.0,658.0,12.4672,31.38520000000002,46.84880000000002,48.45260000000001,QEVKOS_clean_primitive
195.7614,442.17000000000013,723.4724,803.1129999999997,714.0,1728.0,2360.0,1984.0,32.0,68.0,112.0,134.0,180.0,452.0,656.0,658.0,12.467200000000002,31.385200000000015,46.84880000000002,48.452600000000025,QEVKOS_clean_primitive
