f-chi-0-all,f-chi-1-all,f-chi-2-all,f-chi-3-all,f-Z-0-all,f-Z-1-all,f-Z-2-all,f-Z-3-all,f-I-0-all,f-I-1-all,f-I-2-all,f-I-3-all,f-T-0-all,f-T-1-all,f-T-2-all,f-T-3-all,f-S-0-all,f-S-1-all,f-S-2-all,f-S-3-all,mc-chi-0-all,mc-chi-1-all,mc-chi-2-all,mc-chi-3-all,mc-Z-0-all,mc-Z-1-all,mc-Z-2-all,mc-Z-3-all,mc-I-0-all,mc-I-1-all,mc-I-2-all,mc-I-3-all,mc-T-0-all,mc-T-1-all,mc-T-2-all,mc-T-3-all,mc-S-0-all,mc-S-1-all,mc-S-2-all,mc-S-3-all,D_mc-chi-0-all,D_mc-chi-1-all,D_mc-chi-2-all,D_mc-chi-3-all,D_mc-Z-0-all,D_mc-Z-1-all,D_mc-Z-2-all,D_mc-Z-3-all,D_mc-I-0-all,D_mc-I-1-all,D_mc-I-2-all,D_mc-I-3-all,D_mc-T-0-all,D_mc-T-1-all,D_mc-T-2-all,D_mc-T-3-all,D_mc-S-0-all,D_mc-S-1-all,D_mc-S-2-all,D_mc-S-3-all,name
167.81679999999994,385.3088000000001,640.9416000000001,777.8719999999996,16848.0,32376.0,47780.0,48640.0,26.0,64.0,104.0,128.0,192.0,560.0,820.0,976.0,27.197199999999995,75.1296,117.26360000000001,139.82400000000004,4.2632,21.773066666666665,20.24133333333333,49.59666666666666,2386.0,2642.0,5645.333333333333,4031.3333333333335,1.0,4.0,4.666666666666667,9.333333333333334,16.0,42.666666666666664,69.33333333333333,90.66666666666667,1.9801333333333326,5.4908,7.985599999999998,10.8668,0.0,-2.4133333333333344,-0.8666666666666668,-6.126666666666666,0.0,118.0,30.666666666666668,262.0,0.0,0.0,0.0,0.0,0.0,5.333333333333333,1.3333333333333333,14.666666666666666,0.0,1.726666666666666,0.8133333333333331,5.273333333333332,QEVKOS_clean_primitive
167.81679999999997,385.30880000000013,640.9415999999998,777.8719999999996,16848.0,32376.0,47780.0,48640.0,26.0,64.0,104.0,128.0,192.0,560.0,820.0,976.0,27.197199999999995,75.1296,117.26360000000001,139.82400000000004,4.2632,21.773066666666665,20.24133333333333,49.59666666666666,2386.0,2642.0,5645.333333333333,4031.3333333333335,1.0,4.0,4.666666666666667,9.333333333333334,16.0,42.666666666666664,69.33333333333333,90.66666666666667,1.9801333333333326,5.4908,7.985599999999998,10.8668,0.0,-2.4133333333333344,-0.8666666666666668,-6.126666666666666,0.0,118.0,30.666666666666668,262.0,0.0,0.0,0.0,0.0,0.0,5.333333333333333,1.3333333333333333,14.666666666666666,0.0,1.726666666666666,0.8133333333333331,5.273333333333332,QEVKOS_clean_primitive
