f-lig-chi-0,f-lig-chi-1,f-lig-chi-2,f-lig-chi-3,f-lig-Z-0,f-lig-Z-1,f-lig-Z-2,f-lig-Z-3,f-lig-I-0,f-lig-I-1,f-lig-I-2,f-lig-I-3,f-lig-T-0,f-lig-T-1,f-lig-T-2,f-lig-T-3,f-lig-S-0,f-lig-S-1,f-lig-S-2,f-lig-S-3,name
100.81960000000002,224.3616,330.9828,277.8408,442.0,1014.0,1320.0,840.0,14.0,30.0,44.0,40.0,74.0,178.0,244.0,184.0,6.2942,14.894200000000001,20.5516,15.962399999999999,MONWET_clean_primitive
100.81960000000002,224.36160000000007,330.9828,277.84079999999994,442.0,1014.0,1320.0,840.0,14.0,30.0,44.0,40.0,74.0,178.0,244.0,184.0,6.2942,14.894200000000001,20.5516,15.962399999999999,MONWET_clean_primitive
100.81960000000001,224.36160000000007,330.9828,277.8408,442.0,1014.0,1320.0,840.0,14.0,30.0,44.0,40.0,74.0,178.0,244.0,184.0,6.2942,14.894200000000003,20.551600000000004,15.962399999999999,MONWET_clean_primitive
100.81960000000001,224.36160000000007,330.98279999999994,277.84079999999994,442.0,1014.0,1320.0,840.0,14.0,30.0,44.0,40.0,74.0,178.0,244.0,184.0,6.2942,14.894200000000001,20.5516,15.962399999999999,MONWET_clean_primitive
100.81960000000001,224.3616,330.9828,277.8408,442.0,1014.0,1320.0,840.0,14.0,30.0,44.0,40.0,74.0,178.0,244.0,184.0,6.2942,14.894200000000001,20.5516,15.962399999999999,MONWET_clean_primitive
100.81960000000001,224.36160000000007,330.9828,277.8408,442.0,1014.0,1320.0,840.0,14.0,30.0,44.0,40.0,74.0,178.0,244.0,184.0,6.2942,14.894200000000003,20.5516,15.962400000000002,MONWET_clean_primitive
100.8196,224.36160000000004,330.98280000000005,277.8408,442.0,1014.0,1320.0,840.0,14.0,30.0,44.0,40.0,74.0,178.0,244.0,184.0,6.2942,14.894200000000001,20.551600000000004,15.962400000000002,MONWET_clean_primitive
100.81960000000001,224.36160000000004,330.9828,277.84079999999994,442.0,1014.0,1320.0,840.0,14.0,30.0,44.0,40.0,74.0,178.0,244.0,184.0,6.2942,14.894200000000001,20.551600000000004,15.962399999999999,MONWET_clean_primitive
