f-sbu-chi-0,f-sbu-chi-1,f-sbu-chi-2,f-sbu-chi-3,f-sbu-Z-0,f-sbu-Z-1,f-sbu-Z-2,f-sbu-Z-3,f-sbu-I-0,f-sbu-I-1,f-sbu-I-2,f-sbu-I-3,f-sbu-T-0,f-sbu-T-1,f-sbu-T-2,f-sbu-T-3,f-sbu-S-0,f-sbu-S-1,f-sbu-S-2,f-sbu-S-3,mc-chi-0,mc-chi-1,mc-chi-2,mc-chi-3,mc-Z-0,mc-Z-1,mc-Z-2,mc-Z-3,mc-I-0,mc-I-1,mc-I-2,mc-I-3,mc-T-0,mc-T-1,mc-T-2,mc-T-3,mc-S-0,mc-S-1,mc-S-2,mc-S-3,D_mc-chi-0,D_mc-chi-1,D_mc-chi-2,D_mc-chi-3,D_mc-Z-0,D_mc-Z-1,D_mc-Z-2,D_mc-Z-3,D_mc-I-0,D_mc-I-1,D_mc-I-2,D_mc-I-3,D_mc-T-0,D_mc-T-1,D_mc-T-2,D_mc-T-3,D_mc-S-0,D_mc-S-1,D_mc-S-2,D_mc-S-3,name
1316.9040000000023,3052.6303999999996,7485.846400000002,10654.307199999988,17556.0,45168.0,72776.0,98784.0,164.0,432.0,904.0,1376.0,1336.0,3872.0,6984.0,9600.0,109.37679999999995,306.11839999999967,601.2231999999996,895.6799999999994,3.5343999999999984,36.44693333333333,38.35199999999999,65.74986666666666,729.0,1386.0,1296.0,1764.0,1.0,6.0,8.0,13.333333333333334,36.0,84.0,144.0,176.0,1.5876000000000001,5.804400000000001,7.7616000000000005,10.7856,0.0,-8.106666666666667,-5.359999999999999,-9.906666666666668,0.0,110.66666666666667,168.0,294.6666666666667,0.0,0.0,0.0,0.0,0.0,22.0,24.0,50.666666666666664,0.0,2.953333333333333,3.9200000000000013,8.240000000000002,YOZROW
