f-link-chi-0,f-link-chi-1,f-link-chi-2,f-link-chi-3,f-link-Z-0,f-link-Z-1,f-link-Z-2,f-link-Z-3,f-link-I-0,f-link-I-1,f-link-I-2,f-link-I-3,f-link-T-0,f-link-T-1,f-link-T-2,f-link-T-3,f-link-S-0,f-link-S-1,f-link-S-2,f-link-S-3,name
316.5235999999999,676.2370000000004,1135.5524,1494.1474000000003,1070.0,2404.0,3200.0,3184.0,52.0,106.0,184.0,250.0,290.0,736.0,992.0,1032.0,18.73320000000001,46.43220000000003,69.0936,78.7386,VOPWOO
316.5235999999999,676.2370000000005,1135.5523999999996,1494.1473999999998,1070.0,2404.0,3200.0,3184.0,52.0,106.0,184.0,250.0,290.0,736.0,992.0,1032.0,18.733200000000014,46.43220000000002,69.0936,78.73860000000003,VOPWOO
155.8777,297.1801999999999,440.8567999999999,497.30099999999993,775.0,1484.0,2120.0,2136.0,19.0,40.0,58.0,70.0,104.0,258.0,330.0,358.0,9.4771,21.316800000000004,29.781000000000002,33.24860000000001,VOPWOO
155.87769999999998,297.18019999999996,440.8567999999999,497.3009999999999,775.0,1484.0,2120.0,2136.0,19.0,40.0,58.0,70.0,104.0,258.0,330.0,358.0,9.4771,21.316800000000008,29.781,33.2486,VOPWOO
