f-link-chi-0,f-link-chi-1,f-link-chi-2,f-link-chi-3,f-link-Z-0,f-link-Z-1,f-link-Z-2,f-link-Z-3,f-link-I-0,f-link-I-1,f-link-I-2,f-link-I-3,f-link-T-0,f-link-T-1,f-link-T-2,f-link-T-3,f-link-S-0,f-link-S-1,f-link-S-2,f-link-S-3,name
198.79140000000004,426.4620000000001,782.1580000000002,918.6383999999997,576.0,1344.0,1636.0,1668.0,34.0,68.0,128.0,156.0,196.0,480.0,596.0,640.0,10.917000000000002,27.750800000000012,41.64800000000002,45.4828,QOCBEQ
198.79140000000007,426.4620000000001,782.1580000000002,918.6383999999996,576.0,1344.0,1636.0,1668.0,34.0,68.0,128.0,156.0,196.0,480.0,596.0,640.0,10.917000000000002,27.750800000000012,41.64800000000002,45.4828,QOCBEQ
198.79140000000007,426.4620000000001,782.1580000000001,918.6383999999996,576.0,1344.0,1636.0,1668.0,34.0,68.0,128.0,156.0,196.0,480.0,596.0,640.0,10.917000000000002,27.750800000000012,41.64800000000001,45.48279999999999,QOCBEQ
198.79140000000004,426.46200000000016,782.1580000000001,918.6383999999997,576.0,1344.0,1636.0,1668.0,34.0,68.0,128.0,156.0,196.0,480.0,596.0,640.0,10.917000000000002,27.750800000000012,41.64800000000001,45.4828,QOCBEQ
360.6812999999998,736.0320000000003,1192.2908000000002,1572.9640000000002,1572.0,3264.0,4976.0,5872.0,53.0,112.0,180.0,248.0,292.0,744.0,1124.0,1400.0,23.647700000000007,56.056000000000026,86.03719999999998,109.18960000000003,QOCBEQ
360.6812999999998,736.0320000000003,1192.2908000000002,1572.9640000000002,1572.0,3264.0,4976.0,5872.0,53.0,112.0,180.0,248.0,292.0,744.0,1124.0,1400.0,23.647700000000007,56.056000000000026,86.03719999999998,109.18960000000003,QOCBEQ
