f-chi-0-all,f-chi-1-all,f-chi-2-all,f-chi-3-all,f-Z-0-all,f-Z-1-all,f-Z-2-all,f-Z-3-all,f-I-0-all,f-I-1-all,f-I-2-all,f-I-3-all,f-T-0-all,f-T-1-all,f-T-2-all,f-T-3-all,f-S-0-all,f-S-1-all,f-S-2-all,f-S-3-all,mc-chi-0-all,mc-chi-1-all,mc-chi-2-all,mc-chi-3-all,mc-Z-0-all,mc-Z-1-all,mc-Z-2-all,mc-Z-3-all,mc-I-0-all,mc-I-1-all,mc-I-2-all,mc-I-3-all,mc-T-0-all,mc-T-1-all,mc-T-2-all,mc-T-3-all,mc-S-0-all,mc-S-1-all,mc-S-2-all,mc-S-3-all,D_mc-chi-0-all,D_mc-chi-1-all,D_mc-chi-2-all,D_mc-chi-3-all,D_mc-Z-0-all,D_mc-Z-1-all,D_mc-Z-2-all,D_mc-Z-3-all,D_mc-I-0-all,D_mc-I-1-all,D_mc-I-2-all,D_mc-I-3-all,D_mc-T-0-all,D_mc-T-1-all,D_mc-T-2-all,D_mc-T-3-all,D_mc-S-0-all,D_mc-S-1-all,D_mc-S-2-all,D_mc-S-3-all,name
210.15319999999994,408.448,1541.7221999999997,969.3199999999998,10650.0,20208.0,24226.0,19056.0,24.0,68.0,160.0,132.0,296.0,1064.0,1276.0,1072.0,17.703000000000003,61.85760000000003,103.13100000000001,93.24399999999999,1.5625,36.474999999999994,14.3125,52.5,4761.0,4692.0,6417.0,6210.0,1.0,9.0,5.0,15.0,81.0,216.0,207.0,396.0,2.6895999999999995,10.905999999999999,7.7408,17.302,0.0,-17.93,-5.199999999999999,-23.25,0.0,553.0,252.0,945.0,0.0,0.0,0.0,0.0,0.0,57.0,22.0,91.0,0.0,8.11,3.4799999999999995,14.049999999999997,COWMUX_clean_primitive
210.15319999999994,408.448,1541.7221999999997,969.3199999999998,10650.0,20208.0,24226.0,19056.0,24.0,68.0,160.0,132.0,296.0,1064.0,1276.0,1072.0,17.703000000000003,61.85760000000003,103.13100000000001,93.24399999999999,1.5625,36.474999999999994,14.3125,52.5,4761.0,4692.0,6417.0,6210.0,1.0,9.0,5.0,15.0,81.0,216.0,207.0,396.0,2.6895999999999995,10.905999999999999,7.7408,17.302,0.0,-17.93,-5.199999999999999,-23.25,0.0,553.0,252.0,945.0,0.0,0.0,0.0,0.0,0.0,57.0,22.0,91.0,0.0,8.11,3.4799999999999995,14.049999999999997,COWMUX_clean_primitive
