f-chi-0-all,f-chi-1-all,f-chi-2-all,f-chi-3-all,f-Z-0-all,f-Z-1-all,f-Z-2-all,f-Z-3-all,f-I-0-all,f-I-1-all,f-I-2-all,f-I-3-all,f-T-0-all,f-T-1-all,f-T-2-all,f-T-3-all,f-S-0-all,f-S-1-all,f-S-2-all,f-S-3-all,mc-chi-0-all,mc-chi-1-all,mc-chi-2-all,mc-chi-3-all,mc-Z-0-all,mc-Z-1-all,mc-Z-2-all,mc-Z-3-all,mc-I-0-all,mc-I-1-all,mc-I-2-all,mc-I-3-all,mc-T-0-all,mc-T-1-all,mc-T-2-all,mc-T-3-all,mc-S-0-all,mc-S-1-all,mc-S-2-all,mc-S-3-all,D_mc-chi-0-all,D_mc-chi-1-all,D_mc-chi-2-all,D_mc-chi-3-all,D_mc-Z-0-all,D_mc-Z-1-all,D_mc-Z-2-all,D_mc-Z-3-all,D_mc-I-0-all,D_mc-I-1-all,D_mc-I-2-all,D_mc-I-3-all,D_mc-T-0-all,D_mc-T-1-all,D_mc-T-2-all,D_mc-T-3-all,D_mc-S-0-all,D_mc-S-1-all,D_mc-S-2-all,D_mc-S-3-all,name
209.53699999999992,424.0967999999999,2077.677199999999,1329.8015999999993,7856.0,20928.0,25976.0,15264.0,24.0,76.0,216.0,172.0,396.0,1640.0,2320.0,1184.0,17.637600000000006,71.1108,139.02959999999996,110.7444,1.2544000000000002,40.387200000000014,18.3904,34.406400000000005,3364.0,4872.0,5452.0,4176.0,1.0,11.0,7.0,11.0,121.0,352.0,341.0,330.0,2.6569,13.219299999999999,10.1875,13.6105,0.0,-23.74,-8.579999999999998,-18.4,0.0,554.0,312.0,566.0,0.0,0.0,0.0,0.0,0.0,89.0,46.0,91.0,0.0,9.82,5.159999999999998,9.579999999999998,PIQMOT_clean_primitive
209.53699999999998,424.09679999999986,2077.6772,1329.8016,7856.0,20928.0,25976.0,15264.0,24.0,76.0,216.0,172.0,396.0,1640.0,2320.0,1184.0,17.6376,71.1108,139.0296,110.74440000000001,1.2544000000000002,40.387200000000014,18.3904,34.406400000000005,3364.0,4872.0,5452.0,4176.0,1.0,11.0,7.0,11.0,121.0,352.0,341.0,330.0,2.6569,13.219299999999999,10.1875,13.6105,0.0,-23.74,-8.579999999999998,-18.4,0.0,554.0,312.0,566.0,0.0,0.0,0.0,0.0,0.0,89.0,46.0,91.0,0.0,9.82,5.159999999999998,9.579999999999998,PIQMOT_clean_primitive
