f-lig-chi-0,f-lig-chi-1,f-lig-chi-2,f-lig-chi-3,f-lig-Z-0,f-lig-Z-1,f-lig-Z-2,f-lig-Z-3,f-lig-I-0,f-lig-I-1,f-lig-I-2,f-lig-I-3,f-lig-T-0,f-lig-T-1,f-lig-T-2,f-lig-T-3,f-lig-S-0,f-lig-S-1,f-lig-S-2,f-lig-S-3,name
794.5664000000011,1597.5640000000003,2746.713599999998,3537.707199999998,3305.0,6736.0,10164.0,12052.0,113.0,234.0,402.0,516.0,636.0,1578.0,2192.0,2818.0,46.86169999999995,111.48180000000005,171.2401999999999,215.22840000000005,DONKUO_clean_primitive
794.5664000000011,1597.5640000000003,2746.7135999999973,3537.707199999999,3305.0,6736.0,10164.0,12052.0,113.0,234.0,402.0,516.0,636.0,1578.0,2192.0,2818.0,46.86169999999995,111.48180000000004,171.24019999999987,215.22840000000005,DONKUO_clean_primitive
