f-chi-0-all,f-chi-1-all,f-chi-2-all,f-chi-3-all,f-Z-0-all,f-Z-1-all,f-Z-2-all,f-Z-3-all,f-I-0-all,f-I-1-all,f-I-2-all,f-I-3-all,f-T-0-all,f-T-1-all,f-T-2-all,f-T-3-all,f-S-0-all,f-S-1-all,f-S-2-all,f-S-3-all,mc-chi-0-all,mc-chi-1-all,mc-chi-2-all,mc-chi-3-all,mc-Z-0-all,mc-Z-1-all,mc-Z-2-all,mc-Z-3-all,mc-I-0-all,mc-I-1-all,mc-I-2-all,mc-I-3-all,mc-T-0-all,mc-T-1-all,mc-T-2-all,mc-T-3-all,mc-S-0-all,mc-S-1-all,mc-S-2-all,mc-S-3-all,D_mc-chi-0-all,D_mc-chi-1-all,D_mc-chi-2-all,D_mc-chi-3-all,D_mc-Z-0-all,D_mc-Z-1-all,D_mc-Z-2-all,D_mc-Z-3-all,D_mc-I-0-all,D_mc-I-1-all,D_mc-I-2-all,D_mc-I-3-all,D_mc-T-0-all,D_mc-T-1-all,D_mc-T-2-all,D_mc-T-3-all,D_mc-S-0-all,D_mc-S-1-all,D_mc-S-2-all,D_mc-S-3-all,name
150.3224,264.5359999999999,588.7233999999999,629.1759999999998,2042.0,4864.0,6466.0,6176.0,17.0,38.0,62.0,78.0,108.0,292.0,392.0,362.0,12.217699999999997,30.4118,44.436600000000006,51.08540000000001,2.4025000000000003,26.66,18.212500000000002,45.135999999999996,625.0,1000.0,1225.0,1700.0,1.0,5.0,5.0,9.5,26.0,57.0,87.0,130.0,1.9320999999999997,5.073499999999999,6.2132999999999985,9.862049999999996,0.0,-9.45,-3.999999999999999,-14.395,0.0,85.0,76.0,169.5,0.0,0.0,0.0,0.0,0.0,15.0,9.0,22.5,0.0,3.3,2.4799999999999995,6.109999999999999,DONKUO_clean_primitive
150.3224,264.53599999999994,588.7234,629.1759999999999,2042.0,4864.0,6466.0,6176.0,17.0,38.0,62.0,78.0,108.0,292.0,392.0,362.0,12.217699999999999,30.411799999999992,44.43659999999999,51.0854,2.4025000000000003,26.66,18.212500000000002,45.135999999999996,625.0,1000.0,1225.0,1700.0,1.0,5.0,5.0,9.5,26.0,57.0,87.0,130.0,1.9320999999999997,5.073499999999999,6.2132999999999985,9.862049999999996,0.0,-9.45,-3.999999999999999,-14.395,0.0,85.0,76.0,169.5,0.0,0.0,0.0,0.0,0.0,15.0,9.0,22.5,0.0,3.3,2.4799999999999995,6.109999999999999,DONKUO_clean_primitive
