f-lig-chi-0,f-lig-chi-1,f-lig-chi-2,f-lig-chi-3,f-lig-Z-0,f-lig-Z-1,f-lig-Z-2,f-lig-Z-3,f-lig-I-0,f-lig-I-1,f-lig-I-2,f-lig-I-3,f-lig-T-0,f-lig-T-1,f-lig-T-2,f-lig-T-3,f-lig-S-0,f-lig-S-1,f-lig-S-2,f-lig-S-3,name
98.4827,148.3636,271.79699999999997,318.27439999999996,683.0,1288.0,1596.0,1532.0,11.0,20.0,32.0,36.0,52.0,120.0,122.0,76.0,5.780599999999999,11.9436,16.8672,16.147999999999996,DOQHUN_clean_primitive
98.4827,148.3636,271.79699999999997,318.27439999999996,683.0,1288.0,1596.0,1532.0,11.0,20.0,32.0,36.0,52.0,120.0,122.0,76.0,5.780599999999999,11.9436,16.8672,16.147999999999996,DOQHUN_clean_primitive
98.4827,148.36359999999996,271.79699999999997,318.2744,683.0,1288.0,1596.0,1532.0,11.0,20.0,32.0,36.0,52.0,120.0,122.0,76.0,5.7806,11.9436,16.8672,16.148,DOQHUN_clean_primitive
98.4827,148.36359999999996,271.79699999999997,318.2744,683.0,1288.0,1596.0,1532.0,11.0,20.0,32.0,36.0,52.0,120.0,122.0,76.0,5.7806,11.943600000000002,16.8672,16.148,DOQHUN_clean_primitive
60.33939999999999,83.18099999999998,117.51039999999998,94.66879999999999,328.0,456.0,640.0,512.0,6.0,10.0,12.0,8.0,22.0,42.0,28.0,8.0,3.3174,5.682600000000001,6.6284,4.263199999999999,DOQHUN_clean_primitive
60.33939999999999,83.18099999999998,117.51039999999998,94.66879999999999,328.0,456.0,640.0,512.0,6.0,10.0,12.0,8.0,22.0,42.0,28.0,8.0,3.3174,5.682600000000001,6.6284,4.263199999999999,DOQHUN_clean_primitive
