f-sbu-chi-0,f-sbu-chi-1,f-sbu-chi-2,f-sbu-chi-3,f-sbu-Z-0,f-sbu-Z-1,f-sbu-Z-2,f-sbu-Z-3,f-sbu-I-0,f-sbu-I-1,f-sbu-I-2,f-sbu-I-3,f-sbu-T-0,f-sbu-T-1,f-sbu-T-2,f-sbu-T-3,f-sbu-S-0,f-sbu-S-1,f-sbu-S-2,f-sbu-S-3,mc-chi-0,mc-chi-1,mc-chi-2,mc-chi-3,mc-Z-0,mc-Z-1,mc-Z-2,mc-Z-3,mc-I-0,mc-I-1,mc-I-2,mc-I-3,mc-T-0,mc-T-1,mc-T-2,mc-T-3,mc-S-0,mc-S-1,mc-S-2,mc-S-3,D_mc-chi-0,D_mc-chi-1,D_mc-chi-2,D_mc-chi-3,D_mc-Z-0,D_mc-Z-1,D_mc-Z-2,D_mc-Z-3,D_mc-I-0,D_mc-I-1,D_mc-I-2,D_mc-I-3,D_mc-T-0,D_mc-T-1,D_mc-T-2,D_mc-T-3,D_mc-S-0,D_mc-S-1,D_mc-S-2,D_mc-S-3,name
220.5341999999999,271.76000000000005,1411.2416,843.9008000000002,8872.0,16992.0,21104.0,16608.0,24.0,52.0,132.0,116.0,192.0,488.0,532.0,420.0,20.980200000000004,54.95440000000001,90.47879999999998,93.43999999999998,1.2100000000000002,30.272,9.636000000000001,37.708,3249.0,3648.0,3420.0,4560.0,1.0,8.0,4.0,11.0,64.0,104.0,128.0,200.0,2.8560999999999996,9.8696,7.1656,13.841100000000003,0.0,-18.72,-4.359999999999999,-22.18,0.0,392.0,168.0,547.0,0.0,0.0,0.0,0.0,0.0,51.0,16.0,63.0,0.0,7.68,2.5199999999999996,10.4,PCMOF-5
220.5341999999999,271.76000000000005,1411.2416,843.9008000000002,8872.0,16992.0,21104.0,16608.0,24.0,52.0,132.0,116.0,192.0,488.0,532.0,420.0,20.980200000000004,54.95440000000001,90.47879999999998,93.43999999999998,1.2100000000000002,30.272,9.636000000000001,37.708,3249.0,3648.0,3420.0,4560.0,1.0,8.0,4.0,11.0,64.0,104.0,128.0,200.0,2.8560999999999996,9.8696,7.1656,13.841100000000003,0.0,-18.72,-4.359999999999999,-22.18,0.0,392.0,168.0,547.0,0.0,0.0,0.0,0.0,0.0,51.0,16.0,63.0,0.0,7.68,2.5199999999999996,10.4,PCMOF-5
