f-chi-0-all,f-chi-1-all,f-chi-2-all,f-chi-3-all,f-Z-0-all,f-Z-1-all,f-Z-2-all,f-Z-3-all,f-I-0-all,f-I-1-all,f-I-2-all,f-I-3-all,f-T-0-all,f-T-1-all,f-T-2-all,f-T-3-all,f-S-0-all,f-S-1-all,f-S-2-all,f-S-3-all,mc-chi-0-all,mc-chi-1-all,mc-chi-2-all,mc-chi-3-all,mc-Z-0-all,mc-Z-1-all,mc-Z-2-all,mc-Z-3-all,mc-I-0-all,mc-I-1-all,mc-I-2-all,mc-I-3-all,mc-T-0-all,mc-T-1-all,mc-T-2-all,mc-T-3-all,mc-S-0-all,mc-S-1-all,mc-S-2-all,mc-S-3-all,D_mc-chi-0-all,D_mc-chi-1-all,D_mc-chi-2-all,D_mc-chi-3-all,D_mc-Z-0-all,D_mc-Z-1-all,D_mc-Z-2-all,D_mc-Z-3-all,D_mc-I-0-all,D_mc-I-1-all,D_mc-I-2-all,D_mc-I-3-all,D_mc-T-0-all,D_mc-T-1-all,D_mc-T-2-all,D_mc-T-3-all,D_mc-S-0-all,D_mc-S-1-all,D_mc-S-2-all,D_mc-S-3-all,name
357.32779999999985,642.6555999999996,2283.7832000000017,2264.896399999999,7996.0,19416.0,30134.0,33792.0,40.0,104.0,236.0,304.0,388.0,1280.0,1968.0,2316.0,30.652000000000026,93.99919999999999,168.33079999999993,219.72880000000006,1.4884000000000002,26.7363,16.63775,49.09279999999998,1521.0,1989.0,3012.75,3666.0,1.0,6.5,6.0,13.25,45.0,109.0,157.0,225.75,2.6569,7.76695,9.28285,16.157375000000002,0.0,-13.984999999999994,-6.3175,-24.074999999999992,0.0,202.5,156.75,422.75,0.0,0.0,0.0,0.0,0.0,29.5,18.0,56.5,0.0,5.83,4.084999999999998,11.684999999999999,KIPKEB_clean_primitive
166.8303,286.9965999999999,803.2531999999998,782.9123999999997,3934.0,8364.0,11286.0,9924.0,19.0,46.0,86.0,102.0,150.0,448.0,584.0,566.0,14.793099999999999,41.1158,63.42739999999998,70.267,1.4884000000000002,26.7363,16.63775,49.09279999999998,1521.0,1989.0,3012.75,3666.0,1.0,6.5,6.0,13.25,45.0,109.0,157.0,225.75,2.6569,7.76695,9.28285,16.157375000000002,0.0,-13.984999999999994,-6.3175,-24.074999999999992,0.0,202.5,156.75,422.75,0.0,0.0,0.0,0.0,0.0,29.5,18.0,56.5,0.0,5.83,4.084999999999998,11.684999999999999,KIPKEB_clean_primitive
166.8303,286.99659999999983,803.2532,782.9123999999998,3934.0,8364.0,11286.0,9924.0,19.0,46.0,86.0,102.0,150.0,448.0,584.0,566.0,14.793099999999999,41.1158,63.42739999999998,70.267,1.4884000000000002,26.7363,16.63775,49.09279999999998,1521.0,1989.0,3012.75,3666.0,1.0,6.5,6.0,13.25,45.0,109.0,157.0,225.75,2.6569,7.76695,9.28285,16.157375000000002,0.0,-13.984999999999994,-6.3175,-24.074999999999992,0.0,202.5,156.75,422.75,0.0,0.0,0.0,0.0,0.0,29.5,18.0,56.5,0.0,5.83,4.084999999999998,11.684999999999999,KIPKEB_clean_primitive
