f-lig-chi-0,f-lig-chi-1,f-lig-chi-2,f-lig-chi-3,f-lig-Z-0,f-lig-Z-1,f-lig-Z-2,f-lig-Z-3,f-lig-I-0,f-lig-I-1,f-lig-I-2,f-lig-I-3,f-lig-T-0,f-lig-T-1,f-lig-T-2,f-lig-T-3,f-lig-S-0,f-lig-S-1,f-lig-S-2,f-lig-S-3,name
361.4138999999998,756.8220000000006,1181.1396000000009,1537.662000000001,1521.0,3216.0,4854.0,5592.0,54.0,114.0,180.0,240.0,294.0,738.0,1092.0,1320.0,23.357400000000023,55.95180000000005,84.59160000000004,105.23520000000005,SUGDIJ_auto_primitive
361.41389999999996,756.8220000000001,1181.1395999999995,1537.6619999999996,1521.0,3216.0,4854.0,5592.0,54.0,114.0,180.0,240.0,294.0,738.0,1092.0,1320.0,23.357400000000002,55.95180000000002,84.5916,105.2352,SUGDIJ_auto_primitive
361.41389999999996,756.8220000000002,1181.1396,1537.6619999999996,1521.0,3216.0,4854.0,5592.0,54.0,114.0,180.0,240.0,294.0,738.0,1092.0,1320.0,23.3574,55.95180000000002,84.59160000000003,105.23519999999999,SUGDIJ_auto_primitive
361.4138999999999,756.8220000000007,1181.139600000001,1537.6620000000007,1521.0,3216.0,4854.0,5592.0,54.0,114.0,180.0,240.0,294.0,738.0,1092.0,1320.0,23.357400000000023,55.95180000000005,84.59160000000006,105.23520000000006,SUGDIJ_auto_primitive
