f-lig-chi-0,f-lig-chi-1,f-lig-chi-2,f-lig-chi-3,f-lig-Z-0,f-lig-Z-1,f-lig-Z-2,f-lig-Z-3,f-lig-I-0,f-lig-I-1,f-lig-I-2,f-lig-I-3,f-lig-T-0,f-lig-T-1,f-lig-T-2,f-lig-T-3,f-lig-S-0,f-lig-S-1,f-lig-S-2,f-lig-S-3,name
122.2282,268.82099999999997,406.22,458.81200000000007,466.0,1080.0,1400.0,1288.0,20.0,42.0,64.0,76.0,106.0,258.0,352.0,360.0,8.1492,19.850600000000004,27.907200000000003,28.971600000000002,PEVZAT_clean_primitive
122.2282,268.82099999999997,406.22,458.81200000000007,466.0,1080.0,1400.0,1288.0,20.0,42.0,64.0,76.0,106.0,258.0,352.0,360.0,8.1492,19.850600000000004,27.907200000000003,28.971600000000002,PEVZAT_clean_primitive
116.3716,196.99099999999999,311.2883999999999,423.781,532.0,848.0,1272.0,1462.0,14.0,26.0,40.0,54.0,66.0,160.0,192.0,160.0,6.116599999999999,12.5226,17.996000000000002,20.74139999999999,PEVZAT_clean_primitive
