f-chi-0-all,f-chi-1-all,f-chi-2-all,f-chi-3-all,f-Z-0-all,f-Z-1-all,f-Z-2-all,f-Z-3-all,f-I-0-all,f-I-1-all,f-I-2-all,f-I-3-all,f-T-0-all,f-T-1-all,f-T-2-all,f-T-3-all,f-S-0-all,f-S-1-all,f-S-2-all,f-S-3-all,mc-chi-0-all,mc-chi-1-all,mc-chi-2-all,mc-chi-3-all,mc-Z-0-all,mc-Z-1-all,mc-Z-2-all,mc-Z-3-all,mc-I-0-all,mc-I-1-all,mc-I-2-all,mc-I-3-all,mc-T-0-all,mc-T-1-all,mc-T-2-all,mc-T-3-all,mc-S-0-all,mc-S-1-all,mc-S-2-all,mc-S-3-all,D_mc-chi-0-all,D_mc-chi-1-all,D_mc-chi-2-all,D_mc-chi-3-all,D_mc-Z-0-all,D_mc-Z-1-all,D_mc-Z-2-all,D_mc-Z-3-all,D_mc-I-0-all,D_mc-I-1-all,D_mc-I-2-all,D_mc-I-3-all,D_mc-T-0-all,D_mc-T-1-all,D_mc-T-2-all,D_mc-T-3-all,D_mc-S-0-all,D_mc-S-1-all,D_mc-S-2-all,D_mc-S-3-all,name
319.1124000000001,667.8815999999997,1442.9643999999994,2615.8592,4561.0,11712.0,27488.0,30688.0,37.0,88.0,188.0,320.0,276.0,880.0,1852.0,2272.0,25.2301,66.9,147.51000000000008,221.76000000000008,3.3489000000000004,28.03559999999999,54.552300000000024,85.42439999999999,676.0,1170.0,3484.0,2808.0,1.0,5.0,11.0,16.0,25.0,80.0,175.0,220.0,1.5625,4.987499999999999,12.1875,15.099999999999996,0.0,-6.170000000000001,-9.680000000000001,-17.400000000000006,0.0,85.0,152.0,308.0,0.0,0.0,0.0,0.0,0.0,9.0,20.0,36.0,0.0,2.2599999999999993,4.0,7.920000000000001,GAGQAI_clean_primitive
319.11240000000015,667.8815999999997,1442.9643999999994,2615.8592,4561.0,11712.0,27488.0,30688.0,37.0,88.0,188.0,320.0,276.0,880.0,1852.0,2272.0,25.2301,66.9,147.51000000000008,221.76000000000008,3.3489000000000004,28.03559999999999,54.552300000000024,85.42439999999999,676.0,1170.0,3484.0,2808.0,1.0,5.0,11.0,16.0,25.0,80.0,175.0,220.0,1.5625,4.987499999999999,12.1875,15.099999999999996,0.0,-6.170000000000001,-9.680000000000001,-17.400000000000006,0.0,85.0,152.0,308.0,0.0,0.0,0.0,0.0,0.0,9.0,20.0,36.0,0.0,2.2599999999999993,4.0,7.920000000000001,GAGQAI_clean_primitive
319.1124000000001,667.8815999999996,1442.964399999999,2615.859199999999,4561.0,11712.0,27488.0,30688.0,37.0,88.0,188.0,320.0,276.0,880.0,1852.0,2272.0,25.2301,66.9,147.5100000000001,221.76000000000008,3.3489000000000004,28.03559999999999,54.552300000000024,85.42439999999999,676.0,1170.0,3484.0,2808.0,1.0,5.0,11.0,16.0,25.0,80.0,175.0,220.0,1.5625,4.987499999999999,12.1875,15.099999999999996,0.0,-6.170000000000001,-9.680000000000001,-17.400000000000006,0.0,85.0,152.0,308.0,0.0,0.0,0.0,0.0,0.0,9.0,20.0,36.0,0.0,2.2599999999999993,4.0,7.920000000000001,GAGQAI_clean_primitive
