f-chi-0-all,f-chi-1-all,f-chi-2-all,f-chi-3-all,f-Z-0-all,f-Z-1-all,f-Z-2-all,f-Z-3-all,f-I-0-all,f-I-1-all,f-I-2-all,f-I-3-all,f-T-0-all,f-T-1-all,f-T-2-all,f-T-3-all,f-S-0-all,f-S-1-all,f-S-2-all,f-S-3-all,mc-chi-0-all,mc-chi-1-all,mc-chi-2-all,mc-chi-3-all,mc-Z-0-all,mc-Z-1-all,mc-Z-2-all,mc-Z-3-all,mc-I-0-all,mc-I-1-all,mc-I-2-all,mc-I-3-all,mc-T-0-all,mc-T-1-all,mc-T-2-all,mc-T-3-all,mc-S-0-all,mc-S-1-all,mc-S-2-all,mc-S-3-all,D_mc-chi-0-all,D_mc-chi-1-all,D_mc-chi-2-all,D_mc-chi-3-all,D_mc-Z-0-all,D_mc-Z-1-all,D_mc-Z-2-all,D_mc-Z-3-all,D_mc-I-0-all,D_mc-I-1-all,D_mc-I-2-all,D_mc-I-3-all,D_mc-T-0-all,D_mc-T-1-all,D_mc-T-2-all,D_mc-T-3-all,D_mc-S-0-all,D_mc-S-1-all,D_mc-S-2-all,D_mc-S-3-all,name
390.2049999999998,716.2079999999995,1627.437,1919.5200000000004,7432.0,14784.0,18120.0,23040.0,43.0,100.0,170.0,240.0,270.0,680.0,968.0,1272.0,30.733900000000027,76.70840000000001,115.79779999999997,158.556,2.7224999999999997,24.596,17.7375,45.20999999999999,900.0,1040.0,1020.0,1920.0,1.0,4.333333333333333,4.333333333333333,9.0,20.333333333333332,40.666666666666664,62.333333333333336,103.0,1.7161000000000006,4.143966666666667,4.606833333333333,8.816300000000004,0.0,-7.756666666666664,-3.6,-12.549999999999999,0.0,95.33333333333333,96.0,206.0,0.0,0.0,0.0,0.0,0.0,11.666666666666666,7.0,20.0,0.0,2.5133333333333336,2.1600000000000006,5.06,KAWHEY_clean_primitive
390.2049999999998,716.2079999999995,1627.437,1919.5200000000004,7432.0,14784.0,18120.0,23040.0,43.0,100.0,170.0,240.0,270.0,680.0,968.0,1272.0,30.733900000000027,76.70840000000001,115.79779999999998,158.556,2.7224999999999997,24.596,17.7375,45.20999999999999,900.0,1040.0,1020.0,1920.0,1.0,4.333333333333333,4.333333333333333,9.0,20.333333333333332,40.666666666666664,62.333333333333336,103.0,1.7161000000000006,4.143966666666667,4.606833333333333,8.816300000000004,0.0,-7.756666666666664,-3.6,-12.549999999999999,0.0,95.33333333333333,96.0,206.0,0.0,0.0,0.0,0.0,0.0,11.666666666666666,7.0,20.0,0.0,2.5133333333333336,2.1600000000000006,5.06,KAWHEY_clean_primitive
