f-lig-chi-0,f-lig-chi-1,f-lig-chi-2,f-lig-chi-3,f-lig-Z-0,f-lig-Z-1,f-lig-Z-2,f-lig-Z-3,f-lig-I-0,f-lig-I-1,f-lig-I-2,f-lig-I-3,f-lig-T-0,f-lig-T-1,f-lig-T-2,f-lig-T-3,f-lig-S-0,f-lig-S-1,f-lig-S-2,f-lig-S-3,name
450.0007,967.2660000000005,1549.1346000000003,2020.7879999999993,1861.0,4140.0,6144.0,6876.0,70.0,150.0,240.0,324.0,390.0,990.0,1464.0,1716.0,30.168600000000016,73.689,111.81359999999995,135.7907999999999,DADLIG_clean_primitive
454.8407,982.4020000000005,1560.3546000000008,2047.143999999999,1862.0,4156.0,6156.0,6904.0,71.0,152.0,242.0,328.0,394.0,1000.0,1478.0,1736.0,30.305500000000016,74.22920000000002,112.38339999999995,136.9007999999999,DADLIG_clean_primitive
450.0007,967.2660000000004,1549.1346000000008,2020.7879999999986,1861.0,4140.0,6144.0,6876.0,70.0,150.0,240.0,324.0,390.0,990.0,1464.0,1716.0,30.168600000000012,73.68900000000001,111.81359999999997,135.7907999999999,DADLIG_clean_primitive
454.84069999999997,982.4020000000004,1560.3546,2047.143999999999,1862.0,4156.0,6156.0,6904.0,71.0,152.0,242.0,328.0,394.0,1000.0,1478.0,1736.0,30.305500000000002,74.22919999999999,112.38339999999997,136.90079999999992,DADLIG_clean_primitive
