f-sbu-chi-0,f-sbu-chi-1,f-sbu-chi-2,f-sbu-chi-3,f-sbu-Z-0,f-sbu-Z-1,f-sbu-Z-2,f-sbu-Z-3,f-sbu-I-0,f-sbu-I-1,f-sbu-I-2,f-sbu-I-3,f-sbu-T-0,f-sbu-T-1,f-sbu-T-2,f-sbu-T-3,f-sbu-S-0,f-sbu-S-1,f-sbu-S-2,f-sbu-S-3,mc-chi-0,mc-chi-1,mc-chi-2,mc-chi-3,mc-Z-0,mc-Z-1,mc-Z-2,mc-Z-3,mc-I-0,mc-I-1,mc-I-2,mc-I-3,mc-T-0,mc-T-1,mc-T-2,mc-T-3,mc-S-0,mc-S-1,mc-S-2,mc-S-3,D_mc-chi-0,D_mc-chi-1,D_mc-chi-2,D_mc-chi-3,D_mc-Z-0,D_mc-Z-1,D_mc-Z-2,D_mc-Z-3,D_mc-I-0,D_mc-I-1,D_mc-I-2,D_mc-I-3,D_mc-T-0,D_mc-T-1,D_mc-T-2,D_mc-T-3,D_mc-S-0,D_mc-S-1,D_mc-S-2,D_mc-S-3,name
590.9216000000001,1192.3519999999996,3444.2616000000007,4487.231999999997,8108.0,22744.0,40752.0,50160.0,68.0,176.0,376.0,576.0,584.0,1840.0,3276.0,4144.0,48.98919999999998,142.848,275.41200000000003,393.50239999999997,2.4025000000000007,31.68200000000001,28.519999999999996,77.53875000000001,625.0,1187.5,2150.0,2812.5,1.0,6.0,8.0,16.5,36.0,93.0,180.0,252.0,1.9320999999999993,6.102099999999999,10.286,16.58965,0.0,-11.14,-5.999999999999999,-24.450000000000006,0.0,102.5,114.0,300.0,0.0,0.0,0.0,0.0,0.0,20.5,18.0,57.0,0.0,3.9499999999999997,3.7199999999999993,11.0,YEGCUK
590.9216000000001,1192.3519999999999,3444.2616000000003,4487.231999999999,8108.0,22744.0,40752.0,50160.0,68.0,176.0,376.0,576.0,584.0,1840.0,3276.0,4144.0,48.989199999999975,142.84800000000004,275.41199999999986,393.50239999999997,2.4025000000000007,31.68200000000001,28.519999999999996,77.53875000000001,625.0,1187.5,2150.0,2812.5,1.0,6.0,8.0,16.5,36.0,93.0,180.0,252.0,1.9320999999999993,6.102099999999999,10.286,16.58965,0.0,-11.14,-5.999999999999999,-24.450000000000006,0.0,102.5,114.0,300.0,0.0,0.0,0.0,0.0,0.0,20.5,18.0,57.0,0.0,3.9499999999999997,3.7199999999999993,11.0,YEGCUK
