f-chi-0-all,f-chi-1-all,f-chi-2-all,f-chi-3-all,f-Z-0-all,f-Z-1-all,f-Z-2-all,f-Z-3-all,f-I-0-all,f-I-1-all,f-I-2-all,f-I-3-all,f-T-0-all,f-T-1-all,f-T-2-all,f-T-3-all,f-S-0-all,f-S-1-all,f-S-2-all,f-S-3-all,mc-chi-0-all,mc-chi-1-all,mc-chi-2-all,mc-chi-3-all,mc-Z-0-all,mc-Z-1-all,mc-Z-2-all,mc-Z-3-all,mc-I-0-all,mc-I-1-all,mc-I-2-all,mc-I-3-all,mc-T-0-all,mc-T-1-all,mc-T-2-all,mc-T-3-all,mc-S-0-all,mc-S-1-all,mc-S-2-all,mc-S-3-all,D_mc-chi-0-all,D_mc-chi-1-all,D_mc-chi-2-all,D_mc-chi-3-all,D_mc-Z-0-all,D_mc-Z-1-all,D_mc-Z-2-all,D_mc-Z-3-all,D_mc-I-0-all,D_mc-I-1-all,D_mc-I-2-all,D_mc-I-3-all,D_mc-T-0-all,D_mc-T-1-all,D_mc-T-2-all,D_mc-T-3-all,D_mc-S-0-all,D_mc-S-1-all,D_mc-S-2-all,D_mc-S-3-all,name
178.94419999999997,337.6831999999999,619.5368,748.8768,3731.0,6380.0,9232.0,10128.0,23.0,48.0,78.0,100.0,126.0,304.0,396.0,480.0,16.2678,36.322399999999995,53.391400000000004,66.04800000000002,3.61,21.279999999999998,20.35533333333333,49.88133333333332,841.0,754.0,1140.6666666666667,1778.6666666666667,1.0,3.3333333333333335,4.666666666666667,8.666666666666666,12.0,29.333333333333332,48.0,73.33333333333333,1.9043999999999996,3.376399999999999,5.023199999999999,8.9516,0.0,-4.866666666666667,-1.846666666666667,-9.786666666666669,0.0,70.66666666666667,96.0,190.0,0.0,0.0,0.0,0.0,0.0,4.0,4.0,10.0,0.0,2.153333333333333,2.7999999999999994,5.473333333333332,SAJLOH_clean_primitive
