name,cif_file,Di,Df,Dif,rho,VSA,GSA,VPOV,GPOV,POAV_vol_frac,PONAV_vol_frac,GPOAV,GPONAV,POAV,PONAV
UiO-66-NH2,UiO-66-NH2.cif,7.57069,3.87567,7.57069,1.30408,759.826,582.653,0.3636,0.27881725047543093,0.2622,0.1014,0.201061,0.077756,585.659,226.491
