f-lig-chi-0,f-lig-chi-1,f-lig-chi-2,f-lig-chi-3,f-lig-Z-0,f-lig-Z-1,f-lig-Z-2,f-lig-Z-3,f-lig-I-0,f-lig-I-1,f-lig-I-2,f-lig-I-3,f-lig-T-0,f-lig-T-1,f-lig-T-2,f-lig-T-3,f-lig-S-0,f-lig-S-1,f-lig-S-2,f-lig-S-3,name
387.6734999999996,770.7630000000004,1271.1238,1571.0730000000008,1770.0,3552.0,5332.0,6036.0,55.0,114.0,186.0,236.0,300.0,740.0,1024.0,1186.0,25.62550000000001,58.227400000000024,88.51460000000002,105.60440000000001,YAWBAC_clean_primitive
387.67349999999965,770.7630000000003,1271.1238000000003,1571.073,1770.0,3552.0,5332.0,6036.0,55.0,114.0,186.0,236.0,300.0,740.0,1024.0,1186.0,25.62550000000001,58.22740000000003,88.5146,105.60440000000004,YAWBAC_clean_primitive
387.67349999999965,770.7630000000003,1271.1238,1571.073,1770.0,3552.0,5332.0,6036.0,55.0,114.0,186.0,236.0,300.0,740.0,1024.0,1186.0,25.62550000000001,58.22740000000003,88.51460000000002,105.60440000000004,YAWBAC_clean_primitive
