f-lig-chi-0,f-lig-chi-1,f-lig-chi-2,f-lig-chi-3,f-lig-Z-0,f-lig-Z-1,f-lig-Z-2,f-lig-Z-3,f-lig-I-0,f-lig-I-1,f-lig-I-2,f-lig-I-3,f-lig-T-0,f-lig-T-1,f-lig-T-2,f-lig-T-3,f-lig-S-0,f-lig-S-1,f-lig-S-2,f-lig-S-3,name
271.0832999999999,558.2970000000004,887.2565999999999,1008.2813999999998,1917.0,3348.0,5424.0,5694.0,39.0,84.0,132.0,156.0,216.0,540.0,780.0,792.0,20.00160000000001,46.2,71.06519999999998,76.14720000000005,PIHWAG_clean_primitive
271.0832999999999,558.2970000000004,887.2565999999999,1008.2814,1917.0,3348.0,5424.0,5694.0,39.0,84.0,132.0,156.0,216.0,540.0,780.0,792.0,20.00160000000001,46.20000000000001,71.06519999999999,76.14720000000005,PIHWAG_clean_primitive
