f-sbu-chi-0,f-sbu-chi-1,f-sbu-chi-2,f-sbu-chi-3,f-sbu-Z-0,f-sbu-Z-1,f-sbu-Z-2,f-sbu-Z-3,f-sbu-I-0,f-sbu-I-1,f-sbu-I-2,f-sbu-I-3,f-sbu-T-0,f-sbu-T-1,f-sbu-T-2,f-sbu-T-3,f-sbu-S-0,f-sbu-S-1,f-sbu-S-2,f-sbu-S-3,mc-chi-0,mc-chi-1,mc-chi-2,mc-chi-3,mc-Z-0,mc-Z-1,mc-Z-2,mc-Z-3,mc-I-0,mc-I-1,mc-I-2,mc-I-3,mc-T-0,mc-T-1,mc-T-2,mc-T-3,mc-S-0,mc-S-1,mc-S-2,mc-S-3,D_mc-chi-0,D_mc-chi-1,D_mc-chi-2,D_mc-chi-3,D_mc-Z-0,D_mc-Z-1,D_mc-Z-2,D_mc-Z-3,D_mc-I-0,D_mc-I-1,D_mc-I-2,D_mc-I-3,D_mc-T-0,D_mc-T-1,D_mc-T-2,D_mc-T-3,D_mc-S-0,D_mc-S-1,D_mc-S-2,D_mc-S-3,name
270.4574,537.072,1151.6176,1429.2,4706.0,9704.0,18442.0,19752.0,34.0,76.0,140.0,192.0,232.0,680.0,1022.0,1320.0,23.771000000000004,57.8732,99.97139999999999,134.3852,3.61,30.742,28.404999999999998,90.934,841.0,1029.5,2798.5,2813.0,1.0,5.0,6.5,16.5,26.0,68.0,126.0,203.0,1.9043999999999996,4.8161999999999985,9.011399999999998,15.173100000000002,0.0,-6.6800000000000015,-2.5999999999999996,-16.510000000000005,0.0,109.5,92.0,381.5,0.0,0.0,0.0,0.0,0.0,13.0,8.0,42.5,0.0,3.4099999999999997,2.4399999999999995,11.774999999999999,Cu2_TCMBT_BPP_mu3-OH
