f-chi-0-all,f-chi-1-all,f-chi-2-all,f-chi-3-all,f-Z-0-all,f-Z-1-all,f-Z-2-all,f-Z-3-all,f-I-0-all,f-I-1-all,f-I-2-all,f-I-3-all,f-T-0-all,f-T-1-all,f-T-2-all,f-T-3-all,f-S-0-all,f-S-1-all,f-S-2-all,f-S-3-all,mc-chi-0-all,mc-chi-1-all,mc-chi-2-all,mc-chi-3-all,mc-Z-0-all,mc-Z-1-all,mc-Z-2-all,mc-Z-3-all,mc-I-0-all,mc-I-1-all,mc-I-2-all,mc-I-3-all,mc-T-0-all,mc-T-1-all,mc-T-2-all,mc-T-3-all,mc-S-0-all,mc-S-1-all,mc-S-2-all,mc-S-3-all,D_mc-chi-0-all,D_mc-chi-1-all,D_mc-chi-2-all,D_mc-chi-3-all,D_mc-Z-0-all,D_mc-Z-1-all,D_mc-Z-2-all,D_mc-Z-3-all,D_mc-I-0-all,D_mc-I-1-all,D_mc-I-2-all,D_mc-I-3-all,D_mc-T-0-all,D_mc-T-1-all,D_mc-T-2-all,D_mc-T-3-all,D_mc-S-0-all,D_mc-S-1-all,D_mc-S-2-all,D_mc-S-3-all,name
163.0632,291.71199999999993,589.6304,572.8287999999998,5464.0,8640.0,7424.0,5952.0,18.0,40.0,60.0,68.0,108.0,272.0,316.0,288.0,13.267199999999997,32.849999999999994,41.6812,42.3692,2.8560999999999996,29.068,17.238,34.6788,2304.0,1920.0,1152.0,2304.0,1.0,5.0,4.0,7.0,25.0,50.0,60.0,85.0,2.1904,5.402,4.5584,7.799599999999999,0.0,-8.75,-3.4399999999999995,-8.69,0.0,200.0,168.0,288.0,0.0,0.0,0.0,0.0,0.0,15.0,8.0,18.0,0.0,3.75,2.84,5.09,YIBMUT_clean_primitive
163.0632,291.71199999999993,589.6304,572.8287999999998,5464.0,8640.0,7424.0,5952.0,18.0,40.0,60.0,68.0,108.0,272.0,316.0,288.0,13.267199999999997,32.849999999999994,41.6812,42.3692,2.8560999999999996,29.068,17.238,34.6788,2304.0,1920.0,1152.0,2304.0,1.0,5.0,4.0,7.0,25.0,50.0,60.0,85.0,2.1904,5.402,4.5584,7.799599999999999,0.0,-8.75,-3.4399999999999995,-8.69,0.0,200.0,168.0,288.0,0.0,0.0,0.0,0.0,0.0,15.0,8.0,18.0,0.0,3.75,2.84,5.09,YIBMUT_clean_primitive
