f-chi-0-all,f-chi-1-all,f-chi-2-all,f-chi-3-all,f-Z-0-all,f-Z-1-all,f-Z-2-all,f-Z-3-all,f-I-0-all,f-I-1-all,f-I-2-all,f-I-3-all,f-T-0-all,f-T-1-all,f-T-2-all,f-T-3-all,f-S-0-all,f-S-1-all,f-S-2-all,f-S-3-all,mc-chi-0-all,mc-chi-1-all,mc-chi-2-all,mc-chi-3-all,mc-Z-0-all,mc-Z-1-all,mc-Z-2-all,mc-Z-3-all,mc-I-0-all,mc-I-1-all,mc-I-2-all,mc-I-3-all,mc-T-0-all,mc-T-1-all,mc-T-2-all,mc-T-3-all,mc-S-0-all,mc-S-1-all,mc-S-2-all,mc-S-3-all,D_mc-chi-0-all,D_mc-chi-1-all,D_mc-chi-2-all,D_mc-chi-3-all,D_mc-Z-0-all,D_mc-Z-1-all,D_mc-Z-2-all,D_mc-Z-3-all,D_mc-I-0-all,D_mc-I-1-all,D_mc-I-2-all,D_mc-I-3-all,D_mc-T-0-all,D_mc-T-1-all,D_mc-T-2-all,D_mc-T-3-all,D_mc-S-0-all,D_mc-S-1-all,D_mc-S-2-all,D_mc-S-3-all,name
133.4026,291.84,518.4495999999999,732.1081999999999,5098.0,6328.0,11624.0,12410.0,18.0,40.0,72.0,98.0,112.0,312.0,520.0,464.0,12.520000000000001,29.10000000000001,53.8696,65.00960000000002,3.7249,23.468799999999998,43.154799999999994,63.8637,2209.0,1316.0,2444.0,4841.0,1.0,4.0,8.0,13.0,16.0,48.0,96.0,128.0,1.6384,3.84,7.7824,11.315199999999999,0.0,-4.44,-6.920000000000001,-8.000000000000002,0.0,160.0,324.0,508.0,0.0,0.0,0.0,0.0,0.0,4.0,8.0,20.0,0.0,2.12,4.16,7.800000000000001,KEHDOS_clean_primitive
133.4026,291.84,518.4495999999999,732.1081999999999,5098.0,6328.0,11624.0,12410.0,18.0,40.0,72.0,98.0,112.0,312.0,520.0,464.0,12.520000000000001,29.10000000000001,53.8696,65.0096,3.7249,23.468799999999998,43.154799999999994,63.8637,2209.0,1316.0,2444.0,4841.0,1.0,4.0,8.0,13.0,16.0,48.0,96.0,128.0,1.6384,3.84,7.7824,11.315199999999999,0.0,-4.44,-6.920000000000001,-8.000000000000002,0.0,160.0,324.0,508.0,0.0,0.0,0.0,0.0,0.0,4.0,8.0,20.0,0.0,2.12,4.16,7.800000000000001,KEHDOS_clean_primitive
