f-link-chi-0,f-link-chi-1,f-link-chi-2,f-link-chi-3,f-link-Z-0,f-link-Z-1,f-link-Z-2,f-link-Z-3,f-link-I-0,f-link-I-1,f-link-I-2,f-link-I-3,f-link-T-0,f-link-T-1,f-link-T-2,f-link-T-3,f-link-S-0,f-link-S-1,f-link-S-2,f-link-S-3,name
797.608800000001,2244.6269999999995,4329.140800000002,6654.266000000009,2598.0,7872.0,12496.0,15236.0,134.0,370.0,720.0,1160.0,1386.0,5250.0,8376.0,9600.0,47.0485999999999,156.33620000000005,280.7312000000005,378.28559999999993,LURRUM
797.6088000000017,2244.6269999999977,4329.140799999997,6654.265999999995,2598.0,7872.0,12496.0,15236.0,134.0,370.0,720.0,1160.0,1386.0,5250.0,8376.0,9600.0,47.04859999999991,156.33619999999962,280.7311999999996,378.2856000000007,LURRUM
