f-lig-chi-0,f-lig-chi-1,f-lig-chi-2,f-lig-chi-3,f-lig-Z-0,f-lig-Z-1,f-lig-Z-2,f-lig-Z-3,f-lig-I-0,f-lig-I-1,f-lig-I-2,f-lig-I-3,f-lig-T-0,f-lig-T-1,f-lig-T-2,f-lig-T-3,f-lig-S-0,f-lig-S-1,f-lig-S-2,f-lig-S-3,name
180.2248,322.065,536.5048,639.5755999999999,778.0,1368.0,2008.0,2162.0,24.0,46.0,76.0,88.0,122.0,286.0,328.0,306.0,10.160799999999998,21.852600000000006,31.190800000000007,34.3128,PIZSAU_clean_primitive
181.09390000000002,401.6444,651.5350000000001,687.4439999999997,607.0,1436.0,2044.0,1968.0,30.0,62.0,106.0,108.0,168.0,402.0,550.0,600.0,10.8254,27.24540000000001,40.41620000000002,42.66520000000001,PIZSAU_clean_primitive
181.09390000000002,401.64440000000013,651.5350000000002,687.444,607.0,1436.0,2044.0,1968.0,30.0,62.0,106.0,108.0,168.0,402.0,550.0,600.0,10.8254,27.245400000000007,40.416200000000025,42.66520000000001,PIZSAU_clean_primitive
180.22480000000002,322.06499999999994,536.5048,639.5756,778.0,1368.0,2008.0,2162.0,24.0,46.0,76.0,88.0,122.0,286.0,328.0,306.0,10.1608,21.852600000000006,31.1908,34.3128,PIZSAU_clean_primitive
181.09390000000005,401.6444000000002,651.5350000000002,687.4440000000001,607.0,1436.0,2044.0,1968.0,30.0,62.0,106.0,108.0,168.0,402.0,550.0,600.0,10.825400000000002,27.245400000000007,40.416200000000025,42.6652,PIZSAU_clean_primitive
181.09390000000005,401.6444000000002,651.5350000000001,687.444,607.0,1436.0,2044.0,1968.0,30.0,62.0,106.0,108.0,168.0,402.0,550.0,600.0,10.825400000000002,27.245400000000007,40.41620000000002,42.66519999999999,PIZSAU_clean_primitive
180.2248,322.06500000000005,536.5048,639.5755999999999,778.0,1368.0,2008.0,2162.0,24.0,46.0,76.0,88.0,122.0,286.0,328.0,306.0,10.160799999999998,21.852600000000002,31.1908,34.3128,PIZSAU_clean_primitive
180.2248,322.065,536.5047999999999,639.5756,778.0,1368.0,2008.0,2162.0,24.0,46.0,76.0,88.0,122.0,286.0,328.0,306.0,10.160799999999998,21.852600000000006,31.1908,34.31280000000001,PIZSAU_clean_primitive
