f-chi-0-all,f-chi-1-all,f-chi-2-all,f-chi-3-all,f-Z-0-all,f-Z-1-all,f-Z-2-all,f-Z-3-all,f-I-0-all,f-I-1-all,f-I-2-all,f-I-3-all,f-T-0-all,f-T-1-all,f-T-2-all,f-T-3-all,f-S-0-all,f-S-1-all,f-S-2-all,f-S-3-all,mc-chi-0-all,mc-chi-1-all,mc-chi-2-all,mc-chi-3-all,mc-Z-0-all,mc-Z-1-all,mc-Z-2-all,mc-Z-3-all,mc-I-0-all,mc-I-1-all,mc-I-2-all,mc-I-3-all,mc-T-0-all,mc-T-1-all,mc-T-2-all,mc-T-3-all,mc-S-0-all,mc-S-1-all,mc-S-2-all,mc-S-3-all,D_mc-chi-0-all,D_mc-chi-1-all,D_mc-chi-2-all,D_mc-chi-3-all,D_mc-Z-0-all,D_mc-Z-1-all,D_mc-Z-2-all,D_mc-Z-3-all,D_mc-I-0-all,D_mc-I-1-all,D_mc-I-2-all,D_mc-I-3-all,D_mc-T-0-all,D_mc-T-1-all,D_mc-T-2-all,D_mc-T-3-all,D_mc-S-0-all,D_mc-S-1-all,D_mc-S-2-all,D_mc-S-3-all,name
183.43819999999994,316.4799999999998,1134.764,1128.32,9434.0,15712.0,23570.0,16160.0,20.0,52.0,116.0,140.0,180.0,552.0,884.0,800.0,15.596999999999998,47.829600000000006,84.6522,91.98000000000002,1.2100000000000002,26.488,18.040000000000003,35.75,4225.0,3640.0,6565.0,4940.0,1.0,7.0,7.0,11.0,49.0,112.0,175.0,196.0,2.8223999999999996,8.5848,10.584,13.893599999999998,0.0,-16.38,-8.699999999999998,-20.399999999999995,0.0,399.0,354.0,639.0,0.0,0.0,0.0,0.0,0.0,33.0,24.0,49.0,0.0,6.65,5.46,10.21,SAJDIT_clean_primitive
183.43819999999994,316.4799999999998,1134.764,1128.32,9434.0,15712.0,23570.0,16160.0,20.0,52.0,116.0,140.0,180.0,552.0,884.0,800.0,15.596999999999998,47.829600000000006,84.6522,91.98000000000002,1.2100000000000002,26.488,18.040000000000003,35.75,4225.0,3640.0,6565.0,4940.0,1.0,7.0,7.0,11.0,49.0,112.0,175.0,196.0,2.8223999999999996,8.5848,10.584,13.893599999999998,0.0,-16.38,-8.699999999999998,-20.399999999999995,0.0,399.0,354.0,639.0,0.0,0.0,0.0,0.0,0.0,33.0,24.0,49.0,0.0,6.65,5.46,10.21,SAJDIT_clean_primitive
