f-sbu-chi-0,f-sbu-chi-1,f-sbu-chi-2,f-sbu-chi-3,f-sbu-Z-0,f-sbu-Z-1,f-sbu-Z-2,f-sbu-Z-3,f-sbu-I-0,f-sbu-I-1,f-sbu-I-2,f-sbu-I-3,f-sbu-T-0,f-sbu-T-1,f-sbu-T-2,f-sbu-T-3,f-sbu-S-0,f-sbu-S-1,f-sbu-S-2,f-sbu-S-3,mc-chi-0,mc-chi-1,mc-chi-2,mc-chi-3,mc-Z-0,mc-Z-1,mc-Z-2,mc-Z-3,mc-I-0,mc-I-1,mc-I-2,mc-I-3,mc-T-0,mc-T-1,mc-T-2,mc-T-3,mc-S-0,mc-S-1,mc-S-2,mc-S-3,D_mc-chi-0,D_mc-chi-1,D_mc-chi-2,D_mc-chi-3,D_mc-Z-0,D_mc-Z-1,D_mc-Z-2,D_mc-Z-3,D_mc-I-0,D_mc-I-1,D_mc-I-2,D_mc-I-3,D_mc-T-0,D_mc-T-1,D_mc-T-2,D_mc-T-3,D_mc-S-0,D_mc-S-1,D_mc-S-2,D_mc-S-3,name
293.92369999999994,576.3284000000001,1602.8064,1935.3891999999998,1700.0,5096.0,10048.0,12216.0,39.0,92.0,194.0,272.0,294.0,868.0,1496.0,1776.0,20.828700000000005,61.418000000000006,115.70140000000002,152.2072,1.7161000000000002,27.0384,24.283033333333336,58.82336666666666,144.0,576.0,704.0,1192.0,1.0,6.0,8.333333333333334,15.0,36.0,92.0,182.0,286.0,1.9320999999999995,6.088199999999998,10.2721,14.868366666666661,0.0,-12.779999999999996,-7.62,-25.25333333333333,0.0,24.0,41.333333333333336,80.66666666666667,0.0,0.0,0.0,0.0,0.0,20.666666666666668,19.666666666666668,42.333333333333336,0.0,3.9599999999999995,4.1933333333333325,10.153333333333334,HUKZIW02
