f-chi-0-all,f-chi-1-all,f-chi-2-all,f-chi-3-all,f-Z-0-all,f-Z-1-all,f-Z-2-all,f-Z-3-all,f-I-0-all,f-I-1-all,f-I-2-all,f-I-3-all,f-T-0-all,f-T-1-all,f-T-2-all,f-T-3-all,f-S-0-all,f-S-1-all,f-S-2-all,f-S-3-all,mc-chi-0-all,mc-chi-1-all,mc-chi-2-all,mc-chi-3-all,mc-Z-0-all,mc-Z-1-all,mc-Z-2-all,mc-Z-3-all,mc-I-0-all,mc-I-1-all,mc-I-2-all,mc-I-3-all,mc-T-0-all,mc-T-1-all,mc-T-2-all,mc-T-3-all,mc-S-0-all,mc-S-1-all,mc-S-2-all,mc-S-3-all,D_mc-chi-0-all,D_mc-chi-1-all,D_mc-chi-2-all,D_mc-chi-3-all,D_mc-Z-0-all,D_mc-Z-1-all,D_mc-Z-2-all,D_mc-Z-3-all,D_mc-I-0-all,D_mc-I-1-all,D_mc-I-2-all,D_mc-I-3-all,D_mc-T-0-all,D_mc-T-1-all,D_mc-T-2-all,D_mc-T-3-all,D_mc-S-0-all,D_mc-S-1-all,D_mc-S-2-all,D_mc-S-3-all,name
240.4346999999999,493.24319999999994,1217.158,1211.6671999999999,8070.0,13664.0,21236.0,16864.0,29.0,72.0,140.0,160.0,240.0,724.0,966.0,924.0,19.38180000000001,54.901999999999994,87.32360000000003,97.60039999999998,2.8560999999999996,33.03386666666666,23.5248,53.144866666666665,2304.0,2048.0,4256.0,3392.0,1.0,6.0,6.0,10.666666666666666,38.0,92.66666666666667,114.0,156.0,2.1904,6.146933333333333,7.8439999999999985,11.465066666666667,0.0,-9.406666666666666,-3.7799999999999994,-13.42,0.0,245.33333333333334,199.33333333333334,441.3333333333333,0.0,0.0,0.0,0.0,0.0,23.333333333333332,16.0,30.666666666666668,0.0,4.726666666666667,3.5799999999999996,8.040000000000001,KOCCUC_clean_primitive
