f-lig-chi-0,f-lig-chi-1,f-lig-chi-2,f-lig-chi-3,f-lig-Z-0,f-lig-Z-1,f-lig-Z-2,f-lig-Z-3,f-lig-I-0,f-lig-I-1,f-lig-I-2,f-lig-I-3,f-lig-T-0,f-lig-T-1,f-lig-T-2,f-lig-T-3,f-lig-S-0,f-lig-S-1,f-lig-S-2,f-lig-S-3,name
137.54160000000002,246.87999999999994,373.8363999999999,456.68299999999994,675.0,1192.0,1804.0,1976.0,17.0,34.0,50.0,62.0,84.0,202.0,274.0,282.0,8.351299999999998,17.9114,25.832200000000004,29.678200000000004,YAZYIJ_clean_primitive
137.54160000000002,246.87999999999994,373.83639999999986,456.683,675.0,1192.0,1804.0,1976.0,17.0,34.0,50.0,62.0,84.0,202.0,274.0,282.0,8.351299999999998,17.911400000000004,25.832199999999997,29.6782,YAZYIJ_clean_primitive
132.7016,231.74399999999997,362.6163999999999,434.24299999999994,674.0,1176.0,1792.0,1952.0,16.0,32.0,48.0,58.0,80.0,192.0,256.0,250.0,8.214399999999998,17.371200000000005,25.262399999999996,28.53860000000001,YAZYIJ_clean_primitive
137.54160000000002,246.87999999999997,373.8363999999999,456.683,675.0,1192.0,1804.0,1976.0,17.0,34.0,50.0,62.0,84.0,202.0,274.0,282.0,8.351299999999998,17.9114,25.8322,29.678199999999997,YAZYIJ_clean_primitive
132.70159999999998,231.74399999999997,362.6163999999999,434.24299999999994,674.0,1176.0,1792.0,1952.0,16.0,32.0,48.0,58.0,80.0,192.0,256.0,250.0,8.2144,17.3712,25.2624,28.538600000000002,YAZYIJ_clean_primitive
137.5416,246.87999999999997,373.8363999999999,456.68299999999994,675.0,1192.0,1804.0,1976.0,17.0,34.0,50.0,62.0,84.0,202.0,274.0,282.0,8.351299999999998,17.911400000000004,25.832200000000007,29.678199999999997,YAZYIJ_clean_primitive
