f-lig-chi-0,f-lig-chi-1,f-lig-chi-2,f-lig-chi-3,f-lig-Z-0,f-lig-Z-1,f-lig-Z-2,f-lig-Z-3,f-lig-I-0,f-lig-I-1,f-lig-I-2,f-lig-I-3,f-lig-T-0,f-lig-T-1,f-lig-T-2,f-lig-T-3,f-lig-S-0,f-lig-S-1,f-lig-S-2,f-lig-S-3,name
210.43659999999994,421.61699999999996,690.2784,826.0628,898.0,1824.0,2628.0,2768.0,30.0,62.0,100.0,120.0,162.0,394.0,524.0,576.0,12.866999999999999,30.107000000000006,44.17160000000001,49.10639999999998,PASKAX_clean_primitive
210.43659999999997,421.617,690.2784000000001,826.0628000000002,898.0,1824.0,2628.0,2768.0,30.0,62.0,100.0,120.0,162.0,394.0,524.0,576.0,12.866999999999999,30.107000000000006,44.17160000000001,49.1064,PASKAX_clean_primitive
163.39640000000003,371.28000000000014,584.7164,632.2169999999999,638.0,1536.0,2132.0,1800.0,26.0,56.0,88.0,102.0,144.0,360.0,520.0,502.0,10.733799999999999,26.734400000000008,39.36880000000001,39.276600000000016,PASKAX_clean_primitive
163.39640000000003,371.28000000000014,584.7164,632.217,638.0,1536.0,2132.0,1800.0,26.0,56.0,88.0,102.0,144.0,360.0,520.0,502.0,10.7338,26.734400000000008,39.368800000000014,39.276600000000016,PASKAX_clean_primitive
