f-lig-chi-0,f-lig-chi-1,f-lig-chi-2,f-lig-chi-3,f-lig-Z-0,f-lig-Z-1,f-lig-Z-2,f-lig-Z-3,f-lig-I-0,f-lig-I-1,f-lig-I-2,f-lig-I-3,f-lig-T-0,f-lig-T-1,f-lig-T-2,f-lig-T-3,f-lig-S-0,f-lig-S-1,f-lig-S-2,f-lig-S-3,name
140.7114,305.3072,447.22400000000005,500.4330000000001,564.0,1274.0,1616.0,1464.0,22.0,46.0,68.0,78.0,114.0,272.0,352.0,322.0,9.274200000000002,22.099800000000005,30.094000000000005,29.85180000000001,XEFGAQ_clean_primitive
140.7114,305.3072,447.22400000000005,500.4330000000001,564.0,1274.0,1616.0,1464.0,22.0,46.0,68.0,78.0,114.0,272.0,352.0,322.0,9.274200000000004,22.099800000000005,30.094000000000005,29.85180000000001,XEFGAQ_clean_primitive
140.7114,305.30720000000014,447.2240000000001,500.4330000000001,564.0,1274.0,1616.0,1464.0,22.0,46.0,68.0,78.0,114.0,272.0,352.0,322.0,9.274200000000006,22.099800000000005,30.094000000000005,29.85180000000001,XEFGAQ_clean_primitive
140.7114,305.30720000000014,447.2240000000001,500.4330000000001,564.0,1274.0,1616.0,1464.0,22.0,46.0,68.0,78.0,114.0,272.0,352.0,322.0,9.274200000000006,22.099800000000005,30.094000000000005,29.85180000000001,XEFGAQ_clean_primitive
