f-sbu-chi-0,f-sbu-chi-1,f-sbu-chi-2,f-sbu-chi-3,f-sbu-Z-0,f-sbu-Z-1,f-sbu-Z-2,f-sbu-Z-3,f-sbu-I-0,f-sbu-I-1,f-sbu-I-2,f-sbu-I-3,f-sbu-T-0,f-sbu-T-1,f-sbu-T-2,f-sbu-T-3,f-sbu-S-0,f-sbu-S-1,f-sbu-S-2,f-sbu-S-3,mc-chi-0,mc-chi-1,mc-chi-2,mc-chi-3,mc-Z-0,mc-Z-1,mc-Z-2,mc-Z-3,mc-I-0,mc-I-1,mc-I-2,mc-I-3,mc-T-0,mc-T-1,mc-T-2,mc-T-3,mc-S-0,mc-S-1,mc-S-2,mc-S-3,D_mc-chi-0,D_mc-chi-1,D_mc-chi-2,D_mc-chi-3,D_mc-Z-0,D_mc-Z-1,D_mc-Z-2,D_mc-Z-3,D_mc-I-0,D_mc-I-1,D_mc-I-2,D_mc-I-3,D_mc-T-0,D_mc-T-1,D_mc-T-2,D_mc-T-3,D_mc-S-0,D_mc-S-1,D_mc-S-2,D_mc-S-3,name
122.67880000000001,222.91199999999992,600.6128,378.39999999999986,1456.0,4608.0,5312.0,3200.0,14.0,40.0,62.0,48.0,140.0,464.0,532.0,304.0,12.482999999999999,38.95280000000001,47.22779999999998,32.4704,1.0,20.64,8.649999999999999,14.53,400.0,960.0,760.0,680.0,1.0,6.0,4.0,5.0,36.0,96.0,90.0,78.0,2.9240999999999997,7.489800000000001,6.8742,6.4467,0.0,-14.639999999999999,-4.6499999999999995,-9.53,0.0,72.0,42.0,66.0,0.0,0.0,0.0,0.0,0.0,20.0,9.0,17.0,0.0,5.880000000000001,2.82,4.779999999999999,OSAVEK
122.67880000000001,222.91199999999992,600.6128,378.3999999999999,1456.0,4608.0,5312.0,3200.0,14.0,40.0,62.0,48.0,140.0,464.0,532.0,304.0,12.482999999999999,38.95280000000002,47.227799999999995,32.4704,1.0,20.64,8.649999999999999,14.53,400.0,960.0,760.0,680.0,1.0,6.0,4.0,5.0,36.0,96.0,90.0,78.0,2.9240999999999997,7.489800000000001,6.8742,6.4467,0.0,-14.639999999999999,-4.6499999999999995,-9.53,0.0,72.0,42.0,66.0,0.0,0.0,0.0,0.0,0.0,20.0,9.0,17.0,0.0,5.880000000000001,2.82,4.779999999999999,OSAVEK
