name,cif_file,Di,Df,Dif,rho,VSA,GSA,VPOV,GPOV,POAV_vol_frac,PONAV_vol_frac,GPOAV,GPONAV,POAV,PONAV
LEVLEF_clean,LEVLEF_clean.cif,20.19158,6.8654,20.19158,0.883011,930.648,1053.95,0.36219999999999997,0.41018741555880955,0.351,0.0112,0.397503,0.0126839,7650.29,244.112
