f-chi-0-all,f-chi-1-all,f-chi-2-all,f-chi-3-all,f-Z-0-all,f-Z-1-all,f-Z-2-all,f-Z-3-all,f-I-0-all,f-I-1-all,f-I-2-all,f-I-3-all,f-T-0-all,f-T-1-all,f-T-2-all,f-T-3-all,f-S-0-all,f-S-1-all,f-S-2-all,f-S-3-all,mc-chi-0-all,mc-chi-1-all,mc-chi-2-all,mc-chi-3-all,mc-Z-0-all,mc-Z-1-all,mc-Z-2-all,mc-Z-3-all,mc-I-0-all,mc-I-1-all,mc-I-2-all,mc-I-3-all,mc-T-0-all,mc-T-1-all,mc-T-2-all,mc-T-3-all,mc-S-0-all,mc-S-1-all,mc-S-2-all,mc-S-3-all,D_mc-chi-0-all,D_mc-chi-1-all,D_mc-chi-2-all,D_mc-chi-3-all,D_mc-Z-0-all,D_mc-Z-1-all,D_mc-Z-2-all,D_mc-Z-3-all,D_mc-I-0-all,D_mc-I-1-all,D_mc-I-2-all,D_mc-I-3-all,D_mc-T-0-all,D_mc-T-1-all,D_mc-T-2-all,D_mc-T-3-all,D_mc-S-0-all,D_mc-S-1-all,D_mc-S-2-all,D_mc-S-3-all,name
149.6598,274.92479999999995,852.8353999999999,651.1232,1842.0,5184.0,7490.0,6016.0,16.0,40.0,84.0,80.0,128.0,352.0,528.0,448.0,10.677399999999999,30.368000000000002,53.17859999999999,50.22400000000002,2.6569,33.6432,19.282899999999998,39.0548,529.0,1104.0,1081.0,1288.0,1.0,6.0,5.0,8.0,36.0,72.0,108.0,120.0,1.4884,5.3435999999999995,5.2459999999999996,7.32,0.0,-10.860000000000001,-3.6799999999999997,-10.92,0.0,90.0,68.0,128.0,0.0,0.0,0.0,0.0,0.0,24.0,12.0,28.0,0.0,2.9400000000000004,1.7999999999999998,3.7600000000000007,IXOFAD_clean_primitive
149.6598,274.9247999999999,852.8354000000002,651.1231999999998,1842.0,5184.0,7490.0,6016.0,16.0,40.0,84.0,80.0,128.0,352.0,528.0,448.0,10.677399999999999,30.368000000000002,53.17859999999999,50.22400000000001,2.6569,33.6432,19.282899999999998,39.0548,529.0,1104.0,1081.0,1288.0,1.0,6.0,5.0,8.0,36.0,72.0,108.0,120.0,1.4884,5.3435999999999995,5.2459999999999996,7.32,0.0,-10.860000000000001,-3.6799999999999997,-10.92,0.0,90.0,68.0,128.0,0.0,0.0,0.0,0.0,0.0,24.0,12.0,28.0,0.0,2.9400000000000004,1.7999999999999998,3.7600000000000007,IXOFAD_clean_primitive
