f-lig-chi-0,f-lig-chi-1,f-lig-chi-2,f-lig-chi-3,f-lig-Z-0,f-lig-Z-1,f-lig-Z-2,f-lig-Z-3,f-lig-I-0,f-lig-I-1,f-lig-I-2,f-lig-I-3,f-lig-T-0,f-lig-T-1,f-lig-T-2,f-lig-T-3,f-lig-S-0,f-lig-S-1,f-lig-S-2,f-lig-S-3,name
341.62319999999977,668.6899999999999,1072.3483999999999,1375.0910000000003,1641.0,3152.0,5000.0,5744.0,45.0,96.0,150.0,202.0,246.0,616.0,912.0,1118.0,21.856500000000004,49.96000000000001,76.26780000000001,95.92900000000004,APACAX_clean_primitive
341.62319999999966,668.69,1072.3484,1375.091,1641.0,3152.0,5000.0,5744.0,45.0,96.0,150.0,202.0,246.0,616.0,912.0,1118.0,21.856500000000008,49.960000000000015,76.26780000000001,95.92900000000006,APACAX_clean_primitive
341.6231999999997,668.69,1072.3484,1375.0910000000003,1641.0,3152.0,5000.0,5744.0,45.0,96.0,150.0,202.0,246.0,616.0,912.0,1118.0,21.856500000000008,49.96000000000002,76.26780000000002,95.92900000000004,APACAX_clean_primitive
341.6231999999997,668.69,1072.3484,1375.0910000000003,1641.0,3152.0,5000.0,5744.0,45.0,96.0,150.0,202.0,246.0,616.0,912.0,1118.0,21.856500000000008,49.96000000000002,76.26780000000002,95.92900000000004,APACAX_clean_primitive
