f-link-chi-0,f-link-chi-1,f-link-chi-2,f-link-chi-3,f-link-Z-0,f-link-Z-1,f-link-Z-2,f-link-Z-3,f-link-I-0,f-link-I-1,f-link-I-2,f-link-I-3,f-link-T-0,f-link-T-1,f-link-T-2,f-link-T-3,f-link-S-0,f-link-S-1,f-link-S-2,f-link-S-3,name
109.22320000000002,369.8520000000001,604.3600000000001,525.2112000000002,394.0,1632.0,1648.0,1002.0,18.0,56.0,96.0,90.0,240.0,1000.0,1024.0,680.0,6.9634,28.028000000000006,36.8416,27.453799999999998,OWIKAI
109.22320000000002,369.8520000000001,604.3600000000001,525.2112000000002,394.0,1632.0,1648.0,1002.0,18.0,56.0,96.0,90.0,240.0,1000.0,1024.0,680.0,6.9634,28.028000000000006,36.8416,27.453799999999998,OWIKAI
109.22320000000002,369.8520000000001,604.3600000000001,525.2112000000002,394.0,1632.0,1648.0,1002.0,18.0,56.0,96.0,90.0,240.0,1000.0,1024.0,680.0,6.9634,28.028000000000006,36.8416,27.453799999999998,OWIKAI
109.22320000000002,369.8520000000001,604.3600000000001,525.2112000000002,394.0,1632.0,1648.0,1002.0,18.0,56.0,96.0,90.0,240.0,1000.0,1024.0,680.0,6.9634,28.028000000000006,36.8416,27.453799999999998,OWIKAI
109.2232,369.8520000000001,604.36,525.2112000000001,394.0,1632.0,1648.0,1002.0,18.0,56.0,96.0,90.0,240.0,1000.0,1024.0,680.0,6.9634,28.028000000000006,36.8416,27.453799999999998,OWIKAI
109.2232,369.8520000000001,604.36,525.2112000000001,394.0,1632.0,1648.0,1002.0,18.0,56.0,96.0,90.0,240.0,1000.0,1024.0,680.0,6.9634,28.028000000000006,36.8416,27.453799999999998,OWIKAI
109.2232,369.8520000000001,604.36,525.2112000000002,394.0,1632.0,1648.0,1002.0,18.0,56.0,96.0,90.0,240.0,1000.0,1024.0,680.0,6.963399999999999,28.028000000000006,36.8416,27.453799999999998,OWIKAI
109.2232,369.8520000000001,604.36,525.2112000000002,394.0,1632.0,1648.0,1002.0,18.0,56.0,96.0,90.0,240.0,1000.0,1024.0,680.0,6.963399999999999,28.028000000000006,36.8416,27.453799999999998,OWIKAI
