f-sbu-chi-0,f-sbu-chi-1,f-sbu-chi-2,f-sbu-chi-3,f-sbu-Z-0,f-sbu-Z-1,f-sbu-Z-2,f-sbu-Z-3,f-sbu-I-0,f-sbu-I-1,f-sbu-I-2,f-sbu-I-3,f-sbu-T-0,f-sbu-T-1,f-sbu-T-2,f-sbu-T-3,f-sbu-S-0,f-sbu-S-1,f-sbu-S-2,f-sbu-S-3,mc-chi-0,mc-chi-1,mc-chi-2,mc-chi-3,mc-Z-0,mc-Z-1,mc-Z-2,mc-Z-3,mc-I-0,mc-I-1,mc-I-2,mc-I-3,mc-T-0,mc-T-1,mc-T-2,mc-T-3,mc-S-0,mc-S-1,mc-S-2,mc-S-3,D_mc-chi-0,D_mc-chi-1,D_mc-chi-2,D_mc-chi-3,D_mc-Z-0,D_mc-Z-1,D_mc-Z-2,D_mc-Z-3,D_mc-I-0,D_mc-I-1,D_mc-I-2,D_mc-I-3,D_mc-T-0,D_mc-T-1,D_mc-T-2,D_mc-T-3,D_mc-S-0,D_mc-S-1,D_mc-S-2,D_mc-S-3,name
936.9732000000016,2823.5072000000005,5435.692799999993,7817.011200000002,14756.0,39200.0,65312.0,98640.0,112.0,416.0,640.0,1072.0,1760.0,7168.0,10336.0,17936.0,73.77439999999999,281.4976,425.46239999999943,726.6512,3.10405,36.4232,45.07599999999999,134.51759999999996,1232.5,1682.0,3640.0,4276.0,1.0,6.0,10.0,26.0,36.0,96.0,312.0,456.0,1.8125,5.858799999999999,11.011,20.838,0.0,-10.39,-5.119999999999999,-24.85,0.0,159.0,176.0,657.0,0.0,0.0,0.0,0.0,0.0,20.0,8.0,80.0,0.0,3.66,3.5199999999999987,16.34,OWIKAI
