f-lig-chi-0,f-lig-chi-1,f-lig-chi-2,f-lig-chi-3,f-lig-Z-0,f-lig-Z-1,f-lig-Z-2,f-lig-Z-3,f-lig-I-0,f-lig-I-1,f-lig-I-2,f-lig-I-3,f-lig-T-0,f-lig-T-1,f-lig-T-2,f-lig-T-3,f-lig-S-0,f-lig-S-1,f-lig-S-2,f-lig-S-3,name
154.40439999999998,306.561,486.2404,592.682,694.0,1392.0,2080.0,2264.0,22.0,46.0,72.0,92.0,118.0,294.0,424.0,476.0,10.067800000000002,23.331,34.8104,40.55000000000001,EMUTUD_clean_primitive
154.40439999999998,306.561,486.24039999999997,592.682,694.0,1392.0,2080.0,2264.0,22.0,46.0,72.0,92.0,118.0,294.0,424.0,476.0,10.067800000000002,23.331,34.8104,40.55000000000001,EMUTUD_clean_primitive
154.4044,306.56100000000004,486.2403999999999,592.6819999999998,694.0,1392.0,2080.0,2264.0,22.0,46.0,72.0,92.0,118.0,294.0,424.0,476.0,10.067799999999998,23.331000000000007,34.8104,40.550000000000004,EMUTUD_clean_primitive
154.4044,306.56100000000004,486.2403999999999,592.6819999999998,694.0,1392.0,2080.0,2264.0,22.0,46.0,72.0,92.0,118.0,294.0,424.0,476.0,10.067799999999998,23.331000000000007,34.8104,40.550000000000004,EMUTUD_clean_primitive
60.33939999999999,83.18099999999998,117.51039999999998,94.66879999999999,328.0,456.0,640.0,512.0,6.0,10.0,12.0,8.0,22.0,42.0,28.0,8.0,3.3174,5.682600000000001,6.6284,4.263199999999999,EMUTUD_clean_primitive
60.33939999999999,83.18099999999998,117.51039999999998,94.66879999999999,328.0,456.0,640.0,512.0,6.0,10.0,12.0,8.0,22.0,42.0,28.0,8.0,3.3174,5.682600000000001,6.6284,4.263199999999999,EMUTUD_clean_primitive
