f-sbu-chi-0,f-sbu-chi-1,f-sbu-chi-2,f-sbu-chi-3,f-sbu-Z-0,f-sbu-Z-1,f-sbu-Z-2,f-sbu-Z-3,f-sbu-I-0,f-sbu-I-1,f-sbu-I-2,f-sbu-I-3,f-sbu-T-0,f-sbu-T-1,f-sbu-T-2,f-sbu-T-3,f-sbu-S-0,f-sbu-S-1,f-sbu-S-2,f-sbu-S-3,mc-chi-0,mc-chi-1,mc-chi-2,mc-chi-3,mc-Z-0,mc-Z-1,mc-Z-2,mc-Z-3,mc-I-0,mc-I-1,mc-I-2,mc-I-3,mc-T-0,mc-T-1,mc-T-2,mc-T-3,mc-S-0,mc-S-1,mc-S-2,mc-S-3,D_mc-chi-0,D_mc-chi-1,D_mc-chi-2,D_mc-chi-3,D_mc-Z-0,D_mc-Z-1,D_mc-Z-2,D_mc-Z-3,D_mc-I-0,D_mc-I-1,D_mc-I-2,D_mc-I-3,D_mc-T-0,D_mc-T-1,D_mc-T-2,D_mc-T-3,D_mc-S-0,D_mc-S-1,D_mc-S-2,D_mc-S-3,name
95.4277,168.6488,379.321,305.99999999999994,3042.0,5928.0,4918.0,2136.0,11.0,24.0,40.0,36.0,72.0,188.0,192.0,100.0,8.2362,20.6004,28.343999999999998,21.898799999999998,2.8560999999999996,33.5634,17.238,24.674,2304.0,3120.0,1152.0,1248.0,1.0,6.0,4.0,6.0,36.0,72.0,72.0,84.0,2.1904,7.0078,4.5584,5.653599999999999,0.0,-9.719999999999999,-3.4399999999999995,-4.46,0.0,223.0,168.0,262.0,0.0,0.0,0.0,0.0,0.0,24.0,12.0,22.0,0.0,4.145,2.84,5.06,KAMPOG
94.2037,167.9728,372.601,301.9199999999999,3978.0,7656.0,6322.0,3000.0,11.0,24.0,40.0,36.0,72.0,188.0,192.0,100.0,8.555699999999998,21.044400000000003,29.445,22.8228,2.8560999999999996,33.5634,17.238,24.674,2304.0,3120.0,1152.0,1248.0,1.0,6.0,4.0,6.0,36.0,72.0,72.0,84.0,2.1904,7.0078,4.5584,5.653599999999999,0.0,-9.719999999999999,-3.4399999999999995,-4.46,0.0,223.0,168.0,262.0,0.0,0.0,0.0,0.0,0.0,24.0,12.0,22.0,0.0,4.145,2.84,5.06,KAMPOG
94.2037,167.9728,372.60100000000006,301.9199999999999,3978.0,7656.0,6322.0,3000.0,11.0,24.0,40.0,36.0,72.0,188.0,192.0,100.0,8.5557,21.044399999999996,29.445,22.822799999999997,2.8560999999999996,33.5634,17.238,24.674,2304.0,3120.0,1152.0,1248.0,1.0,6.0,4.0,6.0,36.0,72.0,72.0,84.0,2.1904,7.0078,4.5584,5.653599999999999,0.0,-9.719999999999999,-3.4399999999999995,-4.46,0.0,223.0,168.0,262.0,0.0,0.0,0.0,0.0,0.0,24.0,12.0,22.0,0.0,4.145,2.84,5.06,KAMPOG
95.4277,168.6488,379.321,306.0,3042.0,5928.0,4918.0,2136.0,11.0,24.0,40.0,36.0,72.0,188.0,192.0,100.0,8.2362,20.6004,28.344,21.898799999999998,2.8560999999999996,33.5634,17.238,24.674,2304.0,3120.0,1152.0,1248.0,1.0,6.0,4.0,6.0,36.0,72.0,72.0,84.0,2.1904,7.0078,4.5584,5.653599999999999,0.0,-9.719999999999999,-3.4399999999999995,-4.46,0.0,223.0,168.0,262.0,0.0,0.0,0.0,0.0,0.0,24.0,12.0,22.0,0.0,4.145,2.84,5.06,KAMPOG
