f-chi-0-all,f-chi-1-all,f-chi-2-all,f-chi-3-all,f-Z-0-all,f-Z-1-all,f-Z-2-all,f-Z-3-all,f-I-0-all,f-I-1-all,f-I-2-all,f-I-3-all,f-T-0-all,f-T-1-all,f-T-2-all,f-T-3-all,f-S-0-all,f-S-1-all,f-S-2-all,f-S-3-all,mc-chi-0-all,mc-chi-1-all,mc-chi-2-all,mc-chi-3-all,mc-Z-0-all,mc-Z-1-all,mc-Z-2-all,mc-Z-3-all,mc-I-0-all,mc-I-1-all,mc-I-2-all,mc-I-3-all,mc-T-0-all,mc-T-1-all,mc-T-2-all,mc-T-3-all,mc-S-0-all,mc-S-1-all,mc-S-2-all,mc-S-3-all,D_mc-chi-0-all,D_mc-chi-1-all,D_mc-chi-2-all,D_mc-chi-3-all,D_mc-Z-0-all,D_mc-Z-1-all,D_mc-Z-2-all,D_mc-Z-3-all,D_mc-I-0-all,D_mc-I-1-all,D_mc-I-2-all,D_mc-I-3-all,D_mc-T-0-all,D_mc-T-1-all,D_mc-T-2-all,D_mc-T-3-all,D_mc-S-0-all,D_mc-S-1-all,D_mc-S-2-all,D_mc-S-3-all,name
160.32779999999997,292.95039999999983,964.5503999999999,822.2975999999998,9568.0,15744.0,21496.0,10560.0,18.0,48.0,98.0,100.0,176.0,592.0,810.0,536.0,14.464199999999998,45.3768,71.7962,64.094,1.4884,29.377599999999997,17.0434,28.1454,4356.0,3696.0,6336.0,3564.0,1.0,7.0,6.0,8.0,49.0,126.0,154.0,147.0,2.7889,8.5337,9.218399999999999,10.086799999999998,0.0,-15.539999999999996,-6.6499999999999995,-13.309999999999999,0.0,406.0,300.0,474.0,0.0,0.0,0.0,0.0,0.0,31.0,20.0,35.0,0.0,6.579999999999998,4.5,7.32,TOBKEC_clean_primitive
160.32779999999997,292.95039999999983,964.5504,822.2975999999998,9568.0,15744.0,21496.0,10560.0,18.0,48.0,98.0,100.0,176.0,592.0,810.0,536.0,14.464199999999998,45.376799999999996,71.79619999999998,64.09400000000001,1.4884,29.377599999999997,17.0434,28.1454,4356.0,3696.0,6336.0,3564.0,1.0,7.0,6.0,8.0,49.0,126.0,154.0,147.0,2.7889,8.5337,9.218399999999999,10.086799999999998,0.0,-15.539999999999996,-6.6499999999999995,-13.309999999999999,0.0,406.0,300.0,474.0,0.0,0.0,0.0,0.0,0.0,31.0,20.0,35.0,0.0,6.579999999999998,4.5,7.32,TOBKEC_clean_primitive
