f-chi-0-all,f-chi-1-all,f-chi-2-all,f-chi-3-all,f-Z-0-all,f-Z-1-all,f-Z-2-all,f-Z-3-all,f-I-0-all,f-I-1-all,f-I-2-all,f-I-3-all,f-T-0-all,f-T-1-all,f-T-2-all,f-T-3-all,f-S-0-all,f-S-1-all,f-S-2-all,f-S-3-all,mc-chi-0-all,mc-chi-1-all,mc-chi-2-all,mc-chi-3-all,mc-Z-0-all,mc-Z-1-all,mc-Z-2-all,mc-Z-3-all,mc-I-0-all,mc-I-1-all,mc-I-2-all,mc-I-3-all,mc-T-0-all,mc-T-1-all,mc-T-2-all,mc-T-3-all,mc-S-0-all,mc-S-1-all,mc-S-2-all,mc-S-3-all,D_mc-chi-0-all,D_mc-chi-1-all,D_mc-chi-2-all,D_mc-chi-3-all,D_mc-Z-0-all,D_mc-Z-1-all,D_mc-Z-2-all,D_mc-Z-3-all,D_mc-I-0-all,D_mc-I-1-all,D_mc-I-2-all,D_mc-I-3-all,D_mc-T-0-all,D_mc-T-1-all,D_mc-T-2-all,D_mc-T-3-all,D_mc-S-0-all,D_mc-S-1-all,D_mc-S-2-all,D_mc-S-3-all,name
160.23099999999997,291.02399999999994,963.4335999999998,821.4719999999999,8794.0,15072.0,20362.0,10272.0,18.0,48.0,98.0,100.0,176.0,592.0,810.0,536.0,14.531199999999998,45.581199999999995,72.01719999999999,64.18159999999999,1.44,28.896,16.74,27.683999999999997,3969.0,3528.0,5859.0,3402.0,1.0,7.0,6.0,8.0,49.0,126.0,154.0,147.0,2.8223999999999996,8.5848,9.290399999999998,10.147199999999998,0.0,-15.680000000000001,-6.749999999999999,-13.469999999999999,0.0,385.0,285.0,450.0,0.0,0.0,0.0,0.0,0.0,31.0,20.0,35.0,0.0,6.65,4.55,7.4,TOBJUR_clean_primitive
160.23099999999997,291.02399999999994,963.4335999999998,821.4719999999999,8794.0,15072.0,20362.0,10272.0,18.0,48.0,98.0,100.0,176.0,592.0,810.0,536.0,14.531199999999998,45.581199999999995,72.01719999999999,64.1816,1.44,28.896,16.74,27.683999999999997,3969.0,3528.0,5859.0,3402.0,1.0,7.0,6.0,8.0,49.0,126.0,154.0,147.0,2.8223999999999996,8.5848,9.290399999999998,10.147199999999998,0.0,-15.680000000000001,-6.749999999999999,-13.469999999999999,0.0,385.0,285.0,450.0,0.0,0.0,0.0,0.0,0.0,31.0,20.0,35.0,0.0,6.65,4.55,7.4,TOBJUR_clean_primitive
