f-lig-chi-0,f-lig-chi-1,f-lig-chi-2,f-lig-chi-3,f-lig-Z-0,f-lig-Z-1,f-lig-Z-2,f-lig-Z-3,f-lig-I-0,f-lig-I-1,f-lig-I-2,f-lig-I-3,f-lig-T-0,f-lig-T-1,f-lig-T-2,f-lig-T-3,f-lig-S-0,f-lig-S-1,f-lig-S-2,f-lig-S-3,name
119.95240000000003,188.6982,357.36779999999993,451.1464,973.0,2016.0,2802.0,2944.0,14.0,26.0,42.0,54.0,68.0,164.0,192.0,154.0,7.573999999999998,16.481,25.01,27.8646,IGIZEF_clean_primitive
119.95240000000001,188.6982,357.36779999999993,451.1464,973.0,2016.0,2802.0,2944.0,14.0,26.0,42.0,54.0,68.0,164.0,192.0,154.0,7.573999999999998,16.481,25.01,27.8646,IGIZEF_clean_primitive
115.11240000000001,173.56220000000002,346.1477999999999,420.65439999999995,972.0,2000.0,2790.0,2872.0,13.0,24.0,40.0,48.0,64.0,152.0,166.0,120.0,7.437099999999998,15.9408,24.4402,25.726,IGIZEF_clean_primitive
115.11240000000001,173.5622,346.14779999999996,420.6544,972.0,2000.0,2790.0,2872.0,13.0,24.0,40.0,48.0,64.0,152.0,166.0,120.0,7.437099999999998,15.9408,24.4402,25.726,IGIZEF_clean_primitive
115.11240000000001,173.5622,346.1478000000001,420.6544,972.0,2000.0,2790.0,2872.0,13.0,24.0,40.0,48.0,64.0,152.0,166.0,120.0,7.437099999999999,15.940800000000001,24.440200000000004,25.726,IGIZEF_clean_primitive
115.11240000000001,173.5622,346.1478000000001,420.6544,972.0,2000.0,2790.0,2872.0,13.0,24.0,40.0,48.0,64.0,152.0,166.0,120.0,7.437099999999999,15.9408,24.440200000000004,25.726,IGIZEF_clean_primitive
119.95240000000001,188.6982,357.3678,451.14639999999997,973.0,2016.0,2802.0,2944.0,14.0,26.0,42.0,54.0,68.0,164.0,192.0,154.0,7.573999999999998,16.480999999999998,25.009999999999998,27.864599999999996,IGIZEF_clean_primitive
119.95240000000001,188.69820000000004,357.3677999999999,451.14639999999997,973.0,2016.0,2802.0,2944.0,14.0,26.0,42.0,54.0,68.0,164.0,192.0,154.0,7.573999999999998,16.480999999999998,25.009999999999998,27.8646,IGIZEF_clean_primitive
