f-sbu-chi-0,f-sbu-chi-1,f-sbu-chi-2,f-sbu-chi-3,f-sbu-Z-0,f-sbu-Z-1,f-sbu-Z-2,f-sbu-Z-3,f-sbu-I-0,f-sbu-I-1,f-sbu-I-2,f-sbu-I-3,f-sbu-T-0,f-sbu-T-1,f-sbu-T-2,f-sbu-T-3,f-sbu-S-0,f-sbu-S-1,f-sbu-S-2,f-sbu-S-3,mc-chi-0,mc-chi-1,mc-chi-2,mc-chi-3,mc-Z-0,mc-Z-1,mc-Z-2,mc-Z-3,mc-I-0,mc-I-1,mc-I-2,mc-I-3,mc-T-0,mc-T-1,mc-T-2,mc-T-3,mc-S-0,mc-S-1,mc-S-2,mc-S-3,D_mc-chi-0,D_mc-chi-1,D_mc-chi-2,D_mc-chi-3,D_mc-Z-0,D_mc-Z-1,D_mc-Z-2,D_mc-Z-3,D_mc-I-0,D_mc-I-1,D_mc-I-2,D_mc-I-3,D_mc-T-0,D_mc-T-1,D_mc-T-2,D_mc-T-3,D_mc-S-0,D_mc-S-1,D_mc-S-2,D_mc-S-3,name
368.08799999999985,624.1535999999996,1854.5904000000012,2308.3776000000003,19924.0,28032.0,28512.0,37248.0,40.0,96.0,192.0,288.0,288.0,768.0,1152.0,1536.0,30.926800000000018,85.14719999999998,138.09119999999996,193.0704,1.5129,25.387200000000004,18.819,44.206199999999995,4489.0,3216.0,2412.0,5628.0,1.0,6.0,6.0,12.0,36.0,72.0,108.0,180.0,2.7556000000000003,7.2708,7.669200000000002,14.94,0.0,-13.260000000000003,-7.920000000000001,-21.180000000000003,0.0,354.0,366.0,720.0,0.0,0.0,0.0,0.0,0.0,24.0,18.0,42.0,0.0,5.579999999999999,5.339999999999998,10.92,SANHUN
368.0879999999998,624.1535999999998,1854.5904000000007,2308.3776,19924.0,28032.0,28512.0,37248.0,40.0,96.0,192.0,288.0,288.0,768.0,1152.0,1536.0,30.926800000000018,85.14719999999998,138.0912,193.07040000000006,1.5129,25.387200000000004,18.819,44.206199999999995,4489.0,3216.0,2412.0,5628.0,1.0,6.0,6.0,12.0,36.0,72.0,108.0,180.0,2.7556000000000003,7.2708,7.669200000000002,14.94,0.0,-13.260000000000003,-7.920000000000001,-21.180000000000003,0.0,354.0,366.0,720.0,0.0,0.0,0.0,0.0,0.0,24.0,18.0,42.0,0.0,5.579999999999999,5.339999999999998,10.92,SANHUN
