f-lig-chi-0,f-lig-chi-1,f-lig-chi-2,f-lig-chi-3,f-lig-Z-0,f-lig-Z-1,f-lig-Z-2,f-lig-Z-3,f-lig-I-0,f-lig-I-1,f-lig-I-2,f-lig-I-3,f-lig-T-0,f-lig-T-1,f-lig-T-2,f-lig-T-3,f-lig-S-0,f-lig-S-1,f-lig-S-2,f-lig-S-3,name
223.92499999999998,519.8430000000001,842.8273999999999,956.0450000000002,920.0,2256.0,3356.0,3152.0,35.0,78.0,126.0,150.0,204.0,522.0,790.0,810.0,15.097900000000005,38.423000000000016,59.18860000000001,62.502200000000016,JUFBIX_clean_primitive
223.92499999999998,519.8430000000002,842.8273999999999,956.0450000000002,920.0,2256.0,3356.0,3152.0,35.0,78.0,126.0,150.0,204.0,522.0,790.0,810.0,15.097900000000005,38.423000000000016,59.18860000000001,62.502200000000016,JUFBIX_clean_primitive
291.63929999999993,515.814,947.0331999999994,1151.8459999999995,1362.0,2424.0,4324.0,4880.0,35.0,72.0,120.0,160.0,192.0,484.0,714.0,868.0,16.330700000000004,36.96000000000001,59.185600000000015,74.27600000000001,JUFBIX_clean_primitive
291.63929999999993,515.814,947.0331999999994,1151.8459999999995,1362.0,2424.0,4324.0,4880.0,35.0,72.0,120.0,160.0,192.0,484.0,714.0,868.0,16.330700000000004,36.96000000000001,59.185600000000015,74.27600000000001,JUFBIX_clean_primitive
291.63929999999993,515.814,947.0331999999999,1151.8459999999995,1362.0,2424.0,4324.0,4880.0,35.0,72.0,120.0,160.0,192.0,484.0,714.0,868.0,16.330699999999997,36.960000000000015,59.185600000000036,74.27599999999997,JUFBIX_clean_primitive
291.63929999999993,515.814,947.0331999999999,1151.8459999999995,1362.0,2424.0,4324.0,4880.0,35.0,72.0,120.0,160.0,192.0,484.0,714.0,868.0,16.330699999999997,36.960000000000015,59.185600000000036,74.27599999999997,JUFBIX_clean_primitive
