f-chi-0-all,f-chi-1-all,f-chi-2-all,f-chi-3-all,f-Z-0-all,f-Z-1-all,f-Z-2-all,f-Z-3-all,f-I-0-all,f-I-1-all,f-I-2-all,f-I-3-all,f-T-0-all,f-T-1-all,f-T-2-all,f-T-3-all,f-S-0-all,f-S-1-all,f-S-2-all,f-S-3-all,mc-chi-0-all,mc-chi-1-all,mc-chi-2-all,mc-chi-3-all,mc-Z-0-all,mc-Z-1-all,mc-Z-2-all,mc-Z-3-all,mc-I-0-all,mc-I-1-all,mc-I-2-all,mc-I-3-all,mc-T-0-all,mc-T-1-all,mc-T-2-all,mc-T-3-all,mc-S-0-all,mc-S-1-all,mc-S-2-all,mc-S-3-all,D_mc-chi-0-all,D_mc-chi-1-all,D_mc-chi-2-all,D_mc-chi-3-all,D_mc-Z-0-all,D_mc-Z-1-all,D_mc-Z-2-all,D_mc-Z-3-all,D_mc-I-0-all,D_mc-I-1-all,D_mc-I-2-all,D_mc-I-3-all,D_mc-T-0-all,D_mc-T-1-all,D_mc-T-2-all,D_mc-T-3-all,D_mc-S-0-all,D_mc-S-1-all,D_mc-S-2-all,D_mc-S-3-all,name
2203.967199999997,5162.241600000008,12607.680000000006,17561.275199999996,23310.0,60864.0,109584.0,132480.0,262.0,720.0,1512.0,2160.0,2232.0,6624.0,12528.0,16104.0,171.80220000000085,501.3839999999993,984.1224000000017,1354.5599999999993,2.832399999999999,30.257454545454525,36.1149818181818,43.44327272727274,532.6363636363636,909.8181818181819,1138.909090909091,1282.909090909091,1.0,5.454545454545454,7.636363636363637,8.727272727272727,30.545454545454547,74.18181818181819,117.81818181818181,120.0,1.637045454545455,5.127818181818184,7.412618181818178,8.361818181818178,0.0,-8.618181818181817,-7.167272727272728,-11.792727272727275,0.0,79.63636363636364,132.0,122.18181818181819,0.0,0.0,0.0,0.0,0.0,17.454545454545453,22.90909090909091,26.181818181818183,0.0,2.9236363636363634,3.86181818181818,4.603636363636365,XOLGEM_clean_primitive
