f-lig-chi-0,f-lig-chi-1,f-lig-chi-2,f-lig-chi-3,f-lig-Z-0,f-lig-Z-1,f-lig-Z-2,f-lig-Z-3,f-lig-I-0,f-lig-I-1,f-lig-I-2,f-lig-I-3,f-lig-T-0,f-lig-T-1,f-lig-T-2,f-lig-T-3,f-lig-S-0,f-lig-S-1,f-lig-S-2,f-lig-S-3,name
190.09439999999998,394.026,635.1604,799.977,840.0,1776.0,2704.0,3108.0,28.0,60.0,96.0,126.0,156.0,396.0,592.0,702.0,12.713200000000002,30.399600000000007,46.576000000000015,56.420600000000015,IKUTOZ_clean_primitive
190.09439999999998,394.026,635.1604,799.977,840.0,1776.0,2704.0,3108.0,28.0,60.0,96.0,126.0,156.0,396.0,592.0,702.0,12.713200000000002,30.399600000000007,46.576000000000015,56.420600000000015,IKUTOZ_clean_primitive
146.8776,281.168,418.6963999999999,508.243,648.0,1208.0,1796.0,1972.0,20.0,40.0,60.0,74.0,100.0,240.0,332.0,378.0,8.8212,19.6528,28.212400000000006,33.3114,IKUTOZ_clean_primitive
