f-chi-0-all,f-chi-1-all,f-chi-2-all,f-chi-3-all,f-Z-0-all,f-Z-1-all,f-Z-2-all,f-Z-3-all,f-I-0-all,f-I-1-all,f-I-2-all,f-I-3-all,f-T-0-all,f-T-1-all,f-T-2-all,f-T-3-all,f-S-0-all,f-S-1-all,f-S-2-all,f-S-3-all,mc-chi-0-all,mc-chi-1-all,mc-chi-2-all,mc-chi-3-all,mc-Z-0-all,mc-Z-1-all,mc-Z-2-all,mc-Z-3-all,mc-I-0-all,mc-I-1-all,mc-I-2-all,mc-I-3-all,mc-T-0-all,mc-T-1-all,mc-T-2-all,mc-T-3-all,mc-S-0-all,mc-S-1-all,mc-S-2-all,mc-S-3-all,D_mc-chi-0-all,D_mc-chi-1-all,D_mc-chi-2-all,D_mc-chi-3-all,D_mc-Z-0-all,D_mc-Z-1-all,D_mc-Z-2-all,D_mc-Z-3-all,D_mc-I-0-all,D_mc-I-1-all,D_mc-I-2-all,D_mc-I-3-all,D_mc-T-0-all,D_mc-T-1-all,D_mc-T-2-all,D_mc-T-3-all,D_mc-S-0-all,D_mc-S-1-all,D_mc-S-2-all,D_mc-S-3-all,name
4036.524199999996,10574.530400000001,19418.188800000018,29555.73760000025,96458.0,138448.0,313752.0,368968.0,578.0,1496.0,2856.0,4216.0,4352.0,12512.0,22848.0,31552.0,374.108799999996,974.2631999999912,1988.7960000000276,2778.276000000036,3.7249000000000017,23.46879999999999,59.058,160.96200000000007,2209.0,1316.0,3384.0,4512.0,1.0,4.0,12.0,36.0,16.0,64.0,192.0,288.0,1.638399999999999,3.8400000000000025,11.827200000000003,23.19360000000002,0.0,-4.439999999999999,-7.439999999999999,-13.920000000000003,0.0,160.0,492.0,1596.0,0.0,0.0,0.0,0.0,0.0,0.0,0.0,72.0,0.0,2.1199999999999997,6.120000000000002,27.96000000000002,YOZBAS_clean_primitive
