f-sbu-chi-0,f-sbu-chi-1,f-sbu-chi-2,f-sbu-chi-3,f-sbu-Z-0,f-sbu-Z-1,f-sbu-Z-2,f-sbu-Z-3,f-sbu-I-0,f-sbu-I-1,f-sbu-I-2,f-sbu-I-3,f-sbu-T-0,f-sbu-T-1,f-sbu-T-2,f-sbu-T-3,f-sbu-S-0,f-sbu-S-1,f-sbu-S-2,f-sbu-S-3,mc-chi-0,mc-chi-1,mc-chi-2,mc-chi-3,mc-Z-0,mc-Z-1,mc-Z-2,mc-Z-3,mc-I-0,mc-I-1,mc-I-2,mc-I-3,mc-T-0,mc-T-1,mc-T-2,mc-T-3,mc-S-0,mc-S-1,mc-S-2,mc-S-3,D_mc-chi-0,D_mc-chi-1,D_mc-chi-2,D_mc-chi-3,D_mc-Z-0,D_mc-Z-1,D_mc-Z-2,D_mc-Z-3,D_mc-I-0,D_mc-I-1,D_mc-I-2,D_mc-I-3,D_mc-T-0,D_mc-T-1,D_mc-T-2,D_mc-T-3,D_mc-S-0,D_mc-S-1,D_mc-S-2,D_mc-S-3,name
376.76799999999986,710.5663999999997,1552.9071999999999,1978.1375999999993,5604.0,10752.0,14224.0,21120.0,44.0,112.0,184.0,272.0,312.0,864.0,1288.0,1696.0,33.84440000000001,88.65120000000003,138.67280000000002,191.4352,1.84145,18.094400000000004,15.030000000000001,40.55459999999999,454.5,528.0,486.0,1188.0,1.0,4.0,5.0,10.0,16.0,40.0,64.0,100.0,1.7425000000000002,3.854400000000001,5.807900000000002,9.8472,0.0,-8.5,-4.9399999999999995,-17.689999999999998,0.0,34.0,42.0,93.0,0.0,0.0,0.0,0.0,0.0,6.0,4.0,15.0,0.0,2.36,2.2000000000000006,5.740000000000001,WAJHUM
376.76799999999986,710.5663999999997,1552.9071999999999,1978.1375999999993,5604.0,10752.0,14224.0,21120.0,44.0,112.0,184.0,272.0,312.0,864.0,1288.0,1696.0,33.84440000000001,88.65120000000002,138.67280000000002,191.4352,1.84145,18.094400000000004,15.030000000000001,40.55459999999999,454.5,528.0,486.0,1188.0,1.0,4.0,5.0,10.0,16.0,40.0,64.0,100.0,1.7425000000000002,3.854400000000001,5.807900000000002,9.8472,0.0,-8.5,-4.9399999999999995,-17.689999999999998,0.0,34.0,42.0,93.0,0.0,0.0,0.0,0.0,0.0,6.0,4.0,15.0,0.0,2.36,2.2000000000000006,5.740000000000001,WAJHUM
