f-chi-0-all,f-chi-1-all,f-chi-2-all,f-chi-3-all,f-Z-0-all,f-Z-1-all,f-Z-2-all,f-Z-3-all,f-I-0-all,f-I-1-all,f-I-2-all,f-I-3-all,f-T-0-all,f-T-1-all,f-T-2-all,f-T-3-all,f-S-0-all,f-S-1-all,f-S-2-all,f-S-3-all,mc-chi-0-all,mc-chi-1-all,mc-chi-2-all,mc-chi-3-all,mc-Z-0-all,mc-Z-1-all,mc-Z-2-all,mc-Z-3-all,mc-I-0-all,mc-I-1-all,mc-I-2-all,mc-I-3-all,mc-T-0-all,mc-T-1-all,mc-T-2-all,mc-T-3-all,mc-S-0-all,mc-S-1-all,mc-S-2-all,mc-S-3-all,D_mc-chi-0-all,D_mc-chi-1-all,D_mc-chi-2-all,D_mc-chi-3-all,D_mc-Z-0-all,D_mc-Z-1-all,D_mc-Z-2-all,D_mc-Z-3-all,D_mc-I-0-all,D_mc-I-1-all,D_mc-I-2-all,D_mc-I-3-all,D_mc-T-0-all,D_mc-T-1-all,D_mc-T-2-all,D_mc-T-3-all,D_mc-S-0-all,D_mc-S-1-all,D_mc-S-2-all,D_mc-S-3-all,name
255.4951999999999,487.6543999999996,910.7583999999996,1049.0623999999993,4228.0,8448.0,9280.0,11520.0,28.0,64.0,96.0,128.0,160.0,384.0,512.0,640.0,19.620000000000005,47.42080000000003,65.15199999999997,83.39519999999999,3.5343999999999984,25.868800000000004,19.175999999999995,45.0448,729.0,864.0,648.0,1512.0,1.0,4.0,4.0,8.0,16.0,32.0,48.0,80.0,1.5876000000000001,3.679200000000001,3.8808000000000002,7.560000000000001,0.0,-6.240000000000001,-2.6799999999999997,-8.92,0.0,76.0,84.0,160.0,0.0,0.0,0.0,0.0,0.0,8.0,4.0,12.0,0.0,2.1200000000000006,1.9600000000000006,4.08,SENVIR_clean_primitive
255.4951999999999,487.6543999999996,910.7583999999996,1049.0623999999993,4228.0,8448.0,9280.0,11520.0,28.0,64.0,96.0,128.0,160.0,384.0,512.0,640.0,19.620000000000005,47.42080000000003,65.15199999999997,83.39519999999997,3.5343999999999984,25.868800000000004,19.175999999999995,45.0448,729.0,864.0,648.0,1512.0,1.0,4.0,4.0,8.0,16.0,32.0,48.0,80.0,1.5876000000000001,3.679200000000001,3.8808000000000002,7.560000000000001,0.0,-6.240000000000001,-2.6799999999999997,-8.92,0.0,76.0,84.0,160.0,0.0,0.0,0.0,0.0,0.0,8.0,4.0,12.0,0.0,2.1200000000000006,1.9600000000000006,4.08,SENVIR_clean_primitive
255.4951999999999,487.6543999999996,910.7583999999996,1049.0623999999993,4228.0,8448.0,9280.0,11520.0,28.0,64.0,96.0,128.0,160.0,384.0,512.0,640.0,19.620000000000005,47.42080000000003,65.15199999999997,83.39519999999997,3.5343999999999984,25.868800000000004,19.175999999999995,45.0448,729.0,864.0,648.0,1512.0,1.0,4.0,4.0,8.0,16.0,32.0,48.0,80.0,1.5876000000000001,3.679200000000001,3.8808000000000002,7.560000000000001,0.0,-6.240000000000001,-2.6799999999999997,-8.92,0.0,76.0,84.0,160.0,0.0,0.0,0.0,0.0,0.0,8.0,4.0,12.0,0.0,2.1200000000000006,1.9600000000000006,4.08,SENVIR_clean_primitive
