f-link-chi-0,f-link-chi-1,f-link-chi-2,f-link-chi-3,f-link-Z-0,f-link-Z-1,f-link-Z-2,f-link-Z-3,f-link-I-0,f-link-I-1,f-link-I-2,f-link-I-3,f-link-T-0,f-link-T-1,f-link-T-2,f-link-T-3,f-link-S-0,f-link-S-1,f-link-S-2,f-link-S-3,name
443.0875999999997,886.4934000000003,1697.8864000000005,1910.746,2558.0,5952.0,7792.0,9196.0,66.0,138.0,248.0,296.0,386.0,954.0,1320.0,1600.0,28.678200000000015,71.68580000000001,110.504,134.5408,CALF-25-a
443.0875999999997,886.4934000000003,1697.8864000000005,1910.746,2558.0,5952.0,7792.0,9196.0,66.0,138.0,248.0,296.0,386.0,954.0,1320.0,1600.0,28.678200000000015,71.68580000000001,110.504,134.5408,CALF-25-a
443.08759999999967,886.4934000000005,1697.8864,1910.746,2558.0,5952.0,7792.0,9196.0,66.0,138.0,248.0,296.0,386.0,954.0,1320.0,1600.0,28.678200000000025,71.68579999999996,110.50400000000003,134.54080000000005,CALF-25-a
443.08759999999967,886.4934000000005,1697.8864,1910.746,2558.0,5952.0,7792.0,9196.0,66.0,138.0,248.0,296.0,386.0,954.0,1320.0,1600.0,28.678200000000025,71.68579999999996,110.50400000000003,134.54080000000005,CALF-25-a
