name,cif_file,Di,Df,Dif,rho,VSA,GSA,VPOV,GPOV,POAV_vol_frac,PONAV_vol_frac,GPOAV,GPONAV,POAV,PONAV
MUSSIE_clean,MUSSIE_clean.cif,8.74352,7.38929,8.74352,1.23265,652.923,529.689,0.32630000000000003,0.2647142335618383,0.2169,0.1094,0.175962,0.0887518,811.602,409.356
