f-sbu-chi-0,f-sbu-chi-1,f-sbu-chi-2,f-sbu-chi-3,f-sbu-Z-0,f-sbu-Z-1,f-sbu-Z-2,f-sbu-Z-3,f-sbu-I-0,f-sbu-I-1,f-sbu-I-2,f-sbu-I-3,f-sbu-T-0,f-sbu-T-1,f-sbu-T-2,f-sbu-T-3,f-sbu-S-0,f-sbu-S-1,f-sbu-S-2,f-sbu-S-3,mc-chi-0,mc-chi-1,mc-chi-2,mc-chi-3,mc-Z-0,mc-Z-1,mc-Z-2,mc-Z-3,mc-I-0,mc-I-1,mc-I-2,mc-I-3,mc-T-0,mc-T-1,mc-T-2,mc-T-3,mc-S-0,mc-S-1,mc-S-2,mc-S-3,D_mc-chi-0,D_mc-chi-1,D_mc-chi-2,D_mc-chi-3,D_mc-Z-0,D_mc-Z-1,D_mc-Z-2,D_mc-Z-3,D_mc-I-0,D_mc-I-1,D_mc-I-2,D_mc-I-3,D_mc-T-0,D_mc-T-1,D_mc-T-2,D_mc-T-3,D_mc-S-0,D_mc-S-1,D_mc-S-2,D_mc-S-3,name
394.1934000000001,834.6623999999993,1480.2191999999995,2615.969999999998,7440.0,13272.0,24264.0,32232.0,54.0,120.0,216.0,348.0,336.0,936.0,1560.0,1920.0,38.02620000000001,88.38000000000005,163.79760000000002,233.90040000000002,2.7224999999999997,20.063999999999997,36.894,53.62499999999999,900.0,840.0,1560.0,3360.0,1.0,4.0,8.0,14.0,16.0,48.0,96.0,144.0,1.7161000000000006,3.93,7.964799999999998,13.440600000000003,0.0,-5.560000000000001,-9.16,-9.400000000000004,0.0,92.0,188.0,308.0,0.0,0.0,0.0,0.0,0.0,4.0,8.0,20.0,0.0,2.2400000000000007,4.3999999999999995,8.08,Zn3_BTP_2
394.1934000000001,834.6623999999993,1480.2191999999995,2615.969999999998,7440.0,13272.0,24264.0,32232.0,54.0,120.0,216.0,348.0,336.0,936.0,1560.0,1920.0,38.0262,88.38000000000005,163.79760000000002,233.90040000000002,2.7224999999999997,20.063999999999997,36.894,53.62499999999999,900.0,840.0,1560.0,3360.0,1.0,4.0,8.0,14.0,16.0,48.0,96.0,144.0,1.7161000000000006,3.93,7.964799999999998,13.440600000000003,0.0,-5.560000000000001,-9.16,-9.400000000000004,0.0,92.0,188.0,308.0,0.0,0.0,0.0,0.0,0.0,4.0,8.0,20.0,0.0,2.2400000000000007,4.3999999999999995,8.08,Zn3_BTP_2
