f-chi-0-all,f-chi-1-all,f-chi-2-all,f-chi-3-all,f-Z-0-all,f-Z-1-all,f-Z-2-all,f-Z-3-all,f-I-0-all,f-I-1-all,f-I-2-all,f-I-3-all,f-T-0-all,f-T-1-all,f-T-2-all,f-T-3-all,f-S-0-all,f-S-1-all,f-S-2-all,f-S-3-all,mc-chi-0-all,mc-chi-1-all,mc-chi-2-all,mc-chi-3-all,mc-Z-0-all,mc-Z-1-all,mc-Z-2-all,mc-Z-3-all,mc-I-0-all,mc-I-1-all,mc-I-2-all,mc-I-3-all,mc-T-0-all,mc-T-1-all,mc-T-2-all,mc-T-3-all,mc-S-0-all,mc-S-1-all,mc-S-2-all,mc-S-3-all,D_mc-chi-0-all,D_mc-chi-1-all,D_mc-chi-2-all,D_mc-chi-3-all,D_mc-Z-0-all,D_mc-Z-1-all,D_mc-Z-2-all,D_mc-Z-3-all,D_mc-I-0-all,D_mc-I-1-all,D_mc-I-2-all,D_mc-I-3-all,D_mc-T-0-all,D_mc-T-1-all,D_mc-T-2-all,D_mc-T-3-all,D_mc-S-0-all,D_mc-S-1-all,D_mc-S-2-all,D_mc-S-3-all,name
1063.0384000000015,2333.7871999999957,6956.548799999999,7028.9263999999985,36872.0,74016.0,186024.0,215360.0,120.0,336.0,728.0,992.0,1096.0,3288.0,6376.0,9064.0,94.94319999999988,282.49760000000026,543.3048000000002,827.2703999999998,3.9910999999999968,30.7088,21.74632499999999,94.81997500000003,994.0,1125.0,4644.0,3292.0,1.0,4.5,5.25,14.5,20.75,47.875,110.75,139.625,1.4641000000000002,3.9808999999999983,7.287225000000001,12.1847,0.0,-6.397500000000001,-0.45499999999999974,-18.577499999999997,0.0,105.75,17.5,350.75,0.0,0.0,0.0,0.0,0.0,10.5,0.875,35.75,0.0,2.1550000000000007,0.32999999999999985,7.4750000000000005,DAPXEZ_clean_primitive
