f-chi-0-all,f-chi-1-all,f-chi-2-all,f-chi-3-all,f-Z-0-all,f-Z-1-all,f-Z-2-all,f-Z-3-all,f-I-0-all,f-I-1-all,f-I-2-all,f-I-3-all,f-T-0-all,f-T-1-all,f-T-2-all,f-T-3-all,f-S-0-all,f-S-1-all,f-S-2-all,f-S-3-all,mc-chi-0-all,mc-chi-1-all,mc-chi-2-all,mc-chi-3-all,mc-Z-0-all,mc-Z-1-all,mc-Z-2-all,mc-Z-3-all,mc-I-0-all,mc-I-1-all,mc-I-2-all,mc-I-3-all,mc-T-0-all,mc-T-1-all,mc-T-2-all,mc-T-3-all,mc-S-0-all,mc-S-1-all,mc-S-2-all,mc-S-3-all,D_mc-chi-0-all,D_mc-chi-1-all,D_mc-chi-2-all,D_mc-chi-3-all,D_mc-Z-0-all,D_mc-Z-1-all,D_mc-Z-2-all,D_mc-Z-3-all,D_mc-I-0-all,D_mc-I-1-all,D_mc-I-2-all,D_mc-I-3-all,D_mc-T-0-all,D_mc-T-1-all,D_mc-T-2-all,D_mc-T-3-all,D_mc-S-0-all,D_mc-S-1-all,D_mc-S-2-all,D_mc-S-3-all,name
169.97699999999998,306.52799999999985,603.7223999999999,697.0879999999997,2148.0,5004.0,5832.0,5176.0,20.0,44.0,68.0,84.0,120.0,308.0,372.0,344.0,13.995599999999998,34.0188,47.4588,51.02200000000002,2.4025000000000003,26.040000000000003,19.7625,37.2465,625.0,975.0,750.0,1200.0,1.0,5.0,5.0,9.0,25.0,55.0,75.0,105.0,1.9320999999999997,5.1013,5.3515,8.4095,0.0,-9.049999999999999,-4.999999999999999,-10.079999999999998,0.0,86.0,95.0,177.0,0.0,0.0,0.0,0.0,0.0,14.0,10.0,24.0,0.0,3.2799999999999994,3.0999999999999996,6.460000000000001,TUTHOG_clean_primitive
169.97699999999998,306.52799999999985,603.7223999999999,697.0879999999997,2148.0,5004.0,5832.0,5176.0,20.0,44.0,68.0,84.0,120.0,308.0,372.0,344.0,13.995599999999998,34.0188,47.45879999999999,51.022000000000006,2.4025000000000003,26.040000000000003,19.7625,37.2465,625.0,975.0,750.0,1200.0,1.0,5.0,5.0,9.0,25.0,55.0,75.0,105.0,1.9320999999999997,5.1013,5.3515,8.4095,0.0,-9.049999999999999,-4.999999999999999,-10.079999999999998,0.0,86.0,95.0,177.0,0.0,0.0,0.0,0.0,0.0,14.0,10.0,24.0,0.0,3.2799999999999994,3.0999999999999996,6.460000000000001,TUTHOG_clean_primitive
