f-sbu-chi-0,f-sbu-chi-1,f-sbu-chi-2,f-sbu-chi-3,f-sbu-Z-0,f-sbu-Z-1,f-sbu-Z-2,f-sbu-Z-3,f-sbu-I-0,f-sbu-I-1,f-sbu-I-2,f-sbu-I-3,f-sbu-T-0,f-sbu-T-1,f-sbu-T-2,f-sbu-T-3,f-sbu-S-0,f-sbu-S-1,f-sbu-S-2,f-sbu-S-3,mc-chi-0,mc-chi-1,mc-chi-2,mc-chi-3,mc-Z-0,mc-Z-1,mc-Z-2,mc-Z-3,mc-I-0,mc-I-1,mc-I-2,mc-I-3,mc-T-0,mc-T-1,mc-T-2,mc-T-3,mc-S-0,mc-S-1,mc-S-2,mc-S-3,D_mc-chi-0,D_mc-chi-1,D_mc-chi-2,D_mc-chi-3,D_mc-Z-0,D_mc-Z-1,D_mc-Z-2,D_mc-Z-3,D_mc-I-0,D_mc-I-1,D_mc-I-2,D_mc-I-3,D_mc-T-0,D_mc-T-1,D_mc-T-2,D_mc-T-3,D_mc-S-0,D_mc-S-1,D_mc-S-2,D_mc-S-3,name
338.3927999999999,592.9919999999998,1072.1052,1546.5600000000002,5382.0,10440.0,13332.0,11784.0,42.0,84.0,132.0,188.0,216.0,536.0,684.0,676.0,28.492200000000008,62.091600000000014,94.54520000000001,112.78280000000005,2.7224999999999997,24.552,25.244999999999994,53.16300000000001,900.0,1035.0,1080.0,1890.0,1.0,4.5,6.0,12.0,20.5,48.0,82.5,119.0,1.7161000000000004,4.342650000000001,6.052200000000001,10.375200000000001,0.0,-7.454999999999999,-5.4,-12.420000000000002,0.0,100.5,144.0,297.0,0.0,0.0,0.0,0.0,0.0,10.0,9.5,29.0,0.0,2.58,3.24,7.800000000000001,WITFOW
338.3927999999999,592.9919999999996,1072.1052000000002,1546.56,5382.0,10440.0,13332.0,11784.0,42.0,84.0,132.0,188.0,216.0,536.0,684.0,676.0,28.492200000000015,62.091600000000014,94.5452,112.78280000000007,2.7224999999999997,24.552,25.244999999999994,53.16300000000001,900.0,1035.0,1080.0,1890.0,1.0,4.5,6.0,12.0,20.5,48.0,82.5,119.0,1.7161000000000004,4.342650000000001,6.052200000000001,10.375200000000001,0.0,-7.454999999999999,-5.4,-12.420000000000002,0.0,100.5,144.0,297.0,0.0,0.0,0.0,0.0,0.0,10.0,9.5,29.0,0.0,2.58,3.24,7.800000000000001,WITFOW
