f-chi-0-all,f-chi-1-all,f-chi-2-all,f-chi-3-all,f-Z-0-all,f-Z-1-all,f-Z-2-all,f-Z-3-all,f-I-0-all,f-I-1-all,f-I-2-all,f-I-3-all,f-T-0-all,f-T-1-all,f-T-2-all,f-T-3-all,f-S-0-all,f-S-1-all,f-S-2-all,f-S-3-all,mc-chi-0-all,mc-chi-1-all,mc-chi-2-all,mc-chi-3-all,mc-Z-0-all,mc-Z-1-all,mc-Z-2-all,mc-Z-3-all,mc-I-0-all,mc-I-1-all,mc-I-2-all,mc-I-3-all,mc-T-0-all,mc-T-1-all,mc-T-2-all,mc-T-3-all,mc-S-0-all,mc-S-1-all,mc-S-2-all,mc-S-3-all,D_mc-chi-0-all,D_mc-chi-1-all,D_mc-chi-2-all,D_mc-chi-3-all,D_mc-Z-0-all,D_mc-Z-1-all,D_mc-Z-2-all,D_mc-Z-3-all,D_mc-I-0-all,D_mc-I-1-all,D_mc-I-2-all,D_mc-I-3-all,D_mc-T-0-all,D_mc-T-1-all,D_mc-T-2-all,D_mc-T-3-all,D_mc-S-0-all,D_mc-S-1-all,D_mc-S-2-all,D_mc-S-3-all,name
384.89759999999984,918.7815999999999,2667.2439999999992,3236.296800000001,6300.0,17024.0,34524.0,45238.0,46.0,132.0,300.0,438.0,484.0,1708.0,3242.0,4438.0,31.128000000000032,97.28000000000002,195.7488,294.4718,3.5343999999999993,38.90346666666667,33.934,109.1966666666667,729.0,1224.0,3141.0,3465.0,1.0,6.333333333333333,8.0,18.666666666666668,40.333333333333336,116.66666666666667,224.0,307.6666666666667,1.5876000000000001,5.5398,9.651600000000002,16.648800000000005,0.0,-8.786666666666669,-3.01,-22.989999999999995,0.0,125.66666666666667,99.66666666666667,375.6666666666667,0.0,0.0,0.0,0.0,0.0,22.0,15.333333333333334,70.33333333333333,0.0,3.5833333333333335,2.42,10.306666666666665,QIRYAS_clean_primitive
