f-chi-0-all,f-chi-1-all,f-chi-2-all,f-chi-3-all,f-Z-0-all,f-Z-1-all,f-Z-2-all,f-Z-3-all,f-I-0-all,f-I-1-all,f-I-2-all,f-I-3-all,f-T-0-all,f-T-1-all,f-T-2-all,f-T-3-all,f-S-0-all,f-S-1-all,f-S-2-all,f-S-3-all,mc-chi-0-all,mc-chi-1-all,mc-chi-2-all,mc-chi-3-all,mc-Z-0-all,mc-Z-1-all,mc-Z-2-all,mc-Z-3-all,mc-I-0-all,mc-I-1-all,mc-I-2-all,mc-I-3-all,mc-T-0-all,mc-T-1-all,mc-T-2-all,mc-T-3-all,mc-S-0-all,mc-S-1-all,mc-S-2-all,mc-S-3-all,D_mc-chi-0-all,D_mc-chi-1-all,D_mc-chi-2-all,D_mc-chi-3-all,D_mc-Z-0-all,D_mc-Z-1-all,D_mc-Z-2-all,D_mc-Z-3-all,D_mc-I-0-all,D_mc-I-1-all,D_mc-I-2-all,D_mc-I-3-all,D_mc-T-0-all,D_mc-T-1-all,D_mc-T-2-all,D_mc-T-3-all,D_mc-S-0-all,D_mc-S-1-all,D_mc-S-2-all,D_mc-S-3-all,name
250.9675999999999,493.98399999999964,1221.7289999999996,1400.0799999999997,3812.0,9536.0,14910.0,16544.0,28.0,72.0,132.0,180.0,216.0,624.0,1000.0,1172.0,20.998000000000015,58.57519999999998,98.0844,124.71319999999997,2.4025000000000003,26.66,21.39,52.444250000000004,625.0,1000.0,1612.5,1975.0,1.0,5.0,6.0,11.0,25.0,60.0,105.0,140.0,1.9321,5.073499999999999,7.714499999999999,11.4119,0.0,-9.450000000000001,-4.499999999999999,-16.785,0.0,85.0,85.5,196.0,0.0,0.0,0.0,0.0,0.0,13.0,9.0,27.0,0.0,3.3000000000000003,2.79,7.080000000000001,LUSHOX04_clean_primitive
250.9675999999999,493.98399999999964,1221.7289999999996,1400.0799999999995,3812.0,9536.0,14910.0,16544.0,28.0,72.0,132.0,180.0,216.0,624.0,1000.0,1172.0,20.998000000000015,58.575199999999995,98.0844,124.71319999999997,2.4025000000000003,26.66,21.39,52.444250000000004,625.0,1000.0,1612.5,1975.0,1.0,5.0,6.0,11.0,25.0,60.0,105.0,140.0,1.9321,5.073499999999999,7.714499999999999,11.4119,0.0,-9.450000000000001,-4.499999999999999,-16.785,0.0,85.0,85.5,196.0,0.0,0.0,0.0,0.0,0.0,13.0,9.0,27.0,0.0,3.3000000000000003,2.79,7.080000000000001,LUSHOX04_clean_primitive
