f-chi-0-all,f-chi-1-all,f-chi-2-all,f-chi-3-all,f-Z-0-all,f-Z-1-all,f-Z-2-all,f-Z-3-all,f-I-0-all,f-I-1-all,f-I-2-all,f-I-3-all,f-T-0-all,f-T-1-all,f-T-2-all,f-T-3-all,f-S-0-all,f-S-1-all,f-S-2-all,f-S-3-all,mc-chi-0-all,mc-chi-1-all,mc-chi-2-all,mc-chi-3-all,mc-Z-0-all,mc-Z-1-all,mc-Z-2-all,mc-Z-3-all,mc-I-0-all,mc-I-1-all,mc-I-2-all,mc-I-3-all,mc-T-0-all,mc-T-1-all,mc-T-2-all,mc-T-3-all,mc-S-0-all,mc-S-1-all,mc-S-2-all,mc-S-3-all,D_mc-chi-0-all,D_mc-chi-1-all,D_mc-chi-2-all,D_mc-chi-3-all,D_mc-Z-0-all,D_mc-Z-1-all,D_mc-Z-2-all,D_mc-Z-3-all,D_mc-I-0-all,D_mc-I-1-all,D_mc-I-2-all,D_mc-I-3-all,D_mc-T-0-all,D_mc-T-1-all,D_mc-T-2-all,D_mc-T-3-all,D_mc-S-0-all,D_mc-S-1-all,D_mc-S-2-all,D_mc-S-3-all,name
65.6989,102.144,144.5592,186.048,1240.0,2016.0,2028.0,1008.0,9.0,16.0,20.0,24.0,36.0,80.0,80.0,48.0,6.337700000000001,12.48,14.819600000000001,13.86,3.1853,19.773,20.0278,6.302999999999999,842.0,756.0,752.0,1680.0,1.0,4.0,4.0,2.0,16.0,32.0,32.0,32.0,1.5901,3.8284000000000002,3.8324,3.1702,0.0,-4.06,-4.06,0.0,0.0,90.0,90.0,0.0,0.0,0.0,0.0,0.0,0.0,8.0,8.0,0.0,0.0,2.0,2.0,0.0,EBEMEF_clean_primitive
65.6989,102.144,144.5592,186.048,1240.0,2016.0,2028.0,1008.0,9.0,16.0,20.0,24.0,36.0,80.0,80.0,48.0,6.337700000000001,12.48,14.819600000000001,13.86,3.1853,19.773,20.0278,6.302999999999999,842.0,756.0,752.0,1680.0,1.0,4.0,4.0,2.0,16.0,32.0,32.0,32.0,1.5901,3.8284000000000002,3.8324,3.1702,0.0,-4.06,-4.06,0.0,0.0,90.0,90.0,0.0,0.0,0.0,0.0,0.0,0.0,8.0,8.0,0.0,0.0,2.0,2.0,0.0,EBEMEF_clean_primitive
66.6245,100.97999999999999,124.48119999999997,186.048,1124.0,1680.0,2000.0,1008.0,9.0,16.0,20.0,24.0,36.0,80.0,80.0,48.0,6.0857,12.073600000000003,14.374800000000002,13.86,3.1853,19.773,20.0278,6.302999999999999,842.0,756.0,752.0,1680.0,1.0,4.0,4.0,2.0,16.0,32.0,32.0,32.0,1.5901,3.8284000000000002,3.8324,3.1702,0.0,-4.06,-4.06,0.0,0.0,90.0,90.0,0.0,0.0,0.0,0.0,0.0,0.0,8.0,8.0,0.0,0.0,2.0,2.0,0.0,EBEMEF_clean_primitive
66.6245,100.97999999999999,124.48119999999997,186.048,1124.0,1680.0,2000.0,1008.0,9.0,16.0,20.0,24.0,36.0,80.0,80.0,48.0,6.0857,12.073600000000003,14.374800000000002,13.86,3.1853,19.773,20.0278,6.302999999999999,842.0,756.0,752.0,1680.0,1.0,4.0,4.0,2.0,16.0,32.0,32.0,32.0,1.5901,3.8284000000000002,3.8324,3.1702,0.0,-4.06,-4.06,0.0,0.0,90.0,90.0,0.0,0.0,0.0,0.0,0.0,0.0,8.0,8.0,0.0,0.0,2.0,2.0,0.0,EBEMEF_clean_primitive
