f-link-chi-0,f-link-chi-1,f-link-chi-2,f-link-chi-3,f-link-Z-0,f-link-Z-1,f-link-Z-2,f-link-Z-3,f-link-I-0,f-link-I-1,f-link-I-2,f-link-I-3,f-link-T-0,f-link-T-1,f-link-T-2,f-link-T-3,f-link-S-0,f-link-S-1,f-link-S-2,f-link-S-3,name
282.26379999999995,561.5832,916.3266,1186.437,1441.0,3012.0,4560.0,5304.0,41.0,86.0,138.0,186.0,224.0,566.0,834.0,978.0,18.947600000000005,44.929400000000015,68.80140000000002,85.48980000000003,DARCOQ
282.26379999999995,561.5832,916.3266,1186.437,1441.0,3012.0,4560.0,5304.0,41.0,86.0,138.0,186.0,224.0,566.0,834.0,978.0,18.947600000000005,44.929400000000015,68.80140000000002,85.48980000000003,DARCOQ
282.26379999999995,561.5832,916.3265999999999,1186.437,1441.0,3012.0,4560.0,5304.0,41.0,86.0,138.0,186.0,224.0,566.0,834.0,978.0,18.947600000000005,44.92940000000002,68.80140000000002,85.48980000000002,DARCOQ
282.26379999999995,561.5832,916.3265999999999,1186.437,1441.0,3012.0,4560.0,5304.0,41.0,86.0,138.0,186.0,224.0,566.0,834.0,978.0,18.947600000000005,44.92940000000002,68.80140000000002,85.48980000000002,DARCOQ
35.009699999999995,46.30799999999999,53.9392,0.0,165.0,204.0,160.0,0.0,4.0,6.0,6.0,0.0,12.0,18.0,6.0,0.0,1.7955999999999999,2.8182,2.1462,0.0,DARCOQ
35.0097,46.30799999999999,53.9392,0.0,165.0,204.0,160.0,0.0,4.0,6.0,6.0,0.0,12.0,18.0,6.0,0.0,1.7955999999999999,2.8182,2.1462,0.0,DARCOQ
