name,cif_file,Di,Df,Dif,rho,VSA,GSA,VPOV,GPOV,POAV_vol_frac,PONAV_vol_frac,GPOAV,GPONAV,POAV,PONAV
NAPFOA,NAPFOA.cif,5.36533,3.95133,5.36328,1.71635,931.918,542.964,0.29510000000000003,0.17193462871791884,0.2897,0.0054,0.168788,0.00314621,1658.99,30.9235
