f-lig-chi-0,f-lig-chi-1,f-lig-chi-2,f-lig-chi-3,f-lig-Z-0,f-lig-Z-1,f-lig-Z-2,f-lig-Z-3,f-lig-I-0,f-lig-I-1,f-lig-I-2,f-lig-I-3,f-lig-T-0,f-lig-T-1,f-lig-T-2,f-lig-T-3,f-lig-S-0,f-lig-S-1,f-lig-S-2,f-lig-S-3,name
86.6491,126.90360000000001,244.9498,234.1264,619.0,1188.0,1258.0,928.0,10.0,18.0,30.0,30.0,48.0,108.0,102.0,54.0,5.247699999999998,10.849000000000002,14.498800000000001,11.8698,XEQGAC_clean_primitive
86.6491,126.90359999999998,244.94979999999998,234.1264,619.0,1188.0,1258.0,928.0,10.0,18.0,30.0,30.0,48.0,108.0,102.0,54.0,5.247699999999998,10.849000000000002,14.498800000000001,11.8698,XEQGAC_clean_primitive
86.6491,126.90359999999995,244.94979999999998,234.1264,619.0,1188.0,1258.0,928.0,10.0,18.0,30.0,30.0,48.0,108.0,102.0,54.0,5.247699999999999,10.849,14.498800000000001,11.869800000000001,XEQGAC_clean_primitive
86.6491,126.90359999999995,244.94979999999998,234.1264,619.0,1188.0,1258.0,928.0,10.0,18.0,30.0,30.0,48.0,108.0,102.0,54.0,5.247699999999999,10.849,14.498800000000001,11.869800000000001,XEQGAC_clean_primitive
86.6491,126.90359999999998,244.94979999999995,234.1264,619.0,1188.0,1258.0,928.0,10.0,18.0,30.0,30.0,48.0,108.0,102.0,54.0,5.247699999999999,10.848999999999998,14.498800000000001,11.869800000000001,XEQGAC_clean_primitive
86.6491,126.90359999999998,244.94979999999998,234.1264,619.0,1188.0,1258.0,928.0,10.0,18.0,30.0,30.0,48.0,108.0,102.0,54.0,5.247699999999999,10.849,14.498800000000001,11.869800000000001,XEQGAC_clean_primitive
86.6491,126.90359999999995,244.94979999999998,234.1264,619.0,1188.0,1258.0,928.0,10.0,18.0,30.0,30.0,48.0,108.0,102.0,54.0,5.247699999999999,10.849000000000002,14.498800000000003,11.8698,XEQGAC_clean_primitive
86.6491,126.90359999999998,244.94979999999998,234.12640000000002,619.0,1188.0,1258.0,928.0,10.0,18.0,30.0,30.0,48.0,108.0,102.0,54.0,5.247699999999999,10.849,14.498800000000003,11.869800000000001,XEQGAC_clean_primitive
