f-lig-chi-0,f-lig-chi-1,f-lig-chi-2,f-lig-chi-3,f-lig-Z-0,f-lig-Z-1,f-lig-Z-2,f-lig-Z-3,f-lig-I-0,f-lig-I-1,f-lig-I-2,f-lig-I-3,f-lig-T-0,f-lig-T-1,f-lig-T-2,f-lig-T-3,f-lig-S-0,f-lig-S-1,f-lig-S-2,f-lig-S-3,name
570.2832000000003,1182.078000000001,1905.4812000000013,2476.4910000000004,2520.0,5328.0,8112.0,9456.0,84.0,180.0,288.0,390.0,468.0,1188.0,1776.0,2166.0,38.1396,91.19879999999996,139.72800000000004,174.45659999999995,AZAVUU_clean_primitive
570.2832000000004,1182.078000000001,1905.481200000001,2476.4910000000004,2520.0,5328.0,8112.0,9456.0,84.0,180.0,288.0,390.0,468.0,1188.0,1776.0,2166.0,38.1396,91.19879999999996,139.72800000000004,174.45659999999995,AZAVUU_clean_primitive
570.2832000000001,1182.0780000000007,1905.4812000000018,2476.4909999999995,2520.0,5328.0,8112.0,9456.0,84.0,180.0,288.0,390.0,468.0,1188.0,1776.0,2166.0,38.139600000000016,91.19880000000005,139.72799999999998,174.45659999999992,AZAVUU_clean_primitive
570.2831999999999,1182.0780000000007,1905.481200000002,2476.4910000000027,2520.0,5328.0,8112.0,9456.0,84.0,180.0,288.0,390.0,468.0,1188.0,1776.0,2166.0,38.13960000000004,91.19879999999993,139.7279999999999,174.45660000000004,AZAVUU_clean_primitive
