f-sbu-chi-0,f-sbu-chi-1,f-sbu-chi-2,f-sbu-chi-3,f-sbu-Z-0,f-sbu-Z-1,f-sbu-Z-2,f-sbu-Z-3,f-sbu-I-0,f-sbu-I-1,f-sbu-I-2,f-sbu-I-3,f-sbu-T-0,f-sbu-T-1,f-sbu-T-2,f-sbu-T-3,f-sbu-S-0,f-sbu-S-1,f-sbu-S-2,f-sbu-S-3,mc-chi-0,mc-chi-1,mc-chi-2,mc-chi-3,mc-Z-0,mc-Z-1,mc-Z-2,mc-Z-3,mc-I-0,mc-I-1,mc-I-2,mc-I-3,mc-T-0,mc-T-1,mc-T-2,mc-T-3,mc-S-0,mc-S-1,mc-S-2,mc-S-3,D_mc-chi-0,D_mc-chi-1,D_mc-chi-2,D_mc-chi-3,D_mc-Z-0,D_mc-Z-1,D_mc-Z-2,D_mc-Z-3,D_mc-I-0,D_mc-I-1,D_mc-I-2,D_mc-I-3,D_mc-T-0,D_mc-T-1,D_mc-T-2,D_mc-T-3,D_mc-S-0,D_mc-S-1,D_mc-S-2,D_mc-S-3,name
417.3305999999996,803.4204000000003,1957.9698,2190.606599999999,2145.0,5880.0,11424.0,14052.0,57.0,126.0,246.0,300.0,384.0,1080.0,1770.0,2226.0,27.156900000000018,75.75659999999999,134.86379999999997,177.77879999999996,1.7161000000000002,27.0384,23.4752,60.60059999999999,144.0,576.0,720.0,1296.0,1.0,6.0,8.0,15.0,36.0,96.0,180.0,252.0,1.9321,6.0882,10.286,15.554099999999993,0.0,-12.78,-7.439999999999999,-26.60999999999999,0.0,24.0,36.0,72.0,0.0,0.0,0.0,0.0,0.0,20.0,18.0,48.0,0.0,3.9600000000000004,3.7199999999999993,9.659999999999998,BELYUO
417.3305999999997,803.4204000000003,1957.9698000000003,2190.6065999999996,2145.0,5880.0,11424.0,14052.0,57.0,126.0,246.0,300.0,384.0,1080.0,1770.0,2226.0,27.15690000000002,75.75659999999999,134.8638,177.77879999999996,1.7161000000000002,27.0384,23.4752,60.60059999999999,144.0,576.0,720.0,1296.0,1.0,6.0,8.0,15.0,36.0,96.0,180.0,252.0,1.9321,6.0882,10.286,15.554099999999993,0.0,-12.78,-7.439999999999999,-26.60999999999999,0.0,24.0,36.0,72.0,0.0,0.0,0.0,0.0,0.0,20.0,18.0,48.0,0.0,3.9600000000000004,3.7199999999999993,9.659999999999998,BELYUO
