f-sbu-chi-0,f-sbu-chi-1,f-sbu-chi-2,f-sbu-chi-3,f-sbu-Z-0,f-sbu-Z-1,f-sbu-Z-2,f-sbu-Z-3,f-sbu-I-0,f-sbu-I-1,f-sbu-I-2,f-sbu-I-3,f-sbu-T-0,f-sbu-T-1,f-sbu-T-2,f-sbu-T-3,f-sbu-S-0,f-sbu-S-1,f-sbu-S-2,f-sbu-S-3,mc-chi-0,mc-chi-1,mc-chi-2,mc-chi-3,mc-Z-0,mc-Z-1,mc-Z-2,mc-Z-3,mc-I-0,mc-I-1,mc-I-2,mc-I-3,mc-T-0,mc-T-1,mc-T-2,mc-T-3,mc-S-0,mc-S-1,mc-S-2,mc-S-3,D_mc-chi-0,D_mc-chi-1,D_mc-chi-2,D_mc-chi-3,D_mc-Z-0,D_mc-Z-1,D_mc-Z-2,D_mc-Z-3,D_mc-I-0,D_mc-I-1,D_mc-I-2,D_mc-I-3,D_mc-T-0,D_mc-T-1,D_mc-T-2,D_mc-T-3,D_mc-S-0,D_mc-S-1,D_mc-S-2,D_mc-S-3,name
112.2774,194.9104,405.20720000000006,387.41279999999995,880.0,2208.0,3216.0,2976.0,13.0,30.0,46.0,50.0,80.0,208.0,280.0,234.0,9.966099999999999,24.104599999999994,34.83539999999999,33.5362,1.7161000000000004,18.0256,13.407850000000002,27.46415,144.0,384.0,396.0,588.0,1.0,4.0,4.5,7.0,17.0,38.0,58.5,68.0,1.9321,4.0588,5.67815,7.297499999999999,0.0,-8.52,-4.339999999999999,-11.794999999999998,0.0,16.0,21.0,35.0,0.0,0.0,0.0,0.0,0.0,8.0,4.0,11.0,0.0,2.64,2.1699999999999995,4.48,AZAVOO
112.2774,194.9104,405.20719999999994,387.4128,880.0,2208.0,3216.0,2976.0,13.0,30.0,46.0,50.0,80.0,208.0,280.0,234.0,9.966099999999997,24.104599999999994,34.8354,33.5362,1.7161000000000004,18.0256,13.407850000000002,27.46415,144.0,384.0,396.0,588.0,1.0,4.0,4.5,7.0,17.0,38.0,58.5,68.0,1.9321,4.0588,5.67815,7.297499999999999,0.0,-8.52,-4.339999999999999,-11.794999999999998,0.0,16.0,21.0,35.0,0.0,0.0,0.0,0.0,0.0,8.0,4.0,11.0,0.0,2.64,2.1699999999999995,4.48,AZAVOO
112.27739999999999,194.91039999999998,405.2072,387.4128,880.0,2208.0,3216.0,2976.0,13.0,30.0,46.0,50.0,80.0,208.0,280.0,234.0,9.966099999999999,24.104599999999998,34.835399999999986,33.5362,1.7161000000000004,18.0256,13.407850000000002,27.46415,144.0,384.0,396.0,588.0,1.0,4.0,4.5,7.0,17.0,38.0,58.5,68.0,1.9321,4.0588,5.67815,7.297499999999999,0.0,-8.52,-4.339999999999999,-11.794999999999998,0.0,16.0,21.0,35.0,0.0,0.0,0.0,0.0,0.0,8.0,4.0,11.0,0.0,2.64,2.1699999999999995,4.48,AZAVOO
112.27739999999999,194.91039999999998,405.2072,387.4128,880.0,2208.0,3216.0,2976.0,13.0,30.0,46.0,50.0,80.0,208.0,280.0,234.0,9.966099999999999,24.104600000000005,34.83539999999999,33.5362,1.7161000000000004,18.0256,13.407850000000002,27.46415,144.0,384.0,396.0,588.0,1.0,4.0,4.5,7.0,17.0,38.0,58.5,68.0,1.9321,4.0588,5.67815,7.297499999999999,0.0,-8.52,-4.339999999999999,-11.794999999999998,0.0,16.0,21.0,35.0,0.0,0.0,0.0,0.0,0.0,8.0,4.0,11.0,0.0,2.64,2.1699999999999995,4.48,AZAVOO
