f-lig-chi-0,f-lig-chi-1,f-lig-chi-2,f-lig-chi-3,f-lig-Z-0,f-lig-Z-1,f-lig-Z-2,f-lig-Z-3,f-lig-I-0,f-lig-I-1,f-lig-I-2,f-lig-I-3,f-lig-T-0,f-lig-T-1,f-lig-T-2,f-lig-T-3,f-lig-S-0,f-lig-S-1,f-lig-S-2,f-lig-S-3,name
113.1063,164.76120000000003,308.62019999999995,153.61199999999994,1014.0,2088.0,1920.0,1080.0,13.0,24.0,34.0,20.0,58.0,112.0,92.0,72.0,8.4091,17.2936,19.962200000000003,12.381600000000006,AHOKOX_clean_primitive
113.1063,164.76120000000003,308.62019999999995,153.61199999999994,1014.0,2088.0,1920.0,1080.0,13.0,24.0,34.0,20.0,58.0,112.0,92.0,72.0,8.4091,17.2936,19.962200000000003,12.381600000000006,AHOKOX_clean_primitive
