f-lig-chi-0,f-lig-chi-1,f-lig-chi-2,f-lig-chi-3,f-lig-Z-0,f-lig-Z-1,f-lig-Z-2,f-lig-Z-3,f-lig-I-0,f-lig-I-1,f-lig-I-2,f-lig-I-3,f-lig-T-0,f-lig-T-1,f-lig-T-2,f-lig-T-3,f-lig-S-0,f-lig-S-1,f-lig-S-2,f-lig-S-3,name
445.0662999999999,962.9820000000011,1482.2768000000003,1810.355999999999,1936.0,4320.0,6176.0,6420.0,67.0,148.0,224.0,292.0,400.0,1052.0,1388.0,1712.0,30.124300000000027,74.93640000000002,106.95039999999999,126.43560000000001,OWIYUP_clean_primitive
445.0662999999999,962.9820000000011,1482.2768000000003,1810.355999999999,1936.0,4320.0,6176.0,6420.0,67.0,148.0,224.0,292.0,400.0,1052.0,1388.0,1712.0,30.124300000000027,74.93640000000002,106.95039999999999,126.43560000000001,OWIYUP_clean_primitive
445.0662999999999,962.9820000000009,1482.2768000000005,1810.3559999999993,1936.0,4320.0,6176.0,6420.0,67.0,148.0,224.0,292.0,400.0,1052.0,1388.0,1712.0,30.12430000000002,74.93639999999999,106.95039999999996,126.4356,OWIYUP_clean_primitive
445.0662999999999,962.9820000000009,1482.2768000000005,1810.3559999999993,1936.0,4320.0,6176.0,6420.0,67.0,148.0,224.0,292.0,400.0,1052.0,1388.0,1712.0,30.12430000000002,74.93639999999999,106.95039999999996,126.4356,OWIYUP_clean_primitive
451.4212999999999,929.832000000001,1475.8508000000008,1927.9999999999986,1868.0,3936.0,5744.0,6296.0,69.0,144.0,228.0,312.0,372.0,936.0,1364.0,1688.0,29.486100000000025,70.10080000000002,104.64039999999999,128.95919999999995,OWIYUP_clean_primitive
451.4212999999999,929.8320000000008,1475.8508000000008,1927.999999999999,1868.0,3936.0,5744.0,6296.0,69.0,144.0,228.0,312.0,372.0,936.0,1364.0,1688.0,29.486100000000018,70.10080000000002,104.64039999999991,128.9592,OWIYUP_clean_primitive
