f-chi-0-all,f-chi-1-all,f-chi-2-all,f-chi-3-all,f-Z-0-all,f-Z-1-all,f-Z-2-all,f-Z-3-all,f-I-0-all,f-I-1-all,f-I-2-all,f-I-3-all,f-T-0-all,f-T-1-all,f-T-2-all,f-T-3-all,f-S-0-all,f-S-1-all,f-S-2-all,f-S-3-all,mc-chi-0-all,mc-chi-1-all,mc-chi-2-all,mc-chi-3-all,mc-Z-0-all,mc-Z-1-all,mc-Z-2-all,mc-Z-3-all,mc-I-0-all,mc-I-1-all,mc-I-2-all,mc-I-3-all,mc-T-0-all,mc-T-1-all,mc-T-2-all,mc-T-3-all,mc-S-0-all,mc-S-1-all,mc-S-2-all,mc-S-3-all,D_mc-chi-0-all,D_mc-chi-1-all,D_mc-chi-2-all,D_mc-chi-3-all,D_mc-Z-0-all,D_mc-Z-1-all,D_mc-Z-2-all,D_mc-Z-3-all,D_mc-I-0-all,D_mc-I-1-all,D_mc-I-2-all,D_mc-I-3-all,D_mc-T-0-all,D_mc-T-1-all,D_mc-T-2-all,D_mc-T-3-all,D_mc-S-0-all,D_mc-S-1-all,D_mc-S-2-all,D_mc-S-3-all,name
214.47019999999995,387.3919999999999,865.6403999999999,1194.8479999999993,2390.0,6040.0,8268.0,7888.0,26.0,56.0,100.0,144.0,164.0,448.0,588.0,544.0,17.4922,42.808800000000005,69.40279999999998,85.17920000000004,2.4025000000000003,30.752000000000002,27.6675,51.97150000000001,625.0,1150.0,1050.0,1550.0,1.0,6.0,7.0,13.0,36.0,84.0,126.0,174.0,1.9320999999999997,6.143800000000001,7.492099999999999,11.578699999999998,0.0,-10.54,-6.999999999999999,-13.38,0.0,104.0,133.0,263.0,0.0,0.0,0.0,0.0,0.0,22.0,21.0,49.0,0.0,3.919999999999999,4.34,9.739999999999998,WOPDEL_clean_primitive
214.47019999999995,387.3919999999999,865.6403999999998,1194.8479999999993,2390.0,6040.0,8268.0,7888.0,26.0,56.0,100.0,144.0,164.0,448.0,588.0,544.0,17.492199999999997,42.808800000000005,69.40279999999998,85.17920000000001,2.4025000000000003,30.752000000000002,27.6675,51.97150000000001,625.0,1150.0,1050.0,1550.0,1.0,6.0,7.0,13.0,36.0,84.0,126.0,174.0,1.9320999999999997,6.143800000000001,7.492099999999999,11.578699999999998,0.0,-10.54,-6.999999999999999,-13.38,0.0,104.0,133.0,263.0,0.0,0.0,0.0,0.0,0.0,22.0,21.0,49.0,0.0,3.919999999999999,4.34,9.739999999999998,WOPDEL_clean_primitive
