f-lig-chi-0,f-lig-chi-1,f-lig-chi-2,f-lig-chi-3,f-lig-Z-0,f-lig-Z-1,f-lig-Z-2,f-lig-Z-3,f-lig-I-0,f-lig-I-1,f-lig-I-2,f-lig-I-3,f-lig-T-0,f-lig-T-1,f-lig-T-2,f-lig-T-3,f-lig-S-0,f-lig-S-1,f-lig-S-2,f-lig-S-3,name
234.83679999999995,453.81199999999995,713.8617999999999,888.009,1081.0,2090.0,3124.0,3348.0,32.0,66.0,102.0,132.0,168.0,414.0,582.0,636.0,14.8744,33.695800000000006,49.64540000000001,58.084400000000024,NUTYIM_clean_primitive
234.83679999999995,453.81199999999995,713.8617999999999,888.009,1081.0,2090.0,3124.0,3348.0,32.0,66.0,102.0,132.0,168.0,414.0,582.0,636.0,14.8744,33.695800000000006,49.64540000000001,58.084400000000024,NUTYIM_clean_primitive
234.83679999999995,453.81200000000007,713.8618,888.009,1081.0,2090.0,3124.0,3348.0,32.0,66.0,102.0,132.0,168.0,414.0,582.0,636.0,14.8744,33.69580000000001,49.64540000000001,58.084400000000024,NUTYIM_clean_primitive
234.83679999999995,453.81200000000007,713.8618,888.009,1081.0,2090.0,3124.0,3348.0,32.0,66.0,102.0,132.0,168.0,414.0,582.0,636.0,14.8744,33.69580000000001,49.64540000000001,58.084400000000024,NUTYIM_clean_primitive
234.83679999999993,453.81199999999995,713.8617999999997,888.009,1081.0,2090.0,3124.0,3348.0,32.0,66.0,102.0,132.0,168.0,414.0,582.0,636.0,14.8744,33.695800000000006,49.6454,58.08440000000003,NUTYIM_clean_primitive
234.83679999999993,453.81199999999995,713.8617999999997,888.009,1081.0,2090.0,3124.0,3348.0,32.0,66.0,102.0,132.0,168.0,414.0,582.0,636.0,14.8744,33.695800000000006,49.6454,58.08440000000003,NUTYIM_clean_primitive
234.83679999999993,453.81199999999995,713.8617999999998,888.009,1081.0,2090.0,3124.0,3348.0,32.0,66.0,102.0,132.0,168.0,414.0,582.0,636.0,14.8744,33.69580000000001,49.6454,58.08440000000002,NUTYIM_clean_primitive
234.83679999999993,453.81199999999995,713.8617999999998,888.009,1081.0,2090.0,3124.0,3348.0,32.0,66.0,102.0,132.0,168.0,414.0,582.0,636.0,14.8744,33.69580000000001,49.6454,58.08440000000002,NUTYIM_clean_primitive
