f-chi-0-all,f-chi-1-all,f-chi-2-all,f-chi-3-all,f-Z-0-all,f-Z-1-all,f-Z-2-all,f-Z-3-all,f-I-0-all,f-I-1-all,f-I-2-all,f-I-3-all,f-T-0-all,f-T-1-all,f-T-2-all,f-T-3-all,f-S-0-all,f-S-1-all,f-S-2-all,f-S-3-all,mc-chi-0-all,mc-chi-1-all,mc-chi-2-all,mc-chi-3-all,mc-Z-0-all,mc-Z-1-all,mc-Z-2-all,mc-Z-3-all,mc-I-0-all,mc-I-1-all,mc-I-2-all,mc-I-3-all,mc-T-0-all,mc-T-1-all,mc-T-2-all,mc-T-3-all,mc-S-0-all,mc-S-1-all,mc-S-2-all,mc-S-3-all,D_mc-chi-0-all,D_mc-chi-1-all,D_mc-chi-2-all,D_mc-chi-3-all,D_mc-Z-0-all,D_mc-Z-1-all,D_mc-Z-2-all,D_mc-Z-3-all,D_mc-I-0-all,D_mc-I-1-all,D_mc-I-2-all,D_mc-I-3-all,D_mc-T-0-all,D_mc-T-1-all,D_mc-T-2-all,D_mc-T-3-all,D_mc-S-0-all,D_mc-S-1-all,D_mc-S-2-all,D_mc-S-3-all,name
366.8763999999998,602.6879999999998,1838.6784000000005,2286.9119999999994,18868.0,27264.0,27936.0,36480.0,40.0,96.0,192.0,288.0,288.0,768.0,1152.0,1536.0,31.19400000000003,85.848,138.8304,193.7712000000001,1.2100000000000002,22.704000000000004,16.830000000000002,39.534,4225.0,3120.0,2340.0,5460.0,1.0,6.0,6.0,12.0,36.0,72.0,108.0,180.0,2.822399999999999,7.358400000000001,7.7616000000000005,15.120000000000001,0.0,-14.039999999999996,-8.699999999999998,-22.739999999999995,0.0,342.0,354.0,696.0,0.0,0.0,0.0,0.0,0.0,24.0,18.0,42.0,0.0,5.700000000000001,5.46,11.159999999999998,NUTYIM_clean_primitive
366.8763999999998,602.6879999999999,1838.6784000000005,2286.911999999999,18868.0,27264.0,27936.0,36480.0,40.0,96.0,192.0,288.0,288.0,768.0,1152.0,1536.0,31.194000000000035,85.848,138.8304,193.77120000000008,1.2100000000000002,22.704000000000004,16.830000000000002,39.534,4225.0,3120.0,2340.0,5460.0,1.0,6.0,6.0,12.0,36.0,72.0,108.0,180.0,2.822399999999999,7.358400000000001,7.7616000000000005,15.120000000000001,0.0,-14.039999999999996,-8.699999999999998,-22.739999999999995,0.0,342.0,354.0,696.0,0.0,0.0,0.0,0.0,0.0,24.0,18.0,42.0,0.0,5.700000000000001,5.46,11.159999999999998,NUTYIM_clean_primitive
