f-lig-chi-0,f-lig-chi-1,f-lig-chi-2,f-lig-chi-3,f-lig-Z-0,f-lig-Z-1,f-lig-Z-2,f-lig-Z-3,f-lig-I-0,f-lig-I-1,f-lig-I-2,f-lig-I-3,f-lig-T-0,f-lig-T-1,f-lig-T-2,f-lig-T-3,f-lig-S-0,f-lig-S-1,f-lig-S-2,f-lig-S-3,name
575.9281999999997,1289.8409999999994,2150.106,2692.901999999998,1946.0,4728.0,7032.0,8880.0,100.0,210.0,364.0,444.0,574.0,1418.0,2076.0,2684.0,37.34120000000002,94.81779999999983,145.9004,189.0811999999997,HAJRES_clean_primitive
575.9282,1289.8409999999983,2150.1060000000007,2692.901999999997,1946.0,4728.0,7032.0,8880.0,100.0,210.0,364.0,444.0,574.0,1418.0,2076.0,2684.0,37.34119999999997,94.81779999999982,145.9003999999999,189.08119999999974,HAJRES_clean_primitive
571.0881999999999,1278.6209999999983,2127.666,2648.021999999997,1945.0,4716.0,7008.0,8832.0,99.0,208.0,360.0,436.0,568.0,1400.0,2040.0,2624.0,37.204299999999975,94.24799999999982,144.76079999999982,186.80199999999974,HAJRES_clean_primitive
571.0881999999998,1278.6209999999987,2127.6659999999997,2648.0219999999977,1945.0,4716.0,7008.0,8832.0,99.0,208.0,360.0,436.0,568.0,1400.0,2040.0,2624.0,37.20429999999998,94.24799999999979,144.76079999999988,186.80199999999965,HAJRES_clean_primitive
575.9281999999998,1289.8409999999985,2150.106,2692.901999999998,1946.0,4728.0,7032.0,8880.0,100.0,210.0,364.0,444.0,574.0,1418.0,2076.0,2684.0,37.341199999999986,94.81779999999978,145.90039999999988,189.08119999999968,HAJRES_clean_primitive
571.0881999999998,1278.6209999999999,2127.666,2648.021999999999,1945.0,4716.0,7008.0,8832.0,99.0,208.0,360.0,436.0,568.0,1400.0,2040.0,2624.0,37.204300000000025,94.24799999999985,144.76080000000002,186.80199999999977,HAJRES_clean_primitive
575.9281999999997,1289.8409999999985,2150.1060000000007,2692.901999999998,1946.0,4728.0,7032.0,8880.0,100.0,210.0,364.0,444.0,574.0,1418.0,2076.0,2684.0,37.341199999999986,94.81779999999976,145.90039999999985,189.08119999999965,HAJRES_clean_primitive
571.0881999999998,1278.6209999999983,2127.666,2648.021999999997,1945.0,4716.0,7008.0,8832.0,99.0,208.0,360.0,436.0,568.0,1400.0,2040.0,2624.0,37.20429999999999,94.24799999999978,144.7607999999999,186.80199999999968,HAJRES_clean_primitive
