f-lig-chi-0,f-lig-chi-1,f-lig-chi-2,f-lig-chi-3,f-lig-Z-0,f-lig-Z-1,f-lig-Z-2,f-lig-Z-3,f-lig-I-0,f-lig-I-1,f-lig-I-2,f-lig-I-3,f-lig-T-0,f-lig-T-1,f-lig-T-2,f-lig-T-3,f-lig-S-0,f-lig-S-1,f-lig-S-2,f-lig-S-3,name
362.6287999999999,737.9080000000002,1176.9908000000003,1549.9199999999998,1733.0,3664.0,5756.0,6796.0,54.0,114.0,182.0,252.0,296.0,754.0,1138.0,1420.0,24.53730000000001,58.99860000000003,91.4118,117.41320000000003,ODODES_clean_primitive
362.6287999999999,737.9080000000002,1176.9908000000003,1549.9199999999992,1733.0,3664.0,5756.0,6796.0,54.0,114.0,182.0,252.0,296.0,754.0,1138.0,1420.0,24.537300000000013,58.998600000000025,91.41180000000001,117.41319999999999,ODODES_clean_primitive
362.6287999999999,737.9080000000008,1176.9908000000007,1549.9200000000003,1733.0,3664.0,5756.0,6796.0,54.0,114.0,182.0,252.0,296.0,754.0,1138.0,1420.0,24.537300000000027,58.99860000000003,91.41180000000001,117.41320000000009,ODODES_clean_primitive
362.6287999999999,737.9080000000004,1176.9908000000003,1549.9199999999998,1733.0,3664.0,5756.0,6796.0,54.0,114.0,182.0,252.0,296.0,754.0,1138.0,1420.0,24.53730000000001,58.99860000000003,91.41179999999999,117.41320000000005,ODODES_clean_primitive
