f-lig-chi-0,f-lig-chi-1,f-lig-chi-2,f-lig-chi-3,f-lig-Z-0,f-lig-Z-1,f-lig-Z-2,f-lig-Z-3,f-lig-I-0,f-lig-I-1,f-lig-I-2,f-lig-I-3,f-lig-T-0,f-lig-T-1,f-lig-T-2,f-lig-T-3,f-lig-S-0,f-lig-S-1,f-lig-S-2,f-lig-S-3,name
305.8200999999999,652.3410000000003,1034.0594,1314.8630000000005,1270.0,2796.0,4076.0,4460.0,47.0,100.0,158.0,208.0,258.0,648.0,942.0,1086.0,20.26950000000001,49.03360000000002,73.20380000000002,86.86440000000002,IQOJAB_clean_primitive
305.8200999999999,652.3410000000003,1034.0594,1314.8630000000003,1270.0,2796.0,4076.0,4460.0,47.0,100.0,158.0,208.0,258.0,648.0,942.0,1086.0,20.26950000000001,49.03360000000002,73.20380000000002,86.86440000000002,IQOJAB_clean_primitive
305.82009999999985,652.3410000000005,1034.0594,1314.8630000000007,1270.0,2796.0,4076.0,4460.0,47.0,100.0,158.0,208.0,258.0,648.0,942.0,1086.0,20.26950000000001,49.03360000000002,73.20380000000002,86.86440000000002,IQOJAB_clean_primitive
305.82009999999985,652.3410000000005,1034.0594,1314.8630000000007,1270.0,2796.0,4076.0,4460.0,47.0,100.0,158.0,208.0,258.0,648.0,942.0,1086.0,20.26950000000001,49.03360000000002,73.20380000000002,86.86440000000002,IQOJAB_clean_primitive
305.8200999999999,652.3410000000005,1034.0594,1314.8630000000007,1270.0,2796.0,4076.0,4460.0,47.0,100.0,158.0,208.0,258.0,648.0,942.0,1086.0,20.269500000000015,49.03360000000002,73.2038,86.8644,IQOJAB_clean_primitive
305.8200999999999,652.3410000000005,1034.0594,1314.8630000000007,1270.0,2796.0,4076.0,4460.0,47.0,100.0,158.0,208.0,258.0,648.0,942.0,1086.0,20.26950000000001,49.03360000000002,73.2038,86.8644,IQOJAB_clean_primitive
305.8201,652.3410000000003,1034.0594,1314.8630000000005,1270.0,2796.0,4076.0,4460.0,47.0,100.0,158.0,208.0,258.0,648.0,942.0,1086.0,20.26950000000002,49.03360000000002,73.20380000000002,86.86440000000002,IQOJAB_clean_primitive
305.8201,652.3410000000003,1034.0594,1314.8630000000005,1270.0,2796.0,4076.0,4460.0,47.0,100.0,158.0,208.0,258.0,648.0,942.0,1086.0,20.26950000000002,49.03360000000002,73.20380000000002,86.86440000000003,IQOJAB_clean_primitive
