f-chi-0-all,f-chi-1-all,f-chi-2-all,f-chi-3-all,f-Z-0-all,f-Z-1-all,f-Z-2-all,f-Z-3-all,f-I-0-all,f-I-1-all,f-I-2-all,f-I-3-all,f-T-0-all,f-T-1-all,f-T-2-all,f-T-3-all,f-S-0-all,f-S-1-all,f-S-2-all,f-S-3-all,mc-chi-0-all,mc-chi-1-all,mc-chi-2-all,mc-chi-3-all,mc-Z-0-all,mc-Z-1-all,mc-Z-2-all,mc-Z-3-all,mc-I-0-all,mc-I-1-all,mc-I-2-all,mc-I-3-all,mc-T-0-all,mc-T-1-all,mc-T-2-all,mc-T-3-all,mc-S-0-all,mc-S-1-all,mc-S-2-all,mc-S-3-all,D_mc-chi-0-all,D_mc-chi-1-all,D_mc-chi-2-all,D_mc-chi-3-all,D_mc-Z-0-all,D_mc-Z-1-all,D_mc-Z-2-all,D_mc-Z-3-all,D_mc-I-0-all,D_mc-I-1-all,D_mc-I-2-all,D_mc-I-3-all,D_mc-T-0-all,D_mc-T-1-all,D_mc-T-2-all,D_mc-T-3-all,D_mc-S-0-all,D_mc-S-1-all,D_mc-S-2-all,D_mc-S-3-all,name
214.82809999999995,403.06579999999985,1233.5155999999997,1155.1496,4449.0,10152.0,17686.0,21308.0,23.0,58.0,120.0,152.0,178.0,482.0,800.0,976.0,18.090500000000002,47.69540000000001,84.9932,117.81519999999998,3.10138,29.89696,18.393520000000002,77.58455999999998,893.8,1174.4,2220.8,3052.4,1.0,4.8,4.8,12.8,24.0,48.0,94.4,123.2,1.6164999999999998,4.411519999999999,6.4124,11.88324,0.0,-8.463999999999999,-1.9119999999999997,-21.807999999999993,0.0,104.8,68.8,277.2,0.0,0.0,0.0,0.0,0.0,14.4,4.8,36.0,0.0,2.5839999999999996,1.0119999999999998,6.955999999999999,FOFHAK_clean_primitive
69.7949,110.08000000000001,173.71439999999998,180.80639999999997,2117.0,2944.0,4488.0,2880.0,9.0,16.0,20.0,24.0,36.0,80.0,80.0,48.0,8.163599999999999,13.432,16.909999999999997,18.5712,3.10138,29.89696,18.393520000000002,77.58455999999998,893.8,1174.4,2220.8,3052.4,1.0,4.8,4.8,12.8,24.0,48.0,94.4,123.2,1.6164999999999998,4.411519999999999,6.4124,11.88324,0.0,-8.463999999999999,-1.9119999999999997,-21.807999999999993,0.0,104.8,68.8,277.2,0.0,0.0,0.0,0.0,0.0,14.4,4.8,36.0,0.0,2.5839999999999996,1.0119999999999998,6.955999999999999,FOFHAK_clean_primitive
69.7949,110.08000000000001,173.71439999999998,180.80639999999997,2117.0,2944.0,4488.0,2880.0,9.0,16.0,20.0,24.0,36.0,80.0,80.0,48.0,8.163599999999999,13.432,16.909999999999997,18.5712,3.10138,29.89696,18.393520000000002,77.58455999999998,893.8,1174.4,2220.8,3052.4,1.0,4.8,4.8,12.8,24.0,48.0,94.4,123.2,1.6164999999999998,4.411519999999999,6.4124,11.88324,0.0,-8.463999999999999,-1.9119999999999997,-21.807999999999993,0.0,104.8,68.8,277.2,0.0,0.0,0.0,0.0,0.0,14.4,4.8,36.0,0.0,2.5839999999999996,1.0119999999999998,6.955999999999999,FOFHAK_clean_primitive
