name,cif_file,Di,Df,Dif,rho,VSA,GSA,VPOV,GPOV,POAV_vol_frac,PONAV_vol_frac,GPOAV,GPONAV,POAV,PONAV
BETGIS_clean,BETGIS_clean.cif,14.00278,4.06192,14.00278,1.35807,917.629,675.687,0.45699999999999996,0.3365069547225106,0.3257,0.1313,0.239826,0.0966815,2112.2,851.496
