f-chi-0-all,f-chi-1-all,f-chi-2-all,f-chi-3-all,f-Z-0-all,f-Z-1-all,f-Z-2-all,f-Z-3-all,f-I-0-all,f-I-1-all,f-I-2-all,f-I-3-all,f-T-0-all,f-T-1-all,f-T-2-all,f-T-3-all,f-S-0-all,f-S-1-all,f-S-2-all,f-S-3-all,mc-chi-0-all,mc-chi-1-all,mc-chi-2-all,mc-chi-3-all,mc-Z-0-all,mc-Z-1-all,mc-Z-2-all,mc-Z-3-all,mc-I-0-all,mc-I-1-all,mc-I-2-all,mc-I-3-all,mc-T-0-all,mc-T-1-all,mc-T-2-all,mc-T-3-all,mc-S-0-all,mc-S-1-all,mc-S-2-all,mc-S-3-all,D_mc-chi-0-all,D_mc-chi-1-all,D_mc-chi-2-all,D_mc-chi-3-all,D_mc-Z-0-all,D_mc-Z-1-all,D_mc-Z-2-all,D_mc-Z-3-all,D_mc-I-0-all,D_mc-I-1-all,D_mc-I-2-all,D_mc-I-3-all,D_mc-T-0-all,D_mc-T-1-all,D_mc-T-2-all,D_mc-T-3-all,D_mc-S-0-all,D_mc-S-1-all,D_mc-S-2-all,D_mc-S-3-all,name
473.5211999999998,762.8544000000004,2148.365199999999,2796.4448,42756.0,37664.0,64568.0,52064.0,54.0,124.0,236.0,344.0,380.0,1076.0,1508.0,1692.0,58.102399999999946,140.01399999999995,222.99239999999998,265.04839999999984,3.0265,16.67755,13.3112125,37.2740375,4874.5,2058.5,4452.0,4458.75,1.0,4.1875,4.6875,10.25,22.9375,52.625,85.25,136.125,3.727999999999999,6.449549999999997,9.162100000000002,16.056400000000004,0.0,-9.556875000000007,-5.865625,-18.14374999999999,0.0,223.8125,220.3125,566.75,0.0,0.0,0.0,0.0,0.0,13.0625,9.25,30.9375,0.0,5.778124999999996,5.313749999999999,13.662500000000001,FARHOX_ion_b_primitive
461.6875999999998,739.6688000000003,1978.6183999999992,2573.1888,42692.0,36528.0,61912.0,47712.0,53.0,120.0,220.0,316.0,360.0,1012.0,1386.0,1490.0,57.56949999999995,135.13759999999996,210.79899999999992,241.49859999999995,3.0265,16.67755,13.3112125,37.2740375,4874.5,2058.5,4452.0,4458.75,1.0,4.1875,4.6875,10.25,22.9375,52.625,85.25,136.125,3.727999999999999,6.449549999999997,9.162100000000002,16.056400000000004,0.0,-9.556875000000007,-5.865625,-18.14374999999999,0.0,223.8125,220.3125,566.75,0.0,0.0,0.0,0.0,0.0,13.0625,9.25,30.9375,0.0,5.778124999999996,5.313749999999999,13.662500000000001,FARHOX_ion_b_primitive
