f-chi-0-all,f-chi-1-all,f-chi-2-all,f-chi-3-all,f-Z-0-all,f-Z-1-all,f-Z-2-all,f-Z-3-all,f-I-0-all,f-I-1-all,f-I-2-all,f-I-3-all,f-T-0-all,f-T-1-all,f-T-2-all,f-T-3-all,f-S-0-all,f-S-1-all,f-S-2-all,f-S-3-all,mc-chi-0-all,mc-chi-1-all,mc-chi-2-all,mc-chi-3-all,mc-Z-0-all,mc-Z-1-all,mc-Z-2-all,mc-Z-3-all,mc-I-0-all,mc-I-1-all,mc-I-2-all,mc-I-3-all,mc-T-0-all,mc-T-1-all,mc-T-2-all,mc-T-3-all,mc-S-0-all,mc-S-1-all,mc-S-2-all,mc-S-3-all,D_mc-chi-0-all,D_mc-chi-1-all,D_mc-chi-2-all,D_mc-chi-3-all,D_mc-Z-0-all,D_mc-Z-1-all,D_mc-Z-2-all,D_mc-Z-3-all,D_mc-I-0-all,D_mc-I-1-all,D_mc-I-2-all,D_mc-I-3-all,D_mc-T-0-all,D_mc-T-1-all,D_mc-T-2-all,D_mc-T-3-all,D_mc-S-0-all,D_mc-S-1-all,D_mc-S-2-all,D_mc-S-3-all,name
148.7248,268.816,437.73879999999997,566.3679999999998,2452.0,4508.0,5320.0,4664.0,18.0,36.0,52.0,68.0,88.0,208.0,252.0,252.0,12.874399999999998,27.594000000000012,38.720000000000006,41.970000000000006,3.61,25.384,24.224999999999998,47.348,841.0,899.0,870.0,1450.0,1.0,4.0,5.0,9.0,16.0,36.0,60.0,76.0,1.9043999999999996,4.0572,5.313,8.2938,0.0,-5.76,-3.2499999999999996,-7.82,0.0,85.0,115.0,211.0,0.0,0.0,0.0,0.0,0.0,7.0,5.0,17.0,0.0,2.5799999999999996,3.0499999999999994,6.409999999999999,DEJCIF_clean_primitive
148.7248,268.816,437.73879999999997,566.3679999999998,2452.0,4508.0,5320.0,4664.0,18.0,36.0,52.0,68.0,88.0,208.0,252.0,252.0,12.8744,27.594000000000012,38.72,41.970000000000006,3.61,25.384,24.224999999999998,47.348,841.0,899.0,870.0,1450.0,1.0,4.0,5.0,9.0,16.0,36.0,60.0,76.0,1.9043999999999996,4.0572,5.313,8.2938,0.0,-5.76,-3.2499999999999996,-7.82,0.0,85.0,115.0,211.0,0.0,0.0,0.0,0.0,0.0,7.0,5.0,17.0,0.0,2.5799999999999996,3.0499999999999994,6.409999999999999,DEJCIF_clean_primitive
