f-sbu-chi-0,f-sbu-chi-1,f-sbu-chi-2,f-sbu-chi-3,f-sbu-Z-0,f-sbu-Z-1,f-sbu-Z-2,f-sbu-Z-3,f-sbu-I-0,f-sbu-I-1,f-sbu-I-2,f-sbu-I-3,f-sbu-T-0,f-sbu-T-1,f-sbu-T-2,f-sbu-T-3,f-sbu-S-0,f-sbu-S-1,f-sbu-S-2,f-sbu-S-3,mc-chi-0,mc-chi-1,mc-chi-2,mc-chi-3,mc-Z-0,mc-Z-1,mc-Z-2,mc-Z-3,mc-I-0,mc-I-1,mc-I-2,mc-I-3,mc-T-0,mc-T-1,mc-T-2,mc-T-3,mc-S-0,mc-S-1,mc-S-2,mc-S-3,D_mc-chi-0,D_mc-chi-1,D_mc-chi-2,D_mc-chi-3,D_mc-Z-0,D_mc-Z-1,D_mc-Z-2,D_mc-Z-3,D_mc-I-0,D_mc-I-1,D_mc-I-2,D_mc-I-3,D_mc-T-0,D_mc-T-1,D_mc-T-2,D_mc-T-3,D_mc-S-0,D_mc-S-1,D_mc-S-2,D_mc-S-3,name
157.18529999999998,287.3087999999999,770.8208,554.1151999999998,5622.0,10176.0,12170.0,8768.0,17.0,40.0,74.0,68.0,126.0,344.0,432.0,360.0,12.326299999999998,33.87200000000001,49.127599999999994,45.814800000000005,3.1684,36.7392,16.7854,44.233,2401.0,2352.0,3283.0,2842.0,1.0,6.0,4.0,8.0,36.0,72.0,90.0,108.0,2.0164,6.2196,5.2966,8.4632,0.0,-9.959999999999999,-2.3099999999999996,-10.61,0.0,246.0,129.0,334.0,0.0,0.0,0.0,0.0,0.0,24.0,9.0,30.0,0.0,4.14,1.9499999999999997,5.399999999999999,FEYDET
157.18529999999998,287.3087999999999,770.8207999999998,554.1151999999998,5622.0,10176.0,12170.0,8768.0,17.0,40.0,74.0,68.0,126.0,344.0,432.0,360.0,12.3263,33.87200000000001,49.12759999999999,45.814800000000005,3.1684,36.7392,16.7854,44.233,2401.0,2352.0,3283.0,2842.0,1.0,6.0,4.0,8.0,36.0,72.0,90.0,108.0,2.0164,6.2196,5.2966,8.4632,0.0,-9.959999999999999,-2.3099999999999996,-10.61,0.0,246.0,129.0,334.0,0.0,0.0,0.0,0.0,0.0,24.0,9.0,30.0,0.0,4.14,1.9499999999999997,5.399999999999999,FEYDET
