f-lig-chi-0,f-lig-chi-1,f-lig-chi-2,f-lig-chi-3,f-lig-Z-0,f-lig-Z-1,f-lig-Z-2,f-lig-Z-3,f-lig-I-0,f-lig-I-1,f-lig-I-2,f-lig-I-3,f-lig-T-0,f-lig-T-1,f-lig-T-2,f-lig-T-3,f-lig-S-0,f-lig-S-1,f-lig-S-2,f-lig-S-3,name
234.7423999999999,439.6199999999999,690.5017999999998,822.9029999999999,1157.0,2172.0,3296.0,3528.0,30.0,62.0,94.0,116.0,156.0,378.0,524.0,574.0,14.966999999999999,33.06380000000001,48.35339999999999,55.751600000000025,EJORAY_clean_primitive
234.7423999999999,439.6199999999999,690.5017999999998,822.9029999999999,1157.0,2172.0,3296.0,3528.0,30.0,62.0,94.0,116.0,156.0,378.0,524.0,574.0,14.966999999999999,33.063800000000015,48.35339999999999,55.75160000000002,EJORAY_clean_primitive
