f-sbu-chi-0,f-sbu-chi-1,f-sbu-chi-2,f-sbu-chi-3,f-sbu-Z-0,f-sbu-Z-1,f-sbu-Z-2,f-sbu-Z-3,f-sbu-I-0,f-sbu-I-1,f-sbu-I-2,f-sbu-I-3,f-sbu-T-0,f-sbu-T-1,f-sbu-T-2,f-sbu-T-3,f-sbu-S-0,f-sbu-S-1,f-sbu-S-2,f-sbu-S-3,mc-chi-0,mc-chi-1,mc-chi-2,mc-chi-3,mc-Z-0,mc-Z-1,mc-Z-2,mc-Z-3,mc-I-0,mc-I-1,mc-I-2,mc-I-3,mc-T-0,mc-T-1,mc-T-2,mc-T-3,mc-S-0,mc-S-1,mc-S-2,mc-S-3,D_mc-chi-0,D_mc-chi-1,D_mc-chi-2,D_mc-chi-3,D_mc-Z-0,D_mc-Z-1,D_mc-Z-2,D_mc-Z-3,D_mc-I-0,D_mc-I-1,D_mc-I-2,D_mc-I-3,D_mc-T-0,D_mc-T-1,D_mc-T-2,D_mc-T-3,D_mc-S-0,D_mc-S-1,D_mc-S-2,D_mc-S-3,name
202.9178,714.5669999999998,1250.4819999999997,1626.1684000000002,6073.0,16230.0,32878.0,24710.0,27.0,104.0,188.0,224.0,464.0,2064.0,2758.0,2864.0,22.430400000000006,84.21980000000002,163.51400000000007,163.69860000000003,3.534399999999999,31.584,42.64645714285714,84.24279999999999,729.0,1053.0,3008.5714285714284,2160.0,1.0,5.0,9.571428571428571,17.0,25.0,124.28571428571429,184.28571428571428,238.57142857142858,1.5876000000000001,4.624200000000001,10.873800000000001,13.267800000000005,0.0,-7.3999999999999995,-4.689999999999999,-12.849999999999998,0.0,96.0,147.0,379.0,0.0,0.0,0.0,0.0,0.0,0.14285714285714285,11.0,37.285714285714285,0.0,2.6299999999999994,3.43,10.89,Co-DMOF
