f-sbu-chi-0,f-sbu-chi-1,f-sbu-chi-2,f-sbu-chi-3,f-sbu-Z-0,f-sbu-Z-1,f-sbu-Z-2,f-sbu-Z-3,f-sbu-I-0,f-sbu-I-1,f-sbu-I-2,f-sbu-I-3,f-sbu-T-0,f-sbu-T-1,f-sbu-T-2,f-sbu-T-3,f-sbu-S-0,f-sbu-S-1,f-sbu-S-2,f-sbu-S-3,mc-chi-0,mc-chi-1,mc-chi-2,mc-chi-3,mc-Z-0,mc-Z-1,mc-Z-2,mc-Z-3,mc-I-0,mc-I-1,mc-I-2,mc-I-3,mc-T-0,mc-T-1,mc-T-2,mc-T-3,mc-S-0,mc-S-1,mc-S-2,mc-S-3,D_mc-chi-0,D_mc-chi-1,D_mc-chi-2,D_mc-chi-3,D_mc-Z-0,D_mc-Z-1,D_mc-Z-2,D_mc-Z-3,D_mc-I-0,D_mc-I-1,D_mc-I-2,D_mc-I-3,D_mc-T-0,D_mc-T-1,D_mc-T-2,D_mc-T-3,D_mc-S-0,D_mc-S-1,D_mc-S-2,D_mc-S-3,name
367.24399999999986,766.5419999999996,1669.7216,2407.9263999999994,5540.0,12336.0,17840.0,23620.0,44.0,108.0,200.0,308.0,308.0,848.0,1360.0,1744.0,29.498800000000013,77.42360000000002,136.20240000000007,197.69320000000013,2.7224999999999997,27.719999999999995,29.452499999999993,73.93650000000001,900.0,1170.0,1260.0,2400.0,1.0,5.0,7.0,17.0,25.0,60.0,120.0,190.0,1.7161000000000004,4.8077000000000005,7.060900000000002,13.794300000000003,0.0,-8.549999999999999,-6.300000000000001,-16.760000000000005,0.0,111.0,168.0,430.0,0.0,0.0,0.0,0.0,0.0,13.0,11.0,47.0,0.0,2.88,3.7800000000000007,11.74,Zn-DMOF-A
367.24399999999986,766.5419999999996,1669.7215999999992,2407.9264,5540.0,12336.0,17840.0,23620.0,44.0,108.0,200.0,308.0,308.0,848.0,1360.0,1744.0,29.498800000000024,77.42360000000002,136.20240000000004,197.6932000000001,2.7224999999999997,27.719999999999995,29.452499999999993,73.93650000000001,900.0,1170.0,1260.0,2400.0,1.0,5.0,7.0,17.0,25.0,60.0,120.0,190.0,1.7161000000000004,4.8077000000000005,7.060900000000002,13.794300000000003,0.0,-8.549999999999999,-6.300000000000001,-16.760000000000005,0.0,111.0,168.0,430.0,0.0,0.0,0.0,0.0,0.0,13.0,11.0,47.0,0.0,2.88,3.7800000000000007,11.74,Zn-DMOF-A
