f-lig-chi-0,f-lig-chi-1,f-lig-chi-2,f-lig-chi-3,f-lig-Z-0,f-lig-Z-1,f-lig-Z-2,f-lig-Z-3,f-lig-I-0,f-lig-I-1,f-lig-I-2,f-lig-I-3,f-lig-T-0,f-lig-T-1,f-lig-T-2,f-lig-T-3,f-lig-S-0,f-lig-S-1,f-lig-S-2,f-lig-S-3,name
151.09699999999998,257.78520000000003,470.9615999999999,362.7133999999999,1220.0,2592.0,2844.0,2450.0,18.0,36.0,56.0,48.0,92.0,202.0,232.0,228.0,11.312800000000001,24.2236,32.7364,29.5784,NADKEK_clean_primitive
151.097,257.78520000000003,470.96160000000003,362.71340000000004,1220.0,2592.0,2844.0,2450.0,18.0,36.0,56.0,48.0,92.0,202.0,232.0,228.0,11.3128,24.223600000000005,32.7364,29.5784,NADKEK_clean_primitive
151.09699999999998,257.78520000000003,470.9615999999999,362.7134,1220.0,2592.0,2844.0,2450.0,18.0,36.0,56.0,48.0,92.0,202.0,232.0,228.0,11.312800000000001,24.2236,32.7364,29.578399999999995,NADKEK_clean_primitive
151.09699999999998,257.78520000000003,470.9615999999999,362.7134000000001,1220.0,2592.0,2844.0,2450.0,18.0,36.0,56.0,48.0,92.0,202.0,232.0,228.0,11.3128,24.22360000000001,32.7364,29.578399999999995,NADKEK_clean_primitive
151.097,257.78520000000003,470.96159999999986,362.71340000000004,1220.0,2592.0,2844.0,2450.0,18.0,36.0,56.0,48.0,92.0,202.0,232.0,228.0,11.3128,24.22360000000001,32.73640000000001,29.578399999999995,NADKEK_clean_primitive
151.09699999999998,257.7852,470.9616,362.71340000000004,1220.0,2592.0,2844.0,2450.0,18.0,36.0,56.0,48.0,92.0,202.0,232.0,228.0,11.312800000000001,24.223600000000005,32.7364,29.5784,NADKEK_clean_primitive
