name,cif_file,Di,Df,Dif,rho,VSA,GSA,VPOV,GPOV,POAV_vol_frac,PONAV_vol_frac,GPOAV,GPONAV,POAV,PONAV
YOYVOZ01_clean,YOYVOZ01_clean.cif,4.93734,3.90165,4.93734,1.84087,879.9,477.98,0.32270000000000004,0.17529754952821222,0.3189,0.0038,0.173233,0.00206424,657.656,7.8366
