f-link-chi-0,f-link-chi-1,f-link-chi-2,f-link-chi-3,f-link-Z-0,f-link-Z-1,f-link-Z-2,f-link-Z-3,f-link-I-0,f-link-I-1,f-link-I-2,f-link-I-3,f-link-T-0,f-link-T-1,f-link-T-2,f-link-T-3,f-link-S-0,f-link-S-1,f-link-S-2,f-link-S-3,name
174.7466,334.15200000000004,537.5224,553.583,752.0,1440.0,2044.0,2312.0,24.0,48.0,76.0,78.0,124.0,284.0,364.0,422.0,10.2216,23.038400000000006,32.518000000000015,36.7006,UiO-66-OMe_2
174.7466,334.15200000000004,537.5224,553.583,752.0,1440.0,2044.0,2312.0,24.0,48.0,76.0,78.0,124.0,284.0,364.0,422.0,10.2216,23.038400000000006,32.518000000000015,36.7006,UiO-66-OMe_2
174.7466,334.15200000000004,537.5224,553.583,752.0,1440.0,2044.0,2312.0,24.0,48.0,76.0,78.0,124.0,284.0,364.0,422.0,10.2216,23.038400000000006,32.518000000000015,36.7006,UiO-66-OMe_2
174.7466,334.15199999999993,537.5224,553.583,752.0,1440.0,2044.0,2312.0,24.0,48.0,76.0,78.0,124.0,284.0,364.0,422.0,10.221600000000002,23.038400000000006,32.51800000000001,36.700600000000016,UiO-66-OMe_2
174.7466,334.152,537.5224,553.583,752.0,1440.0,2044.0,2312.0,24.0,48.0,76.0,78.0,124.0,284.0,364.0,422.0,10.221600000000002,23.038400000000006,32.51800000000001,36.700600000000016,UiO-66-OMe_2
174.7466,334.15199999999993,537.5224,553.583,752.0,1440.0,2044.0,2312.0,24.0,48.0,76.0,78.0,124.0,284.0,364.0,422.0,10.221600000000002,23.038400000000006,32.51800000000001,36.700600000000016,UiO-66-OMe_2
