f-chi-0-all,f-chi-1-all,f-chi-2-all,f-chi-3-all,f-Z-0-all,f-Z-1-all,f-Z-2-all,f-Z-3-all,f-I-0-all,f-I-1-all,f-I-2-all,f-I-3-all,f-T-0-all,f-T-1-all,f-T-2-all,f-T-3-all,f-S-0-all,f-S-1-all,f-S-2-all,f-S-3-all,mc-chi-0-all,mc-chi-1-all,mc-chi-2-all,mc-chi-3-all,mc-Z-0-all,mc-Z-1-all,mc-Z-2-all,mc-Z-3-all,mc-I-0-all,mc-I-1-all,mc-I-2-all,mc-I-3-all,mc-T-0-all,mc-T-1-all,mc-T-2-all,mc-T-3-all,mc-S-0-all,mc-S-1-all,mc-S-2-all,mc-S-3-all,D_mc-chi-0-all,D_mc-chi-1-all,D_mc-chi-2-all,D_mc-chi-3-all,D_mc-Z-0-all,D_mc-Z-1-all,D_mc-Z-2-all,D_mc-Z-3-all,D_mc-I-0-all,D_mc-I-1-all,D_mc-I-2-all,D_mc-I-3-all,D_mc-T-0-all,D_mc-T-1-all,D_mc-T-2-all,D_mc-T-3-all,D_mc-S-0-all,D_mc-S-1-all,D_mc-S-2-all,D_mc-S-3-all,name
159.65879999999996,258.41279999999995,729.2688,653.5999999999999,2096.0,5120.0,7232.0,7424.0,18.0,44.0,76.0,84.0,140.0,416.0,546.0,456.0,15.629599999999998,41.93120000000001,59.53359999999998,61.84560000000001,1.0,20.64,11.229999999999999,29.950000000000003,400.0,960.0,1080.0,1400.0,1.0,6.0,5.0,10.0,36.0,84.0,114.0,144.0,2.9240999999999997,7.489800000000001,8.6184,12.825000000000003,0.0,-14.639999999999999,-6.2299999999999995,-19.95,0.0,72.0,46.0,130.0,0.0,0.0,0.0,0.0,0.0,22.0,11.0,36.0,0.0,5.880000000000001,3.51,9.6,LIDZUV_clean_primitive
159.65879999999996,258.41279999999995,729.2688,653.5999999999999,2096.0,5120.0,7232.0,7424.0,18.0,44.0,76.0,84.0,140.0,416.0,546.0,456.0,15.629599999999998,41.93120000000001,59.53359999999997,61.84560000000001,1.0,20.64,11.229999999999999,29.950000000000003,400.0,960.0,1080.0,1400.0,1.0,6.0,5.0,10.0,36.0,84.0,114.0,144.0,2.9240999999999997,7.489800000000001,8.6184,12.825000000000003,0.0,-14.639999999999999,-6.2299999999999995,-19.95,0.0,72.0,46.0,130.0,0.0,0.0,0.0,0.0,0.0,22.0,11.0,36.0,0.0,5.880000000000001,3.51,9.6,LIDZUV_clean_primitive
