f-chi-0-all,f-chi-1-all,f-chi-2-all,f-chi-3-all,f-Z-0-all,f-Z-1-all,f-Z-2-all,f-Z-3-all,f-I-0-all,f-I-1-all,f-I-2-all,f-I-3-all,f-T-0-all,f-T-1-all,f-T-2-all,f-T-3-all,f-S-0-all,f-S-1-all,f-S-2-all,f-S-3-all,mc-chi-0-all,mc-chi-1-all,mc-chi-2-all,mc-chi-3-all,mc-Z-0-all,mc-Z-1-all,mc-Z-2-all,mc-Z-3-all,mc-I-0-all,mc-I-1-all,mc-I-2-all,mc-I-3-all,mc-T-0-all,mc-T-1-all,mc-T-2-all,mc-T-3-all,mc-S-0-all,mc-S-1-all,mc-S-2-all,mc-S-3-all,D_mc-chi-0-all,D_mc-chi-1-all,D_mc-chi-2-all,D_mc-chi-3-all,D_mc-Z-0-all,D_mc-Z-1-all,D_mc-Z-2-all,D_mc-Z-3-all,D_mc-I-0-all,D_mc-I-1-all,D_mc-I-2-all,D_mc-I-3-all,D_mc-T-0-all,D_mc-T-1-all,D_mc-T-2-all,D_mc-T-3-all,D_mc-S-0-all,D_mc-S-1-all,D_mc-S-2-all,D_mc-S-3-all,name
146.6392,221.47280000000006,738.2925999999999,847.6999999999996,5806.0,9868.0,9580.0,4750.0,17.0,34.0,74.0,98.0,112.0,310.0,376.0,256.0,11.1748,28.485000000000014,48.386399999999995,55.16039999999999,1.6129,34.9504,22.669499999999996,45.7708,5041.0,4544.0,2982.0,3905.0,1.0,8.0,7.0,13.0,64.0,128.0,168.0,152.0,2.6244000000000005,9.4608,8.7318,11.291400000000003,0.0,-17.36,-8.959999999999997,-19.53,0.0,504.0,455.0,868.0,0.0,0.0,0.0,0.0,0.0,48.0,35.0,85.0,0.0,7.120000000000003,5.949999999999999,14.090000000000003,RUGKAH_clean_primitive
141.79919999999998,210.25280000000004,708.0206,842.1119999999996,5805.0,9856.0,9548.0,4608.0,16.0,32.0,70.0,96.0,106.0,296.0,352.0,216.0,11.037899999999999,27.915200000000013,47.306,53.96159999999999,1.6129,34.9504,22.669499999999996,45.7708,5041.0,4544.0,2982.0,3905.0,1.0,8.0,7.0,13.0,64.0,128.0,168.0,152.0,2.6244000000000005,9.4608,8.7318,11.291400000000003,0.0,-17.36,-8.959999999999997,-19.53,0.0,504.0,455.0,868.0,0.0,0.0,0.0,0.0,0.0,48.0,35.0,85.0,0.0,7.120000000000003,5.949999999999999,14.090000000000003,RUGKAH_clean_primitive
