f-sbu-chi-0,f-sbu-chi-1,f-sbu-chi-2,f-sbu-chi-3,f-sbu-Z-0,f-sbu-Z-1,f-sbu-Z-2,f-sbu-Z-3,f-sbu-I-0,f-sbu-I-1,f-sbu-I-2,f-sbu-I-3,f-sbu-T-0,f-sbu-T-1,f-sbu-T-2,f-sbu-T-3,f-sbu-S-0,f-sbu-S-1,f-sbu-S-2,f-sbu-S-3,mc-chi-0,mc-chi-1,mc-chi-2,mc-chi-3,mc-Z-0,mc-Z-1,mc-Z-2,mc-Z-3,mc-I-0,mc-I-1,mc-I-2,mc-I-3,mc-T-0,mc-T-1,mc-T-2,mc-T-3,mc-S-0,mc-S-1,mc-S-2,mc-S-3,D_mc-chi-0,D_mc-chi-1,D_mc-chi-2,D_mc-chi-3,D_mc-Z-0,D_mc-Z-1,D_mc-Z-2,D_mc-Z-3,D_mc-I-0,D_mc-I-1,D_mc-I-2,D_mc-I-3,D_mc-T-0,D_mc-T-1,D_mc-T-2,D_mc-T-3,D_mc-S-0,D_mc-S-1,D_mc-S-2,D_mc-S-3,name
440.2695999999998,832.8100000000001,2038.9412,2816.351999999999,9890.0,25056.0,35824.0,36992.0,66.0,140.0,284.0,416.0,428.0,1188.0,1808.0,2164.0,38.38100000000001,100.61079999999993,192.86520000000002,260.0351999999999,1.2100000000000002,27.280000000000005,23.65,62.128000000000014,3249.0,5472.0,5985.0,6726.0,1.0,8.0,9.0,22.0,64.0,144.0,256.0,368.0,2.8560999999999996,11.7624,13.266499999999997,23.829,0.0,-15.999999999999998,-11.599999999999996,-32.28,0.0,360.0,408.0,1136.0,0.0,0.0,0.0,0.0,0.0,46.0,40.0,130.0,0.0,6.559999999999999,7.359999999999999,23.080000000000005,GUWDUY
