f-chi-0-all,f-chi-1-all,f-chi-2-all,f-chi-3-all,f-Z-0-all,f-Z-1-all,f-Z-2-all,f-Z-3-all,f-I-0-all,f-I-1-all,f-I-2-all,f-I-3-all,f-T-0-all,f-T-1-all,f-T-2-all,f-T-3-all,f-S-0-all,f-S-1-all,f-S-2-all,f-S-3-all,mc-chi-0-all,mc-chi-1-all,mc-chi-2-all,mc-chi-3-all,mc-Z-0-all,mc-Z-1-all,mc-Z-2-all,mc-Z-3-all,mc-I-0-all,mc-I-1-all,mc-I-2-all,mc-I-3-all,mc-T-0-all,mc-T-1-all,mc-T-2-all,mc-T-3-all,mc-S-0-all,mc-S-1-all,mc-S-2-all,mc-S-3-all,D_mc-chi-0-all,D_mc-chi-1-all,D_mc-chi-2-all,D_mc-chi-3-all,D_mc-Z-0-all,D_mc-Z-1-all,D_mc-Z-2-all,D_mc-Z-3-all,D_mc-I-0-all,D_mc-I-1-all,D_mc-I-2-all,D_mc-I-3-all,D_mc-T-0-all,D_mc-T-1-all,D_mc-T-2-all,D_mc-T-3-all,D_mc-S-0-all,D_mc-S-1-all,D_mc-S-2-all,D_mc-S-3-all,name
1138.7888000000012,2750.2592000000013,8805.7616,9287.654400000007,139710.0,166480.0,638648.0,516192.0,122.0,352.0,872.0,1184.0,1320.0,4288.0,8576.0,13632.0,109.17739999999984,346.97439999999926,699.4047999999997,1128.3719999999978,5.2788571428571425,42.67702857142859,29.764799999999997,136.71188571428573,4797.857142857143,2937.4285714285716,20897.14285714286,9141.42857142857,1.0,5.428571428571429,5.714285714285714,17.857142857142858,29.714285714285715,70.28571428571429,156.85714285714286,232.57142857142858,2.0538857142857165,5.688685714285716,10.503257142857134,18.339857142857124,0.0,-6.0914285714285725,-0.10857142857142794,-19.442857142857168,0.0,325.0,71.14285714285714,1029.857142857143,0.0,0.0,0.0,0.0,0.0,16.857142857142858,2.4285714285714284,54.857142857142854,0.0,3.8142857142857145,0.8028571428571428,12.550000000000008,OQUXEF_clean_primitive
1138.7888000000012,2750.2592000000013,8805.7616,9287.654400000007,139710.0,166480.0,638648.0,516192.0,122.0,352.0,872.0,1184.0,1320.0,4288.0,8576.0,13632.0,109.17739999999984,346.97439999999926,699.4047999999997,1128.3719999999978,5.2788571428571425,42.67702857142859,29.764799999999997,136.71188571428573,4797.857142857143,2937.4285714285716,20897.14285714286,9141.42857142857,1.0,5.428571428571429,5.714285714285714,17.857142857142858,29.714285714285715,70.28571428571429,156.85714285714286,232.57142857142858,2.0538857142857165,5.688685714285716,10.503257142857134,18.339857142857124,0.0,-6.0914285714285725,-0.10857142857142794,-19.442857142857168,0.0,325.0,71.14285714285714,1029.857142857143,0.0,0.0,0.0,0.0,0.0,16.857142857142858,2.4285714285714284,54.857142857142854,0.0,3.8142857142857145,0.8028571428571428,12.550000000000008,OQUXEF_clean_primitive
