f-link-chi-0,f-link-chi-1,f-link-chi-2,f-link-chi-3,f-link-Z-0,f-link-Z-1,f-link-Z-2,f-link-Z-3,f-link-I-0,f-link-I-1,f-link-I-2,f-link-I-3,f-link-T-0,f-link-T-1,f-link-T-2,f-link-T-3,f-link-S-0,f-link-S-1,f-link-S-2,f-link-S-3,name
269.67619999999994,906.5454000000004,1584.4136,2249.201400000001,3704.0,8032.0,10668.0,15154.0,42.0,146.0,260.0,376.0,642.0,2846.0,4468.0,5134.0,22.735800000000005,77.58900000000001,122.0296,167.56920000000005,OYIXIE
269.67619999999994,906.5454000000004,1584.4136,2249.201400000001,3704.0,8032.0,10668.0,15154.0,42.0,146.0,260.0,376.0,642.0,2846.0,4468.0,5134.0,22.735800000000005,77.58900000000001,122.0296,167.56920000000005,OYIXIE
269.67619999999994,906.5454000000004,1584.4136,2249.201400000001,3704.0,8032.0,10668.0,15154.0,42.0,146.0,260.0,376.0,642.0,2846.0,4468.0,5134.0,22.735800000000005,77.58900000000001,122.0296,167.56920000000005,OYIXIE
256.6712,695.5584,936.0196000000002,1224.4765999999997,3632.0,6688.0,6440.0,7784.0,40.0,112.0,152.0,202.0,376.0,1256.0,1544.0,2026.0,21.550000000000004,59.586400000000005,70.13839999999999,91.56700000000004,OYIXIE
256.6712,695.5584,936.0196000000002,1224.4765999999997,3632.0,6688.0,6440.0,7784.0,40.0,112.0,152.0,202.0,376.0,1256.0,1544.0,2026.0,21.550000000000004,59.586400000000005,70.13839999999999,91.56700000000004,OYIXIE
256.6712,695.5584,936.0196000000002,1224.4765999999997,3632.0,6688.0,6440.0,7784.0,40.0,112.0,152.0,202.0,376.0,1256.0,1544.0,2026.0,21.550000000000004,59.586400000000005,70.13839999999999,91.56700000000004,OYIXIE
