f-chi-0-all,f-chi-1-all,f-chi-2-all,f-chi-3-all,f-Z-0-all,f-Z-1-all,f-Z-2-all,f-Z-3-all,f-I-0-all,f-I-1-all,f-I-2-all,f-I-3-all,f-T-0-all,f-T-1-all,f-T-2-all,f-T-3-all,f-S-0-all,f-S-1-all,f-S-2-all,f-S-3-all,mc-chi-0-all,mc-chi-1-all,mc-chi-2-all,mc-chi-3-all,mc-Z-0-all,mc-Z-1-all,mc-Z-2-all,mc-Z-3-all,mc-I-0-all,mc-I-1-all,mc-I-2-all,mc-I-3-all,mc-T-0-all,mc-T-1-all,mc-T-2-all,mc-T-3-all,mc-S-0-all,mc-S-1-all,mc-S-2-all,mc-S-3-all,D_mc-chi-0-all,D_mc-chi-1-all,D_mc-chi-2-all,D_mc-chi-3-all,D_mc-Z-0-all,D_mc-Z-1-all,D_mc-Z-2-all,D_mc-Z-3-all,D_mc-I-0-all,D_mc-I-1-all,D_mc-I-2-all,D_mc-I-3-all,D_mc-T-0-all,D_mc-T-1-all,D_mc-T-2-all,D_mc-T-3-all,D_mc-S-0-all,D_mc-S-1-all,D_mc-S-2-all,D_mc-S-3-all,name
175.2878,357.16,954.1489999999999,1129.4696,2246.0,5904.0,11050.0,8272.0,20.0,48.0,108.0,128.0,160.0,504.0,920.0,528.0,13.2548,35.72,73.99319999999999,77.9472,3.3489000000000004,36.26328000000001,30.626880000000007,52.33068000000001,676.0,1175.2,1913.6,1710.8,1.0,5.6,6.4,9.2,32.0,78.4,124.8,147.2,1.5625,5.1,7.040000000000001,8.59,0.0,-9.568000000000001,-5.023999999999999,-11.760000000000002,0.0,100.4,92.8,173.4,0.0,0.0,0.0,0.0,0.0,18.4,16.0,27.2,0.0,2.9200000000000004,2.368,4.628,ZUDXAZ_clean_primitive
201.02509999999995,351.30320000000006,1028.6750000000002,998.1780000000002,3033.0,7696.0,11592.0,10036.0,21.0,48.0,96.0,108.0,156.0,448.0,620.0,544.0,14.612499999999997,38.019999999999996,63.86999999999999,69.59759999999999,3.3489000000000004,36.26328000000001,30.626880000000007,52.33068000000001,676.0,1175.2,1913.6,1710.8,1.0,5.6,6.4,9.2,32.0,78.4,124.8,147.2,1.5625,5.1,7.040000000000001,8.59,0.0,-9.568000000000001,-5.023999999999999,-11.760000000000002,0.0,100.4,92.8,173.4,0.0,0.0,0.0,0.0,0.0,18.4,16.0,27.2,0.0,2.9200000000000004,2.368,4.628,ZUDXAZ_clean_primitive
