f-link-chi-0,f-link-chi-1,f-link-chi-2,f-link-chi-3,f-link-Z-0,f-link-Z-1,f-link-Z-2,f-link-Z-3,f-link-I-0,f-link-I-1,f-link-I-2,f-link-I-3,f-link-T-0,f-link-T-1,f-link-T-2,f-link-T-3,f-link-S-0,f-link-S-1,f-link-S-2,f-link-S-3,name
291.63929999999993,515.8140000000001,947.0332000000001,1151.8459999999995,1362.0,2424.0,4324.0,4880.0,35.0,72.0,120.0,160.0,192.0,484.0,714.0,868.0,16.330700000000004,36.96000000000001,59.18560000000002,74.27600000000002,HEBHAZ
231.45140000000004,511.6320000000001,810.7879999999999,946.7794,860.0,2016.0,2684.0,2644.0,38.0,80.0,128.0,154.0,208.0,508.0,696.0,738.0,15.112600000000004,37.32960000000001,53.928800000000024,58.27380000000002,HEBHAZ
291.63929999999993,515.814,947.0332000000001,1151.8459999999998,1362.0,2424.0,4324.0,4880.0,35.0,72.0,120.0,160.0,192.0,484.0,714.0,868.0,16.330700000000004,36.96000000000001,59.18560000000002,74.276,HEBHAZ
291.63929999999993,515.8140000000001,947.0331999999997,1151.8459999999998,1362.0,2424.0,4324.0,4880.0,35.0,72.0,120.0,160.0,192.0,484.0,714.0,868.0,16.330700000000004,36.960000000000015,59.18560000000001,74.276,HEBHAZ
291.63929999999993,515.814,947.0332,1151.8459999999995,1362.0,2424.0,4324.0,4880.0,35.0,72.0,120.0,160.0,192.0,484.0,714.0,868.0,16.3307,36.960000000000015,59.18560000000002,74.27600000000002,HEBHAZ
231.4514,511.63200000000023,810.788,946.7793999999999,860.0,2016.0,2684.0,2644.0,38.0,80.0,128.0,154.0,208.0,508.0,696.0,738.0,15.112600000000008,37.32960000000001,53.92880000000002,58.273800000000016,HEBHAZ
