f-lig-chi-0,f-lig-chi-1,f-lig-chi-2,f-lig-chi-3,f-lig-Z-0,f-lig-Z-1,f-lig-Z-2,f-lig-Z-3,f-lig-I-0,f-lig-I-1,f-lig-I-2,f-lig-I-3,f-lig-T-0,f-lig-T-1,f-lig-T-2,f-lig-T-3,f-lig-S-0,f-lig-S-1,f-lig-S-2,f-lig-S-3,name
218.696,443.9040000000001,718.8873999999998,853.0879999999997,893.0,1848.0,2620.0,2696.0,33.0,68.0,110.0,136.0,178.0,436.0,608.0,660.0,13.823300000000005,32.61720000000001,48.00380000000001,54.194400000000016,DOKDEN_clean_primitive
218.696,443.904,718.8874,853.088,893.0,1848.0,2620.0,2696.0,33.0,68.0,110.0,136.0,178.0,436.0,608.0,660.0,13.8233,32.617200000000004,48.00380000000001,54.194400000000016,DOKDEN_clean_primitive
218.696,443.90400000000005,718.8873999999998,853.0879999999999,893.0,1848.0,2620.0,2696.0,33.0,68.0,110.0,136.0,178.0,436.0,608.0,660.0,13.823300000000001,32.61720000000001,48.00380000000001,54.194400000000016,DOKDEN_clean_primitive
218.696,443.904,718.8874,853.088,893.0,1848.0,2620.0,2696.0,33.0,68.0,110.0,136.0,178.0,436.0,608.0,660.0,13.8233,32.61720000000001,48.00380000000001,54.194400000000016,DOKDEN_clean_primitive
218.69599999999997,443.90400000000017,718.8874000000001,853.0879999999999,893.0,1848.0,2620.0,2696.0,33.0,68.0,110.0,136.0,178.0,436.0,608.0,660.0,13.823300000000003,32.61720000000001,48.00380000000002,54.194400000000016,DOKDEN_clean_primitive
218.696,443.90400000000017,718.8874000000001,853.0879999999999,893.0,1848.0,2620.0,2696.0,33.0,68.0,110.0,136.0,178.0,436.0,608.0,660.0,13.823300000000005,32.61720000000001,48.00380000000001,54.19440000000001,DOKDEN_clean_primitive
