f-chi-0-all,f-chi-1-all,f-chi-2-all,f-chi-3-all,f-Z-0-all,f-Z-1-all,f-Z-2-all,f-Z-3-all,f-I-0-all,f-I-1-all,f-I-2-all,f-I-3-all,f-T-0-all,f-T-1-all,f-T-2-all,f-T-3-all,f-S-0-all,f-S-1-all,f-S-2-all,f-S-3-all,mc-chi-0-all,mc-chi-1-all,mc-chi-2-all,mc-chi-3-all,mc-Z-0-all,mc-Z-1-all,mc-Z-2-all,mc-Z-3-all,mc-I-0-all,mc-I-1-all,mc-I-2-all,mc-I-3-all,mc-T-0-all,mc-T-1-all,mc-T-2-all,mc-T-3-all,mc-S-0-all,mc-S-1-all,mc-S-2-all,mc-S-3-all,D_mc-chi-0-all,D_mc-chi-1-all,D_mc-chi-2-all,D_mc-chi-3-all,D_mc-Z-0-all,D_mc-Z-1-all,D_mc-Z-2-all,D_mc-Z-3-all,D_mc-I-0-all,D_mc-I-1-all,D_mc-I-2-all,D_mc-I-3-all,D_mc-T-0-all,D_mc-T-1-all,D_mc-T-2-all,D_mc-T-3-all,D_mc-S-0-all,D_mc-S-1-all,D_mc-S-2-all,D_mc-S-3-all,name
182.07199999999997,356.7999999999999,749.8868,1051.4559999999997,2582.0,5656.0,7428.0,8352.0,22.0,48.0,88.0,128.0,136.0,352.0,488.0,576.0,14.213999999999999,34.98200000000001,58.00839999999998,74.64800000000001,3.61,31.919999999999998,33.25,71.93399999999998,841.0,1131.0,1073.0,2088.0,1.0,5.0,7.0,14.0,25.0,60.0,105.0,150.0,1.9043999999999996,5.064599999999999,6.8862,12.4476,0.0,-7.3,-4.199999999999999,-11.260000000000003,0.0,106.0,166.0,334.0,0.0,0.0,0.0,0.0,0.0,13.0,14.0,40.0,0.0,3.23,4.669999999999998,10.299999999999997,DOKDEN_clean_primitive
182.07199999999997,356.7999999999999,749.8868,1051.4559999999997,2582.0,5656.0,7428.0,8352.0,22.0,48.0,88.0,128.0,136.0,352.0,488.0,576.0,14.213999999999999,34.98200000000001,58.00839999999998,74.64800000000001,3.61,31.919999999999998,33.25,71.93399999999998,841.0,1131.0,1073.0,2088.0,1.0,5.0,7.0,14.0,25.0,60.0,105.0,150.0,1.9043999999999996,5.064599999999999,6.8862,12.4476,0.0,-7.3,-4.199999999999999,-11.260000000000003,0.0,106.0,166.0,334.0,0.0,0.0,0.0,0.0,0.0,13.0,14.0,40.0,0.0,3.23,4.669999999999998,10.299999999999997,DOKDEN_clean_primitive
182.07199999999997,356.7999999999999,749.8868000000001,1051.4559999999994,2582.0,5656.0,7428.0,8352.0,22.0,48.0,88.0,128.0,136.0,352.0,488.0,576.0,14.213999999999999,34.98200000000001,58.00839999999998,74.64800000000002,3.61,31.919999999999998,33.25,71.93399999999998,841.0,1131.0,1073.0,2088.0,1.0,5.0,7.0,14.0,25.0,60.0,105.0,150.0,1.9043999999999996,5.064599999999999,6.8862,12.4476,0.0,-7.3,-4.199999999999999,-11.260000000000003,0.0,106.0,166.0,334.0,0.0,0.0,0.0,0.0,0.0,13.0,14.0,40.0,0.0,3.23,4.669999999999998,10.299999999999997,DOKDEN_clean_primitive
