f-lig-chi-0,f-lig-chi-1,f-lig-chi-2,f-lig-chi-3,f-lig-Z-0,f-lig-Z-1,f-lig-Z-2,f-lig-Z-3,f-lig-I-0,f-lig-I-1,f-lig-I-2,f-lig-I-3,f-lig-T-0,f-lig-T-1,f-lig-T-2,f-lig-T-3,f-lig-S-0,f-lig-S-1,f-lig-S-2,f-lig-S-3,name
88.25300000000001,214.20319999999995,311.3762000000001,224.17440000000005,323.0,710.0,944.0,528.0,13.0,30.0,46.0,32.0,88.0,232.0,228.0,176.0,4.819699999999999,12.5246,16.3878,11.2496,AWAREV_clean_primitive
88.25300000000001,214.20319999999995,311.37620000000004,224.17440000000005,323.0,710.0,944.0,528.0,13.0,30.0,46.0,32.0,88.0,232.0,228.0,176.0,4.819699999999999,12.5246,16.3878,11.2496,AWAREV_clean_primitive
88.25300000000001,214.20319999999998,311.37620000000004,224.17440000000002,323.0,710.0,944.0,528.0,13.0,30.0,46.0,32.0,88.0,232.0,228.0,176.0,4.819699999999999,12.5246,16.3878,11.2496,AWAREV_clean_primitive
88.25300000000001,214.20319999999998,311.37620000000004,224.17440000000002,323.0,710.0,944.0,528.0,13.0,30.0,46.0,32.0,88.0,232.0,228.0,176.0,4.819699999999999,12.524600000000001,16.3878,11.2496,AWAREV_clean_primitive
88.25300000000001,214.20319999999998,311.3762000000001,224.17440000000002,323.0,710.0,944.0,528.0,13.0,30.0,46.0,32.0,88.0,232.0,228.0,176.0,4.819699999999999,12.524600000000001,16.3878,11.2496,AWAREV_clean_primitive
88.25300000000001,214.20319999999998,311.3762000000001,224.17440000000002,323.0,710.0,944.0,528.0,13.0,30.0,46.0,32.0,88.0,232.0,228.0,176.0,4.819699999999999,12.524600000000001,16.3878,11.2496,AWAREV_clean_primitive
