f-lig-chi-0,f-lig-chi-1,f-lig-chi-2,f-lig-chi-3,f-lig-Z-0,f-lig-Z-1,f-lig-Z-2,f-lig-Z-3,f-lig-I-0,f-lig-I-1,f-lig-I-2,f-lig-I-3,f-lig-T-0,f-lig-T-1,f-lig-T-2,f-lig-T-3,f-lig-S-0,f-lig-S-1,f-lig-S-2,f-lig-S-3,name
61.75229999999999,126.68400000000001,174.7206,113.83200000000001,258.0,540.0,594.0,324.0,9.0,18.0,24.0,18.0,42.0,90.0,102.0,72.0,3.8769,8.639399999999998,10.2624,6.883799999999998,TOZHAR_clean_primitive
61.75229999999999,126.68400000000001,174.7206,113.83200000000001,258.0,540.0,594.0,324.0,9.0,18.0,24.0,18.0,42.0,90.0,102.0,72.0,3.8769,8.639399999999998,10.2624,6.883799999999998,TOZHAR_clean_primitive
61.75229999999999,126.68400000000001,174.7206,113.83200000000001,258.0,540.0,594.0,324.0,9.0,18.0,24.0,18.0,42.0,90.0,102.0,72.0,3.8769,8.639399999999998,10.2624,6.883799999999998,TOZHAR_clean_primitive
61.75229999999999,126.68400000000001,174.7206,113.83200000000001,258.0,540.0,594.0,324.0,9.0,18.0,24.0,18.0,42.0,90.0,102.0,72.0,3.8769,8.639399999999998,10.2624,6.883799999999998,TOZHAR_clean_primitive
