f-chi-0-all,f-chi-1-all,f-chi-2-all,f-chi-3-all,f-Z-0-all,f-Z-1-all,f-Z-2-all,f-Z-3-all,f-I-0-all,f-I-1-all,f-I-2-all,f-I-3-all,f-T-0-all,f-T-1-all,f-T-2-all,f-T-3-all,f-S-0-all,f-S-1-all,f-S-2-all,f-S-3-all,mc-chi-0-all,mc-chi-1-all,mc-chi-2-all,mc-chi-3-all,mc-Z-0-all,mc-Z-1-all,mc-Z-2-all,mc-Z-3-all,mc-I-0-all,mc-I-1-all,mc-I-2-all,mc-I-3-all,mc-T-0-all,mc-T-1-all,mc-T-2-all,mc-T-3-all,mc-S-0-all,mc-S-1-all,mc-S-2-all,mc-S-3-all,D_mc-chi-0-all,D_mc-chi-1-all,D_mc-chi-2-all,D_mc-chi-3-all,D_mc-Z-0-all,D_mc-Z-1-all,D_mc-Z-2-all,D_mc-Z-3-all,D_mc-I-0-all,D_mc-I-1-all,D_mc-I-2-all,D_mc-I-3-all,D_mc-T-0-all,D_mc-T-1-all,D_mc-T-2-all,D_mc-T-3-all,D_mc-S-0-all,D_mc-S-1-all,D_mc-S-2-all,D_mc-S-3-all,name
417.76519999999977,776.3123999999999,3190.350399999999,3222.5424,20196.0,38356.0,63418.0,63548.0,46.0,126.0,324.0,424.0,512.0,1760.0,2854.0,3396.0,34.364200000000025,115.58739999999995,224.6623999999999,299.6908000000001,1.5129,35.144175000000004,21.872474999999994,66.89355,4489.0,4455.5,9246.0,8509.0,1.0,8.5,7.75,17.75,73.0,181.0,278.5,378.5,2.7556000000000003,10.3501,12.12215,22.00745,0.0,-18.117500000000003,-8.25,-32.55250000000001,0.0,503.0,381.25,1062.25,0.0,0.0,0.0,0.0,0.0,52.0,33.75,108.75,0.0,7.874999999999998,5.562499999999998,16.2075,ORAGOF_clean_primitive
417.7651999999998,776.3123999999997,3190.3504,3222.5423999999985,20196.0,38356.0,63418.0,63548.0,46.0,126.0,324.0,424.0,512.0,1760.0,2854.0,3396.0,34.364200000000025,115.58739999999995,224.66239999999985,299.6908,1.5129,35.144175000000004,21.872474999999994,66.89355,4489.0,4455.5,9246.0,8509.0,1.0,8.5,7.75,17.75,73.0,181.0,278.5,378.5,2.7556000000000003,10.3501,12.12215,22.00745,0.0,-18.117500000000003,-8.25,-32.55250000000001,0.0,503.0,381.25,1062.25,0.0,0.0,0.0,0.0,0.0,52.0,33.75,108.75,0.0,7.874999999999998,5.562499999999998,16.2075,ORAGOF_clean_primitive
