f-chi-0-all,f-chi-1-all,f-chi-2-all,f-chi-3-all,f-Z-0-all,f-Z-1-all,f-Z-2-all,f-Z-3-all,f-I-0-all,f-I-1-all,f-I-2-all,f-I-3-all,f-T-0-all,f-T-1-all,f-T-2-all,f-T-3-all,f-S-0-all,f-S-1-all,f-S-2-all,f-S-3-all,mc-chi-0-all,mc-chi-1-all,mc-chi-2-all,mc-chi-3-all,mc-Z-0-all,mc-Z-1-all,mc-Z-2-all,mc-Z-3-all,mc-I-0-all,mc-I-1-all,mc-I-2-all,mc-I-3-all,mc-T-0-all,mc-T-1-all,mc-T-2-all,mc-T-3-all,mc-S-0-all,mc-S-1-all,mc-S-2-all,mc-S-3-all,D_mc-chi-0-all,D_mc-chi-1-all,D_mc-chi-2-all,D_mc-chi-3-all,D_mc-Z-0-all,D_mc-Z-1-all,D_mc-Z-2-all,D_mc-Z-3-all,D_mc-I-0-all,D_mc-I-1-all,D_mc-I-2-all,D_mc-I-3-all,D_mc-T-0-all,D_mc-T-1-all,D_mc-T-2-all,D_mc-T-3-all,D_mc-S-0-all,D_mc-S-1-all,D_mc-S-2-all,D_mc-S-3-all,name
247.9946999999999,481.3247999999999,1141.0972,1623.5423999999998,3540.0,8384.0,12612.0,13248.0,29.0,64.0,126.0,204.0,190.0,544.0,892.0,992.0,17.1437,43.916799999999995,77.49419999999998,105.20760000000004,3.6481,35.04213333333333,35.55146666666666,67.66493333333332,784.0,1194.6666666666667,1792.0,2314.6666666666665,1.0,5.333333333333333,8.0,11.333333333333334,28.666666666666668,72.0,118.66666666666667,142.66666666666666,1.4641,4.710933333333333,6.872800000000001,10.204333333333333,0.0,-8.159999999999998,-3.3333333333333335,-13.779999999999996,0.0,106.66666666666667,160.0,234.66666666666666,0.0,0.0,0.0,0.0,0.0,15.333333333333334,21.333333333333332,34.0,0.0,2.56,3.9999999999999996,5.28,QOYLOG_clean_primitive
