f-lig-chi-0,f-lig-chi-1,f-lig-chi-2,f-lig-chi-3,f-lig-Z-0,f-lig-Z-1,f-lig-Z-2,f-lig-Z-3,f-lig-I-0,f-lig-I-1,f-lig-I-2,f-lig-I-3,f-lig-T-0,f-lig-T-1,f-lig-T-2,f-lig-T-3,f-lig-S-0,f-lig-S-1,f-lig-S-2,f-lig-S-3,name
756.5684000000014,1555.1940000000009,2612.442200000002,3391.9619999999986,3128.0,6576.0,9704.0,11064.0,111.0,232.0,386.0,516.0,618.0,1556.0,2276.0,2628.0,46.43190000000002,111.31119999999999,169.11860000000001,207.16519999999997,CAZNOI_charged_primitive
756.5684000000014,1555.1940000000006,2612.4422000000022,3391.9619999999986,3128.0,6576.0,9704.0,11064.0,111.0,232.0,386.0,516.0,618.0,1556.0,2276.0,2628.0,46.43190000000002,111.31119999999999,169.11860000000001,207.16519999999997,CAZNOI_charged_primitive
230.57460000000003,515.7630000000003,796.8186000000002,920.778,954.0,2232.0,3114.0,3192.0,36.0,78.0,120.0,144.0,198.0,486.0,678.0,720.0,15.69000000000001,38.484600000000015,55.723200000000006,60.78240000000001,CAZNOI_charged_primitive
230.5746,515.7630000000003,796.8186000000002,920.7779999999999,954.0,2232.0,3114.0,3192.0,36.0,78.0,120.0,144.0,198.0,486.0,678.0,720.0,15.690000000000008,38.48460000000002,55.723200000000006,60.78240000000002,CAZNOI_charged_primitive
