f-chi-0-all,f-chi-1-all,f-chi-2-all,f-chi-3-all,f-Z-0-all,f-Z-1-all,f-Z-2-all,f-Z-3-all,f-I-0-all,f-I-1-all,f-I-2-all,f-I-3-all,f-T-0-all,f-T-1-all,f-T-2-all,f-T-3-all,f-S-0-all,f-S-1-all,f-S-2-all,f-S-3-all,mc-chi-0-all,mc-chi-1-all,mc-chi-2-all,mc-chi-3-all,mc-Z-0-all,mc-Z-1-all,mc-Z-2-all,mc-Z-3-all,mc-I-0-all,mc-I-1-all,mc-I-2-all,mc-I-3-all,mc-T-0-all,mc-T-1-all,mc-T-2-all,mc-T-3-all,mc-S-0-all,mc-S-1-all,mc-S-2-all,mc-S-3-all,D_mc-chi-0-all,D_mc-chi-1-all,D_mc-chi-2-all,D_mc-chi-3-all,D_mc-Z-0-all,D_mc-Z-1-all,D_mc-Z-2-all,D_mc-Z-3-all,D_mc-I-0-all,D_mc-I-1-all,D_mc-I-2-all,D_mc-I-3-all,D_mc-T-0-all,D_mc-T-1-all,D_mc-T-2-all,D_mc-T-3-all,D_mc-S-0-all,D_mc-S-1-all,D_mc-S-2-all,D_mc-S-3-all,name
270.19479999999993,514.3151999999998,1365.2973999999997,1760.087999999999,3598.0,9174.0,16258.0,20184.0,31.0,70.0,146.0,220.0,216.0,612.0,1048.0,1328.0,20.4928,52.56020000000003,99.79780000000001,145.76519999999996,3.5343999999999993,38.051199999999994,34.2348,100.76173333333332,729.0,1269.0,2376.0,3150.0,1.0,6.0,7.666666666666667,18.0,36.0,82.0,174.0,244.0,1.5876000000000001,5.5440000000000005,8.673000000000002,15.985200000000004,0.0,-8.96,-3.796666666666667,-19.75666666666667,0.0,115.0,119.0,369.3333333333333,0.0,0.0,0.0,0.0,0.0,22.333333333333332,17.0,67.33333333333333,0.0,3.16,2.7766666666666673,9.993333333333334,CAZNOI_charged_primitive
270.19479999999993,514.3151999999998,1365.2973999999992,1760.087999999999,3598.0,9174.0,16258.0,20184.0,31.0,70.0,146.0,220.0,216.0,612.0,1048.0,1328.0,20.4928,52.56020000000003,99.79780000000004,145.7652,3.5343999999999993,38.051199999999994,34.2348,100.76173333333332,729.0,1269.0,2376.0,3150.0,1.0,6.0,7.666666666666667,18.0,36.0,82.0,174.0,244.0,1.5876000000000001,5.5440000000000005,8.673000000000002,15.985200000000004,0.0,-8.96,-3.796666666666667,-19.75666666666667,0.0,115.0,119.0,369.3333333333333,0.0,0.0,0.0,0.0,0.0,22.333333333333332,17.0,67.33333333333333,0.0,3.16,2.7766666666666673,9.993333333333334,CAZNOI_charged_primitive
