f-lig-chi-0,f-lig-chi-1,f-lig-chi-2,f-lig-chi-3,f-lig-Z-0,f-lig-Z-1,f-lig-Z-2,f-lig-Z-3,f-lig-I-0,f-lig-I-1,f-lig-I-2,f-lig-I-3,f-lig-T-0,f-lig-T-1,f-lig-T-2,f-lig-T-3,f-lig-S-0,f-lig-S-1,f-lig-S-2,f-lig-S-3,name
341.62319999999994,653.5540000000002,1037.4612,1313.647,1641.0,3136.0,4860.0,5524.0,45.0,94.0,146.0,194.0,240.0,598.0,878.0,1058.0,21.856500000000004,49.41980000000002,74.63220000000001,92.57060000000004,XUVQOW_clean_primitive
341.62319999999994,653.5540000000002,1037.4612,1313.6469999999997,1641.0,3136.0,4860.0,5524.0,45.0,94.0,146.0,194.0,240.0,598.0,878.0,1058.0,21.8565,49.41980000000002,74.63220000000001,92.57060000000004,XUVQOW_clean_primitive
341.62319999999994,653.5540000000002,1037.4612,1313.647,1641.0,3136.0,4860.0,5524.0,45.0,94.0,146.0,194.0,240.0,598.0,878.0,1058.0,21.856500000000004,49.41980000000002,74.63220000000001,92.57060000000003,XUVQOW_clean_primitive
341.62319999999994,653.5540000000002,1037.4612000000002,1313.6470000000006,1641.0,3136.0,4860.0,5524.0,45.0,94.0,146.0,194.0,240.0,598.0,878.0,1058.0,21.85650000000001,49.41980000000003,74.63220000000001,92.57060000000003,XUVQOW_clean_primitive
341.6231999999999,653.5540000000005,1037.4611999999997,1313.6470000000008,1641.0,3136.0,4860.0,5524.0,45.0,94.0,146.0,194.0,240.0,598.0,878.0,1058.0,21.856500000000015,49.41980000000002,74.6322,92.57060000000003,XUVQOW_clean_primitive
341.6231999999999,653.5540000000004,1037.4611999999997,1313.6470000000008,1641.0,3136.0,4860.0,5524.0,45.0,94.0,146.0,194.0,240.0,598.0,878.0,1058.0,21.856500000000015,49.41980000000002,74.6322,92.57060000000003,XUVQOW_clean_primitive
341.6231999999999,653.5540000000002,1037.4612,1313.6470000000004,1641.0,3136.0,4860.0,5524.0,45.0,94.0,146.0,194.0,240.0,598.0,878.0,1058.0,21.856500000000008,49.41980000000002,74.63220000000001,92.57060000000004,XUVQOW_clean_primitive
341.62319999999994,653.5540000000003,1037.4612,1313.647,1641.0,3136.0,4860.0,5524.0,45.0,94.0,146.0,194.0,240.0,598.0,878.0,1058.0,21.856500000000008,49.41980000000002,74.63220000000001,92.57060000000006,XUVQOW_clean_primitive
