f-sbu-chi-0,f-sbu-chi-1,f-sbu-chi-2,f-sbu-chi-3,f-sbu-Z-0,f-sbu-Z-1,f-sbu-Z-2,f-sbu-Z-3,f-sbu-I-0,f-sbu-I-1,f-sbu-I-2,f-sbu-I-3,f-sbu-T-0,f-sbu-T-1,f-sbu-T-2,f-sbu-T-3,f-sbu-S-0,f-sbu-S-1,f-sbu-S-2,f-sbu-S-3,mc-chi-0,mc-chi-1,mc-chi-2,mc-chi-3,mc-Z-0,mc-Z-1,mc-Z-2,mc-Z-3,mc-I-0,mc-I-1,mc-I-2,mc-I-3,mc-T-0,mc-T-1,mc-T-2,mc-T-3,mc-S-0,mc-S-1,mc-S-2,mc-S-3,D_mc-chi-0,D_mc-chi-1,D_mc-chi-2,D_mc-chi-3,D_mc-Z-0,D_mc-Z-1,D_mc-Z-2,D_mc-Z-3,D_mc-I-0,D_mc-I-1,D_mc-I-2,D_mc-I-3,D_mc-T-0,D_mc-T-1,D_mc-T-2,D_mc-T-3,D_mc-S-0,D_mc-S-1,D_mc-S-2,D_mc-S-3,name
140.5709,244.1824000000001,469.03039999999993,876.5119999999998,1960.0,3704.0,6652.0,6152.0,17.0,32.0,58.0,100.0,90.0,248.0,340.0,264.0,11.4823,22.891599999999997,40.846199999999996,60.33200000000001,3.6481,36.3664,52.563199999999995,108.60259999999997,784.0,1232.0,2352.0,2800.0,1.0,6.0,10.0,22.0,36.0,96.0,192.0,252.0,1.4641,5.396599999999999,9.825199999999999,16.431799999999996,0.0,-7.58,-8.42,-14.840000000000003,0.0,124.0,196.0,516.0,0.0,0.0,0.0,0.0,0.0,20.0,28.0,90.0,0.0,2.8,3.9799999999999995,13.039999999999996,WEFXEM
140.5709,244.1824000000001,469.0304,876.5119999999998,1960.0,3704.0,6652.0,6152.0,17.0,32.0,58.0,100.0,90.0,248.0,340.0,264.0,11.4823,22.891599999999997,40.846199999999996,60.33200000000001,3.6481,36.3664,52.563199999999995,108.60259999999997,784.0,1232.0,2352.0,2800.0,1.0,6.0,10.0,22.0,36.0,96.0,192.0,252.0,1.4641,5.396599999999999,9.825199999999999,16.431799999999996,0.0,-7.58,-8.42,-14.840000000000003,0.0,124.0,196.0,516.0,0.0,0.0,0.0,0.0,0.0,20.0,28.0,90.0,0.0,2.8,3.9799999999999995,13.039999999999996,WEFXEM
