f-lig-chi-0,f-lig-chi-1,f-lig-chi-2,f-lig-chi-3,f-lig-Z-0,f-lig-Z-1,f-lig-Z-2,f-lig-Z-3,f-lig-I-0,f-lig-I-1,f-lig-I-2,f-lig-I-3,f-lig-T-0,f-lig-T-1,f-lig-T-2,f-lig-T-3,f-lig-S-0,f-lig-S-1,f-lig-S-2,f-lig-S-3,name
163.2654,281.52459999999996,507.5662,608.8004000000001,909.0,1768.0,2134.0,1844.0,21.0,40.0,68.0,84.0,108.0,260.0,324.0,348.0,9.339199999999998,20.567600000000006,29.4396,31.7236,SEYFAE_clean_primitive
163.2654,281.52459999999996,507.56619999999987,608.8004,909.0,1768.0,2134.0,1844.0,21.0,40.0,68.0,84.0,108.0,260.0,324.0,348.0,9.339199999999998,20.567600000000006,29.439599999999995,31.723599999999998,SEYFAE_clean_primitive
163.26540000000003,281.52459999999996,507.5661999999998,608.8004000000001,909.0,1768.0,2134.0,1844.0,21.0,40.0,68.0,84.0,108.0,260.0,324.0,348.0,9.339199999999998,20.5676,29.4396,31.7236,SEYFAE_clean_primitive
163.26540000000003,281.52459999999996,507.5661999999998,608.8004,909.0,1768.0,2134.0,1844.0,21.0,40.0,68.0,84.0,108.0,260.0,324.0,348.0,9.339199999999998,20.5676,29.4396,31.723599999999994,SEYFAE_clean_primitive
