f-chi-0-all,f-chi-1-all,f-chi-2-all,f-chi-3-all,f-Z-0-all,f-Z-1-all,f-Z-2-all,f-Z-3-all,f-I-0-all,f-I-1-all,f-I-2-all,f-I-3-all,f-T-0-all,f-T-1-all,f-T-2-all,f-T-3-all,f-S-0-all,f-S-1-all,f-S-2-all,f-S-3-all,mc-chi-0-all,mc-chi-1-all,mc-chi-2-all,mc-chi-3-all,mc-Z-0-all,mc-Z-1-all,mc-Z-2-all,mc-Z-3-all,mc-I-0-all,mc-I-1-all,mc-I-2-all,mc-I-3-all,mc-T-0-all,mc-T-1-all,mc-T-2-all,mc-T-3-all,mc-S-0-all,mc-S-1-all,mc-S-2-all,mc-S-3-all,D_mc-chi-0-all,D_mc-chi-1-all,D_mc-chi-2-all,D_mc-chi-3-all,D_mc-Z-0-all,D_mc-Z-1-all,D_mc-Z-2-all,D_mc-Z-3-all,D_mc-I-0-all,D_mc-I-1-all,D_mc-I-2-all,D_mc-I-3-all,D_mc-T-0-all,D_mc-T-1-all,D_mc-T-2-all,D_mc-T-3-all,D_mc-S-0-all,D_mc-S-1-all,D_mc-S-2-all,D_mc-S-3-all,name
200.05929999999995,359.8239999999998,857.0154,907.4720000000001,2923.0,6752.0,8946.0,10432.0,22.0,52.0,90.0,116.0,142.0,360.0,530.0,640.0,16.281399999999998,41.901999999999994,63.65699999999996,79.68679999999998,2.4025000000000003,24.882666666666665,17.411666666666665,44.24733333333333,625.0,933.3333333333334,1016.6666666666666,1666.6666666666667,1.0,4.666666666666667,4.666666666666667,9.333333333333334,22.0,44.0,72.66666666666667,106.66666666666667,1.9321,4.735266666666666,5.569266666666667,9.69293333333333,0.0,-8.82,-3.9999999999999996,-14.08,0.0,79.33333333333333,76.0,166.66666666666666,0.0,0.0,0.0,0.0,0.0,12.666666666666666,6.666666666666667,21.333333333333332,0.0,3.08,2.48,6.0,EBUREA_clean_primitive
200.05929999999995,359.8239999999998,857.0154,907.4720000000001,2923.0,6752.0,8946.0,10432.0,22.0,52.0,90.0,116.0,142.0,360.0,530.0,640.0,16.281399999999998,41.901999999999994,63.65699999999996,79.68679999999998,2.4025000000000003,24.882666666666665,17.411666666666665,44.24733333333333,625.0,933.3333333333334,1016.6666666666666,1666.6666666666667,1.0,4.666666666666667,4.666666666666667,9.333333333333334,22.0,44.0,72.66666666666667,106.66666666666667,1.9321,4.735266666666666,5.569266666666667,9.69293333333333,0.0,-8.82,-3.9999999999999996,-14.08,0.0,79.33333333333333,76.0,166.66666666666666,0.0,0.0,0.0,0.0,0.0,12.666666666666666,6.666666666666667,21.333333333333332,0.0,3.08,2.48,6.0,EBUREA_clean_primitive
