f-sbu-chi-0,f-sbu-chi-1,f-sbu-chi-2,f-sbu-chi-3,f-sbu-Z-0,f-sbu-Z-1,f-sbu-Z-2,f-sbu-Z-3,f-sbu-I-0,f-sbu-I-1,f-sbu-I-2,f-sbu-I-3,f-sbu-T-0,f-sbu-T-1,f-sbu-T-2,f-sbu-T-3,f-sbu-S-0,f-sbu-S-1,f-sbu-S-2,f-sbu-S-3,mc-chi-0,mc-chi-1,mc-chi-2,mc-chi-3,mc-Z-0,mc-Z-1,mc-Z-2,mc-Z-3,mc-I-0,mc-I-1,mc-I-2,mc-I-3,mc-T-0,mc-T-1,mc-T-2,mc-T-3,mc-S-0,mc-S-1,mc-S-2,mc-S-3,D_mc-chi-0,D_mc-chi-1,D_mc-chi-2,D_mc-chi-3,D_mc-Z-0,D_mc-Z-1,D_mc-Z-2,D_mc-Z-3,D_mc-I-0,D_mc-I-1,D_mc-I-2,D_mc-I-3,D_mc-T-0,D_mc-T-1,D_mc-T-2,D_mc-T-3,D_mc-S-0,D_mc-S-1,D_mc-S-2,D_mc-S-3,name
399.51840000000016,1092.9407999999994,2196.6431999999986,4198.152,7086.0,14112.0,35400.0,56424.0,54.0,144.0,312.0,552.0,504.0,1728.0,3264.0,5232.0,39.156000000000006,104.39999999999996,246.3048,394.3344,3.61,23.104,65.58799999999998,91.96,841.0,812.0,2320.0,6148.0,1.0,4.0,12.0,20.0,16.0,64.0,176.0,240.0,1.9043999999999996,4.14,12.5304,24.619199999999996,0.0,-4.560000000000001,-11.720000000000004,-10.400000000000004,0.0,88.0,268.0,368.0,0.0,0.0,0.0,0.0,0.0,0.0,4.0,20.0,0.0,2.5199999999999996,7.479999999999998,9.759999999999993,HIQRAC
