f-link-chi-0,f-link-chi-1,f-link-chi-2,f-link-chi-3,f-link-Z-0,f-link-Z-1,f-link-Z-2,f-link-Z-3,f-link-I-0,f-link-I-1,f-link-I-2,f-link-I-3,f-link-T-0,f-link-T-1,f-link-T-2,f-link-T-3,f-link-S-0,f-link-S-1,f-link-S-2,f-link-S-3,name
642.0105000000004,1397.5019999999984,2145.5802000000003,2764.4039999999995,2988.0,6660.0,9846.0,11196.0,93.0,210.0,318.0,426.0,570.0,1548.0,2118.0,2510.0,44.75249999999998,110.64899999999987,162.7373999999998,200.83139999999995,EZIMIK
642.0105000000007,1397.5019999999993,2145.5802000000012,2764.4039999999986,2988.0,6660.0,9846.0,11196.0,93.0,210.0,318.0,426.0,570.0,1548.0,2118.0,2510.0,44.75249999999999,110.64899999999996,162.73739999999995,200.83139999999986,EZIMIK
