f-lig-chi-0,f-lig-chi-1,f-lig-chi-2,f-lig-chi-3,f-lig-Z-0,f-lig-Z-1,f-lig-Z-2,f-lig-Z-3,f-lig-I-0,f-lig-I-1,f-lig-I-2,f-lig-I-3,f-lig-T-0,f-lig-T-1,f-lig-T-2,f-lig-T-3,f-lig-S-0,f-lig-S-1,f-lig-S-2,f-lig-S-3,name
579.9632000000005,1212.3500000000013,1927.9212000000011,2529.2030000000004,2522.0,5360.0,8136.0,9512.0,86.0,184.0,292.0,398.0,476.0,1208.0,1804.0,2206.0,38.4134,92.27919999999996,140.86760000000007,176.67659999999992,AZAVOO_clean_primitive
579.9632000000005,1212.350000000001,1927.9212000000011,2529.203,2522.0,5360.0,8136.0,9512.0,86.0,184.0,292.0,398.0,476.0,1208.0,1804.0,2206.0,38.4134,92.27919999999996,140.86760000000004,176.67659999999992,AZAVOO_clean_primitive
579.9632,1212.3500000000004,1927.9212000000018,2529.203000000001,2522.0,5360.0,8136.0,9512.0,86.0,184.0,292.0,398.0,476.0,1208.0,1804.0,2206.0,38.41340000000004,92.2792,140.86759999999992,176.67660000000012,AZAVOO_clean_primitive
579.9632,1212.3500000000006,1927.9212000000016,2529.203000000002,2522.0,5360.0,8136.0,9512.0,86.0,184.0,292.0,398.0,476.0,1208.0,1804.0,2206.0,38.41340000000004,92.27920000000002,140.8675999999999,176.6766000000001,AZAVOO_clean_primitive
