f-chi-0-all,f-chi-1-all,f-chi-2-all,f-chi-3-all,f-Z-0-all,f-Z-1-all,f-Z-2-all,f-Z-3-all,f-I-0-all,f-I-1-all,f-I-2-all,f-I-3-all,f-T-0-all,f-T-1-all,f-T-2-all,f-T-3-all,f-S-0-all,f-S-1-all,f-S-2-all,f-S-3-all,mc-chi-0-all,mc-chi-1-all,mc-chi-2-all,mc-chi-3-all,mc-Z-0-all,mc-Z-1-all,mc-Z-2-all,mc-Z-3-all,mc-I-0-all,mc-I-1-all,mc-I-2-all,mc-I-3-all,mc-T-0-all,mc-T-1-all,mc-T-2-all,mc-T-3-all,mc-S-0-all,mc-S-1-all,mc-S-2-all,mc-S-3-all,D_mc-chi-0-all,D_mc-chi-1-all,D_mc-chi-2-all,D_mc-chi-3-all,D_mc-Z-0-all,D_mc-Z-1-all,D_mc-Z-2-all,D_mc-Z-3-all,D_mc-I-0-all,D_mc-I-1-all,D_mc-I-2-all,D_mc-I-3-all,D_mc-T-0-all,D_mc-T-1-all,D_mc-T-2-all,D_mc-T-3-all,D_mc-S-0-all,D_mc-S-1-all,D_mc-S-2-all,D_mc-S-3-all,name
638.4073999999997,1321.3835999999997,5906.019999999999,6561.149199999996,22380.0,63152.0,96688.0,145064.0,66.0,204.0,604.0,776.0,936.0,3500.0,6120.0,8632.0,50.92859999999998,196.06680000000011,426.2708000000001,590.0280000000004,2.0763000000000003,38.7344,31.5136,78.86799999999998,2871.3333333333335,4448.0,5861.333333333333,10558.0,1.0,8.666666666666666,8.666666666666666,17.333333333333332,78.66666666666667,218.66666666666666,281.3333333333333,412.0,2.402433333333333,10.650599999999999,12.213333333333333,20.524333333333328,0.0,-17.00666666666667,-11.073333333333332,-26.793333333333337,0.0,392.0,318.6666666666667,592.0,0.0,0.0,0.0,0.0,0.0,54.666666666666664,42.0,92.66666666666667,0.0,6.9866666666666655,5.420000000000001,11.966666666666663,DADNII_clean_primitive
