f-link-chi-0,f-link-chi-1,f-link-chi-2,f-link-chi-3,f-link-Z-0,f-link-Z-1,f-link-Z-2,f-link-Z-3,f-link-I-0,f-link-I-1,f-link-I-2,f-link-I-3,f-link-T-0,f-link-T-1,f-link-T-2,f-link-T-3,f-link-S-0,f-link-S-1,f-link-S-2,f-link-S-3,name
154.40439999999998,306.56100000000004,486.2404000000001,592.4369999999999,694.0,1392.0,2080.0,2214.0,22.0,46.0,72.0,92.0,118.0,294.0,424.0,468.0,10.0678,23.33100000000001,34.81040000000001,40.23000000000001,UNINOV
154.40439999999998,306.561,486.24039999999997,592.4369999999998,694.0,1392.0,2080.0,2214.0,22.0,46.0,72.0,92.0,118.0,294.0,424.0,468.0,10.0678,23.331000000000003,34.8104,40.23000000000001,UNINOV
154.4044,306.561,486.24039999999997,592.437,694.0,1392.0,2080.0,2214.0,22.0,46.0,72.0,92.0,118.0,294.0,424.0,468.0,10.0678,23.331000000000003,34.8104,40.230000000000004,UNINOV
135.23319999999998,307.83600000000007,484.9360000000001,583.6942,538.0,1296.0,1852.0,1936.0,22.0,48.0,76.0,94.0,124.0,312.0,452.0,476.0,9.335,23.408000000000005,34.99000000000001,38.57740000000001,UNINOV
135.23319999999998,307.83600000000007,484.9360000000001,583.6942000000001,538.0,1296.0,1852.0,1936.0,22.0,48.0,76.0,94.0,124.0,312.0,452.0,476.0,9.335,23.408000000000005,34.99000000000001,38.577400000000004,UNINOV
135.2332,307.8360000000001,484.9360000000001,583.6942,538.0,1296.0,1852.0,1936.0,22.0,48.0,76.0,94.0,124.0,312.0,452.0,476.0,9.334999999999999,23.40800000000001,34.99000000000001,38.5774,UNINOV
135.2332,307.8360000000001,484.9360000000001,583.6941999999999,538.0,1296.0,1852.0,1936.0,22.0,48.0,76.0,94.0,124.0,312.0,452.0,476.0,9.335,23.40800000000001,34.99,38.5774,UNINOV
154.4044,306.56100000000004,486.2404000000001,592.4369999999999,694.0,1392.0,2080.0,2214.0,22.0,46.0,72.0,92.0,118.0,294.0,424.0,468.0,10.0678,23.331000000000007,34.81040000000001,40.230000000000004,UNINOV
