f-lig-chi-0,f-lig-chi-1,f-lig-chi-2,f-lig-chi-3,f-lig-Z-0,f-lig-Z-1,f-lig-Z-2,f-lig-Z-3,f-lig-I-0,f-lig-I-1,f-lig-I-2,f-lig-I-3,f-lig-T-0,f-lig-T-1,f-lig-T-2,f-lig-T-3,f-lig-S-0,f-lig-S-1,f-lig-S-2,f-lig-S-3,name
116.61350000000002,212.87399999999997,324.87639999999993,360.8028,560.0,1020.0,1480.0,1452.0,15.0,30.0,44.0,50.0,74.0,174.0,220.0,208.0,7.2551,15.631,21.781999999999996,22.223,FORQEJ_clean_primitive
116.6135,212.87399999999997,324.87639999999993,360.80280000000005,560.0,1020.0,1480.0,1452.0,15.0,30.0,44.0,50.0,74.0,174.0,220.0,208.0,7.2551,15.631,21.781999999999996,22.223000000000003,FORQEJ_clean_primitive
116.61349999999999,212.874,324.8764,360.8028,560.0,1020.0,1480.0,1452.0,15.0,30.0,44.0,50.0,74.0,174.0,220.0,208.0,7.2551000000000005,15.631000000000002,21.782,22.223,FORQEJ_clean_primitive
116.61349999999999,212.874,324.8764,360.8028,560.0,1020.0,1480.0,1452.0,15.0,30.0,44.0,50.0,74.0,174.0,220.0,208.0,7.2551000000000005,15.631,21.782000000000004,22.223,FORQEJ_clean_primitive
116.61350000000002,212.87399999999997,324.8764,360.80280000000005,560.0,1020.0,1480.0,1452.0,15.0,30.0,44.0,50.0,74.0,174.0,220.0,208.0,7.255099999999999,15.631000000000004,21.782,22.223,FORQEJ_clean_primitive
116.61350000000002,212.87399999999997,324.8764,360.80280000000005,560.0,1020.0,1480.0,1452.0,15.0,30.0,44.0,50.0,74.0,174.0,220.0,208.0,7.255099999999999,15.631000000000004,21.782,22.223,FORQEJ_clean_primitive
116.6135,212.874,324.87639999999993,360.80280000000005,560.0,1020.0,1480.0,1452.0,15.0,30.0,44.0,50.0,74.0,174.0,220.0,208.0,7.2551,15.631000000000002,21.782,22.223,FORQEJ_clean_primitive
116.6135,212.874,324.87639999999993,360.8028,560.0,1020.0,1480.0,1452.0,15.0,30.0,44.0,50.0,74.0,174.0,220.0,208.0,7.2551,15.631000000000002,21.782,22.222999999999995,FORQEJ_clean_primitive
