f-lig-chi-0,f-lig-chi-1,f-lig-chi-2,f-lig-chi-3,f-lig-Z-0,f-lig-Z-1,f-lig-Z-2,f-lig-Z-3,f-lig-I-0,f-lig-I-1,f-lig-I-2,f-lig-I-3,f-lig-T-0,f-lig-T-1,f-lig-T-2,f-lig-T-3,f-lig-S-0,f-lig-S-1,f-lig-S-2,f-lig-S-3,name
164.2842,326.3192,506.3818,556.0070000000001,768.0,1538.0,2236.0,2120.0,22.0,46.0,70.0,82.0,116.0,284.0,402.0,410.0,10.4326,23.7322,34.5526,36.8546,GEGSIW_clean_primitive
164.2842,326.3192,506.3818,556.0070000000001,768.0,1538.0,2236.0,2120.0,22.0,46.0,70.0,82.0,116.0,284.0,402.0,410.0,10.4326,23.7322,34.552600000000005,36.8546,GEGSIW_clean_primitive
154.6042,303.8792,452.8778,484.375,766.0,1514.0,2180.0,2044.0,20.0,42.0,62.0,70.0,104.0,252.0,352.0,354.0,10.158800000000001,22.592600000000008,32.332600000000006,33.4654,GEGSIW_clean_primitive
154.6042,303.87919999999997,452.8778,484.37500000000006,766.0,1514.0,2180.0,2044.0,20.0,42.0,62.0,70.0,104.0,252.0,352.0,354.0,10.158800000000001,22.592599999999997,32.3326,33.4654,GEGSIW_clean_primitive
164.2842,326.31919999999997,506.3818,556.0070000000001,768.0,1538.0,2236.0,2120.0,22.0,46.0,70.0,82.0,116.0,284.0,402.0,410.0,10.432599999999999,23.732200000000002,34.55260000000001,36.854600000000005,GEGSIW_clean_primitive
154.6042,303.87919999999997,452.8778,484.375,766.0,1514.0,2180.0,2044.0,20.0,42.0,62.0,70.0,104.0,252.0,352.0,354.0,10.158800000000001,22.5926,32.3326,33.4654,GEGSIW_clean_primitive
164.2842,326.31919999999997,506.3818,556.0070000000001,768.0,1538.0,2236.0,2120.0,22.0,46.0,70.0,82.0,116.0,284.0,402.0,410.0,10.432599999999999,23.732200000000002,34.55260000000001,36.854600000000005,GEGSIW_clean_primitive
154.6042,303.8792,452.87780000000004,484.375,766.0,1514.0,2180.0,2044.0,20.0,42.0,62.0,70.0,104.0,252.0,352.0,354.0,10.158800000000001,22.592600000000008,32.332600000000006,33.4654,GEGSIW_clean_primitive
