f-lig-chi-0,f-lig-chi-1,f-lig-chi-2,f-lig-chi-3,f-lig-Z-0,f-lig-Z-1,f-lig-Z-2,f-lig-Z-3,f-lig-I-0,f-lig-I-1,f-lig-I-2,f-lig-I-3,f-lig-T-0,f-lig-T-1,f-lig-T-2,f-lig-T-3,f-lig-S-0,f-lig-S-1,f-lig-S-2,f-lig-S-3,name
152.05390000000003,329.05200000000013,487.46120000000013,530.8800000000001,601.0,1356.0,1718.0,1536.0,24.0,50.0,74.0,84.0,124.0,294.0,380.0,364.0,10.004000000000005,23.85460000000001,32.390600000000006,32.23880000000001,JOQSOZ_clean_primitive
152.05390000000003,329.05200000000013,487.46120000000013,530.8800000000001,601.0,1356.0,1718.0,1536.0,24.0,50.0,74.0,84.0,124.0,294.0,380.0,364.0,10.004000000000005,23.85460000000001,32.390600000000006,32.23880000000001,JOQSOZ_clean_primitive
152.0539,329.0520000000001,487.4612,530.8800000000001,601.0,1356.0,1718.0,1536.0,24.0,50.0,74.0,84.0,124.0,294.0,380.0,364.0,10.004000000000001,23.854600000000005,32.39060000000001,32.2388,JOQSOZ_clean_primitive
152.0539,329.0520000000001,487.4612000000001,530.8800000000001,601.0,1356.0,1718.0,1536.0,24.0,50.0,74.0,84.0,124.0,294.0,380.0,364.0,10.004000000000001,23.854600000000005,32.39060000000001,32.2388,JOQSOZ_clean_primitive
152.05390000000003,329.052,487.4612,530.8800000000001,601.0,1356.0,1718.0,1536.0,24.0,50.0,74.0,84.0,124.0,294.0,380.0,364.0,10.004,23.85460000000001,32.39060000000001,32.238800000000005,JOQSOZ_clean_primitive
152.05390000000003,329.052,487.4612,530.8800000000001,601.0,1356.0,1718.0,1536.0,24.0,50.0,74.0,84.0,124.0,294.0,380.0,364.0,10.004,23.85460000000001,32.39060000000001,32.238800000000005,JOQSOZ_clean_primitive
152.05390000000003,329.05200000000013,487.4612000000001,530.8800000000001,601.0,1356.0,1718.0,1536.0,24.0,50.0,74.0,84.0,124.0,294.0,380.0,364.0,10.004000000000001,23.85460000000001,32.390600000000006,32.23880000000001,JOQSOZ_clean_primitive
152.05390000000003,329.05200000000013,487.4612000000001,530.8800000000001,601.0,1356.0,1718.0,1536.0,24.0,50.0,74.0,84.0,124.0,294.0,380.0,364.0,10.004000000000001,23.85460000000001,32.390600000000006,32.23880000000001,JOQSOZ_clean_primitive
