f-lig-chi-0,f-lig-chi-1,f-lig-chi-2,f-lig-chi-3,f-lig-Z-0,f-lig-Z-1,f-lig-Z-2,f-lig-Z-3,f-lig-I-0,f-lig-I-1,f-lig-I-2,f-lig-I-3,f-lig-T-0,f-lig-T-1,f-lig-T-2,f-lig-T-3,f-lig-S-0,f-lig-S-1,f-lig-S-2,f-lig-S-3,name
1128.2340000000029,2444.735999999998,3965.785599999997,5142.1399999999985,4872.0,10896.0,16672.0,18872.0,172.0,376.0,608.0,816.0,984.0,2520.0,3808.0,4512.0,77.18519999999998,189.66639999999938,293.98080000000044,359.4959999999992,AWUPAL_clean_primitive
1128.2340000000029,2444.7359999999976,3965.7855999999965,5142.1399999999985,4872.0,10896.0,16672.0,18872.0,172.0,376.0,608.0,816.0,984.0,2520.0,3808.0,4512.0,77.18519999999998,189.66639999999944,293.9808000000004,359.49599999999924,AWUPAL_clean_primitive
