f-chi-0-all,f-chi-1-all,f-chi-2-all,f-chi-3-all,f-Z-0-all,f-Z-1-all,f-Z-2-all,f-Z-3-all,f-I-0-all,f-I-1-all,f-I-2-all,f-I-3-all,f-T-0-all,f-T-1-all,f-T-2-all,f-T-3-all,f-S-0-all,f-S-1-all,f-S-2-all,f-S-3-all,mc-chi-0-all,mc-chi-1-all,mc-chi-2-all,mc-chi-3-all,mc-Z-0-all,mc-Z-1-all,mc-Z-2-all,mc-Z-3-all,mc-I-0-all,mc-I-1-all,mc-I-2-all,mc-I-3-all,mc-T-0-all,mc-T-1-all,mc-T-2-all,mc-T-3-all,mc-S-0-all,mc-S-1-all,mc-S-2-all,mc-S-3-all,D_mc-chi-0-all,D_mc-chi-1-all,D_mc-chi-2-all,D_mc-chi-3-all,D_mc-Z-0-all,D_mc-Z-1-all,D_mc-Z-2-all,D_mc-Z-3-all,D_mc-I-0-all,D_mc-I-1-all,D_mc-I-2-all,D_mc-I-3-all,D_mc-T-0-all,D_mc-T-1-all,D_mc-T-2-all,D_mc-T-3-all,D_mc-S-0-all,D_mc-S-1-all,D_mc-S-2-all,D_mc-S-3-all,name
253.80020000000005,529.2031999999998,851.8371999999998,1375.5515999999996,10124.0,11172.0,20048.0,31032.0,34.0,72.0,120.0,180.0,192.0,504.0,768.0,914.0,23.854200000000002,52.050000000000026,90.89679999999993,121.45640000000002,3.724899999999999,20.535199999999996,37.76044999999999,60.07124999999999,2209.0,1151.5,2138.5,6721.0,1.0,3.5,7.0,12.5,12.5,37.5,73.0,112.0,1.6384000000000003,3.36,6.809599999999999,11.744,0.0,-3.8850000000000002,-6.055000000000001,-7.000000000000001,0.0,140.0,283.5,444.5,0.0,0.0,0.0,0.0,0.0,2.0,4.5,13.0,0.0,1.855,3.64,6.825000000000001,HOWPIU_clean_primitive
253.80020000000005,529.2031999999998,851.8371999999997,1375.5515999999998,10124.0,11172.0,20048.0,31032.0,34.0,72.0,120.0,180.0,192.0,504.0,768.0,914.0,23.854200000000002,52.050000000000026,90.89679999999993,121.45640000000003,3.724899999999999,20.535199999999996,37.76044999999999,60.07124999999999,2209.0,1151.5,2138.5,6721.0,1.0,3.5,7.0,12.5,12.5,37.5,73.0,112.0,1.6384000000000003,3.36,6.809599999999999,11.744,0.0,-3.8850000000000002,-6.055000000000001,-7.000000000000001,0.0,140.0,283.5,444.5,0.0,0.0,0.0,0.0,0.0,2.0,4.5,13.0,0.0,1.855,3.64,6.825000000000001,HOWPIU_clean_primitive
