f-lig-chi-0,f-lig-chi-1,f-lig-chi-2,f-lig-chi-3,f-lig-Z-0,f-lig-Z-1,f-lig-Z-2,f-lig-Z-3,f-lig-I-0,f-lig-I-1,f-lig-I-2,f-lig-I-3,f-lig-T-0,f-lig-T-1,f-lig-T-2,f-lig-T-3,f-lig-S-0,f-lig-S-1,f-lig-S-2,f-lig-S-3,name
296.98060000000004,688.5504000000003,1187.3724000000002,1616.0880000000006,1300.0,3144.0,4980.0,5280.0,42.0,96.0,176.0,256.0,272.0,768.0,1388.0,1712.0,18.943400000000004,48.55040000000002,82.87200000000003,106.44480000000003,GONNAA_clean_primitive
296.9806000000001,688.5504000000003,1187.3724000000002,1616.0880000000004,1300.0,3144.0,4980.0,5280.0,42.0,96.0,176.0,256.0,272.0,768.0,1388.0,1712.0,18.943400000000004,48.55040000000002,82.87200000000003,106.44480000000004,GONNAA_clean_primitive
296.98060000000004,688.5504000000003,1187.3724000000002,1616.0880000000002,1300.0,3144.0,4980.0,5280.0,42.0,96.0,176.0,256.0,272.0,768.0,1388.0,1712.0,18.943400000000004,48.550400000000025,82.87200000000003,106.44480000000006,GONNAA_clean_primitive
296.98060000000004,688.5504000000003,1187.3724000000002,1616.0880000000002,1300.0,3144.0,4980.0,5280.0,42.0,96.0,176.0,256.0,272.0,768.0,1388.0,1712.0,18.943400000000004,48.55040000000002,82.87200000000003,106.44480000000004,GONNAA_clean_primitive
