f-sbu-chi-0,f-sbu-chi-1,f-sbu-chi-2,f-sbu-chi-3,f-sbu-Z-0,f-sbu-Z-1,f-sbu-Z-2,f-sbu-Z-3,f-sbu-I-0,f-sbu-I-1,f-sbu-I-2,f-sbu-I-3,f-sbu-T-0,f-sbu-T-1,f-sbu-T-2,f-sbu-T-3,f-sbu-S-0,f-sbu-S-1,f-sbu-S-2,f-sbu-S-3,mc-chi-0,mc-chi-1,mc-chi-2,mc-chi-3,mc-Z-0,mc-Z-1,mc-Z-2,mc-Z-3,mc-I-0,mc-I-1,mc-I-2,mc-I-3,mc-T-0,mc-T-1,mc-T-2,mc-T-3,mc-S-0,mc-S-1,mc-S-2,mc-S-3,D_mc-chi-0,D_mc-chi-1,D_mc-chi-2,D_mc-chi-3,D_mc-Z-0,D_mc-Z-1,D_mc-Z-2,D_mc-Z-3,D_mc-I-0,D_mc-I-1,D_mc-I-2,D_mc-I-3,D_mc-T-0,D_mc-T-1,D_mc-T-2,D_mc-T-3,D_mc-S-0,D_mc-S-1,D_mc-S-2,D_mc-S-3,name
248.64699999999993,811.4159999999999,1724.3008,2432.0432,3130.0,8520.0,16960.0,21698.0,32.0,116.0,240.0,322.0,516.0,2324.0,4160.0,3746.0,20.678400000000007,75.16360000000002,159.1152000000001,204.30579999999995,2.7224999999999997,27.719999999999995,50.48999999999998,102.23399999999995,900.0,1170.0,2160.0,3360.0,1.0,5.0,12.0,24.0,25.0,85.0,300.0,420.0,1.7161000000000002,4.8077000000000005,12.104400000000005,19.80720000000001,0.0,-8.55,-10.800000000000002,-22.360000000000003,0.0,111.0,288.0,608.0,0.0,0.0,0.0,0.0,0.0,8.0,0.0,36.0,0.0,2.8800000000000003,6.48,16.319999999999997,UDANAQ
